ISO-10303-21;
HEADER;
FILE_DESCRIPTION(('FreeCAD Model'),'2;1');
FILE_NAME('Open CASCADE Shape Model','1970-01-01T00:00:00',('FreeCAD'),(
    'FreeCAD'),'Open CASCADE STEP processor 7.8','FreeCAD','Unknown');
FILE_SCHEMA(('AUTOMOTIVE_DESIGN { 1 0 10303 214 1 1 1 1 }'));
ENDSEC;
DATA;
#1 = APPLICATION_PROTOCOL_DEFINITION('international standard',
  'automotive_design',2000,#2);
#2 = APPLICATION_CONTEXT(
  'core data for automotive mechanical design processes');
#3 = SHAPE_DEFINITION_REPRESENTATION(#4,#10);
#4 = PRODUCT_DEFINITION_SHAPE('','',#5);
#5 = PRODUCT_DEFINITION('design','',#6,#9);
#6 = PRODUCT_DEFINITION_FORMATION('','',#7);
#7 = PRODUCT('Open CASCADE STEP translator 7.8 2',
  'Open CASCADE STEP translator 7.8 2','',(#8));
#8 = PRODUCT_CONTEXT('',#2,'mechanical');
#9 = PRODUCT_DEFINITION_CONTEXT('part definition',#2,'design');
#10 = ADVANCED_BREP_SHAPE_REPRESENTATION('',(#11,#15),#7379);
#11 = AXIS2_PLACEMENT_3D('',#12,#13,#14);
#12 = CARTESIAN_POINT('',(0.,0.,0.));
#13 = DIRECTION('',(0.,0.,1.));
#14 = DIRECTION('',(1.,0.,-0.));
#15 = MANIFOLD_SOLID_BREP('',#16);
#16 = CLOSED_SHELL('',(#17,#57,#88,#119,#150,#181,#203,#228,#284,#335,
    #359,#391,#426,#570,#594,#619,#650,#704,#763,#788,#830,#861,#892,
    #923,#954,#978,#1002,#1044,#1076,#1200,#1225,#1250,#1275,#1300,#1312
    ,#1345,#1362,#1395,#1428,#1461,#1494,#1511,#1553,#1704,#1776,#1819,
    #1886,#1969,#1986,#2031,#2062,#2094,#2126,#2143,#2182,#2230,#2269,
    #2293,#2317,#2349,#2374,#2413,#2437,#2461,#2509,#2548,#2572,#2596,
    #2628,#2653,#2685,#2717,#2749,#2767,#2784,#2807,#2827,#2853,#2886,
    #2901,#2919,#2989,#3014,#3039,#3064,#3136,#3179,#3222,#3265,#3310,
    #3341,#3373,#3405,#3422,#3453,#3485,#3517,#3534,#3565,#3597,#3629,
    #3646,#3678,#3710,#3742,#3760,#3777,#3789,#3806,#3818,#3835,#3847,
    #3865,#3877,#3896,#3922,#3948,#4122,#4154,#4178,#4202,#4227,#4252,
    #4276,#4300,#4318,#4334,#4366,#4390,#4414,#4439,#4464,#4488,#4512,
    #4530,#4546,#4807,#4838,#4870,#4894,#4918,#4942,#4966,#4990,#5014,
    #5032,#5048,#5080,#5104,#5128,#5153,#5178,#5202,#5226,#5244,#5260,
    #5292,#5316,#5340,#5365,#5390,#5414,#5438,#5456,#5472,#5498,#5520,
    #5546,#5558,#5605,#5630,#5713,#5752,#5776,#5800,#5848,#5887,#5911,
    #5935,#5967,#5992,#6025,#6040,#6065,#6108,#6139,#6171,#6203,#6220,
    #6237,#6249,#6274,#6341,#6380,#6404,#6428,#6476,#6515,#6547,#6572,
    #6603,#6618,#6643,#6686,#6717,#6749,#6781,#6798,#6815,#6827,#6852,
    #6895,#6926,#6958,#6990,#7007,#7024,#7047,#7072,#7115,#7146,#7178,
    #7210,#7227,#7244,#7256,#7279,#7304,#7316,#7328,#7340,#7352,#7364));
#17 = ADVANCED_FACE('',(#18),#52,.T.);
#18 = FACE_BOUND('',#19,.T.);
#19 = EDGE_LOOP('',(#20,#30,#38,#46));
#20 = ORIENTED_EDGE('',*,*,#21,.T.);
#21 = EDGE_CURVE('',#22,#24,#26,.T.);
#22 = VERTEX_POINT('',#23);
#23 = CARTESIAN_POINT('',(236.,-10.19059892324,0.));
#24 = VERTEX_POINT('',#25);
#25 = CARTESIAN_POINT('',(240.,-7.881197846483,0.));
#26 = LINE('',#27,#28);
#27 = CARTESIAN_POINT('',(3.829741650299,-144.2341600792,0.));
#28 = VECTOR('',#29,1.);
#29 = DIRECTION('',(0.866025403784,0.5,-0.));
#30 = ORIENTED_EDGE('',*,*,#31,.T.);
#31 = EDGE_CURVE('',#24,#32,#34,.T.);
#32 = VERTEX_POINT('',#33);
#33 = CARTESIAN_POINT('',(240.,-7.881197846483,4.));
#34 = LINE('',#35,#36);
#35 = CARTESIAN_POINT('',(240.,-7.881197846483,-1.));
#36 = VECTOR('',#37,1.);
#37 = DIRECTION('',(0.,0.,1.));
#38 = ORIENTED_EDGE('',*,*,#39,.T.);
#39 = EDGE_CURVE('',#32,#40,#42,.T.);
#40 = VERTEX_POINT('',#41);
#41 = CARTESIAN_POINT('',(236.,-10.19059892324,4.));
#42 = LINE('',#43,#44);
#43 = CARTESIAN_POINT('',(240.,-7.881197846483,4.));
#44 = VECTOR('',#45,1.);
#45 = DIRECTION('',(-0.866025403784,-0.5,0.));
#46 = ORIENTED_EDGE('',*,*,#47,.F.);
#47 = EDGE_CURVE('',#22,#40,#48,.T.);
#48 = LINE('',#49,#50);
#49 = CARTESIAN_POINT('',(236.,-10.19059892324,-1.));
#50 = VECTOR('',#51,1.);
#51 = DIRECTION('',(0.,0.,1.));
#52 = PLANE('',#53);
#53 = AXIS2_PLACEMENT_3D('',#54,#55,#56);
#54 = CARTESIAN_POINT('',(240.,-7.881197846483,-1.));
#55 = DIRECTION('',(0.5,-0.866025403784,0.));
#56 = DIRECTION('',(-0.866025403784,-0.5,0.));
#57 = ADVANCED_FACE('',(#58),#83,.T.);
#58 = FACE_BOUND('',#59,.T.);
#59 = EDGE_LOOP('',(#60,#68,#69,#77));
#60 = ORIENTED_EDGE('',*,*,#61,.T.);
#61 = EDGE_CURVE('',#62,#22,#64,.T.);
#62 = VERTEX_POINT('',#63);
#63 = CARTESIAN_POINT('',(236.,-14.80940107675,0.));
#64 = LINE('',#65,#66);
#65 = CARTESIAN_POINT('',(236.,-130.0952994616,0.));
#66 = VECTOR('',#67,1.);
#67 = DIRECTION('',(0.,1.,0.));
#68 = ORIENTED_EDGE('',*,*,#47,.T.);
#69 = ORIENTED_EDGE('',*,*,#70,.T.);
#70 = EDGE_CURVE('',#40,#71,#73,.T.);
#71 = VERTEX_POINT('',#72);
#72 = CARTESIAN_POINT('',(236.,-14.80940107675,4.));
#73 = LINE('',#74,#75);
#74 = CARTESIAN_POINT('',(236.,-10.19059892324,4.));
#75 = VECTOR('',#76,1.);
#76 = DIRECTION('',(0.,-1.,0.));
#77 = ORIENTED_EDGE('',*,*,#78,.F.);
#78 = EDGE_CURVE('',#62,#71,#79,.T.);
#79 = LINE('',#80,#81);
#80 = CARTESIAN_POINT('',(236.,-14.80940107675,-1.));
#81 = VECTOR('',#82,1.);
#82 = DIRECTION('',(0.,0.,1.));
#83 = PLANE('',#84);
#84 = AXIS2_PLACEMENT_3D('',#85,#86,#87);
#85 = CARTESIAN_POINT('',(236.,-10.19059892324,-1.));
#86 = DIRECTION('',(1.,0.,0.));
#87 = DIRECTION('',(0.,-1.,0.));
#88 = ADVANCED_FACE('',(#89),#114,.T.);
#89 = FACE_BOUND('',#90,.T.);
#90 = EDGE_LOOP('',(#91,#99,#107,#113));
#91 = ORIENTED_EDGE('',*,*,#92,.T.);
#92 = EDGE_CURVE('',#24,#93,#95,.T.);
#93 = VERTEX_POINT('',#94);
#94 = CARTESIAN_POINT('',(244.,-10.19059892324,0.));
#95 = LINE('',#96,#97);
#96 = CARTESIAN_POINT('',(110.6702583497,66.787363309542,0.));
#97 = VECTOR('',#98,1.);
#98 = DIRECTION('',(0.866025403784,-0.5,0.));
#99 = ORIENTED_EDGE('',*,*,#100,.T.);
#100 = EDGE_CURVE('',#93,#101,#103,.T.);
#101 = VERTEX_POINT('',#102);
#102 = CARTESIAN_POINT('',(244.,-10.19059892324,4.));
#103 = LINE('',#104,#105);
#104 = CARTESIAN_POINT('',(244.,-10.19059892324,-1.));
#105 = VECTOR('',#106,1.);
#106 = DIRECTION('',(0.,0.,1.));
#107 = ORIENTED_EDGE('',*,*,#108,.T.);
#108 = EDGE_CURVE('',#101,#32,#109,.T.);
#109 = LINE('',#110,#111);
#110 = CARTESIAN_POINT('',(244.,-10.19059892324,4.));
#111 = VECTOR('',#112,1.);
#112 = DIRECTION('',(-0.866025403784,0.5,0.));
#113 = ORIENTED_EDGE('',*,*,#31,.F.);
#114 = PLANE('',#115);
#115 = AXIS2_PLACEMENT_3D('',#116,#117,#118);
#116 = CARTESIAN_POINT('',(244.,-10.19059892324,-1.));
#117 = DIRECTION('',(-0.5,-0.866025403784,0.));
#118 = DIRECTION('',(-0.866025403784,0.5,0.));
#119 = ADVANCED_FACE('',(#120),#145,.T.);
#120 = FACE_BOUND('',#121,.T.);
#121 = EDGE_LOOP('',(#122,#130,#131,#139));
#122 = ORIENTED_EDGE('',*,*,#123,.T.);
#123 = EDGE_CURVE('',#124,#62,#126,.T.);
#124 = VERTEX_POINT('',#125);
#125 = CARTESIAN_POINT('',(240.,-17.11880215351,0.));
#126 = LINE('',#127,#128);
#127 = CARTESIAN_POINT('',(104.6702583497,61.013860617646,0.));
#128 = VECTOR('',#129,1.);
#129 = DIRECTION('',(-0.866025403784,0.5,0.));
#130 = ORIENTED_EDGE('',*,*,#78,.T.);
#131 = ORIENTED_EDGE('',*,*,#132,.T.);
#132 = EDGE_CURVE('',#71,#133,#135,.T.);
#133 = VERTEX_POINT('',#134);
#134 = CARTESIAN_POINT('',(240.,-17.11880215351,4.));
#135 = LINE('',#136,#137);
#136 = CARTESIAN_POINT('',(236.,-14.80940107675,4.));
#137 = VECTOR('',#138,1.);
#138 = DIRECTION('',(0.866025403784,-0.5,0.));
#139 = ORIENTED_EDGE('',*,*,#140,.F.);
#140 = EDGE_CURVE('',#124,#133,#141,.T.);
#141 = LINE('',#142,#143);
#142 = CARTESIAN_POINT('',(240.,-17.11880215351,-1.));
#143 = VECTOR('',#144,1.);
#144 = DIRECTION('',(0.,0.,1.));
#145 = PLANE('',#146);
#146 = AXIS2_PLACEMENT_3D('',#147,#148,#149);
#147 = CARTESIAN_POINT('',(236.,-14.80940107675,-1.));
#148 = DIRECTION('',(0.5,0.866025403784,0.));
#149 = DIRECTION('',(0.866025403784,-0.5,0.));
#150 = ADVANCED_FACE('',(#151),#176,.T.);
#151 = FACE_BOUND('',#152,.T.);
#152 = EDGE_LOOP('',(#153,#161,#169,#175));
#153 = ORIENTED_EDGE('',*,*,#154,.T.);
#154 = EDGE_CURVE('',#93,#155,#157,.T.);
#155 = VERTEX_POINT('',#156);
#156 = CARTESIAN_POINT('',(244.,-14.80940107675,0.));
#157 = LINE('',#158,#159);
#158 = CARTESIAN_POINT('',(244.,-132.4047005383,0.));
#159 = VECTOR('',#160,1.);
#160 = DIRECTION('',(0.,-1.,0.));
#161 = ORIENTED_EDGE('',*,*,#162,.T.);
#162 = EDGE_CURVE('',#155,#163,#165,.T.);
#163 = VERTEX_POINT('',#164);
#164 = CARTESIAN_POINT('',(244.,-14.80940107675,4.));
#165 = LINE('',#166,#167);
#166 = CARTESIAN_POINT('',(244.,-14.80940107675,-1.));
#167 = VECTOR('',#168,1.);
#168 = DIRECTION('',(0.,0.,1.));
#169 = ORIENTED_EDGE('',*,*,#170,.T.);
#170 = EDGE_CURVE('',#163,#101,#171,.T.);
#171 = LINE('',#172,#173);
#172 = CARTESIAN_POINT('',(244.,-14.80940107675,4.));
#173 = VECTOR('',#174,1.);
#174 = DIRECTION('',(0.,1.,0.));
#175 = ORIENTED_EDGE('',*,*,#100,.F.);
#176 = PLANE('',#177);
#177 = AXIS2_PLACEMENT_3D('',#178,#179,#180);
#178 = CARTESIAN_POINT('',(244.,-14.80940107675,-1.));
#179 = DIRECTION('',(-1.,0.,0.));
#180 = DIRECTION('',(0.,1.,0.));
#181 = ADVANCED_FACE('',(#182),#198,.T.);
#182 = FACE_BOUND('',#183,.T.);
#183 = EDGE_LOOP('',(#184,#190,#191,#197));
#184 = ORIENTED_EDGE('',*,*,#185,.T.);
#185 = EDGE_CURVE('',#155,#124,#186,.T.);
#186 = LINE('',#187,#188);
#187 = CARTESIAN_POINT('',(5.829741650299,-152.3170638479,0.));
#188 = VECTOR('',#189,1.);
#189 = DIRECTION('',(-0.866025403784,-0.5,0.));
#190 = ORIENTED_EDGE('',*,*,#140,.T.);
#191 = ORIENTED_EDGE('',*,*,#192,.T.);
#192 = EDGE_CURVE('',#133,#163,#193,.T.);
#193 = LINE('',#194,#195);
#194 = CARTESIAN_POINT('',(240.,-17.11880215351,4.));
#195 = VECTOR('',#196,1.);
#196 = DIRECTION('',(0.866025403784,0.5,0.));
#197 = ORIENTED_EDGE('',*,*,#162,.F.);
#198 = PLANE('',#199);
#199 = AXIS2_PLACEMENT_3D('',#200,#201,#202);
#200 = CARTESIAN_POINT('',(240.,-17.11880215351,-1.));
#201 = DIRECTION('',(-0.5,0.866025403784,0.));
#202 = DIRECTION('',(0.866025403784,0.5,0.));
#203 = ADVANCED_FACE('',(#204,#212),#223,.F.);
#204 = FACE_BOUND('',#205,.F.);
#205 = EDGE_LOOP('',(#206,#207,#208,#209,#210,#211));
#206 = ORIENTED_EDGE('',*,*,#108,.T.);
#207 = ORIENTED_EDGE('',*,*,#39,.T.);
#208 = ORIENTED_EDGE('',*,*,#70,.T.);
#209 = ORIENTED_EDGE('',*,*,#132,.T.);
#210 = ORIENTED_EDGE('',*,*,#192,.T.);
#211 = ORIENTED_EDGE('',*,*,#170,.T.);
#212 = FACE_BOUND('',#213,.F.);
#213 = EDGE_LOOP('',(#214));
#214 = ORIENTED_EDGE('',*,*,#215,.F.);
#215 = EDGE_CURVE('',#216,#216,#218,.T.);
#216 = VERTEX_POINT('',#217);
#217 = CARTESIAN_POINT('',(242.75,-12.5,4.));
#218 = CIRCLE('',#219,2.75);
#219 = AXIS2_PLACEMENT_3D('',#220,#221,#222);
#220 = CARTESIAN_POINT('',(240.,-12.5,4.));
#221 = DIRECTION('',(0.,0.,1.));
#222 = DIRECTION('',(1.,0.,-0.));
#223 = PLANE('',#224);
#224 = AXIS2_PLACEMENT_3D('',#225,#226,#227);
#225 = CARTESIAN_POINT('',(240.,-12.5,4.));
#226 = DIRECTION('',(0.,0.,1.));
#227 = DIRECTION('',(1.,0.,0.));
#228 = ADVANCED_FACE('',(#229),#279,.T.);
#229 = FACE_BOUND('',#230,.T.);
#230 = EDGE_LOOP('',(#231,#241,#249,#257,#265,#273));
#231 = ORIENTED_EDGE('',*,*,#232,.F.);
#232 = EDGE_CURVE('',#233,#235,#237,.T.);
#233 = VERTEX_POINT('',#234);
#234 = CARTESIAN_POINT('',(238.,250.,4.));
#235 = VERTEX_POINT('',#236);
#236 = CARTESIAN_POINT('',(238.,250.,21.782893869926));
#237 = LINE('',#238,#239);
#238 = CARTESIAN_POINT('',(238.,250.,0.));
#239 = VECTOR('',#240,1.);
#240 = DIRECTION('',(0.,0.,1.));
#241 = ORIENTED_EDGE('',*,*,#242,.F.);
#242 = EDGE_CURVE('',#243,#233,#245,.T.);
#243 = VERTEX_POINT('',#244);
#244 = CARTESIAN_POINT('',(25.,250.,4.));
#245 = LINE('',#246,#247);
#246 = CARTESIAN_POINT('',(-238.,250.,4.));
#247 = VECTOR('',#248,1.);
#248 = DIRECTION('',(1.,0.,-0.));
#249 = ORIENTED_EDGE('',*,*,#250,.F.);
#250 = EDGE_CURVE('',#251,#243,#253,.T.);
#251 = VERTEX_POINT('',#252);
#252 = CARTESIAN_POINT('',(25.,250.,12.5));
#253 = LINE('',#254,#255);
#254 = CARTESIAN_POINT('',(25.,250.,-11.5));
#255 = VECTOR('',#256,1.);
#256 = DIRECTION('',(0.,0.,-1.));
#257 = ORIENTED_EDGE('',*,*,#258,.F.);
#258 = EDGE_CURVE('',#259,#251,#261,.T.);
#259 = VERTEX_POINT('',#260);
#260 = CARTESIAN_POINT('',(0.,250.,12.5));
#261 = LINE('',#262,#263);
#262 = CARTESIAN_POINT('',(-125.,250.,12.5));
#263 = VECTOR('',#264,1.);
#264 = DIRECTION('',(1.,0.,-0.));
#265 = ORIENTED_EDGE('',*,*,#266,.F.);
#266 = EDGE_CURVE('',#267,#259,#269,.T.);
#267 = VERTEX_POINT('',#268);
#268 = CARTESIAN_POINT('',(0.,250.,21.782893869926));
#269 = LINE('',#270,#271);
#270 = CARTESIAN_POINT('',(0.,250.,-500.));
#271 = VECTOR('',#272,1.);
#272 = DIRECTION('',(0.,0.,-1.));
#273 = ORIENTED_EDGE('',*,*,#274,.T.);
#274 = EDGE_CURVE('',#267,#235,#275,.T.);
#275 = LINE('',#276,#277);
#276 = CARTESIAN_POINT('',(375.,250.,21.782893869926));
#277 = VECTOR('',#278,1.);
#278 = DIRECTION('',(1.,0.,-1.190568432757E-16));
#279 = PLANE('',#280);
#280 = AXIS2_PLACEMENT_3D('',#281,#282,#283);
#281 = CARTESIAN_POINT('',(-250.,250.,0.));
#282 = DIRECTION('',(-0.,1.,0.));
#283 = DIRECTION('',(0.,0.,1.));
#284 = ADVANCED_FACE('',(#285),#330,.T.);
#285 = FACE_BOUND('',#286,.T.);
#286 = EDGE_LOOP('',(#287,#297,#304,#305,#314,#323));
#287 = ORIENTED_EDGE('',*,*,#288,.F.);
#288 = EDGE_CURVE('',#289,#291,#293,.T.);
#289 = VERTEX_POINT('',#290);
#290 = CARTESIAN_POINT('',(250.,238.,4.));
#291 = VERTEX_POINT('',#292);
#292 = CARTESIAN_POINT('',(250.,238.,21.782893869926));
#293 = LINE('',#294,#295);
#294 = CARTESIAN_POINT('',(250.,238.,0.));
#295 = VECTOR('',#296,1.);
#296 = DIRECTION('',(0.,0.,1.));
#297 = ORIENTED_EDGE('',*,*,#298,.F.);
#298 = EDGE_CURVE('',#233,#289,#299,.T.);
#299 = CIRCLE('',#300,12.);
#300 = AXIS2_PLACEMENT_3D('',#301,#302,#303);
#301 = CARTESIAN_POINT('',(238.,238.,4.));
#302 = DIRECTION('',(0.,-0.,-1.));
#303 = DIRECTION('',(0.,1.,-0.));
#304 = ORIENTED_EDGE('',*,*,#232,.T.);
#305 = ORIENTED_EDGE('',*,*,#306,.F.);
#306 = EDGE_CURVE('',#307,#235,#309,.T.);
#307 = VERTEX_POINT('',#308);
#308 = CARTESIAN_POINT('',(245.93725393319,247.,25.));
#309 = ELLIPSE('',#310,17.595350227675,12.);
#310 = AXIS2_PLACEMENT_3D('',#311,#312,#313);
#311 = CARTESIAN_POINT('',(238.,238.,34.651318390222));
#312 = DIRECTION('',(8.119657186824E-17,0.731353701619,0.681998360062));
#313 = DIRECTION('',(-7.57170282098E-17,-0.681998360062,0.731353701619)
  );
#314 = ORIENTED_EDGE('',*,*,#315,.F.);
#315 = EDGE_CURVE('',#316,#307,#318,.T.);
#316 = VERTEX_POINT('',#317);
#317 = CARTESIAN_POINT('',(247.,245.93725393319,25.));
#318 = CIRCLE('',#319,12.);
#319 = AXIS2_PLACEMENT_3D('',#320,#321,#322);
#320 = CARTESIAN_POINT('',(238.,238.,25.));
#321 = DIRECTION('',(0.,0.,1.));
#322 = DIRECTION('',(0.,-1.,0.));
#323 = ORIENTED_EDGE('',*,*,#324,.F.);
#324 = EDGE_CURVE('',#291,#316,#325,.T.);
#325 = ELLIPSE('',#326,17.595350227675,12.);
#326 = AXIS2_PLACEMENT_3D('',#327,#328,#329);
#327 = CARTESIAN_POINT('',(238.,238.,34.651318390222));
#328 = DIRECTION('',(0.731353701619,0.,0.681998360062));
#329 = DIRECTION('',(-0.681998360062,0.,0.731353701619));
#330 = CYLINDRICAL_SURFACE('',#331,12.);
#331 = AXIS2_PLACEMENT_3D('',#332,#333,#334);
#332 = CARTESIAN_POINT('',(238.,238.,0.));
#333 = DIRECTION('',(0.,0.,1.));
#334 = DIRECTION('',(1.,0.,-0.));
#335 = ADVANCED_FACE('',(#336),#354,.T.);
#336 = FACE_BOUND('',#337,.T.);
#337 = EDGE_LOOP('',(#338,#346,#347,#348));
#338 = ORIENTED_EDGE('',*,*,#339,.F.);
#339 = EDGE_CURVE('',#307,#340,#342,.T.);
#340 = VERTEX_POINT('',#341);
#341 = CARTESIAN_POINT('',(0.,247.,25.));
#342 = LINE('',#343,#344);
#343 = CARTESIAN_POINT('',(1.E+03,247.,25.));
#344 = VECTOR('',#345,1.);
#345 = DIRECTION('',(-1.,1.110223024625E-16,0.));
#346 = ORIENTED_EDGE('',*,*,#306,.T.);
#347 = ORIENTED_EDGE('',*,*,#274,.F.);
#348 = ORIENTED_EDGE('',*,*,#349,.F.);
#349 = EDGE_CURVE('',#340,#267,#350,.T.);
#350 = LINE('',#351,#352);
#351 = CARTESIAN_POINT('',(0.,447.68325013278,-190.2064380684));
#352 = VECTOR('',#353,1.);
#353 = DIRECTION('',(0.,0.681998360062,-0.731353701619));
#354 = PLANE('',#355);
#355 = AXIS2_PLACEMENT_3D('',#356,#357,#358);
#356 = CARTESIAN_POINT('',(1.E+03,252.,19.638156449877));
#357 = DIRECTION('',(8.119657186824E-17,0.731353701619,0.681998360062));
#358 = DIRECTION('',(-7.57170282098E-17,-0.681998360062,0.731353701619)
  );
#359 = ADVANCED_FACE('',(#360),#386,.F.);
#360 = FACE_BOUND('',#361,.F.);
#361 = EDGE_LOOP('',(#362,#363,#364,#372,#380));
#362 = ORIENTED_EDGE('',*,*,#266,.F.);
#363 = ORIENTED_EDGE('',*,*,#349,.F.);
#364 = ORIENTED_EDGE('',*,*,#365,.F.);
#365 = EDGE_CURVE('',#366,#340,#368,.T.);
#366 = VERTEX_POINT('',#367);
#367 = CARTESIAN_POINT('',(0.,200.,25.));
#368 = LINE('',#369,#370);
#369 = CARTESIAN_POINT('',(0.,-125.,25.));
#370 = VECTOR('',#371,1.);
#371 = DIRECTION('',(0.,1.,0.));
#372 = ORIENTED_EDGE('',*,*,#373,.T.);
#373 = EDGE_CURVE('',#366,#374,#376,.T.);
#374 = VERTEX_POINT('',#375);
#375 = CARTESIAN_POINT('',(0.,200.,12.5));
#376 = LINE('',#377,#378);
#377 = CARTESIAN_POINT('',(0.,200.,-500.5));
#378 = VECTOR('',#379,1.);
#379 = DIRECTION('',(0.,0.,-1.));
#380 = ORIENTED_EDGE('',*,*,#381,.T.);
#381 = EDGE_CURVE('',#374,#259,#382,.T.);
#382 = LINE('',#383,#384);
#383 = CARTESIAN_POINT('',(0.,195.,12.5));
#384 = VECTOR('',#385,1.);
#385 = DIRECTION('',(0.,1.,0.));
#386 = PLANE('',#387);
#387 = AXIS2_PLACEMENT_3D('',#388,#389,#390);
#388 = CARTESIAN_POINT('',(0.,0.,-1.E+03));
#389 = DIRECTION('',(1.,0.,0.));
#390 = DIRECTION('',(0.,0.,1.));
#391 = ADVANCED_FACE('',(#392,#410),#421,.F.);
#392 = FACE_BOUND('',#393,.F.);
#393 = EDGE_LOOP('',(#394,#395,#403,#409));
#394 = ORIENTED_EDGE('',*,*,#381,.F.);
#395 = ORIENTED_EDGE('',*,*,#396,.T.);
#396 = EDGE_CURVE('',#374,#397,#399,.T.);
#397 = VERTEX_POINT('',#398);
#398 = CARTESIAN_POINT('',(25.,200.,12.5));
#399 = LINE('',#400,#401);
#400 = CARTESIAN_POINT('',(-100.,200.,12.5));
#401 = VECTOR('',#402,1.);
#402 = DIRECTION('',(1.,0.,-0.));
#403 = ORIENTED_EDGE('',*,*,#404,.T.);
#404 = EDGE_CURVE('',#397,#251,#405,.T.);
#405 = LINE('',#406,#407);
#406 = CARTESIAN_POINT('',(25.,195.,12.5));
#407 = VECTOR('',#408,1.);
#408 = DIRECTION('',(0.,1.,0.));
#409 = ORIENTED_EDGE('',*,*,#258,.F.);
#410 = FACE_BOUND('',#411,.F.);
#411 = EDGE_LOOP('',(#412));
#412 = ORIENTED_EDGE('',*,*,#413,.F.);
#413 = EDGE_CURVE('',#414,#414,#416,.T.);
#414 = VERTEX_POINT('',#415);
#415 = CARTESIAN_POINT('',(12.5,242.75,12.5));
#416 = CIRCLE('',#417,2.75);
#417 = AXIS2_PLACEMENT_3D('',#418,#419,#420);
#418 = CARTESIAN_POINT('',(12.5,240.,12.5));
#419 = DIRECTION('',(0.,0.,1.));
#420 = DIRECTION('',(1.110223024625E-16,1.,-0.));
#421 = PLANE('',#422);
#422 = AXIS2_PLACEMENT_3D('',#423,#424,#425);
#423 = CARTESIAN_POINT('',(0.,195.,12.5));
#424 = DIRECTION('',(0.,0.,1.));
#425 = DIRECTION('',(1.,0.,0.));
#426 = ADVANCED_FACE('',(#427),#565,.F.);
#427 = FACE_BOUND('',#428,.F.);
#428 = EDGE_LOOP('',(#429,#439,#447,#455,#463,#471,#479,#487,#495,#503,
    #511,#519,#527,#533,#534,#535,#543,#551,#559));
#429 = ORIENTED_EDGE('',*,*,#430,.F.);
#430 = EDGE_CURVE('',#431,#433,#435,.T.);
#431 = VERTEX_POINT('',#432);
#432 = CARTESIAN_POINT('',(25.,195.,-22.));
#433 = VERTEX_POINT('',#434);
#434 = CARTESIAN_POINT('',(25.,195.,2.));
#435 = LINE('',#436,#437);
#436 = CARTESIAN_POINT('',(25.,195.,-23.));
#437 = VECTOR('',#438,1.);
#438 = DIRECTION('',(0.,0.,1.));
#439 = ORIENTED_EDGE('',*,*,#440,.T.);
#440 = EDGE_CURVE('',#431,#441,#443,.T.);
#441 = VERTEX_POINT('',#442);
#442 = CARTESIAN_POINT('',(25.,199.,-22.));
#443 = LINE('',#444,#445);
#444 = CARTESIAN_POINT('',(25.,-2.,-22.));
#445 = VECTOR('',#446,1.);
#446 = DIRECTION('',(0.,1.,0.));
#447 = ORIENTED_EDGE('',*,*,#448,.F.);
#448 = EDGE_CURVE('',#449,#441,#451,.T.);
#449 = VERTEX_POINT('',#450);
#450 = CARTESIAN_POINT('',(25.,199.,0.));
#451 = LINE('',#452,#453);
#452 = CARTESIAN_POINT('',(25.,199.,-22.5));
#453 = VECTOR('',#454,1.);
#454 = DIRECTION('',(0.,0.,-1.));
#455 = ORIENTED_EDGE('',*,*,#456,.T.);
#456 = EDGE_CURVE('',#449,#457,#459,.T.);
#457 = VERTEX_POINT('',#458);
#458 = CARTESIAN_POINT('',(25.,203.,0.));
#459 = LINE('',#460,#461);
#460 = CARTESIAN_POINT('',(25.,-27.5,0.));
#461 = VECTOR('',#462,1.);
#462 = DIRECTION('',(0.,1.,0.));
#463 = ORIENTED_EDGE('',*,*,#464,.F.);
#464 = EDGE_CURVE('',#465,#457,#467,.T.);
#465 = VERTEX_POINT('',#466);
#466 = CARTESIAN_POINT('',(25.,203.,0.6));
#467 = LINE('',#468,#469);
#468 = CARTESIAN_POINT('',(25.,203.,-12.5));
#469 = VECTOR('',#470,1.);
#470 = DIRECTION('',(0.,0.,-1.));
#471 = ORIENTED_EDGE('',*,*,#472,.T.);
#472 = EDGE_CURVE('',#465,#473,#475,.T.);
#473 = VERTEX_POINT('',#474);
#474 = CARTESIAN_POINT('',(25.,213.,0.6));
#475 = LINE('',#476,#477);
#476 = CARTESIAN_POINT('',(25.,-9.,0.6));
#477 = VECTOR('',#478,1.);
#478 = DIRECTION('',(0.,1.,0.));
#479 = ORIENTED_EDGE('',*,*,#480,.T.);
#480 = EDGE_CURVE('',#473,#481,#483,.T.);
#481 = VERTEX_POINT('',#482);
#482 = CARTESIAN_POINT('',(25.,213.,0.));
#483 = LINE('',#484,#485);
#484 = CARTESIAN_POINT('',(25.,213.,-12.));
#485 = VECTOR('',#486,1.);
#486 = DIRECTION('',(0.,0.,-1.));
#487 = ORIENTED_EDGE('',*,*,#488,.T.);
#488 = EDGE_CURVE('',#481,#489,#491,.T.);
#489 = VERTEX_POINT('',#490);
#490 = CARTESIAN_POINT('',(25.,217.,0.));
#491 = LINE('',#492,#493);
#492 = CARTESIAN_POINT('',(25.,-27.5,0.));
#493 = VECTOR('',#494,1.);
#494 = DIRECTION('',(0.,1.,0.));
#495 = ORIENTED_EDGE('',*,*,#496,.F.);
#496 = EDGE_CURVE('',#497,#489,#499,.T.);
#497 = VERTEX_POINT('',#498);
#498 = CARTESIAN_POINT('',(25.,217.,0.6));
#499 = LINE('',#500,#501);
#500 = CARTESIAN_POINT('',(25.,217.,-12.5));
#501 = VECTOR('',#502,1.);
#502 = DIRECTION('',(0.,0.,-1.));
#503 = ORIENTED_EDGE('',*,*,#504,.T.);
#504 = EDGE_CURVE('',#497,#505,#507,.T.);
#505 = VERTEX_POINT('',#506);
#506 = CARTESIAN_POINT('',(25.,227.,0.6));
#507 = LINE('',#508,#509);
#508 = CARTESIAN_POINT('',(25.,-16.,0.6));
#509 = VECTOR('',#510,1.);
#510 = DIRECTION('',(0.,1.,0.));
#511 = ORIENTED_EDGE('',*,*,#512,.T.);
#512 = EDGE_CURVE('',#505,#513,#515,.T.);
#513 = VERTEX_POINT('',#514);
#514 = CARTESIAN_POINT('',(25.,227.,0.));
#515 = LINE('',#516,#517);
#516 = CARTESIAN_POINT('',(25.,227.,-12.));
#517 = VECTOR('',#518,1.);
#518 = DIRECTION('',(0.,0.,-1.));
#519 = ORIENTED_EDGE('',*,*,#520,.T.);
#520 = EDGE_CURVE('',#513,#521,#523,.T.);
#521 = VERTEX_POINT('',#522);
#522 = CARTESIAN_POINT('',(25.,246.,0.));
#523 = LINE('',#524,#525);
#524 = CARTESIAN_POINT('',(25.,-27.5,0.));
#525 = VECTOR('',#526,1.);
#526 = DIRECTION('',(0.,1.,0.));
#527 = ORIENTED_EDGE('',*,*,#528,.F.);
#528 = EDGE_CURVE('',#243,#521,#529,.T.);
#529 = LINE('',#530,#531);
#530 = CARTESIAN_POINT('',(25.,228.5,-17.5));
#531 = VECTOR('',#532,1.);
#532 = DIRECTION('',(0.,-0.707106781187,-0.707106781187));
#533 = ORIENTED_EDGE('',*,*,#250,.F.);
#534 = ORIENTED_EDGE('',*,*,#404,.F.);
#535 = ORIENTED_EDGE('',*,*,#536,.T.);
#536 = EDGE_CURVE('',#397,#537,#539,.T.);
#537 = VERTEX_POINT('',#538);
#538 = CARTESIAN_POINT('',(25.,200.,3.5));
#539 = LINE('',#540,#541);
#540 = CARTESIAN_POINT('',(25.,200.,-12.));
#541 = VECTOR('',#542,1.);
#542 = DIRECTION('',(0.,0.,-1.));
#543 = ORIENTED_EDGE('',*,*,#544,.F.);
#544 = EDGE_CURVE('',#545,#537,#547,.T.);
#545 = VERTEX_POINT('',#546);
#546 = CARTESIAN_POINT('',(25.,198.,3.5));
#547 = LINE('',#548,#549);
#548 = CARTESIAN_POINT('',(25.,-3.5,3.5));
#549 = VECTOR('',#550,1.);
#550 = DIRECTION('',(0.,1.,0.));
#551 = ORIENTED_EDGE('',*,*,#552,.F.);
#552 = EDGE_CURVE('',#553,#545,#555,.T.);
#553 = VERTEX_POINT('',#554);
#554 = CARTESIAN_POINT('',(25.,196.5,2.));
#555 = LINE('',#556,#557);
#556 = CARTESIAN_POINT('',(25.,189.875,-4.625));
#557 = VECTOR('',#558,1.);
#558 = DIRECTION('',(-0.,0.707106781187,0.707106781187));
#559 = ORIENTED_EDGE('',*,*,#560,.F.);
#560 = EDGE_CURVE('',#433,#553,#561,.T.);
#561 = LINE('',#562,#563);
#562 = CARTESIAN_POINT('',(25.,-2.,2.));
#563 = VECTOR('',#564,1.);
#564 = DIRECTION('',(0.,1.,0.));
#565 = PLANE('',#566);
#566 = AXIS2_PLACEMENT_3D('',#567,#568,#569);
#567 = CARTESIAN_POINT('',(25.,195.,-23.));
#568 = DIRECTION('',(1.,0.,0.));
#569 = DIRECTION('',(0.,0.,1.));
#570 = ADVANCED_FACE('',(#571),#589,.F.);
#571 = FACE_BOUND('',#572,.T.);
#572 = EDGE_LOOP('',(#573,#574,#575,#583));
#573 = ORIENTED_EDGE('',*,*,#528,.F.);
#574 = ORIENTED_EDGE('',*,*,#242,.T.);
#575 = ORIENTED_EDGE('',*,*,#576,.T.);
#576 = EDGE_CURVE('',#233,#577,#579,.T.);
#577 = VERTEX_POINT('',#578);
#578 = CARTESIAN_POINT('',(238.,246.,-1.15463194561E-14));
#579 = LINE('',#580,#581);
#580 = CARTESIAN_POINT('',(238.,248.,2.));
#581 = VECTOR('',#582,1.);
#582 = DIRECTION('',(-5.612704753749E-34,-0.707106781187,-0.707106781187
    ));
#583 = ORIENTED_EDGE('',*,*,#584,.F.);
#584 = EDGE_CURVE('',#521,#577,#585,.T.);
#585 = LINE('',#586,#587);
#586 = CARTESIAN_POINT('',(-238.,246.,0.));
#587 = VECTOR('',#588,1.);
#588 = DIRECTION('',(1.,0.,-0.));
#589 = PLANE('',#590);
#590 = AXIS2_PLACEMENT_3D('',#591,#592,#593);
#591 = CARTESIAN_POINT('',(-238.,248.,2.));
#592 = DIRECTION('',(-1.415442289654E-17,-0.707106781187,0.707106781187)
  );
#593 = DIRECTION('',(-1.,1.000868841393E-17,-1.000868841393E-17));
#594 = ADVANCED_FACE('',(#595),#614,.T.);
#595 = FACE_BOUND('',#596,.T.);
#596 = EDGE_LOOP('',(#597,#598,#599,#607));
#597 = ORIENTED_EDGE('',*,*,#576,.F.);
#598 = ORIENTED_EDGE('',*,*,#298,.T.);
#599 = ORIENTED_EDGE('',*,*,#600,.T.);
#600 = EDGE_CURVE('',#289,#601,#603,.T.);
#601 = VERTEX_POINT('',#602);
#602 = CARTESIAN_POINT('',(246.,238.,0.));
#603 = LINE('',#604,#605);
#604 = CARTESIAN_POINT('',(250.,238.,4.));
#605 = VECTOR('',#606,1.);
#606 = DIRECTION('',(-0.707106781187,-4.329780281177E-17,-0.707106781187
    ));
#607 = ORIENTED_EDGE('',*,*,#608,.F.);
#608 = EDGE_CURVE('',#577,#601,#609,.T.);
#609 = CIRCLE('',#610,8.);
#610 = AXIS2_PLACEMENT_3D('',#611,#612,#613);
#611 = CARTESIAN_POINT('',(238.,238.,0.));
#612 = DIRECTION('',(0.,-0.,-1.));
#613 = DIRECTION('',(0.,1.,-0.));
#614 = CONICAL_SURFACE('',#615,12.,0.785398163397);
#615 = AXIS2_PLACEMENT_3D('',#616,#617,#618);
#616 = CARTESIAN_POINT('',(238.,238.,4.));
#617 = DIRECTION('',(0.,0.,1.));
#618 = DIRECTION('',(0.,1.,0.));
#619 = ADVANCED_FACE('',(#620),#645,.T.);
#620 = FACE_BOUND('',#621,.T.);
#621 = EDGE_LOOP('',(#622,#630,#638,#644));
#622 = ORIENTED_EDGE('',*,*,#623,.F.);
#623 = EDGE_CURVE('',#624,#316,#626,.T.);
#624 = VERTEX_POINT('',#625);
#625 = CARTESIAN_POINT('',(247.,0.,25.));
#626 = LINE('',#627,#628);
#627 = CARTESIAN_POINT('',(247.,-1.E+03,25.));
#628 = VECTOR('',#629,1.);
#629 = DIRECTION('',(0.,1.,0.));
#630 = ORIENTED_EDGE('',*,*,#631,.F.);
#631 = EDGE_CURVE('',#632,#624,#634,.T.);
#632 = VERTEX_POINT('',#633);
#633 = CARTESIAN_POINT('',(250.,0.,21.782893869926));
#634 = LINE('',#635,#636);
#635 = CARTESIAN_POINT('',(447.68325013278,1.110223024625E-13,
    -190.2064380684));
#636 = VECTOR('',#637,1.);
#637 = DIRECTION('',(-0.681998360062,0.,0.731353701619));
#638 = ORIENTED_EDGE('',*,*,#639,.F.);
#639 = EDGE_CURVE('',#291,#632,#640,.T.);
#640 = LINE('',#641,#642);
#641 = CARTESIAN_POINT('',(250.,-625.,21.782893869926));
#642 = VECTOR('',#643,1.);
#643 = DIRECTION('',(0.,-1.,0.));
#644 = ORIENTED_EDGE('',*,*,#324,.T.);
#645 = PLANE('',#646);
#646 = AXIS2_PLACEMENT_3D('',#647,#648,#649);
#647 = CARTESIAN_POINT('',(252.,-1.E+03,19.638156449877));
#648 = DIRECTION('',(0.731353701619,0.,0.681998360062));
#649 = DIRECTION('',(-0.681998360062,0.,0.731353701619));
#650 = ADVANCED_FACE('',(#651,#688),#699,.T.);
#651 = FACE_BOUND('',#652,.T.);
#652 = EDGE_LOOP('',(#653,#654,#655,#663,#672,#680,#686,#687));
#653 = ORIENTED_EDGE('',*,*,#339,.T.);
#654 = ORIENTED_EDGE('',*,*,#365,.F.);
#655 = ORIENTED_EDGE('',*,*,#656,.F.);
#656 = EDGE_CURVE('',#657,#366,#659,.T.);
#657 = VERTEX_POINT('',#658);
#658 = CARTESIAN_POINT('',(195.,200.,25.));
#659 = LINE('',#660,#661);
#660 = CARTESIAN_POINT('',(-225.,200.,25.));
#661 = VECTOR('',#662,1.);
#662 = DIRECTION('',(-1.,-0.,0.));
#663 = ORIENTED_EDGE('',*,*,#664,.F.);
#664 = EDGE_CURVE('',#665,#657,#667,.T.);
#665 = VERTEX_POINT('',#666);
#666 = CARTESIAN_POINT('',(200.,195.,25.));
#667 = CIRCLE('',#668,5.);
#668 = AXIS2_PLACEMENT_3D('',#669,#670,#671);
#669 = CARTESIAN_POINT('',(195.,195.,25.));
#670 = DIRECTION('',(0.,0.,1.));
#671 = DIRECTION('',(1.,0.,-0.));
#672 = ORIENTED_EDGE('',*,*,#673,.F.);
#673 = EDGE_CURVE('',#674,#665,#676,.T.);
#674 = VERTEX_POINT('',#675);
#675 = CARTESIAN_POINT('',(200.,0.,25.));
#676 = LINE('',#677,#678);
#677 = CARTESIAN_POINT('',(200.,-225.,25.));
#678 = VECTOR('',#679,1.);
#679 = DIRECTION('',(-0.,1.,0.));
#680 = ORIENTED_EDGE('',*,*,#681,.F.);
#681 = EDGE_CURVE('',#624,#674,#682,.T.);
#682 = LINE('',#683,#684);
#683 = CARTESIAN_POINT('',(-125.,0.,25.));
#684 = VECTOR('',#685,1.);
#685 = DIRECTION('',(-1.,0.,0.));
#686 = ORIENTED_EDGE('',*,*,#623,.T.);
#687 = ORIENTED_EDGE('',*,*,#315,.T.);
#688 = FACE_BOUND('',#689,.T.);
#689 = EDGE_LOOP('',(#690));
#690 = ORIENTED_EDGE('',*,*,#691,.F.);
#691 = EDGE_CURVE('',#692,#692,#694,.T.);
#692 = VERTEX_POINT('',#693);
#693 = CARTESIAN_POINT('',(12.5,245.,25.));
#694 = CIRCLE('',#695,5.);
#695 = AXIS2_PLACEMENT_3D('',#696,#697,#698);
#696 = CARTESIAN_POINT('',(12.5,240.,25.));
#697 = DIRECTION('',(0.,0.,1.));
#698 = DIRECTION('',(1.110223024625E-16,1.,-0.));
#699 = PLANE('',#700);
#700 = AXIS2_PLACEMENT_3D('',#701,#702,#703);
#701 = CARTESIAN_POINT('',(-250.,-250.,25.));
#702 = DIRECTION('',(0.,0.,1.));
#703 = DIRECTION('',(1.,0.,-0.));
#704 = ADVANCED_FACE('',(#705,#725,#736,#747),#758,.F.);
#705 = FACE_BOUND('',#706,.F.);
#706 = EDGE_LOOP('',(#707,#715,#721,#722,#723,#724));
#707 = ORIENTED_EDGE('',*,*,#708,.F.);
#708 = EDGE_CURVE('',#709,#657,#711,.T.);
#709 = VERTEX_POINT('',#710);
#710 = CARTESIAN_POINT('',(195.,200.,3.5));
#711 = LINE('',#712,#713);
#712 = CARTESIAN_POINT('',(195.,200.,-1.));
#713 = VECTOR('',#714,1.);
#714 = DIRECTION('',(0.,0.,1.));
#715 = ORIENTED_EDGE('',*,*,#716,.F.);
#716 = EDGE_CURVE('',#537,#709,#717,.T.);
#717 = LINE('',#718,#719);
#718 = CARTESIAN_POINT('',(-201.,200.,3.5));
#719 = VECTOR('',#720,1.);
#720 = DIRECTION('',(1.,0.,-0.));
#721 = ORIENTED_EDGE('',*,*,#536,.F.);
#722 = ORIENTED_EDGE('',*,*,#396,.F.);
#723 = ORIENTED_EDGE('',*,*,#373,.F.);
#724 = ORIENTED_EDGE('',*,*,#656,.F.);
#725 = FACE_BOUND('',#726,.F.);
#726 = EDGE_LOOP('',(#727));
#727 = ORIENTED_EDGE('',*,*,#728,.F.);
#728 = EDGE_CURVE('',#729,#729,#731,.T.);
#729 = VERTEX_POINT('',#730);
#730 = CARTESIAN_POINT('',(76.5,200.,19.));
#731 = CIRCLE('',#732,2.);
#732 = AXIS2_PLACEMENT_3D('',#733,#734,#735);
#733 = CARTESIAN_POINT('',(76.5,200.,17.));
#734 = DIRECTION('',(1.110223024625E-16,1.,0.));
#735 = DIRECTION('',(0.,-0.,1.));
#736 = FACE_BOUND('',#737,.F.);
#737 = EDGE_LOOP('',(#738));
#738 = ORIENTED_EDGE('',*,*,#739,.F.);
#739 = EDGE_CURVE('',#740,#740,#742,.T.);
#740 = VERTEX_POINT('',#741);
#741 = CARTESIAN_POINT('',(122.5,200.,19.));
#742 = CIRCLE('',#743,2.);
#743 = AXIS2_PLACEMENT_3D('',#744,#745,#746);
#744 = CARTESIAN_POINT('',(122.5,200.,17.));
#745 = DIRECTION('',(1.110223024625E-16,1.,0.));
#746 = DIRECTION('',(0.,-0.,1.));
#747 = FACE_BOUND('',#748,.F.);
#748 = EDGE_LOOP('',(#749));
#749 = ORIENTED_EDGE('',*,*,#750,.F.);
#750 = EDGE_CURVE('',#751,#751,#753,.T.);
#751 = VERTEX_POINT('',#752);
#752 = CARTESIAN_POINT('',(173.,200.,19.));
#753 = CIRCLE('',#754,2.);
#754 = AXIS2_PLACEMENT_3D('',#755,#756,#757);
#755 = CARTESIAN_POINT('',(173.,200.,17.));
#756 = DIRECTION('',(1.110223024625E-16,1.,0.));
#757 = DIRECTION('',(0.,-0.,1.));
#758 = PLANE('',#759);
#759 = AXIS2_PLACEMENT_3D('',#760,#761,#762);
#760 = CARTESIAN_POINT('',(-200.,200.,-1.));
#761 = DIRECTION('',(-0.,1.,0.));
#762 = DIRECTION('',(0.,0.,1.));
#763 = ADVANCED_FACE('',(#764),#783,.F.);
#764 = FACE_BOUND('',#765,.F.);
#765 = EDGE_LOOP('',(#766,#767,#775,#782));
#766 = ORIENTED_EDGE('',*,*,#413,.T.);
#767 = ORIENTED_EDGE('',*,*,#768,.T.);
#768 = EDGE_CURVE('',#414,#769,#771,.T.);
#769 = VERTEX_POINT('',#770);
#770 = CARTESIAN_POINT('',(12.5,242.75,19.));
#771 = LINE('',#772,#773);
#772 = CARTESIAN_POINT('',(12.5,242.75,-1.));
#773 = VECTOR('',#774,1.);
#774 = DIRECTION('',(0.,0.,1.));
#775 = ORIENTED_EDGE('',*,*,#776,.F.);
#776 = EDGE_CURVE('',#769,#769,#777,.T.);
#777 = CIRCLE('',#778,2.75);
#778 = AXIS2_PLACEMENT_3D('',#779,#780,#781);
#779 = CARTESIAN_POINT('',(12.5,240.,19.));
#780 = DIRECTION('',(0.,0.,1.));
#781 = DIRECTION('',(1.110223024625E-16,1.,-0.));
#782 = ORIENTED_EDGE('',*,*,#768,.F.);
#783 = CYLINDRICAL_SURFACE('',#784,2.75);
#784 = AXIS2_PLACEMENT_3D('',#785,#786,#787);
#785 = CARTESIAN_POINT('',(12.5,240.,-1.));
#786 = DIRECTION('',(0.,0.,1.));
#787 = DIRECTION('',(1.110223024625E-16,1.,0.));
#788 = ADVANCED_FACE('',(#789,#814),#825,.T.);
#789 = FACE_BOUND('',#790,.T.);
#790 = EDGE_LOOP('',(#791,#799,#807,#813));
#791 = ORIENTED_EDGE('',*,*,#792,.F.);
#792 = EDGE_CURVE('',#793,#431,#795,.T.);
#793 = VERTEX_POINT('',#794);
#794 = CARTESIAN_POINT('',(192.,195.,-22.));
#795 = LINE('',#796,#797);
#796 = CARTESIAN_POINT('',(-197.,195.,-22.));
#797 = VECTOR('',#798,1.);
#798 = DIRECTION('',(-1.,-0.,0.));
#799 = ORIENTED_EDGE('',*,*,#800,.T.);
#800 = EDGE_CURVE('',#793,#801,#803,.T.);
#801 = VERTEX_POINT('',#802);
#802 = CARTESIAN_POINT('',(192.,195.,2.));
#803 = LINE('',#804,#805);
#804 = CARTESIAN_POINT('',(192.,195.,-23.));
#805 = VECTOR('',#806,1.);
#806 = DIRECTION('',(0.,0.,1.));
#807 = ORIENTED_EDGE('',*,*,#808,.T.);
#808 = EDGE_CURVE('',#801,#433,#809,.T.);
#809 = LINE('',#810,#811);
#810 = CARTESIAN_POINT('',(-197.,195.,2.));
#811 = VECTOR('',#812,1.);
#812 = DIRECTION('',(-1.,-0.,0.));
#813 = ORIENTED_EDGE('',*,*,#430,.F.);
#814 = FACE_BOUND('',#815,.T.);
#815 = EDGE_LOOP('',(#816));
#816 = ORIENTED_EDGE('',*,*,#817,.T.);
#817 = EDGE_CURVE('',#818,#818,#820,.T.);
#818 = VERTEX_POINT('',#819);
#819 = CARTESIAN_POINT('',(140.,195.,-11.));
#820 = CIRCLE('',#821,2.);
#821 = AXIS2_PLACEMENT_3D('',#822,#823,#824);
#822 = CARTESIAN_POINT('',(140.,195.,-13.));
#823 = DIRECTION('',(0.,1.,0.));
#824 = DIRECTION('',(0.,-0.,1.));
#825 = PLANE('',#826);
#826 = AXIS2_PLACEMENT_3D('',#827,#828,#829);
#827 = CARTESIAN_POINT('',(0.,195.,-10.));
#828 = DIRECTION('',(-0.,-1.,-0.));
#829 = DIRECTION('',(0.,0.,-1.));
#830 = ADVANCED_FACE('',(#831),#856,.F.);
#831 = FACE_BOUND('',#832,.T.);
#832 = EDGE_LOOP('',(#833,#843,#849,#850));
#833 = ORIENTED_EDGE('',*,*,#834,.F.);
#834 = EDGE_CURVE('',#835,#837,#839,.T.);
#835 = VERTEX_POINT('',#836);
#836 = CARTESIAN_POINT('',(192.,198.,3.5));
#837 = VERTEX_POINT('',#838);
#838 = CARTESIAN_POINT('',(192.,196.5,2.));
#839 = LINE('',#840,#841);
#840 = CARTESIAN_POINT('',(192.,195.,0.5));
#841 = VECTOR('',#842,1.);
#842 = DIRECTION('',(-4.329780281177E-17,-0.707106781187,-0.707106781187
    ));
#843 = ORIENTED_EDGE('',*,*,#844,.T.);
#844 = EDGE_CURVE('',#835,#545,#845,.T.);
#845 = LINE('',#846,#847);
#846 = CARTESIAN_POINT('',(192.,198.,3.5));
#847 = VECTOR('',#848,1.);
#848 = DIRECTION('',(-1.,-0.,0.));
#849 = ORIENTED_EDGE('',*,*,#552,.F.);
#850 = ORIENTED_EDGE('',*,*,#851,.F.);
#851 = EDGE_CURVE('',#837,#553,#852,.T.);
#852 = LINE('',#853,#854);
#853 = CARTESIAN_POINT('',(-3.5,196.5,2.));
#854 = VECTOR('',#855,1.);
#855 = DIRECTION('',(-1.,-8.307270137913E-19,0.));
#856 = PLANE('',#857);
#857 = AXIS2_PLACEMENT_3D('',#858,#859,#860);
#858 = CARTESIAN_POINT('',(192.,196.5,2.));
#859 = DIRECTION('',(-5.874127047667E-19,0.707106781187,-0.707106781187)
  );
#860 = DIRECTION('',(1.,4.153635068956E-19,-4.153635068956E-19));
#861 = ADVANCED_FACE('',(#862),#887,.F.);
#862 = FACE_BOUND('',#863,.F.);
#863 = EDGE_LOOP('',(#864,#874,#880,#881));
#864 = ORIENTED_EDGE('',*,*,#865,.F.);
#865 = EDGE_CURVE('',#866,#868,#870,.T.);
#866 = VERTEX_POINT('',#867);
#867 = CARTESIAN_POINT('',(195.,227.,0.));
#868 = VERTEX_POINT('',#869);
#869 = CARTESIAN_POINT('',(195.,227.,0.6));
#870 = LINE('',#871,#872);
#871 = CARTESIAN_POINT('',(195.,227.,-1.));
#872 = VECTOR('',#873,1.);
#873 = DIRECTION('',(0.,0.,1.));
#874 = ORIENTED_EDGE('',*,*,#875,.T.);
#875 = EDGE_CURVE('',#866,#513,#876,.T.);
#876 = LINE('',#877,#878);
#877 = CARTESIAN_POINT('',(-238.5,227.,0.));
#878 = VECTOR('',#879,1.);
#879 = DIRECTION('',(-1.,-0.,0.));
#880 = ORIENTED_EDGE('',*,*,#512,.F.);
#881 = ORIENTED_EDGE('',*,*,#882,.T.);
#882 = EDGE_CURVE('',#505,#868,#883,.T.);
#883 = LINE('',#884,#885);
#884 = CARTESIAN_POINT('',(-227.,227.,0.6));
#885 = VECTOR('',#886,1.);
#886 = DIRECTION('',(1.,0.,-0.));
#887 = PLANE('',#888);
#888 = AXIS2_PLACEMENT_3D('',#889,#890,#891);
#889 = CARTESIAN_POINT('',(-227.,227.,-1.));
#890 = DIRECTION('',(-0.,1.,0.));
#891 = DIRECTION('',(0.,0.,1.));
#892 = ADVANCED_FACE('',(#893),#918,.T.);
#893 = FACE_BOUND('',#894,.T.);
#894 = EDGE_LOOP('',(#895,#905,#911,#912));
#895 = ORIENTED_EDGE('',*,*,#896,.F.);
#896 = EDGE_CURVE('',#897,#899,#901,.T.);
#897 = VERTEX_POINT('',#898);
#898 = CARTESIAN_POINT('',(195.,217.,0.));
#899 = VERTEX_POINT('',#900);
#900 = CARTESIAN_POINT('',(195.,217.,0.6));
#901 = LINE('',#902,#903);
#902 = CARTESIAN_POINT('',(195.,217.,-2.));
#903 = VECTOR('',#904,1.);
#904 = DIRECTION('',(0.,0.,1.));
#905 = ORIENTED_EDGE('',*,*,#906,.T.);
#906 = EDGE_CURVE('',#897,#489,#907,.T.);
#907 = LINE('',#908,#909);
#908 = CARTESIAN_POINT('',(-233.5,217.,0.));
#909 = VECTOR('',#910,1.);
#910 = DIRECTION('',(-1.,-0.,0.));
#911 = ORIENTED_EDGE('',*,*,#496,.F.);
#912 = ORIENTED_EDGE('',*,*,#913,.F.);
#913 = EDGE_CURVE('',#899,#497,#914,.T.);
#914 = LINE('',#915,#916);
#915 = CARTESIAN_POINT('',(-222.,217.,0.6));
#916 = VECTOR('',#917,1.);
#917 = DIRECTION('',(-1.,-0.,0.));
#918 = PLANE('',#919);
#919 = AXIS2_PLACEMENT_3D('',#920,#921,#922);
#920 = CARTESIAN_POINT('',(-217.,217.,-2.));
#921 = DIRECTION('',(-0.,1.,0.));
#922 = DIRECTION('',(0.,0.,1.));
#923 = ADVANCED_FACE('',(#924),#949,.F.);
#924 = FACE_BOUND('',#925,.F.);
#925 = EDGE_LOOP('',(#926,#936,#942,#943));
#926 = ORIENTED_EDGE('',*,*,#927,.F.);
#927 = EDGE_CURVE('',#928,#930,#932,.T.);
#928 = VERTEX_POINT('',#929);
#929 = CARTESIAN_POINT('',(97.5,213.,0.));
#930 = VERTEX_POINT('',#931);
#931 = CARTESIAN_POINT('',(97.5,213.,0.6));
#932 = LINE('',#933,#934);
#933 = CARTESIAN_POINT('',(97.5,213.,-1.));
#934 = VECTOR('',#935,1.);
#935 = DIRECTION('',(0.,0.,1.));
#936 = ORIENTED_EDGE('',*,*,#937,.T.);
#937 = EDGE_CURVE('',#928,#481,#938,.T.);
#938 = LINE('',#939,#940);
#939 = CARTESIAN_POINT('',(-231.5,213.,0.));
#940 = VECTOR('',#941,1.);
#941 = DIRECTION('',(-1.,-0.,0.));
#942 = ORIENTED_EDGE('',*,*,#480,.F.);
#943 = ORIENTED_EDGE('',*,*,#944,.T.);
#944 = EDGE_CURVE('',#473,#930,#945,.T.);
#945 = LINE('',#946,#947);
#946 = CARTESIAN_POINT('',(-213.,213.,0.6));
#947 = VECTOR('',#948,1.);
#948 = DIRECTION('',(1.,0.,-0.));
#949 = PLANE('',#950);
#950 = AXIS2_PLACEMENT_3D('',#951,#952,#953);
#951 = CARTESIAN_POINT('',(-213.,213.,-1.));
#952 = DIRECTION('',(-0.,1.,0.));
#953 = DIRECTION('',(0.,0.,1.));
#954 = ADVANCED_FACE('',(#955),#973,.F.);
#955 = FACE_BOUND('',#956,.F.);
#956 = EDGE_LOOP('',(#957,#958,#959,#967));
#957 = ORIENTED_EDGE('',*,*,#944,.F.);
#958 = ORIENTED_EDGE('',*,*,#472,.F.);
#959 = ORIENTED_EDGE('',*,*,#960,.F.);
#960 = EDGE_CURVE('',#961,#465,#963,.T.);
#961 = VERTEX_POINT('',#962);
#962 = CARTESIAN_POINT('',(97.5,203.,0.6));
#963 = LINE('',#964,#965);
#964 = CARTESIAN_POINT('',(-208.,203.,0.6));
#965 = VECTOR('',#966,1.);
#966 = DIRECTION('',(-1.,-0.,0.));
#967 = ORIENTED_EDGE('',*,*,#968,.F.);
#968 = EDGE_CURVE('',#930,#961,#969,.T.);
#969 = LINE('',#970,#971);
#970 = CARTESIAN_POINT('',(97.5,-5.5,0.6));
#971 = VECTOR('',#972,1.);
#972 = DIRECTION('',(-1.110223024625E-16,-1.,0.));
#973 = PLANE('',#974);
#974 = AXIS2_PLACEMENT_3D('',#975,#976,#977);
#975 = CARTESIAN_POINT('',(-213.,-213.,0.6));
#976 = DIRECTION('',(0.,0.,1.));
#977 = DIRECTION('',(1.,0.,-0.));
#978 = ADVANCED_FACE('',(#979),#997,.T.);
#979 = FACE_BOUND('',#980,.T.);
#980 = EDGE_LOOP('',(#981,#989,#995,#996));
#981 = ORIENTED_EDGE('',*,*,#982,.F.);
#982 = EDGE_CURVE('',#983,#961,#985,.T.);
#983 = VERTEX_POINT('',#984);
#984 = CARTESIAN_POINT('',(97.5,203.,0.));
#985 = LINE('',#986,#987);
#986 = CARTESIAN_POINT('',(97.5,203.,-1.5));
#987 = VECTOR('',#988,1.);
#988 = DIRECTION('',(0.,0.,1.));
#989 = ORIENTED_EDGE('',*,*,#990,.T.);
#990 = EDGE_CURVE('',#983,#457,#991,.T.);
#991 = LINE('',#992,#993);
#992 = CARTESIAN_POINT('',(-226.5,203.,0.));
#993 = VECTOR('',#994,1.);
#994 = DIRECTION('',(-1.,-0.,0.));
#995 = ORIENTED_EDGE('',*,*,#464,.F.);
#996 = ORIENTED_EDGE('',*,*,#960,.F.);
#997 = PLANE('',#998);
#998 = AXIS2_PLACEMENT_3D('',#999,#1000,#1001);
#999 = CARTESIAN_POINT('',(-203.,203.,-2.));
#1000 = DIRECTION('',(-0.,1.,0.));
#1001 = DIRECTION('',(0.,0.,1.));
#1002 = ADVANCED_FACE('',(#1003,#1028),#1039,.T.);
#1003 = FACE_BOUND('',#1004,.T.);
#1004 = EDGE_LOOP('',(#1005,#1013,#1014,#1022));
#1005 = ORIENTED_EDGE('',*,*,#1006,.F.);
#1006 = EDGE_CURVE('',#441,#1007,#1009,.T.);
#1007 = VERTEX_POINT('',#1008);
#1008 = CARTESIAN_POINT('',(195.,199.,-22.));
#1009 = LINE('',#1010,#1011);
#1010 = CARTESIAN_POINT('',(-199.,199.,-22.));
#1011 = VECTOR('',#1012,1.);
#1012 = DIRECTION('',(1.,0.,-0.));
#1013 = ORIENTED_EDGE('',*,*,#448,.F.);
#1014 = ORIENTED_EDGE('',*,*,#1015,.F.);
#1015 = EDGE_CURVE('',#1016,#449,#1018,.T.);
#1016 = VERTEX_POINT('',#1017);
#1017 = CARTESIAN_POINT('',(195.,199.,0.));
#1018 = LINE('',#1019,#1020);
#1019 = CARTESIAN_POINT('',(-200.5,199.,0.));
#1020 = VECTOR('',#1021,1.);
#1021 = DIRECTION('',(-1.,-0.,0.));
#1022 = ORIENTED_EDGE('',*,*,#1023,.F.);
#1023 = EDGE_CURVE('',#1007,#1016,#1024,.T.);
#1024 = LINE('',#1025,#1026);
#1025 = CARTESIAN_POINT('',(195.,199.,-22.));
#1026 = VECTOR('',#1027,1.);
#1027 = DIRECTION('',(0.,0.,1.));
#1028 = FACE_BOUND('',#1029,.T.);
#1029 = EDGE_LOOP('',(#1030));
#1030 = ORIENTED_EDGE('',*,*,#1031,.F.);
#1031 = EDGE_CURVE('',#1032,#1032,#1034,.T.);
#1032 = VERTEX_POINT('',#1033);
#1033 = CARTESIAN_POINT('',(140.,199.,-11.));
#1034 = CIRCLE('',#1035,2.);
#1035 = AXIS2_PLACEMENT_3D('',#1036,#1037,#1038);
#1036 = CARTESIAN_POINT('',(140.,199.,-13.));
#1037 = DIRECTION('',(0.,1.,0.));
#1038 = DIRECTION('',(0.,-0.,1.));
#1039 = PLANE('',#1040);
#1040 = AXIS2_PLACEMENT_3D('',#1041,#1042,#1043);
#1041 = CARTESIAN_POINT('',(-199.,199.,-22.));
#1042 = DIRECTION('',(-0.,1.,0.));
#1043 = DIRECTION('',(0.,0.,1.));
#1044 = ADVANCED_FACE('',(#1045),#1071,.F.);
#1045 = FACE_BOUND('',#1046,.F.);
#1046 = EDGE_LOOP('',(#1047,#1048,#1049,#1057,#1065));
#1047 = ORIENTED_EDGE('',*,*,#681,.F.);
#1048 = ORIENTED_EDGE('',*,*,#631,.F.);
#1049 = ORIENTED_EDGE('',*,*,#1050,.F.);
#1050 = EDGE_CURVE('',#1051,#632,#1053,.T.);
#1051 = VERTEX_POINT('',#1052);
#1052 = CARTESIAN_POINT('',(250.,0.,12.25));
#1053 = LINE('',#1054,#1055);
#1054 = CARTESIAN_POINT('',(250.,0.,-500.));
#1055 = VECTOR('',#1056,1.);
#1056 = DIRECTION('',(0.,-0.,1.));
#1057 = ORIENTED_EDGE('',*,*,#1058,.F.);
#1058 = EDGE_CURVE('',#1059,#1051,#1061,.T.);
#1059 = VERTEX_POINT('',#1060);
#1060 = CARTESIAN_POINT('',(200.,0.,12.25));
#1061 = LINE('',#1062,#1063);
#1062 = CARTESIAN_POINT('',(195.,0.,12.25));
#1063 = VECTOR('',#1064,1.);
#1064 = DIRECTION('',(1.,0.,0.));
#1065 = ORIENTED_EDGE('',*,*,#1066,.T.);
#1066 = EDGE_CURVE('',#1059,#674,#1067,.T.);
#1067 = LINE('',#1068,#1069);
#1068 = CARTESIAN_POINT('',(200.,0.,-500.5));
#1069 = VECTOR('',#1070,1.);
#1070 = DIRECTION('',(0.,-0.,1.));
#1071 = PLANE('',#1072);
#1072 = AXIS2_PLACEMENT_3D('',#1073,#1074,#1075);
#1073 = CARTESIAN_POINT('',(0.,0.,-1.E+03));
#1074 = DIRECTION('',(0.,1.,0.));
#1075 = DIRECTION('',(0.,0.,1.));
#1076 = ADVANCED_FACE('',(#1077,#1096),#1195,.F.);
#1077 = FACE_BOUND('',#1078,.F.);
#1078 = EDGE_LOOP('',(#1079,#1087,#1094,#1095));
#1079 = ORIENTED_EDGE('',*,*,#1080,.F.);
#1080 = EDGE_CURVE('',#1081,#665,#1083,.T.);
#1081 = VERTEX_POINT('',#1082);
#1082 = CARTESIAN_POINT('',(200.,195.,3.5));
#1083 = LINE('',#1084,#1085);
#1084 = CARTESIAN_POINT('',(200.,195.,-1.));
#1085 = VECTOR('',#1086,1.);
#1086 = DIRECTION('',(0.,0.,1.));
#1087 = ORIENTED_EDGE('',*,*,#1088,.T.);
#1088 = EDGE_CURVE('',#1081,#709,#1089,.T.);
#1089 = CIRCLE('',#1090,5.);
#1090 = AXIS2_PLACEMENT_3D('',#1091,#1092,#1093);
#1091 = CARTESIAN_POINT('',(195.,195.,3.5));
#1092 = DIRECTION('',(0.,0.,1.));
#1093 = DIRECTION('',(1.,0.,-0.));
#1094 = ORIENTED_EDGE('',*,*,#708,.T.);
#1095 = ORIENTED_EDGE('',*,*,#664,.F.);
#1096 = FACE_BOUND('',#1097,.F.);
#1097 = EDGE_LOOP('',(#1098));
#1098 = ORIENTED_EDGE('',*,*,#1099,.F.);
#1099 = EDGE_CURVE('',#1100,#1100,#1102,.T.);
#1100 = VERTEX_POINT('',#1101);
#1101 = CARTESIAN_POINT('',(196.82615678683,199.65458391157,17.));
#1102 = B_SPLINE_CURVE_WITH_KNOTS('',6,(#1103,#1104,#1105,#1106,#1107,
    #1108,#1109,#1110,#1111,#1112,#1113,#1114,#1115,#1116,#1117,#1118,
    #1119,#1120,#1121,#1122,#1123,#1124,#1125,#1126,#1127,#1128,#1129,
    #1130,#1131,#1132,#1133,#1134,#1135,#1136,#1137,#1138,#1139,#1140,
    #1141,#1142,#1143,#1144,#1145,#1146,#1147,#1148,#1149,#1150,#1151,
    #1152,#1153,#1154,#1155,#1156,#1157,#1158,#1159,#1160,#1161,#1162,
    #1163,#1164,#1165,#1166,#1167,#1168,#1169,#1170,#1171,#1172,#1173,
    #1174,#1175,#1176,#1177,#1178,#1179,#1180,#1181,#1182,#1183,#1184,
    #1185,#1186,#1187,#1188,#1189,#1190,#1191,#1192,#1193,#1194),
  .UNSPECIFIED.,.T.,.F.,(7,5,5,5,5,5,5,5,5,5,5,5,5,5,5,5,5,5,7),(0.,
    3.938365329058E-02,0.128280437349,0.181862778374,0.222189774923,
    0.27766791271,0.317844341064,0.371875657621,0.461044905888,
    0.500003329159,0.539386460104,0.628282060827,0.6818636886,
    0.722190148341,0.777667547481,0.817843440248,0.871874036519,
    0.96104209608,1.),.UNSPECIFIED.);
#1103 = CARTESIAN_POINT('',(196.82615678683,199.65458391157,17.));
#1104 = CARTESIAN_POINT('',(196.82615678683,199.65458391157,
    17.073742181746));
#1105 = CARTESIAN_POINT('',(196.82947076109,199.65328383121,
    17.147480410241));
#1106 = CARTESIAN_POINT('',(196.8360982455,199.65068356126,
    17.221084753996));
#1107 = CARTESIAN_POINT('',(196.84602511126,199.646768304,
    17.294422681408));
#1108 = CARTESIAN_POINT('',(196.85922356492,199.64150857318,
    17.367359060759));
#1109 = CARTESIAN_POINT('',(196.91273474778,199.61985347229,
    17.60317089652));
#1110 = CARTESIAN_POINT('',(196.96622643721,199.59779201519,
    17.763623119641));
#1111 = CARTESIAN_POINT('',(197.03565316206,199.56817344082,
    17.919906976154));
#1112 = CARTESIAN_POINT('',(197.12043714003,199.53004151661,
    18.070624827375));
#1113 = CARTESIAN_POINT('',(197.21978703733,199.48205352806,
    18.213984668885));
#1114 = CARTESIAN_POINT('',(197.4005492511,199.38671517429,
    18.42809193688));
#1115 = CARTESIAN_POINT('',(197.47349250631,199.34664009484,
    18.505160225806));
#1116 = CARTESIAN_POINT('',(197.55115268964,199.30197843364,
    18.578205361015));
#1117 = CARTESIAN_POINT('',(197.63321672509,199.25232957801,
    18.646565126558));
#1118 = CARTESIAN_POINT('',(197.71928924606,199.1972839729,
    18.70946653779));
#1119 = CARTESIAN_POINT('',(197.87630154661,199.09066398404,
    18.808557685968));
#1120 = CARTESIAN_POINT('',(197.9457774322,199.04155909464,
    18.847543546847));
#1121 = CARTESIAN_POINT('',(198.01688338029,198.98910433478,
    18.882429128753));
#1122 = CARTESIAN_POINT('',(198.08917257988,198.93331239528,
    18.912740001123));
#1123 = CARTESIAN_POINT('',(198.1621873101,198.87424979153,
    18.938055741772));
#1124 = CARTESIAN_POINT('',(198.33629500164,198.72647595858,
    18.985447984117));
#1125 = CARTESIAN_POINT('',(198.43753730885,198.63504170662,
    19.002708927064));
#1126 = CARTESIAN_POINT('',(198.53721301298,198.53878987364,
    19.008636938473));
#1127 = CARTESIAN_POINT('',(198.63351702603,198.43915053072,
    19.00286369422));
#1128 = CARTESIAN_POINT('',(198.72501735199,198.33792567266,
    18.985752398391));
#1129 = CARTESIAN_POINT('',(198.87269490632,198.16408170135,
    18.938670466212));
#1130 = CARTESIAN_POINT('',(198.93161208935,198.09132266567,
    18.913561555275));
#1131 = CARTESIAN_POINT('',(198.98728624765,198.01927271407,
    18.883485355682));
#1132 = CARTESIAN_POINT('',(199.03964838338,197.94838734177,
    18.84885751089));
#1133 = CARTESIAN_POINT('',(199.08868309841,197.87911170625,
    18.810148277868));
#1134 = CARTESIAN_POINT('',(199.19592437551,197.72142983177,
    18.71105413251));
#1135 = CARTESIAN_POINT('',(199.25153618081,197.63455576928,
    18.647729772856));
#1136 = CARTESIAN_POINT('',(199.30165486994,197.55175176972,
    18.578844068877));
#1137 = CARTESIAN_POINT('',(199.34670025078,197.47342429491,
    18.505190618836));
#1138 = CARTESIAN_POINT('',(199.38708308209,197.39989463256,
    18.427448617656));
#1139 = CARTESIAN_POINT('',(199.48274577707,197.21840270034,
    18.212124055414));
#1140 = CARTESIAN_POINT('',(199.5307591386,197.11891108131,
    18.068226521591));
#1141 = CARTESIAN_POINT('',(199.56887072128,197.03408383353,
    17.916944736721));
#1142 = CARTESIAN_POINT('',(199.59843230136,196.96471871388,
    17.760084427799));
#1143 = CARTESIAN_POINT('',(199.62040439501,196.91139717338,
    17.599054340395));
#1144 = CARTESIAN_POINT('',(199.64179058487,196.85851580236,
    17.363426338232));
#1145 = CARTESIAN_POINT('',(199.6469362537,196.84559926579,
    17.291259421991));
#1146 = CARTESIAN_POINT('',(199.65076721902,196.83588501001,
    17.218703760915));
#1147 = CARTESIAN_POINT('',(199.65331171529,196.82939967208,
    17.14589015503));
#1148 = CARTESIAN_POINT('',(199.65458391157,196.82615678683,
    17.072946942576));
#1149 = CARTESIAN_POINT('',(199.65458391157,196.82615678683,
    16.926257821792));
#1150 = CARTESIAN_POINT('',(199.65328383104,196.82947076152,
    16.85251958883));
#1151 = CARTESIAN_POINT('',(199.6506835611,196.8360982459,
    16.778915242476));
#1152 = CARTESIAN_POINT('',(199.64676830409,196.84602511104,
    16.705577317632));
#1153 = CARTESIAN_POINT('',(199.6415085735,196.85922356413,
    16.632640942741));
#1154 = CARTESIAN_POINT('',(199.61985347229,196.91273474778,
    16.39682910348));
#1155 = CARTESIAN_POINT('',(199.59779201519,196.96622643721,
    16.236376880358));
#1156 = CARTESIAN_POINT('',(199.56817344082,197.03565316206,
    16.080093023846));
#1157 = CARTESIAN_POINT('',(199.53004151661,197.12043714003,
    15.929375172625));
#1158 = CARTESIAN_POINT('',(199.48205352806,197.21978703733,
    15.786015331115));
#1159 = CARTESIAN_POINT('',(199.38671517429,197.4005492511,
    15.57190806312));
#1160 = CARTESIAN_POINT('',(199.34664009484,197.47349250631,
    15.494839774194));
#1161 = CARTESIAN_POINT('',(199.30197843364,197.55115268964,
    15.421794638985));
#1162 = CARTESIAN_POINT('',(199.25232957801,197.63321672509,
    15.353434873442));
#1163 = CARTESIAN_POINT('',(199.1972839729,197.71928924606,
    15.29053346221));
#1164 = CARTESIAN_POINT('',(199.09066398404,197.87630154661,
    15.191442314032));
#1165 = CARTESIAN_POINT('',(199.04155909464,197.9457774322,
    15.152456453153));
#1166 = CARTESIAN_POINT('',(198.98910433478,198.01688338029,
    15.117570871247));
#1167 = CARTESIAN_POINT('',(198.93331239528,198.08917257988,
    15.087259998877));
#1168 = CARTESIAN_POINT('',(198.87424979153,198.1621873101,
    15.061944258228));
#1169 = CARTESIAN_POINT('',(198.72647595883,198.33629500135,
    15.014552015962));
#1170 = CARTESIAN_POINT('',(198.63504170594,198.43753730968,
    14.997291072652));
#1171 = CARTESIAN_POINT('',(198.53878987269,198.53721301386,
    14.991363061638));
#1172 = CARTESIAN_POINT('',(198.43915053092,198.63351702568,
    14.997136306066));
#1173 = CARTESIAN_POINT('',(198.33792567433,198.72501735057,
    15.014247601158));
#1174 = CARTESIAN_POINT('',(198.16408170136,198.87269490632,
    15.061329533787));
#1175 = CARTESIAN_POINT('',(198.09132266567,198.93161208936,
    15.086438444724));
#1176 = CARTESIAN_POINT('',(198.01927271407,198.98728624766,
    15.11651464432));
#1177 = CARTESIAN_POINT('',(197.94838734177,199.03964838338,
    15.151142489111));
#1178 = CARTESIAN_POINT('',(197.87911170625,199.08868309841,
    15.189851722129));
#1179 = CARTESIAN_POINT('',(197.72142983177,199.19592437551,
    15.28894586749));
#1180 = CARTESIAN_POINT('',(197.63455576928,199.25153618081,
    15.352270227144));
#1181 = CARTESIAN_POINT('',(197.55175176972,199.30165486994,
    15.421155931123));
#1182 = CARTESIAN_POINT('',(197.47342429491,199.34670025078,
    15.494809381164));
#1183 = CARTESIAN_POINT('',(197.39989463256,199.38708308209,
    15.572551382344));
#1184 = CARTESIAN_POINT('',(197.21840270034,199.48274577707,
    15.787875944586));
#1185 = CARTESIAN_POINT('',(197.11891108131,199.5307591386,
    15.931773478409));
#1186 = CARTESIAN_POINT('',(197.03408383353,199.56887072128,
    16.083055263279));
#1187 = CARTESIAN_POINT('',(196.96471871388,199.59843230136,
    16.239915572201));
#1188 = CARTESIAN_POINT('',(196.91139717338,199.62040439501,
    16.400945659605));
#1189 = CARTESIAN_POINT('',(196.85851580236,199.64179058487,
    16.636573661769));
#1190 = CARTESIAN_POINT('',(196.84559926579,199.6469362537,
    16.708740578009));
#1191 = CARTESIAN_POINT('',(196.83588501001,199.65076721902,
    16.781296239085));
#1192 = CARTESIAN_POINT('',(196.82939967208,199.65331171529,
    16.85410984497));
#1193 = CARTESIAN_POINT('',(196.82615678683,199.65458391157,
    16.927053057424));
#1194 = CARTESIAN_POINT('',(196.82615678683,199.65458391157,17.));
#1195 = CYLINDRICAL_SURFACE('',#1196,5.);
#1196 = AXIS2_PLACEMENT_3D('',#1197,#1198,#1199);
#1197 = CARTESIAN_POINT('',(195.,195.,-1.));
#1198 = DIRECTION('',(0.,0.,1.));
#1199 = DIRECTION('',(1.,0.,-0.));
#1200 = ADVANCED_FACE('',(#1201),#1220,.F.);
#1201 = FACE_BOUND('',#1202,.F.);
#1202 = EDGE_LOOP('',(#1203,#1204,#1212,#1219));
#1203 = ORIENTED_EDGE('',*,*,#691,.F.);
#1204 = ORIENTED_EDGE('',*,*,#1205,.F.);
#1205 = EDGE_CURVE('',#1206,#692,#1208,.T.);
#1206 = VERTEX_POINT('',#1207);
#1207 = CARTESIAN_POINT('',(12.5,245.,19.));
#1208 = LINE('',#1209,#1210);
#1209 = CARTESIAN_POINT('',(12.5,245.,19.));
#1210 = VECTOR('',#1211,1.);
#1211 = DIRECTION('',(0.,0.,1.));
#1212 = ORIENTED_EDGE('',*,*,#1213,.T.);
#1213 = EDGE_CURVE('',#1206,#1206,#1214,.T.);
#1214 = CIRCLE('',#1215,5.);
#1215 = AXIS2_PLACEMENT_3D('',#1216,#1217,#1218);
#1216 = CARTESIAN_POINT('',(12.5,240.,19.));
#1217 = DIRECTION('',(0.,-0.,1.));
#1218 = DIRECTION('',(1.110223024625E-16,1.,0.));
#1219 = ORIENTED_EDGE('',*,*,#1205,.T.);
#1220 = CYLINDRICAL_SURFACE('',#1221,5.);
#1221 = AXIS2_PLACEMENT_3D('',#1222,#1223,#1224);
#1222 = CARTESIAN_POINT('',(12.5,240.,19.));
#1223 = DIRECTION('',(0.,0.,1.));
#1224 = DIRECTION('',(1.110223024625E-16,1.,0.));
#1225 = ADVANCED_FACE('',(#1226),#1245,.F.);
#1226 = FACE_BOUND('',#1227,.F.);
#1227 = EDGE_LOOP('',(#1228,#1237,#1243,#1244));
#1228 = ORIENTED_EDGE('',*,*,#1229,.F.);
#1229 = EDGE_CURVE('',#1230,#1230,#1232,.T.);
#1230 = VERTEX_POINT('',#1231);
#1231 = CARTESIAN_POINT('',(76.5,208.,19.));
#1232 = CIRCLE('',#1233,2.);
#1233 = AXIS2_PLACEMENT_3D('',#1234,#1235,#1236);
#1234 = CARTESIAN_POINT('',(76.5,208.,17.));
#1235 = DIRECTION('',(1.110223024625E-16,1.,0.));
#1236 = DIRECTION('',(0.,-0.,1.));
#1237 = ORIENTED_EDGE('',*,*,#1238,.F.);
#1238 = EDGE_CURVE('',#729,#1230,#1239,.T.);
#1239 = LINE('',#1240,#1241);
#1240 = CARTESIAN_POINT('',(76.5,199.,19.));
#1241 = VECTOR('',#1242,1.);
#1242 = DIRECTION('',(1.110223024625E-16,1.,0.));
#1243 = ORIENTED_EDGE('',*,*,#728,.T.);
#1244 = ORIENTED_EDGE('',*,*,#1238,.T.);
#1245 = CYLINDRICAL_SURFACE('',#1246,2.);
#1246 = AXIS2_PLACEMENT_3D('',#1247,#1248,#1249);
#1247 = CARTESIAN_POINT('',(76.5,199.,17.));
#1248 = DIRECTION('',(1.110223024625E-16,1.,0.));
#1249 = DIRECTION('',(0.,0.,1.));
#1250 = ADVANCED_FACE('',(#1251),#1270,.F.);
#1251 = FACE_BOUND('',#1252,.F.);
#1252 = EDGE_LOOP('',(#1253,#1262,#1268,#1269));
#1253 = ORIENTED_EDGE('',*,*,#1254,.F.);
#1254 = EDGE_CURVE('',#1255,#1255,#1257,.T.);
#1255 = VERTEX_POINT('',#1256);
#1256 = CARTESIAN_POINT('',(122.5,208.,19.));
#1257 = CIRCLE('',#1258,2.);
#1258 = AXIS2_PLACEMENT_3D('',#1259,#1260,#1261);
#1259 = CARTESIAN_POINT('',(122.5,208.,17.));
#1260 = DIRECTION('',(1.110223024625E-16,1.,0.));
#1261 = DIRECTION('',(0.,-0.,1.));
#1262 = ORIENTED_EDGE('',*,*,#1263,.F.);
#1263 = EDGE_CURVE('',#740,#1255,#1264,.T.);
#1264 = LINE('',#1265,#1266);
#1265 = CARTESIAN_POINT('',(122.5,199.,19.));
#1266 = VECTOR('',#1267,1.);
#1267 = DIRECTION('',(1.110223024625E-16,1.,0.));
#1268 = ORIENTED_EDGE('',*,*,#739,.T.);
#1269 = ORIENTED_EDGE('',*,*,#1263,.T.);
#1270 = CYLINDRICAL_SURFACE('',#1271,2.);
#1271 = AXIS2_PLACEMENT_3D('',#1272,#1273,#1274);
#1272 = CARTESIAN_POINT('',(122.5,199.,17.));
#1273 = DIRECTION('',(1.110223024625E-16,1.,0.));
#1274 = DIRECTION('',(0.,0.,1.));
#1275 = ADVANCED_FACE('',(#1276),#1295,.F.);
#1276 = FACE_BOUND('',#1277,.F.);
#1277 = EDGE_LOOP('',(#1278,#1287,#1293,#1294));
#1278 = ORIENTED_EDGE('',*,*,#1279,.F.);
#1279 = EDGE_CURVE('',#1280,#1280,#1282,.T.);
#1280 = VERTEX_POINT('',#1281);
#1281 = CARTESIAN_POINT('',(173.,208.,19.));
#1282 = CIRCLE('',#1283,2.);
#1283 = AXIS2_PLACEMENT_3D('',#1284,#1285,#1286);
#1284 = CARTESIAN_POINT('',(173.,208.,17.));
#1285 = DIRECTION('',(1.110223024625E-16,1.,0.));
#1286 = DIRECTION('',(0.,-0.,1.));
#1287 = ORIENTED_EDGE('',*,*,#1288,.F.);
#1288 = EDGE_CURVE('',#751,#1280,#1289,.T.);
#1289 = LINE('',#1290,#1291);
#1290 = CARTESIAN_POINT('',(173.,199.,19.));
#1291 = VECTOR('',#1292,1.);
#1292 = DIRECTION('',(1.110223024625E-16,1.,0.));
#1293 = ORIENTED_EDGE('',*,*,#750,.T.);
#1294 = ORIENTED_EDGE('',*,*,#1288,.T.);
#1295 = CYLINDRICAL_SURFACE('',#1296,2.);
#1296 = AXIS2_PLACEMENT_3D('',#1297,#1298,#1299);
#1297 = CARTESIAN_POINT('',(173.,199.,17.));
#1298 = DIRECTION('',(1.110223024625E-16,1.,0.));
#1299 = DIRECTION('',(0.,0.,1.));
#1300 = ADVANCED_FACE('',(#1301,#1304),#1307,.T.);
#1301 = FACE_BOUND('',#1302,.T.);
#1302 = EDGE_LOOP('',(#1303));
#1303 = ORIENTED_EDGE('',*,*,#1213,.T.);
#1304 = FACE_BOUND('',#1305,.T.);
#1305 = EDGE_LOOP('',(#1306));
#1306 = ORIENTED_EDGE('',*,*,#776,.F.);
#1307 = PLANE('',#1308);
#1308 = AXIS2_PLACEMENT_3D('',#1309,#1310,#1311);
#1309 = CARTESIAN_POINT('',(12.5,240.,19.));
#1310 = DIRECTION('',(0.,0.,1.));
#1311 = DIRECTION('',(1.110223024625E-16,1.,0.));
#1312 = ADVANCED_FACE('',(#1313),#1340,.F.);
#1313 = FACE_BOUND('',#1314,.F.);
#1314 = EDGE_LOOP('',(#1315,#1316,#1325,#1333));
#1315 = ORIENTED_EDGE('',*,*,#800,.T.);
#1316 = ORIENTED_EDGE('',*,*,#1317,.F.);
#1317 = EDGE_CURVE('',#1318,#801,#1320,.T.);
#1318 = VERTEX_POINT('',#1319);
#1319 = CARTESIAN_POINT('',(195.,192.,2.));
#1320 = CIRCLE('',#1321,3.);
#1321 = AXIS2_PLACEMENT_3D('',#1322,#1323,#1324);
#1322 = CARTESIAN_POINT('',(192.,192.,2.));
#1323 = DIRECTION('',(0.,0.,1.));
#1324 = DIRECTION('',(1.,0.,-0.));
#1325 = ORIENTED_EDGE('',*,*,#1326,.F.);
#1326 = EDGE_CURVE('',#1327,#1318,#1329,.T.);
#1327 = VERTEX_POINT('',#1328);
#1328 = CARTESIAN_POINT('',(195.,192.,-22.));
#1329 = LINE('',#1330,#1331);
#1330 = CARTESIAN_POINT('',(195.,192.,-23.));
#1331 = VECTOR('',#1332,1.);
#1332 = DIRECTION('',(0.,0.,1.));
#1333 = ORIENTED_EDGE('',*,*,#1334,.T.);
#1334 = EDGE_CURVE('',#1327,#793,#1335,.T.);
#1335 = CIRCLE('',#1336,3.);
#1336 = AXIS2_PLACEMENT_3D('',#1337,#1338,#1339);
#1337 = CARTESIAN_POINT('',(192.,192.,-22.));
#1338 = DIRECTION('',(0.,0.,1.));
#1339 = DIRECTION('',(1.,0.,-0.));
#1340 = CYLINDRICAL_SURFACE('',#1341,3.);
#1341 = AXIS2_PLACEMENT_3D('',#1342,#1343,#1344);
#1342 = CARTESIAN_POINT('',(192.,192.,-23.));
#1343 = DIRECTION('',(0.,0.,1.));
#1344 = DIRECTION('',(1.,0.,-0.));
#1345 = ADVANCED_FACE('',(#1346),#1357,.F.);
#1346 = FACE_BOUND('',#1347,.F.);
#1347 = EDGE_LOOP('',(#1348,#1349,#1355,#1356));
#1348 = ORIENTED_EDGE('',*,*,#1031,.F.);
#1349 = ORIENTED_EDGE('',*,*,#1350,.F.);
#1350 = EDGE_CURVE('',#818,#1032,#1351,.T.);
#1351 = LINE('',#1352,#1353);
#1352 = CARTESIAN_POINT('',(140.,193.,-11.));
#1353 = VECTOR('',#1354,1.);
#1354 = DIRECTION('',(0.,1.,0.));
#1355 = ORIENTED_EDGE('',*,*,#817,.T.);
#1356 = ORIENTED_EDGE('',*,*,#1350,.T.);
#1357 = CYLINDRICAL_SURFACE('',#1358,2.);
#1358 = AXIS2_PLACEMENT_3D('',#1359,#1360,#1361);
#1359 = CARTESIAN_POINT('',(140.,193.,-13.));
#1360 = DIRECTION('',(0.,1.,0.));
#1361 = DIRECTION('',(0.,0.,1.));
#1362 = ADVANCED_FACE('',(#1363),#1390,.F.);
#1363 = FACE_BOUND('',#1364,.T.);
#1364 = EDGE_LOOP('',(#1365,#1375,#1382,#1383));
#1365 = ORIENTED_EDGE('',*,*,#1366,.F.);
#1366 = EDGE_CURVE('',#1367,#1369,#1371,.T.);
#1367 = VERTEX_POINT('',#1368);
#1368 = CARTESIAN_POINT('',(198.,192.,3.5));
#1369 = VERTEX_POINT('',#1370);
#1370 = CARTESIAN_POINT('',(196.5,192.,2.));
#1371 = LINE('',#1372,#1373);
#1372 = CARTESIAN_POINT('',(196.5,192.,2.));
#1373 = VECTOR('',#1374,1.);
#1374 = DIRECTION('',(-0.707106781187,-1.751797515196E-35,
    -0.707106781187));
#1375 = ORIENTED_EDGE('',*,*,#1376,.T.);
#1376 = EDGE_CURVE('',#1367,#835,#1377,.T.);
#1377 = CIRCLE('',#1378,6.);
#1378 = AXIS2_PLACEMENT_3D('',#1379,#1380,#1381);
#1379 = CARTESIAN_POINT('',(192.,192.,3.5));
#1380 = DIRECTION('',(0.,0.,1.));
#1381 = DIRECTION('',(1.,0.,-0.));
#1382 = ORIENTED_EDGE('',*,*,#834,.T.);
#1383 = ORIENTED_EDGE('',*,*,#1384,.T.);
#1384 = EDGE_CURVE('',#837,#1369,#1385,.T.);
#1385 = CIRCLE('',#1386,4.5);
#1386 = AXIS2_PLACEMENT_3D('',#1387,#1388,#1389);
#1387 = CARTESIAN_POINT('',(192.,192.,2.));
#1388 = DIRECTION('',(0.,-0.,-1.));
#1389 = DIRECTION('',(1.,0.,-0.));
#1390 = CONICAL_SURFACE('',#1391,3.,0.785398163397);
#1391 = AXIS2_PLACEMENT_3D('',#1392,#1393,#1394);
#1392 = CARTESIAN_POINT('',(192.,192.,0.5));
#1393 = DIRECTION('',(0.,0.,1.));
#1394 = DIRECTION('',(1.,0.,-0.));
#1395 = ADVANCED_FACE('',(#1396),#1423,.F.);
#1396 = FACE_BOUND('',#1397,.F.);
#1397 = EDGE_LOOP('',(#1398,#1408,#1415,#1416));
#1398 = ORIENTED_EDGE('',*,*,#1399,.F.);
#1399 = EDGE_CURVE('',#1400,#1402,#1404,.T.);
#1400 = VERTEX_POINT('',#1401);
#1401 = CARTESIAN_POINT('',(227.,195.,0.));
#1402 = VERTEX_POINT('',#1403);
#1403 = CARTESIAN_POINT('',(227.,195.,0.6));
#1404 = LINE('',#1405,#1406);
#1405 = CARTESIAN_POINT('',(227.,195.,-1.));
#1406 = VECTOR('',#1407,1.);
#1407 = DIRECTION('',(0.,0.,1.));
#1408 = ORIENTED_EDGE('',*,*,#1409,.T.);
#1409 = EDGE_CURVE('',#1400,#866,#1410,.T.);
#1410 = CIRCLE('',#1411,32.);
#1411 = AXIS2_PLACEMENT_3D('',#1412,#1413,#1414);
#1412 = CARTESIAN_POINT('',(195.,195.,0.));
#1413 = DIRECTION('',(0.,0.,1.));
#1414 = DIRECTION('',(1.,0.,-0.));
#1415 = ORIENTED_EDGE('',*,*,#865,.T.);
#1416 = ORIENTED_EDGE('',*,*,#1417,.F.);
#1417 = EDGE_CURVE('',#1402,#868,#1418,.T.);
#1418 = CIRCLE('',#1419,32.);
#1419 = AXIS2_PLACEMENT_3D('',#1420,#1421,#1422);
#1420 = CARTESIAN_POINT('',(195.,195.,0.6));
#1421 = DIRECTION('',(0.,0.,1.));
#1422 = DIRECTION('',(0.,-1.,0.));
#1423 = CYLINDRICAL_SURFACE('',#1424,32.);
#1424 = AXIS2_PLACEMENT_3D('',#1425,#1426,#1427);
#1425 = CARTESIAN_POINT('',(195.,195.,-1.));
#1426 = DIRECTION('',(0.,0.,1.));
#1427 = DIRECTION('',(1.,0.,-0.));
#1428 = ADVANCED_FACE('',(#1429),#1456,.T.);
#1429 = FACE_BOUND('',#1430,.T.);
#1430 = EDGE_LOOP('',(#1431,#1441,#1448,#1449));
#1431 = ORIENTED_EDGE('',*,*,#1432,.F.);
#1432 = EDGE_CURVE('',#1433,#1435,#1437,.T.);
#1433 = VERTEX_POINT('',#1434);
#1434 = CARTESIAN_POINT('',(217.,195.,0.));
#1435 = VERTEX_POINT('',#1436);
#1436 = CARTESIAN_POINT('',(217.,195.,0.6));
#1437 = LINE('',#1438,#1439);
#1438 = CARTESIAN_POINT('',(217.,195.,-2.));
#1439 = VECTOR('',#1440,1.);
#1440 = DIRECTION('',(0.,0.,1.));
#1441 = ORIENTED_EDGE('',*,*,#1442,.T.);
#1442 = EDGE_CURVE('',#1433,#897,#1443,.T.);
#1443 = CIRCLE('',#1444,22.);
#1444 = AXIS2_PLACEMENT_3D('',#1445,#1446,#1447);
#1445 = CARTESIAN_POINT('',(195.,195.,0.));
#1446 = DIRECTION('',(0.,0.,1.));
#1447 = DIRECTION('',(1.,0.,-0.));
#1448 = ORIENTED_EDGE('',*,*,#896,.T.);
#1449 = ORIENTED_EDGE('',*,*,#1450,.F.);
#1450 = EDGE_CURVE('',#1435,#899,#1451,.T.);
#1451 = CIRCLE('',#1452,22.);
#1452 = AXIS2_PLACEMENT_3D('',#1453,#1454,#1455);
#1453 = CARTESIAN_POINT('',(195.,195.,0.6));
#1454 = DIRECTION('',(0.,0.,1.));
#1455 = DIRECTION('',(1.,0.,-0.));
#1456 = CYLINDRICAL_SURFACE('',#1457,22.);
#1457 = AXIS2_PLACEMENT_3D('',#1458,#1459,#1460);
#1458 = CARTESIAN_POINT('',(195.,195.,-2.));
#1459 = DIRECTION('',(0.,0.,1.));
#1460 = DIRECTION('',(1.,0.,-0.));
#1461 = ADVANCED_FACE('',(#1462),#1489,.T.);
#1462 = FACE_BOUND('',#1463,.T.);
#1463 = EDGE_LOOP('',(#1464,#1474,#1481,#1482));
#1464 = ORIENTED_EDGE('',*,*,#1465,.F.);
#1465 = EDGE_CURVE('',#1466,#1468,#1470,.T.);
#1466 = VERTEX_POINT('',#1467);
#1467 = CARTESIAN_POINT('',(199.,195.,-22.));
#1468 = VERTEX_POINT('',#1469);
#1469 = CARTESIAN_POINT('',(199.,195.,0.));
#1470 = LINE('',#1471,#1472);
#1471 = CARTESIAN_POINT('',(199.,195.,-22.));
#1472 = VECTOR('',#1473,1.);
#1473 = DIRECTION('',(0.,0.,1.));
#1474 = ORIENTED_EDGE('',*,*,#1475,.T.);
#1475 = EDGE_CURVE('',#1466,#1007,#1476,.T.);
#1476 = CIRCLE('',#1477,4.);
#1477 = AXIS2_PLACEMENT_3D('',#1478,#1479,#1480);
#1478 = CARTESIAN_POINT('',(195.,195.,-22.));
#1479 = DIRECTION('',(0.,0.,1.));
#1480 = DIRECTION('',(0.,-1.,0.));
#1481 = ORIENTED_EDGE('',*,*,#1023,.T.);
#1482 = ORIENTED_EDGE('',*,*,#1483,.F.);
#1483 = EDGE_CURVE('',#1468,#1016,#1484,.T.);
#1484 = CIRCLE('',#1485,4.);
#1485 = AXIS2_PLACEMENT_3D('',#1486,#1487,#1488);
#1486 = CARTESIAN_POINT('',(195.,195.,0.));
#1487 = DIRECTION('',(0.,0.,1.));
#1488 = DIRECTION('',(1.,0.,-0.));
#1489 = CYLINDRICAL_SURFACE('',#1490,4.);
#1490 = AXIS2_PLACEMENT_3D('',#1491,#1492,#1493);
#1491 = CARTESIAN_POINT('',(195.,195.,-22.));
#1492 = DIRECTION('',(0.,0.,1.));
#1493 = DIRECTION('',(1.,0.,-0.));
#1494 = ADVANCED_FACE('',(#1495),#1506,.T.);
#1495 = FACE_BOUND('',#1496,.T.);
#1496 = EDGE_LOOP('',(#1497,#1503,#1504,#1505));
#1497 = ORIENTED_EDGE('',*,*,#1498,.T.);
#1498 = EDGE_CURVE('',#928,#983,#1499,.T.);
#1499 = LINE('',#1500,#1501);
#1500 = CARTESIAN_POINT('',(97.5,-24.,0.));
#1501 = VECTOR('',#1502,1.);
#1502 = DIRECTION('',(-1.110223024625E-16,-1.,0.));
#1503 = ORIENTED_EDGE('',*,*,#982,.T.);
#1504 = ORIENTED_EDGE('',*,*,#968,.F.);
#1505 = ORIENTED_EDGE('',*,*,#927,.F.);
#1506 = PLANE('',#1507);
#1507 = AXIS2_PLACEMENT_3D('',#1508,#1509,#1510);
#1508 = CARTESIAN_POINT('',(97.5,202.,-1.));
#1509 = DIRECTION('',(-1.,1.110223024625E-16,0.));
#1510 = DIRECTION('',(0.,0.,1.));
#1511 = ADVANCED_FACE('',(#1512,#1537),#1548,.T.);
#1512 = FACE_BOUND('',#1513,.T.);
#1513 = EDGE_LOOP('',(#1514,#1515,#1523,#1531));
#1514 = ORIENTED_EDGE('',*,*,#1058,.F.);
#1515 = ORIENTED_EDGE('',*,*,#1516,.T.);
#1516 = EDGE_CURVE('',#1059,#1517,#1519,.T.);
#1517 = VERTEX_POINT('',#1518);
#1518 = CARTESIAN_POINT('',(200.,-24.75,12.25));
#1519 = LINE('',#1520,#1521);
#1520 = CARTESIAN_POINT('',(200.,-112.375,12.25));
#1521 = VECTOR('',#1522,1.);
#1522 = DIRECTION('',(0.,-1.,0.));
#1523 = ORIENTED_EDGE('',*,*,#1524,.T.);
#1524 = EDGE_CURVE('',#1517,#1525,#1527,.T.);
#1525 = VERTEX_POINT('',#1526);
#1526 = CARTESIAN_POINT('',(250.,-24.75,12.25));
#1527 = LINE('',#1528,#1529);
#1528 = CARTESIAN_POINT('',(195.,-24.75,12.25));
#1529 = VECTOR('',#1530,1.);
#1530 = DIRECTION('',(1.,0.,0.));
#1531 = ORIENTED_EDGE('',*,*,#1532,.F.);
#1532 = EDGE_CURVE('',#1051,#1525,#1533,.T.);
#1533 = LINE('',#1534,#1535);
#1534 = CARTESIAN_POINT('',(250.,-137.375,12.25));
#1535 = VECTOR('',#1536,1.);
#1536 = DIRECTION('',(0.,-1.,0.));
#1537 = FACE_BOUND('',#1538,.T.);
#1538 = EDGE_LOOP('',(#1539));
#1539 = ORIENTED_EDGE('',*,*,#1540,.F.);
#1540 = EDGE_CURVE('',#1541,#1541,#1543,.T.);
#1541 = VERTEX_POINT('',#1542);
#1542 = CARTESIAN_POINT('',(242.75,-12.5,12.25));
#1543 = CIRCLE('',#1544,2.75);
#1544 = AXIS2_PLACEMENT_3D('',#1545,#1546,#1547);
#1545 = CARTESIAN_POINT('',(240.,-12.5,12.25));
#1546 = DIRECTION('',(0.,0.,1.));
#1547 = DIRECTION('',(1.,0.,-0.));
#1548 = PLANE('',#1549);
#1549 = AXIS2_PLACEMENT_3D('',#1550,#1551,#1552);
#1550 = CARTESIAN_POINT('',(195.,-24.75,12.25));
#1551 = DIRECTION('',(0.,0.,1.));
#1552 = DIRECTION('',(1.,0.,0.));
#1553 = ADVANCED_FACE('',(#1554),#1699,.F.);
#1554 = FACE_BOUND('',#1555,.F.);
#1555 = EDGE_LOOP('',(#1556,#1566,#1574,#1582,#1590,#1598,#1604,#1605,
    #1613,#1621,#1629,#1637,#1645,#1653,#1661,#1669,#1677,#1685,#1693));
#1556 = ORIENTED_EDGE('',*,*,#1557,.T.);
#1557 = EDGE_CURVE('',#1558,#1560,#1562,.T.);
#1558 = VERTEX_POINT('',#1559);
#1559 = CARTESIAN_POINT('',(199.,-24.75,-22.));
#1560 = VERTEX_POINT('',#1561);
#1561 = CARTESIAN_POINT('',(195.,-24.75,-22.));
#1562 = LINE('',#1563,#1564);
#1563 = CARTESIAN_POINT('',(-2.,-24.75,-22.));
#1564 = VECTOR('',#1565,1.);
#1565 = DIRECTION('',(-1.,0.,0.));
#1566 = ORIENTED_EDGE('',*,*,#1567,.T.);
#1567 = EDGE_CURVE('',#1560,#1568,#1570,.T.);
#1568 = VERTEX_POINT('',#1569);
#1569 = CARTESIAN_POINT('',(195.,-24.75,2.));
#1570 = LINE('',#1571,#1572);
#1571 = CARTESIAN_POINT('',(195.,-24.75,-23.));
#1572 = VECTOR('',#1573,1.);
#1573 = DIRECTION('',(0.,0.,1.));
#1574 = ORIENTED_EDGE('',*,*,#1575,.F.);
#1575 = EDGE_CURVE('',#1576,#1568,#1578,.T.);
#1576 = VERTEX_POINT('',#1577);
#1577 = CARTESIAN_POINT('',(196.5,-24.75,2.));
#1578 = LINE('',#1579,#1580);
#1579 = CARTESIAN_POINT('',(-2.,-24.75,2.));
#1580 = VECTOR('',#1581,1.);
#1581 = DIRECTION('',(-1.,0.,0.));
#1582 = ORIENTED_EDGE('',*,*,#1583,.F.);
#1583 = EDGE_CURVE('',#1584,#1576,#1586,.T.);
#1584 = VERTEX_POINT('',#1585);
#1585 = CARTESIAN_POINT('',(198.,-24.75,3.5));
#1586 = LINE('',#1587,#1588);
#1587 = CARTESIAN_POINT('',(189.875,-24.75,-4.625));
#1588 = VECTOR('',#1589,1.);
#1589 = DIRECTION('',(-0.707106781187,0.,-0.707106781187));
#1590 = ORIENTED_EDGE('',*,*,#1591,.F.);
#1591 = EDGE_CURVE('',#1592,#1584,#1594,.T.);
#1592 = VERTEX_POINT('',#1593);
#1593 = CARTESIAN_POINT('',(200.,-24.75,3.5));
#1594 = LINE('',#1595,#1596);
#1595 = CARTESIAN_POINT('',(-3.5,-24.75,3.5));
#1596 = VECTOR('',#1597,1.);
#1597 = DIRECTION('',(-1.,0.,0.));
#1598 = ORIENTED_EDGE('',*,*,#1599,.T.);
#1599 = EDGE_CURVE('',#1592,#1517,#1600,.T.);
#1600 = LINE('',#1601,#1602);
#1601 = CARTESIAN_POINT('',(200.,-24.75,-12.));
#1602 = VECTOR('',#1603,1.);
#1603 = DIRECTION('',(0.,-0.,1.));
#1604 = ORIENTED_EDGE('',*,*,#1524,.T.);
#1605 = ORIENTED_EDGE('',*,*,#1606,.F.);
#1606 = EDGE_CURVE('',#1607,#1525,#1609,.T.);
#1607 = VERTEX_POINT('',#1608);
#1608 = CARTESIAN_POINT('',(250.,-24.75,4.));
#1609 = LINE('',#1610,#1611);
#1610 = CARTESIAN_POINT('',(250.,-24.75,-11.5));
#1611 = VECTOR('',#1612,1.);
#1612 = DIRECTION('',(0.,-0.,1.));
#1613 = ORIENTED_EDGE('',*,*,#1614,.F.);
#1614 = EDGE_CURVE('',#1615,#1607,#1617,.T.);
#1615 = VERTEX_POINT('',#1616);
#1616 = CARTESIAN_POINT('',(246.,-24.75,0.));
#1617 = LINE('',#1618,#1619);
#1618 = CARTESIAN_POINT('',(228.5,-24.75,-17.5));
#1619 = VECTOR('',#1620,1.);
#1620 = DIRECTION('',(0.707106781187,-0.,0.707106781187));
#1621 = ORIENTED_EDGE('',*,*,#1622,.T.);
#1622 = EDGE_CURVE('',#1615,#1623,#1625,.T.);
#1623 = VERTEX_POINT('',#1624);
#1624 = CARTESIAN_POINT('',(227.,-24.75,0.));
#1625 = LINE('',#1626,#1627);
#1626 = CARTESIAN_POINT('',(-27.5,-24.75,0.));
#1627 = VECTOR('',#1628,1.);
#1628 = DIRECTION('',(-1.,0.,0.));
#1629 = ORIENTED_EDGE('',*,*,#1630,.T.);
#1630 = EDGE_CURVE('',#1623,#1631,#1633,.T.);
#1631 = VERTEX_POINT('',#1632);
#1632 = CARTESIAN_POINT('',(227.,-24.75,0.6));
#1633 = LINE('',#1634,#1635);
#1634 = CARTESIAN_POINT('',(227.,-24.75,-12.));
#1635 = VECTOR('',#1636,1.);
#1636 = DIRECTION('',(0.,-0.,1.));
#1637 = ORIENTED_EDGE('',*,*,#1638,.T.);
#1638 = EDGE_CURVE('',#1631,#1639,#1641,.T.);
#1639 = VERTEX_POINT('',#1640);
#1640 = CARTESIAN_POINT('',(217.,-24.75,0.6));
#1641 = LINE('',#1642,#1643);
#1642 = CARTESIAN_POINT('',(-16.,-24.75,0.6));
#1643 = VECTOR('',#1644,1.);
#1644 = DIRECTION('',(-1.,0.,0.));
#1645 = ORIENTED_EDGE('',*,*,#1646,.F.);
#1646 = EDGE_CURVE('',#1647,#1639,#1649,.T.);
#1647 = VERTEX_POINT('',#1648);
#1648 = CARTESIAN_POINT('',(217.,-24.75,0.));
#1649 = LINE('',#1650,#1651);
#1650 = CARTESIAN_POINT('',(217.,-24.75,-12.5));
#1651 = VECTOR('',#1652,1.);
#1652 = DIRECTION('',(0.,-0.,1.));
#1653 = ORIENTED_EDGE('',*,*,#1654,.T.);
#1654 = EDGE_CURVE('',#1647,#1655,#1657,.T.);
#1655 = VERTEX_POINT('',#1656);
#1656 = CARTESIAN_POINT('',(213.,-24.75,0.));
#1657 = LINE('',#1658,#1659);
#1658 = CARTESIAN_POINT('',(-27.5,-24.75,0.));
#1659 = VECTOR('',#1660,1.);
#1660 = DIRECTION('',(-1.,0.,0.));
#1661 = ORIENTED_EDGE('',*,*,#1662,.T.);
#1662 = EDGE_CURVE('',#1655,#1663,#1665,.T.);
#1663 = VERTEX_POINT('',#1664);
#1664 = CARTESIAN_POINT('',(213.,-24.75,0.6));
#1665 = LINE('',#1666,#1667);
#1666 = CARTESIAN_POINT('',(213.,-24.75,-12.));
#1667 = VECTOR('',#1668,1.);
#1668 = DIRECTION('',(0.,-0.,1.));
#1669 = ORIENTED_EDGE('',*,*,#1670,.T.);
#1670 = EDGE_CURVE('',#1663,#1671,#1673,.T.);
#1671 = VERTEX_POINT('',#1672);
#1672 = CARTESIAN_POINT('',(203.,-24.75,0.6));
#1673 = LINE('',#1674,#1675);
#1674 = CARTESIAN_POINT('',(-9.,-24.75,0.6));
#1675 = VECTOR('',#1676,1.);
#1676 = DIRECTION('',(-1.,0.,0.));
#1677 = ORIENTED_EDGE('',*,*,#1678,.F.);
#1678 = EDGE_CURVE('',#1679,#1671,#1681,.T.);
#1679 = VERTEX_POINT('',#1680);
#1680 = CARTESIAN_POINT('',(203.,-24.75,0.));
#1681 = LINE('',#1682,#1683);
#1682 = CARTESIAN_POINT('',(203.,-24.75,-12.5));
#1683 = VECTOR('',#1684,1.);
#1684 = DIRECTION('',(0.,-0.,1.));
#1685 = ORIENTED_EDGE('',*,*,#1686,.T.);
#1686 = EDGE_CURVE('',#1679,#1687,#1689,.T.);
#1687 = VERTEX_POINT('',#1688);
#1688 = CARTESIAN_POINT('',(199.,-24.75,0.));
#1689 = LINE('',#1690,#1691);
#1690 = CARTESIAN_POINT('',(-27.5,-24.75,0.));
#1691 = VECTOR('',#1692,1.);
#1692 = DIRECTION('',(-1.,0.,0.));
#1693 = ORIENTED_EDGE('',*,*,#1694,.F.);
#1694 = EDGE_CURVE('',#1558,#1687,#1695,.T.);
#1695 = LINE('',#1696,#1697);
#1696 = CARTESIAN_POINT('',(199.,-24.75,-22.5));
#1697 = VECTOR('',#1698,1.);
#1698 = DIRECTION('',(0.,-0.,1.));
#1699 = PLANE('',#1700);
#1700 = AXIS2_PLACEMENT_3D('',#1701,#1702,#1703);
#1701 = CARTESIAN_POINT('',(195.,-24.75,-23.));
#1702 = DIRECTION('',(0.,1.,0.));
#1703 = DIRECTION('',(0.,0.,1.));
#1704 = ADVANCED_FACE('',(#1705),#1771,.F.);
#1705 = FACE_BOUND('',#1706,.F.);
#1706 = EDGE_LOOP('',(#1707,#1763,#1769,#1770));
#1707 = ORIENTED_EDGE('',*,*,#1708,.F.);
#1708 = EDGE_CURVE('',#1709,#1709,#1711,.T.);
#1709 = VERTEX_POINT('',#1710);
#1710 = CARTESIAN_POINT('',(202.66873749991,205.49716462466,17.));
#1711 = B_SPLINE_CURVE_WITH_KNOTS('',8,(#1712,#1713,#1714,#1715,#1716,
    #1717,#1718,#1719,#1720,#1721,#1722,#1723,#1724,#1725,#1726,#1727,
    #1728,#1729,#1730,#1731,#1732,#1733,#1734,#1735,#1736,#1737,#1738,
    #1739,#1740,#1741,#1742,#1743,#1744,#1745,#1746,#1747,#1748,#1749,
    #1750,#1751,#1752,#1753,#1754,#1755,#1756,#1757,#1758,#1759,#1760,
    #1761,#1762),.UNSPECIFIED.,.T.,.F.,(9,7,7,7,7,7,7,9),(0.,
    0.153995629514,0.2865359825,0.411950151369,0.568528251979,
    0.707059669578,0.828375732133,1.),.UNSPECIFIED.);
#1712 = CARTESIAN_POINT('',(202.66873749991,205.49716462466,17.));
#1713 = CARTESIAN_POINT('',(202.66873749991,205.49716462466,
    17.209119744796));
#1714 = CARTESIAN_POINT('',(202.68915876879,205.4822455657,
    17.417963133657));
#1715 = CARTESIAN_POINT('',(202.72990655142,205.45247803398,
    17.624870222944));
#1716 = CARTESIAN_POINT('',(202.7912117928,205.40734883553,
    17.827982687945));
#1717 = CARTESIAN_POINT('',(202.87343256801,205.34592531574,
    18.024897418631));
#1718 = CARTESIAN_POINT('',(202.97685923169,205.26689555918,
    18.212453201299));
#1719 = CARTESIAN_POINT('',(203.10147542698,205.16864555287,
    18.38644076674));
#1720 = CARTESIAN_POINT('',(203.37155565933,204.94701827406,
    18.674074714273));
#1721 = CARTESIAN_POINT('',(203.51628069354,204.8252872113,
    18.797633885212));
#1722 = CARTESIAN_POINT('',(203.67764923448,204.68515959818,
    18.901134489891));
#1723 = CARTESIAN_POINT('',(203.85060112862,204.52890185627,
    18.97670960671));
#1724 = CARTESIAN_POINT('',(204.02889439684,204.36022192871,
    19.019167204523));
#1725 = CARTESIAN_POINT('',(204.20632350574,204.18417476603,
    19.026021570149));
#1726 = CARTESIAN_POINT('',(204.3773203393,204.00673795755,
    18.997590968498));
#1727 = CARTESIAN_POINT('',(204.68879158374,203.67046590722,
    18.879990476435));
#1728 = CARTESIAN_POINT('',(204.82594796171,203.51596357681,
    18.795855110774));
#1729 = CARTESIAN_POINT('',(204.94819315968,203.37278027122,
    18.689675787272));
#1730 = CARTESIAN_POINT('',(205.05560349402,203.24264018072,
    18.565735044421));
#1731 = CARTESIAN_POINT('',(205.14860821422,203.12672998514,
    18.427854435228));
#1732 = CARTESIAN_POINT('',(205.2278125937,203.02575076362,
    18.279488230138));
#1733 = CARTESIAN_POINT('',(205.29393008817,202.93995649301,
    18.123765506749));
#1734 = CARTESIAN_POINT('',(205.41494781052,202.78082161524,
    17.763426940235));
#1735 = CARTESIAN_POINT('',(205.46367052623,202.71496302722,
    17.554215108118));
#1736 = CARTESIAN_POINT('',(205.49534727831,202.67137096306,
    17.339377818736));
#1737 = CARTESIAN_POINT('',(205.5108860739,202.64979621893,
    17.121514875926));
#1738 = CARTESIAN_POINT('',(205.51070835008,202.65008391703,
    16.902829718895));
#1739 = CARTESIAN_POINT('',(205.49476401975,202.67223156453,
    16.685399079867));
#1740 = CARTESIAN_POINT('',(205.46250097813,202.71640951368,
    16.471432399004));
#1741 = CARTESIAN_POINT('',(205.36875413698,202.84183273994,
    16.080006085505));
#1742 = CARTESIAN_POINT('',(205.31084687428,202.91851258231,
    15.90026212188));
#1743 = CARTESIAN_POINT('',(205.23814268352,203.0133450738,
    15.727169992138));
#1744 = CARTESIAN_POINT('',(205.14963562361,203.12639872301,
    15.563923247166));
#1745 = CARTESIAN_POINT('',(205.04427943219,203.25734675392,
    15.414333308864));
#1746 = CARTESIAN_POINT('',(204.92106611904,203.40531490648,
    15.282938797186));
#1747 = CARTESIAN_POINT('',(204.77926965228,203.56870128396,
    15.175207169666));
#1748 = CARTESIAN_POINT('',(204.47866624973,203.89934901633,
    15.030175377821));
#1749 = CARTESIAN_POINT('',(204.32624230193,204.06131885098,
    14.986790652762));
#1750 = CARTESIAN_POINT('',(204.16521298999,204.2257536447,
    14.972344406396));
#1751 = CARTESIAN_POINT('',(204.0000701786,204.38720738645,
    14.988747609415));
#1752 = CARTESIAN_POINT('',(203.83606346165,204.5406829672,
    15.035319626669));
#1753 = CARTESIAN_POINT('',(203.67878438513,204.68216493306,
    15.108859133419));
#1754 = CARTESIAN_POINT('',(203.53326685639,204.8087899153,
    15.203634921044));
#1755 = CARTESIAN_POINT('',(203.21950494263,205.07461081331,
    15.463719003574));
#1756 = CARTESIAN_POINT('',(203.060898948,205.20229458877,15.64691942879
    ));
#1757 = CARTESIAN_POINT('',(202.92911651813,205.30419804509,
    15.850953101719));
#1758 = CARTESIAN_POINT('',(202.82441320808,205.38288764992,
    16.069045613124));
#1759 = CARTESIAN_POINT('',(202.74643330175,205.44040278037,
    16.296260510519));
#1760 = CARTESIAN_POINT('',(202.69466486746,205.47822349144,
    16.528958911098));
#1761 = CARTESIAN_POINT('',(202.66873749991,205.49716462466,
    16.764369708354));
#1762 = CARTESIAN_POINT('',(202.66873749991,205.49716462466,17.));
#1763 = ORIENTED_EDGE('',*,*,#1764,.F.);
#1764 = EDGE_CURVE('',#1100,#1709,#1765,.T.);
#1765 = LINE('',#1766,#1767);
#1766 = CARTESIAN_POINT('',(196.41421356237,199.24264068711,17.));
#1767 = VECTOR('',#1768,1.);
#1768 = DIRECTION('',(0.707106781187,0.707106781187,-1.101497328414E-32)
  );
#1769 = ORIENTED_EDGE('',*,*,#1099,.T.);
#1770 = ORIENTED_EDGE('',*,*,#1764,.T.);
#1771 = CYLINDRICAL_SURFACE('',#1772,2.);
#1772 = AXIS2_PLACEMENT_3D('',#1773,#1774,#1775);
#1773 = CARTESIAN_POINT('',(197.82842712474,197.82842712474,17.));
#1774 = DIRECTION('',(0.707106781187,0.707106781187,0.));
#1775 = DIRECTION('',(-0.707106781187,0.707106781187,0.));
#1776 = ADVANCED_FACE('',(#1777,#1811),#1814,.T.);
#1777 = FACE_BOUND('',#1778,.T.);
#1778 = EDGE_LOOP('',(#1779,#1789,#1797,#1805));
#1779 = ORIENTED_EDGE('',*,*,#1780,.T.);
#1780 = EDGE_CURVE('',#1781,#1783,#1785,.T.);
#1781 = VERTEX_POINT('',#1782);
#1782 = CARTESIAN_POINT('',(98.,208.,4.));
#1783 = VERTEX_POINT('',#1784);
#1784 = CARTESIAN_POINT('',(55.,208.,4.));
#1785 = LINE('',#1786,#1787);
#1786 = CARTESIAN_POINT('',(98.,208.,4.));
#1787 = VECTOR('',#1788,1.);
#1788 = DIRECTION('',(-1.,1.110223024625E-16,0.));
#1789 = ORIENTED_EDGE('',*,*,#1790,.T.);
#1790 = EDGE_CURVE('',#1783,#1791,#1793,.T.);
#1791 = VERTEX_POINT('',#1792);
#1792 = CARTESIAN_POINT('',(55.,208.,20.));
#1793 = LINE('',#1794,#1795);
#1794 = CARTESIAN_POINT('',(55.,208.,4.));
#1795 = VECTOR('',#1796,1.);
#1796 = DIRECTION('',(0.,0.,1.));
#1797 = ORIENTED_EDGE('',*,*,#1798,.F.);
#1798 = EDGE_CURVE('',#1799,#1791,#1801,.T.);
#1799 = VERTEX_POINT('',#1800);
#1800 = CARTESIAN_POINT('',(98.,208.,20.));
#1801 = LINE('',#1802,#1803);
#1802 = CARTESIAN_POINT('',(98.,208.,20.));
#1803 = VECTOR('',#1804,1.);
#1804 = DIRECTION('',(-1.,1.110223024625E-16,0.));
#1805 = ORIENTED_EDGE('',*,*,#1806,.F.);
#1806 = EDGE_CURVE('',#1781,#1799,#1807,.T.);
#1807 = LINE('',#1808,#1809);
#1808 = CARTESIAN_POINT('',(98.,208.,4.));
#1809 = VECTOR('',#1810,1.);
#1810 = DIRECTION('',(0.,0.,1.));
#1811 = FACE_BOUND('',#1812,.T.);
#1812 = EDGE_LOOP('',(#1813));
#1813 = ORIENTED_EDGE('',*,*,#1229,.F.);
#1814 = PLANE('',#1815);
#1815 = AXIS2_PLACEMENT_3D('',#1816,#1817,#1818);
#1816 = CARTESIAN_POINT('',(98.,208.,4.));
#1817 = DIRECTION('',(1.110223024625E-16,1.,0.));
#1818 = DIRECTION('',(0.,0.,1.));
#1819 = ADVANCED_FACE('',(#1820,#1878),#1881,.T.);
#1820 = FACE_BOUND('',#1821,.T.);
#1821 = EDGE_LOOP('',(#1822,#1832,#1840,#1848,#1856,#1864,#1872));
#1822 = ORIENTED_EDGE('',*,*,#1823,.F.);
#1823 = EDGE_CURVE('',#1824,#1826,#1828,.T.);
#1824 = VERTEX_POINT('',#1825);
#1825 = CARTESIAN_POINT('',(144.,208.,4.));
#1826 = VERTEX_POINT('',#1827);
#1827 = CARTESIAN_POINT('',(144.,208.,14.));
#1828 = LINE('',#1829,#1830);
#1829 = CARTESIAN_POINT('',(144.,208.,4.));
#1830 = VECTOR('',#1831,1.);
#1831 = DIRECTION('',(0.,0.,1.));
#1832 = ORIENTED_EDGE('',*,*,#1833,.T.);
#1833 = EDGE_CURVE('',#1824,#1834,#1836,.T.);
#1834 = VERTEX_POINT('',#1835);
#1835 = CARTESIAN_POINT('',(101.,208.,4.));
#1836 = LINE('',#1837,#1838);
#1837 = CARTESIAN_POINT('',(144.,208.,4.));
#1838 = VECTOR('',#1839,1.);
#1839 = DIRECTION('',(-1.,1.110223024625E-16,0.));
#1840 = ORIENTED_EDGE('',*,*,#1841,.T.);
#1841 = EDGE_CURVE('',#1834,#1842,#1844,.T.);
#1842 = VERTEX_POINT('',#1843);
#1843 = CARTESIAN_POINT('',(101.,208.,20.));
#1844 = LINE('',#1845,#1846);
#1845 = CARTESIAN_POINT('',(101.,208.,4.));
#1846 = VECTOR('',#1847,1.);
#1847 = DIRECTION('',(0.,0.,1.));
#1848 = ORIENTED_EDGE('',*,*,#1849,.F.);
#1849 = EDGE_CURVE('',#1850,#1842,#1852,.T.);
#1850 = VERTEX_POINT('',#1851);
#1851 = CARTESIAN_POINT('',(135.,208.,20.));
#1852 = LINE('',#1853,#1854);
#1853 = CARTESIAN_POINT('',(144.,208.,20.));
#1854 = VECTOR('',#1855,1.);
#1855 = DIRECTION('',(-1.,1.110223024625E-16,0.));
#1856 = ORIENTED_EDGE('',*,*,#1857,.F.);
#1857 = EDGE_CURVE('',#1858,#1850,#1860,.T.);
#1858 = VERTEX_POINT('',#1859);
#1859 = CARTESIAN_POINT('',(135.,208.,15.));
#1860 = LINE('',#1861,#1862);
#1861 = CARTESIAN_POINT('',(135.,208.,14.5));
#1862 = VECTOR('',#1863,1.);
#1863 = DIRECTION('',(0.,-0.,1.));
#1864 = ORIENTED_EDGE('',*,*,#1865,.F.);
#1865 = EDGE_CURVE('',#1866,#1858,#1868,.T.);
#1866 = VERTEX_POINT('',#1867);
#1867 = CARTESIAN_POINT('',(140.,208.,10.));
#1868 = LINE('',#1869,#1870);
#1869 = CARTESIAN_POINT('',(140.,208.,10.));
#1870 = VECTOR('',#1871,1.);
#1871 = DIRECTION('',(-0.707106781187,7.850462293419E-17,0.707106781187)
  );
#1872 = ORIENTED_EDGE('',*,*,#1873,.F.);
#1873 = EDGE_CURVE('',#1826,#1866,#1874,.T.);
#1874 = LINE('',#1875,#1876);
#1875 = CARTESIAN_POINT('',(139.5,208.,9.5));
#1876 = VECTOR('',#1877,1.);
#1877 = DIRECTION('',(-0.707106781187,7.850462293419E-17,-0.707106781187
    ));
#1878 = FACE_BOUND('',#1879,.T.);
#1879 = EDGE_LOOP('',(#1880));
#1880 = ORIENTED_EDGE('',*,*,#1254,.F.);
#1881 = PLANE('',#1882);
#1882 = AXIS2_PLACEMENT_3D('',#1883,#1884,#1885);
#1883 = CARTESIAN_POINT('',(144.,208.,4.));
#1884 = DIRECTION('',(1.110223024625E-16,1.,0.));
#1885 = DIRECTION('',(0.,0.,1.));
#1886 = ADVANCED_FACE('',(#1887,#1961),#1964,.T.);
#1887 = FACE_BOUND('',#1888,.T.);
#1888 = EDGE_LOOP('',(#1889,#1899,#1907,#1915,#1923,#1931,#1939,#1947,
    #1955));
#1889 = ORIENTED_EDGE('',*,*,#1890,.F.);
#1890 = EDGE_CURVE('',#1891,#1893,#1895,.T.);
#1891 = VERTEX_POINT('',#1892);
#1892 = CARTESIAN_POINT('',(190.,208.,4.));
#1893 = VERTEX_POINT('',#1894);
#1894 = CARTESIAN_POINT('',(190.,208.,20.));
#1895 = LINE('',#1896,#1897);
#1896 = CARTESIAN_POINT('',(190.,208.,4.));
#1897 = VECTOR('',#1898,1.);
#1898 = DIRECTION('',(0.,0.,1.));
#1899 = ORIENTED_EDGE('',*,*,#1900,.T.);
#1900 = EDGE_CURVE('',#1891,#1901,#1903,.T.);
#1901 = VERTEX_POINT('',#1902);
#1902 = CARTESIAN_POINT('',(147.,208.,4.));
#1903 = LINE('',#1904,#1905);
#1904 = CARTESIAN_POINT('',(190.,208.,4.));
#1905 = VECTOR('',#1906,1.);
#1906 = DIRECTION('',(-1.,1.110223024625E-16,0.));
#1907 = ORIENTED_EDGE('',*,*,#1908,.T.);
#1908 = EDGE_CURVE('',#1901,#1909,#1911,.T.);
#1909 = VERTEX_POINT('',#1910);
#1910 = CARTESIAN_POINT('',(147.,208.,20.));
#1911 = LINE('',#1912,#1913);
#1912 = CARTESIAN_POINT('',(147.,208.,4.));
#1913 = VECTOR('',#1914,1.);
#1914 = DIRECTION('',(0.,0.,1.));
#1915 = ORIENTED_EDGE('',*,*,#1916,.F.);
#1916 = EDGE_CURVE('',#1917,#1909,#1919,.T.);
#1917 = VERTEX_POINT('',#1918);
#1918 = CARTESIAN_POINT('',(160.,208.,20.));
#1919 = LINE('',#1920,#1921);
#1920 = CARTESIAN_POINT('',(190.,208.,20.));
#1921 = VECTOR('',#1922,1.);
#1922 = DIRECTION('',(-1.,1.110223024625E-16,0.));
#1923 = ORIENTED_EDGE('',*,*,#1924,.F.);
#1924 = EDGE_CURVE('',#1925,#1917,#1927,.T.);
#1925 = VERTEX_POINT('',#1926);
#1926 = CARTESIAN_POINT('',(160.,208.,15.));
#1927 = LINE('',#1928,#1929);
#1928 = CARTESIAN_POINT('',(160.,208.,14.5));
#1929 = VECTOR('',#1930,1.);
#1930 = DIRECTION('',(0.,-0.,1.));
#1931 = ORIENTED_EDGE('',*,*,#1932,.F.);
#1932 = EDGE_CURVE('',#1933,#1925,#1935,.T.);
#1933 = VERTEX_POINT('',#1934);
#1934 = CARTESIAN_POINT('',(165.,208.,10.));
#1935 = LINE('',#1936,#1937);
#1936 = CARTESIAN_POINT('',(170.25,208.,4.75));
#1937 = VECTOR('',#1938,1.);
#1938 = DIRECTION('',(-0.707106781187,7.850462293419E-17,0.707106781187)
  );
#1939 = ORIENTED_EDGE('',*,*,#1940,.F.);
#1940 = EDGE_CURVE('',#1941,#1933,#1943,.T.);
#1941 = VERTEX_POINT('',#1942);
#1942 = CARTESIAN_POINT('',(170.,208.,15.));
#1943 = LINE('',#1944,#1945);
#1944 = CARTESIAN_POINT('',(169.75,208.,14.75));
#1945 = VECTOR('',#1946,1.);
#1946 = DIRECTION('',(-0.707106781187,7.850462293419E-17,-0.707106781187
    ));
#1947 = ORIENTED_EDGE('',*,*,#1948,.F.);
#1948 = EDGE_CURVE('',#1949,#1941,#1951,.T.);
#1949 = VERTEX_POINT('',#1950);
#1950 = CARTESIAN_POINT('',(170.,208.,20.));
#1951 = LINE('',#1952,#1953);
#1952 = CARTESIAN_POINT('',(170.,208.,9.5));
#1953 = VECTOR('',#1954,1.);
#1954 = DIRECTION('',(0.,0.,-1.));
#1955 = ORIENTED_EDGE('',*,*,#1956,.F.);
#1956 = EDGE_CURVE('',#1893,#1949,#1957,.T.);
#1957 = LINE('',#1958,#1959);
#1958 = CARTESIAN_POINT('',(190.,208.,20.));
#1959 = VECTOR('',#1960,1.);
#1960 = DIRECTION('',(-1.,1.110223024625E-16,0.));
#1961 = FACE_BOUND('',#1962,.T.);
#1962 = EDGE_LOOP('',(#1963));
#1963 = ORIENTED_EDGE('',*,*,#1279,.F.);
#1964 = PLANE('',#1965);
#1965 = AXIS2_PLACEMENT_3D('',#1966,#1967,#1968);
#1966 = CARTESIAN_POINT('',(190.,208.,4.));
#1967 = DIRECTION('',(1.110223024625E-16,1.,0.));
#1968 = DIRECTION('',(0.,0.,1.));
#1969 = ADVANCED_FACE('',(#1970),#1981,.F.);
#1970 = FACE_BOUND('',#1971,.F.);
#1971 = EDGE_LOOP('',(#1972,#1973,#1979,#1980));
#1972 = ORIENTED_EDGE('',*,*,#215,.T.);
#1973 = ORIENTED_EDGE('',*,*,#1974,.T.);
#1974 = EDGE_CURVE('',#216,#1541,#1975,.T.);
#1975 = LINE('',#1976,#1977);
#1976 = CARTESIAN_POINT('',(242.75,-12.5,-1.));
#1977 = VECTOR('',#1978,1.);
#1978 = DIRECTION('',(0.,0.,1.));
#1979 = ORIENTED_EDGE('',*,*,#1540,.F.);
#1980 = ORIENTED_EDGE('',*,*,#1974,.F.);
#1981 = CYLINDRICAL_SURFACE('',#1982,2.75);
#1982 = AXIS2_PLACEMENT_3D('',#1983,#1984,#1985);
#1983 = CARTESIAN_POINT('',(240.,-12.5,-1.));
#1984 = DIRECTION('',(0.,0.,1.));
#1985 = DIRECTION('',(1.,0.,0.));
#1986 = ADVANCED_FACE('',(#1987,#2023),#2026,.T.);
#1987 = FACE_BOUND('',#1988,.T.);
#1988 = EDGE_LOOP('',(#1989,#2000,#2008,#2017));
#1989 = ORIENTED_EDGE('',*,*,#1990,.T.);
#1990 = EDGE_CURVE('',#1991,#1993,#1995,.T.);
#1991 = VERTEX_POINT('',#1992);
#1992 = CARTESIAN_POINT('',(207.36373471183,199.01722092687,4.));
#1993 = VERTEX_POINT('',#1994);
#1994 = CARTESIAN_POINT('',(199.01722092687,207.36373471183,4.));
#1995 = CIRCLE('',#1996,13.);
#1996 = AXIS2_PLACEMENT_3D('',#1997,#1998,#1999);
#1997 = CARTESIAN_POINT('',(195.,195.,4.));
#1998 = DIRECTION('',(0.,-0.,1.));
#1999 = DIRECTION('',(0.951056516295,0.309016994375,0.));
#2000 = ORIENTED_EDGE('',*,*,#2001,.T.);
#2001 = EDGE_CURVE('',#1993,#2002,#2004,.T.);
#2002 = VERTEX_POINT('',#2003);
#2003 = CARTESIAN_POINT('',(199.01722092687,207.36373471183,20.));
#2004 = LINE('',#2005,#2006);
#2005 = CARTESIAN_POINT('',(199.01722092687,207.36373471183,4.));
#2006 = VECTOR('',#2007,1.);
#2007 = DIRECTION('',(0.,0.,1.));
#2008 = ORIENTED_EDGE('',*,*,#2009,.F.);
#2009 = EDGE_CURVE('',#2010,#2002,#2012,.T.);
#2010 = VERTEX_POINT('',#2011);
#2011 = CARTESIAN_POINT('',(207.36373471183,199.01722092687,20.));
#2012 = CIRCLE('',#2013,13.);
#2013 = AXIS2_PLACEMENT_3D('',#2014,#2015,#2016);
#2014 = CARTESIAN_POINT('',(195.,195.,20.));
#2015 = DIRECTION('',(0.,-0.,1.));
#2016 = DIRECTION('',(0.951056516295,0.309016994375,0.));
#2017 = ORIENTED_EDGE('',*,*,#2018,.F.);
#2018 = EDGE_CURVE('',#1991,#2010,#2019,.T.);
#2019 = LINE('',#2020,#2021);
#2020 = CARTESIAN_POINT('',(207.36373471183,199.01722092687,4.));
#2021 = VECTOR('',#2022,1.);
#2022 = DIRECTION('',(0.,0.,1.));
#2023 = FACE_BOUND('',#2024,.T.);
#2024 = EDGE_LOOP('',(#2025));
#2025 = ORIENTED_EDGE('',*,*,#1708,.F.);
#2026 = CYLINDRICAL_SURFACE('',#2027,13.);
#2027 = AXIS2_PLACEMENT_3D('',#2028,#2029,#2030);
#2028 = CARTESIAN_POINT('',(195.,195.,4.));
#2029 = DIRECTION('',(0.,0.,1.));
#2030 = DIRECTION('',(0.951056516295,0.309016994375,0.));
#2031 = ADVANCED_FACE('',(#2032),#2057,.T.);
#2032 = FACE_BOUND('',#2033,.T.);
#2033 = EDGE_LOOP('',(#2034,#2044,#2050,#2051));
#2034 = ORIENTED_EDGE('',*,*,#2035,.T.);
#2035 = EDGE_CURVE('',#2036,#2038,#2040,.T.);
#2036 = VERTEX_POINT('',#2037);
#2037 = CARTESIAN_POINT('',(98.,216.5,13.11513403521));
#2038 = VERTEX_POINT('',#2039);
#2039 = CARTESIAN_POINT('',(55.,216.5,13.11513403521));
#2040 = LINE('',#2041,#2042);
#2041 = CARTESIAN_POINT('',(98.,216.5,13.11513403521));
#2042 = VECTOR('',#2043,1.);
#2043 = DIRECTION('',(-1.,1.110223024625E-16,0.));
#2044 = ORIENTED_EDGE('',*,*,#2045,.T.);
#2045 = EDGE_CURVE('',#2038,#1783,#2046,.T.);
#2046 = LINE('',#2047,#2048);
#2047 = CARTESIAN_POINT('',(55.,216.5,13.11513403521));
#2048 = VECTOR('',#2049,1.);
#2049 = DIRECTION('',(-7.57170282098E-17,-0.681998360062,-0.731353701619
    ));
#2050 = ORIENTED_EDGE('',*,*,#1780,.F.);
#2051 = ORIENTED_EDGE('',*,*,#2052,.F.);
#2052 = EDGE_CURVE('',#2036,#1781,#2053,.T.);
#2053 = LINE('',#2054,#2055);
#2054 = CARTESIAN_POINT('',(98.,216.5,13.11513403521));
#2055 = VECTOR('',#2056,1.);
#2056 = DIRECTION('',(-7.57170282098E-17,-0.681998360062,-0.731353701619
    ));
#2057 = PLANE('',#2058);
#2058 = AXIS2_PLACEMENT_3D('',#2059,#2060,#2061);
#2059 = CARTESIAN_POINT('',(98.,216.5,13.11513403521));
#2060 = DIRECTION('',(-8.119657186824E-17,-0.731353701619,0.681998360062
    ));
#2061 = DIRECTION('',(-7.57170282098E-17,-0.681998360062,-0.731353701619
    ));
#2062 = ADVANCED_FACE('',(#2063),#2089,.T.);
#2063 = FACE_BOUND('',#2064,.T.);
#2064 = EDGE_LOOP('',(#2065,#2066,#2074,#2082,#2088));
#2065 = ORIENTED_EDGE('',*,*,#1806,.T.);
#2066 = ORIENTED_EDGE('',*,*,#2067,.T.);
#2067 = EDGE_CURVE('',#1799,#2068,#2070,.T.);
#2068 = VERTEX_POINT('',#2069);
#2069 = CARTESIAN_POINT('',(98.,225.,20.));
#2070 = LINE('',#2071,#2072);
#2071 = CARTESIAN_POINT('',(98.,208.,20.));
#2072 = VECTOR('',#2073,1.);
#2073 = DIRECTION('',(1.110223024625E-16,1.,0.));
#2074 = ORIENTED_EDGE('',*,*,#2075,.T.);
#2075 = EDGE_CURVE('',#2068,#2076,#2078,.T.);
#2076 = VERTEX_POINT('',#2077);
#2077 = CARTESIAN_POINT('',(98.,225.,4.));
#2078 = LINE('',#2079,#2080);
#2079 = CARTESIAN_POINT('',(98.,225.,20.));
#2080 = VECTOR('',#2081,1.);
#2081 = DIRECTION('',(0.,0.,-1.));
#2082 = ORIENTED_EDGE('',*,*,#2083,.T.);
#2083 = EDGE_CURVE('',#2076,#2036,#2084,.T.);
#2084 = LINE('',#2085,#2086);
#2085 = CARTESIAN_POINT('',(98.,225.,4.));
#2086 = VECTOR('',#2087,1.);
#2087 = DIRECTION('',(-7.57170282098E-17,-0.681998360062,0.731353701619)
  );
#2088 = ORIENTED_EDGE('',*,*,#2052,.T.);
#2089 = PLANE('',#2090);
#2090 = AXIS2_PLACEMENT_3D('',#2091,#2092,#2093);
#2091 = CARTESIAN_POINT('',(98.,216.5,12.678933532167));
#2092 = DIRECTION('',(-1.,1.110223024625E-16,0.));
#2093 = DIRECTION('',(0.,0.,1.));
#2094 = ADVANCED_FACE('',(#2095),#2121,.F.);
#2095 = FACE_BOUND('',#2096,.F.);
#2096 = EDGE_LOOP('',(#2097,#2098,#2106,#2114,#2120));
#2097 = ORIENTED_EDGE('',*,*,#1790,.T.);
#2098 = ORIENTED_EDGE('',*,*,#2099,.T.);
#2099 = EDGE_CURVE('',#1791,#2100,#2102,.T.);
#2100 = VERTEX_POINT('',#2101);
#2101 = CARTESIAN_POINT('',(55.,225.,20.));
#2102 = LINE('',#2103,#2104);
#2103 = CARTESIAN_POINT('',(55.,208.,20.));
#2104 = VECTOR('',#2105,1.);
#2105 = DIRECTION('',(1.110223024625E-16,1.,0.));
#2106 = ORIENTED_EDGE('',*,*,#2107,.T.);
#2107 = EDGE_CURVE('',#2100,#2108,#2110,.T.);
#2108 = VERTEX_POINT('',#2109);
#2109 = CARTESIAN_POINT('',(55.,225.,4.));
#2110 = LINE('',#2111,#2112);
#2111 = CARTESIAN_POINT('',(55.,225.,20.));
#2112 = VECTOR('',#2113,1.);
#2113 = DIRECTION('',(0.,0.,-1.));
#2114 = ORIENTED_EDGE('',*,*,#2115,.T.);
#2115 = EDGE_CURVE('',#2108,#2038,#2116,.T.);
#2116 = LINE('',#2117,#2118);
#2117 = CARTESIAN_POINT('',(55.,225.,4.));
#2118 = VECTOR('',#2119,1.);
#2119 = DIRECTION('',(-7.57170282098E-17,-0.681998360062,0.731353701619)
  );
#2120 = ORIENTED_EDGE('',*,*,#2045,.T.);
#2121 = PLANE('',#2122);
#2122 = AXIS2_PLACEMENT_3D('',#2123,#2124,#2125);
#2123 = CARTESIAN_POINT('',(55.,216.5,12.678933532167));
#2124 = DIRECTION('',(-1.,1.110223024625E-16,0.));
#2125 = DIRECTION('',(0.,0.,1.));
#2126 = ADVANCED_FACE('',(#2127),#2138,.T.);
#2127 = FACE_BOUND('',#2128,.T.);
#2128 = EDGE_LOOP('',(#2129,#2130,#2131,#2137));
#2129 = ORIENTED_EDGE('',*,*,#1798,.T.);
#2130 = ORIENTED_EDGE('',*,*,#2099,.T.);
#2131 = ORIENTED_EDGE('',*,*,#2132,.F.);
#2132 = EDGE_CURVE('',#2068,#2100,#2133,.T.);
#2133 = LINE('',#2134,#2135);
#2134 = CARTESIAN_POINT('',(98.,225.,20.));
#2135 = VECTOR('',#2136,1.);
#2136 = DIRECTION('',(-1.,1.110223024625E-16,0.));
#2137 = ORIENTED_EDGE('',*,*,#2067,.F.);
#2138 = PLANE('',#2139);
#2139 = AXIS2_PLACEMENT_3D('',#2140,#2141,#2142);
#2140 = CARTESIAN_POINT('',(98.,208.,20.));
#2141 = DIRECTION('',(0.,0.,-1.));
#2142 = DIRECTION('',(1.110223024625E-16,1.,0.));
#2143 = ADVANCED_FACE('',(#2144),#2177,.T.);
#2144 = FACE_BOUND('',#2145,.T.);
#2145 = EDGE_LOOP('',(#2146,#2154,#2155,#2163,#2171));
#2146 = ORIENTED_EDGE('',*,*,#2147,.T.);
#2147 = EDGE_CURVE('',#2148,#1824,#2150,.T.);
#2148 = VERTEX_POINT('',#2149);
#2149 = CARTESIAN_POINT('',(144.,216.5,13.11513403521));
#2150 = LINE('',#2151,#2152);
#2151 = CARTESIAN_POINT('',(144.,216.5,13.11513403521));
#2152 = VECTOR('',#2153,1.);
#2153 = DIRECTION('',(-7.57170282098E-17,-0.681998360062,-0.731353701619
    ));
#2154 = ORIENTED_EDGE('',*,*,#1823,.T.);
#2155 = ORIENTED_EDGE('',*,*,#2156,.F.);
#2156 = EDGE_CURVE('',#2157,#1826,#2159,.T.);
#2157 = VERTEX_POINT('',#2158);
#2158 = CARTESIAN_POINT('',(144.,225.,14.));
#2159 = LINE('',#2160,#2161);
#2160 = CARTESIAN_POINT('',(144.,208.25,14.));
#2161 = VECTOR('',#2162,1.);
#2162 = DIRECTION('',(-1.110223024625E-16,-1.,0.));
#2163 = ORIENTED_EDGE('',*,*,#2164,.T.);
#2164 = EDGE_CURVE('',#2157,#2165,#2167,.T.);
#2165 = VERTEX_POINT('',#2166);
#2166 = CARTESIAN_POINT('',(144.,225.,4.));
#2167 = LINE('',#2168,#2169);
#2168 = CARTESIAN_POINT('',(144.,225.,20.));
#2169 = VECTOR('',#2170,1.);
#2170 = DIRECTION('',(0.,0.,-1.));
#2171 = ORIENTED_EDGE('',*,*,#2172,.T.);
#2172 = EDGE_CURVE('',#2165,#2148,#2173,.T.);
#2173 = LINE('',#2174,#2175);
#2174 = CARTESIAN_POINT('',(144.,225.,4.));
#2175 = VECTOR('',#2176,1.);
#2176 = DIRECTION('',(-7.57170282098E-17,-0.681998360062,0.731353701619)
  );
#2177 = PLANE('',#2178);
#2178 = AXIS2_PLACEMENT_3D('',#2179,#2180,#2181);
#2179 = CARTESIAN_POINT('',(144.,216.5,12.678933532167));
#2180 = DIRECTION('',(-1.,1.110223024625E-16,0.));
#2181 = DIRECTION('',(0.,0.,1.));
#2182 = ADVANCED_FACE('',(#2183),#2225,.T.);
#2183 = FACE_BOUND('',#2184,.T.);
#2184 = EDGE_LOOP('',(#2185,#2186,#2194,#2202,#2210,#2218,#2224));
#2185 = ORIENTED_EDGE('',*,*,#1873,.T.);
#2186 = ORIENTED_EDGE('',*,*,#2187,.T.);
#2187 = EDGE_CURVE('',#1866,#2188,#2190,.T.);
#2188 = VERTEX_POINT('',#2189);
#2189 = CARTESIAN_POINT('',(140.,213.59509051682,10.));
#2190 = LINE('',#2191,#2192);
#2191 = CARTESIAN_POINT('',(140.,200.,10.));
#2192 = VECTOR('',#2193,1.);
#2193 = DIRECTION('',(1.110223024625E-16,1.,0.));
#2194 = ORIENTED_EDGE('',*,*,#2195,.T.);
#2195 = EDGE_CURVE('',#2188,#2196,#2198,.T.);
#2196 = VERTEX_POINT('',#2197);
#2197 = CARTESIAN_POINT('',(143.11513403521,216.5,13.11513403521));
#2198 = LINE('',#2199,#2200);
#2199 = CARTESIAN_POINT('',(139.50278147137,213.13142673777,
    9.502781471376));
#2200 = VECTOR('',#2201,1.);
#2201 = DIRECTION('',(0.590324081033,0.550486111274,0.590324081033));
#2202 = ORIENTED_EDGE('',*,*,#2203,.T.);
#2203 = EDGE_CURVE('',#2196,#2204,#2206,.T.);
#2204 = VERTEX_POINT('',#2205);
#2205 = CARTESIAN_POINT('',(140.,219.40490948317,10.));
#2206 = LINE('',#2207,#2208);
#2207 = CARTESIAN_POINT('',(141.8953728241,217.63744573083,
    11.895372824109));
#2208 = VECTOR('',#2209,1.);
#2209 = DIRECTION('',(-0.590324081033,0.550486111274,-0.590324081033));
#2210 = ORIENTED_EDGE('',*,*,#2211,.T.);
#2211 = EDGE_CURVE('',#2204,#2212,#2214,.T.);
#2212 = VERTEX_POINT('',#2213);
#2213 = CARTESIAN_POINT('',(140.,225.,10.));
#2214 = LINE('',#2215,#2216);
#2215 = CARTESIAN_POINT('',(140.,200.,10.));
#2216 = VECTOR('',#2217,1.);
#2217 = DIRECTION('',(1.110223024625E-16,1.,0.));
#2218 = ORIENTED_EDGE('',*,*,#2219,.T.);
#2219 = EDGE_CURVE('',#2212,#2157,#2220,.T.);
#2220 = LINE('',#2221,#2222);
#2221 = CARTESIAN_POINT('',(140.,225.,10.));
#2222 = VECTOR('',#2223,1.);
#2223 = DIRECTION('',(0.707106781187,-7.850462293419E-17,0.707106781187)
  );
#2224 = ORIENTED_EDGE('',*,*,#2156,.T.);
#2225 = PLANE('',#2226);
#2226 = AXIS2_PLACEMENT_3D('',#2227,#2228,#2229);
#2227 = CARTESIAN_POINT('',(140.,200.,10.));
#2228 = DIRECTION('',(0.707106781187,-7.850462293419E-17,-0.707106781187
    ));
#2229 = DIRECTION('',(0.707106781187,-7.850462293419E-17,0.707106781187)
  );
#2230 = ADVANCED_FACE('',(#2231),#2264,.T.);
#2231 = FACE_BOUND('',#2232,.T.);
#2232 = EDGE_LOOP('',(#2233,#2234,#2242,#2248,#2249,#2257,#2263));
#2233 = ORIENTED_EDGE('',*,*,#1865,.T.);
#2234 = ORIENTED_EDGE('',*,*,#2235,.T.);
#2235 = EDGE_CURVE('',#1858,#2236,#2238,.T.);
#2236 = VERTEX_POINT('',#2237);
#2237 = CARTESIAN_POINT('',(135.,225.,15.));
#2238 = LINE('',#2239,#2240);
#2239 = CARTESIAN_POINT('',(135.,200.,15.));
#2240 = VECTOR('',#2241,1.);
#2241 = DIRECTION('',(1.110223024625E-16,1.,0.));
#2242 = ORIENTED_EDGE('',*,*,#2243,.T.);
#2243 = EDGE_CURVE('',#2236,#2212,#2244,.T.);
#2244 = LINE('',#2245,#2246);
#2245 = CARTESIAN_POINT('',(135.,225.,15.));
#2246 = VECTOR('',#2247,1.);
#2247 = DIRECTION('',(0.707106781187,-7.850462293419E-17,-0.707106781187
    ));
#2248 = ORIENTED_EDGE('',*,*,#2211,.F.);
#2249 = ORIENTED_EDGE('',*,*,#2250,.T.);
#2250 = EDGE_CURVE('',#2204,#2251,#2253,.T.);
#2251 = VERTEX_POINT('',#2252);
#2252 = CARTESIAN_POINT('',(136.88486596479,216.5,13.11513403521));
#2253 = LINE('',#2254,#2255);
#2254 = CARTESIAN_POINT('',(137.75614465524,217.31248052307,
    12.243855344757));
#2255 = VECTOR('',#2256,1.);
#2256 = DIRECTION('',(-0.590324081033,-0.550486111274,0.590324081033));
#2257 = ORIENTED_EDGE('',*,*,#2258,.T.);
#2258 = EDGE_CURVE('',#2251,#2188,#2259,.T.);
#2259 = LINE('',#2260,#2261);
#2260 = CARTESIAN_POINT('',(140.14873600797,213.45639194553,
    9.851263992023));
#2261 = VECTOR('',#2262,1.);
#2262 = DIRECTION('',(0.590324081033,-0.550486111274,-0.590324081033));
#2263 = ORIENTED_EDGE('',*,*,#2187,.F.);
#2264 = PLANE('',#2265);
#2265 = AXIS2_PLACEMENT_3D('',#2266,#2267,#2268);
#2266 = CARTESIAN_POINT('',(135.,200.,15.));
#2267 = DIRECTION('',(-0.707106781187,7.850462293419E-17,-0.707106781187
    ));
#2268 = DIRECTION('',(0.707106781187,-7.850462293419E-17,-0.707106781187
    ));
#2269 = ADVANCED_FACE('',(#2270),#2288,.T.);
#2270 = FACE_BOUND('',#2271,.T.);
#2271 = EDGE_LOOP('',(#2272,#2280,#2286,#2287));
#2272 = ORIENTED_EDGE('',*,*,#2273,.T.);
#2273 = EDGE_CURVE('',#1850,#2274,#2276,.T.);
#2274 = VERTEX_POINT('',#2275);
#2275 = CARTESIAN_POINT('',(135.,225.,20.));
#2276 = LINE('',#2277,#2278);
#2277 = CARTESIAN_POINT('',(135.,204.,20.));
#2278 = VECTOR('',#2279,1.);
#2279 = DIRECTION('',(1.110223024625E-16,1.,0.));
#2280 = ORIENTED_EDGE('',*,*,#2281,.T.);
#2281 = EDGE_CURVE('',#2274,#2236,#2282,.T.);
#2282 = LINE('',#2283,#2284);
#2283 = CARTESIAN_POINT('',(135.,225.,25.));
#2284 = VECTOR('',#2285,1.);
#2285 = DIRECTION('',(0.,0.,-1.));
#2286 = ORIENTED_EDGE('',*,*,#2235,.F.);
#2287 = ORIENTED_EDGE('',*,*,#1857,.T.);
#2288 = PLANE('',#2289);
#2289 = AXIS2_PLACEMENT_3D('',#2290,#2291,#2292);
#2290 = CARTESIAN_POINT('',(135.,200.,25.));
#2291 = DIRECTION('',(-1.,1.110223024625E-16,0.));
#2292 = DIRECTION('',(0.,0.,-1.));
#2293 = ADVANCED_FACE('',(#2294),#2312,.T.);
#2294 = FACE_BOUND('',#2295,.T.);
#2295 = EDGE_LOOP('',(#2296,#2297,#2298,#2306));
#2296 = ORIENTED_EDGE('',*,*,#2273,.F.);
#2297 = ORIENTED_EDGE('',*,*,#1849,.T.);
#2298 = ORIENTED_EDGE('',*,*,#2299,.T.);
#2299 = EDGE_CURVE('',#1842,#2300,#2302,.T.);
#2300 = VERTEX_POINT('',#2301);
#2301 = CARTESIAN_POINT('',(101.,225.,20.));
#2302 = LINE('',#2303,#2304);
#2303 = CARTESIAN_POINT('',(101.,208.,20.));
#2304 = VECTOR('',#2305,1.);
#2305 = DIRECTION('',(1.110223024625E-16,1.,0.));
#2306 = ORIENTED_EDGE('',*,*,#2307,.F.);
#2307 = EDGE_CURVE('',#2274,#2300,#2308,.T.);
#2308 = LINE('',#2309,#2310);
#2309 = CARTESIAN_POINT('',(144.,225.,20.));
#2310 = VECTOR('',#2311,1.);
#2311 = DIRECTION('',(-1.,1.110223024625E-16,0.));
#2312 = PLANE('',#2313);
#2313 = AXIS2_PLACEMENT_3D('',#2314,#2315,#2316);
#2314 = CARTESIAN_POINT('',(144.,208.,20.));
#2315 = DIRECTION('',(0.,0.,-1.));
#2316 = DIRECTION('',(1.110223024625E-16,1.,0.));
#2317 = ADVANCED_FACE('',(#2318),#2344,.F.);
#2318 = FACE_BOUND('',#2319,.F.);
#2319 = EDGE_LOOP('',(#2320,#2321,#2322,#2330,#2338));
#2320 = ORIENTED_EDGE('',*,*,#1841,.T.);
#2321 = ORIENTED_EDGE('',*,*,#2299,.T.);
#2322 = ORIENTED_EDGE('',*,*,#2323,.T.);
#2323 = EDGE_CURVE('',#2300,#2324,#2326,.T.);
#2324 = VERTEX_POINT('',#2325);
#2325 = CARTESIAN_POINT('',(101.,225.,4.));
#2326 = LINE('',#2327,#2328);
#2327 = CARTESIAN_POINT('',(101.,225.,20.));
#2328 = VECTOR('',#2329,1.);
#2329 = DIRECTION('',(0.,0.,-1.));
#2330 = ORIENTED_EDGE('',*,*,#2331,.T.);
#2331 = EDGE_CURVE('',#2324,#2332,#2334,.T.);
#2332 = VERTEX_POINT('',#2333);
#2333 = CARTESIAN_POINT('',(101.,216.5,13.11513403521));
#2334 = LINE('',#2335,#2336);
#2335 = CARTESIAN_POINT('',(101.,225.,4.));
#2336 = VECTOR('',#2337,1.);
#2337 = DIRECTION('',(-7.57170282098E-17,-0.681998360062,0.731353701619)
  );
#2338 = ORIENTED_EDGE('',*,*,#2339,.T.);
#2339 = EDGE_CURVE('',#2332,#1834,#2340,.T.);
#2340 = LINE('',#2341,#2342);
#2341 = CARTESIAN_POINT('',(101.,216.5,13.11513403521));
#2342 = VECTOR('',#2343,1.);
#2343 = DIRECTION('',(-7.57170282098E-17,-0.681998360062,-0.731353701619
    ));
#2344 = PLANE('',#2345);
#2345 = AXIS2_PLACEMENT_3D('',#2346,#2347,#2348);
#2346 = CARTESIAN_POINT('',(101.,216.5,12.678933532167));
#2347 = DIRECTION('',(-1.,1.110223024625E-16,0.));
#2348 = DIRECTION('',(0.,0.,1.));
#2349 = ADVANCED_FACE('',(#2350),#2369,.T.);
#2350 = FACE_BOUND('',#2351,.T.);
#2351 = EDGE_LOOP('',(#2352,#2353,#2359,#2360,#2361,#2367,#2368));
#2352 = ORIENTED_EDGE('',*,*,#2147,.F.);
#2353 = ORIENTED_EDGE('',*,*,#2354,.T.);
#2354 = EDGE_CURVE('',#2148,#2196,#2355,.T.);
#2355 = LINE('',#2356,#2357);
#2356 = CARTESIAN_POINT('',(144.,216.5,13.11513403521));
#2357 = VECTOR('',#2358,1.);
#2358 = DIRECTION('',(-1.,1.110223024625E-16,0.));
#2359 = ORIENTED_EDGE('',*,*,#2195,.F.);
#2360 = ORIENTED_EDGE('',*,*,#2258,.F.);
#2361 = ORIENTED_EDGE('',*,*,#2362,.T.);
#2362 = EDGE_CURVE('',#2251,#2332,#2363,.T.);
#2363 = LINE('',#2364,#2365);
#2364 = CARTESIAN_POINT('',(144.,216.5,13.11513403521));
#2365 = VECTOR('',#2366,1.);
#2366 = DIRECTION('',(-1.,1.110223024625E-16,0.));
#2367 = ORIENTED_EDGE('',*,*,#2339,.T.);
#2368 = ORIENTED_EDGE('',*,*,#1833,.F.);
#2369 = PLANE('',#2370);
#2370 = AXIS2_PLACEMENT_3D('',#2371,#2372,#2373);
#2371 = CARTESIAN_POINT('',(144.,216.5,13.11513403521));
#2372 = DIRECTION('',(-8.119657186824E-17,-0.731353701619,0.681998360062
    ));
#2373 = DIRECTION('',(-7.57170282098E-17,-0.681998360062,-0.731353701619
    ));
#2374 = ADVANCED_FACE('',(#2375),#2408,.T.);
#2375 = FACE_BOUND('',#2376,.T.);
#2376 = EDGE_LOOP('',(#2377,#2378,#2386,#2394,#2402));
#2377 = ORIENTED_EDGE('',*,*,#1890,.T.);
#2378 = ORIENTED_EDGE('',*,*,#2379,.T.);
#2379 = EDGE_CURVE('',#1893,#2380,#2382,.T.);
#2380 = VERTEX_POINT('',#2381);
#2381 = CARTESIAN_POINT('',(190.,225.,20.));
#2382 = LINE('',#2383,#2384);
#2383 = CARTESIAN_POINT('',(190.,208.,20.));
#2384 = VECTOR('',#2385,1.);
#2385 = DIRECTION('',(1.110223024625E-16,1.,0.));
#2386 = ORIENTED_EDGE('',*,*,#2387,.T.);
#2387 = EDGE_CURVE('',#2380,#2388,#2390,.T.);
#2388 = VERTEX_POINT('',#2389);
#2389 = CARTESIAN_POINT('',(190.,225.,4.));
#2390 = LINE('',#2391,#2392);
#2391 = CARTESIAN_POINT('',(190.,225.,20.));
#2392 = VECTOR('',#2393,1.);
#2393 = DIRECTION('',(0.,0.,-1.));
#2394 = ORIENTED_EDGE('',*,*,#2395,.T.);
#2395 = EDGE_CURVE('',#2388,#2396,#2398,.T.);
#2396 = VERTEX_POINT('',#2397);
#2397 = CARTESIAN_POINT('',(190.,216.5,13.11513403521));
#2398 = LINE('',#2399,#2400);
#2399 = CARTESIAN_POINT('',(190.,225.,4.));
#2400 = VECTOR('',#2401,1.);
#2401 = DIRECTION('',(-7.57170282098E-17,-0.681998360062,0.731353701619)
  );
#2402 = ORIENTED_EDGE('',*,*,#2403,.T.);
#2403 = EDGE_CURVE('',#2396,#1891,#2404,.T.);
#2404 = LINE('',#2405,#2406);
#2405 = CARTESIAN_POINT('',(190.,216.5,13.11513403521));
#2406 = VECTOR('',#2407,1.);
#2407 = DIRECTION('',(-7.57170282098E-17,-0.681998360062,-0.731353701619
    ));
#2408 = PLANE('',#2409);
#2409 = AXIS2_PLACEMENT_3D('',#2410,#2411,#2412);
#2410 = CARTESIAN_POINT('',(190.,216.5,12.678933532167));
#2411 = DIRECTION('',(-1.,1.110223024625E-16,0.));
#2412 = DIRECTION('',(0.,0.,1.));
#2413 = ADVANCED_FACE('',(#2414),#2432,.T.);
#2414 = FACE_BOUND('',#2415,.T.);
#2415 = EDGE_LOOP('',(#2416,#2417,#2418,#2426));
#2416 = ORIENTED_EDGE('',*,*,#2379,.F.);
#2417 = ORIENTED_EDGE('',*,*,#1956,.T.);
#2418 = ORIENTED_EDGE('',*,*,#2419,.F.);
#2419 = EDGE_CURVE('',#2420,#1949,#2422,.T.);
#2420 = VERTEX_POINT('',#2421);
#2421 = CARTESIAN_POINT('',(170.,225.,20.));
#2422 = LINE('',#2423,#2424);
#2423 = CARTESIAN_POINT('',(170.,204.,20.));
#2424 = VECTOR('',#2425,1.);
#2425 = DIRECTION('',(-1.110223024625E-16,-1.,-0.));
#2426 = ORIENTED_EDGE('',*,*,#2427,.F.);
#2427 = EDGE_CURVE('',#2380,#2420,#2428,.T.);
#2428 = LINE('',#2429,#2430);
#2429 = CARTESIAN_POINT('',(190.,225.,20.));
#2430 = VECTOR('',#2431,1.);
#2431 = DIRECTION('',(-1.,1.110223024625E-16,0.));
#2432 = PLANE('',#2433);
#2433 = AXIS2_PLACEMENT_3D('',#2434,#2435,#2436);
#2434 = CARTESIAN_POINT('',(190.,208.,20.));
#2435 = DIRECTION('',(0.,0.,-1.));
#2436 = DIRECTION('',(1.110223024625E-16,1.,0.));
#2437 = ADVANCED_FACE('',(#2438),#2456,.T.);
#2438 = FACE_BOUND('',#2439,.T.);
#2439 = EDGE_LOOP('',(#2440,#2441,#2449,#2455));
#2440 = ORIENTED_EDGE('',*,*,#1948,.T.);
#2441 = ORIENTED_EDGE('',*,*,#2442,.T.);
#2442 = EDGE_CURVE('',#1941,#2443,#2445,.T.);
#2443 = VERTEX_POINT('',#2444);
#2444 = CARTESIAN_POINT('',(170.,225.,15.));
#2445 = LINE('',#2446,#2447);
#2446 = CARTESIAN_POINT('',(170.,200.,15.));
#2447 = VECTOR('',#2448,1.);
#2448 = DIRECTION('',(1.110223024625E-16,1.,0.));
#2449 = ORIENTED_EDGE('',*,*,#2450,.T.);
#2450 = EDGE_CURVE('',#2443,#2420,#2451,.T.);
#2451 = LINE('',#2452,#2453);
#2452 = CARTESIAN_POINT('',(170.,225.,15.));
#2453 = VECTOR('',#2454,1.);
#2454 = DIRECTION('',(0.,0.,1.));
#2455 = ORIENTED_EDGE('',*,*,#2419,.T.);
#2456 = PLANE('',#2457);
#2457 = AXIS2_PLACEMENT_3D('',#2458,#2459,#2460);
#2458 = CARTESIAN_POINT('',(170.,200.,15.));
#2459 = DIRECTION('',(1.,-1.110223024625E-16,0.));
#2460 = DIRECTION('',(0.,0.,1.));
#2461 = ADVANCED_FACE('',(#2462),#2504,.T.);
#2462 = FACE_BOUND('',#2463,.T.);
#2463 = EDGE_LOOP('',(#2464,#2465,#2473,#2481,#2489,#2497,#2503));
#2464 = ORIENTED_EDGE('',*,*,#1940,.T.);
#2465 = ORIENTED_EDGE('',*,*,#2466,.T.);
#2466 = EDGE_CURVE('',#1933,#2467,#2469,.T.);
#2467 = VERTEX_POINT('',#2468);
#2468 = CARTESIAN_POINT('',(165.,213.59509051682,10.));
#2469 = LINE('',#2470,#2471);
#2470 = CARTESIAN_POINT('',(165.,200.,10.));
#2471 = VECTOR('',#2472,1.);
#2472 = DIRECTION('',(1.110223024625E-16,1.,0.));
#2473 = ORIENTED_EDGE('',*,*,#2474,.T.);
#2474 = EDGE_CURVE('',#2467,#2475,#2477,.T.);
#2475 = VERTEX_POINT('',#2476);
#2476 = CARTESIAN_POINT('',(168.11513403521,216.5,13.11513403521));
#2477 = LINE('',#2478,#2479);
#2478 = CARTESIAN_POINT('',(168.16184793817,216.54356141924,
    13.161847938174));
#2479 = VECTOR('',#2480,1.);
#2480 = DIRECTION('',(0.590324081033,0.550486111274,0.590324081033));
#2481 = ORIENTED_EDGE('',*,*,#2482,.T.);
#2482 = EDGE_CURVE('',#2475,#2483,#2485,.T.);
#2483 = VERTEX_POINT('',#2484);
#2484 = CARTESIAN_POINT('',(165.,219.40490948317,10.));
#2485 = LINE('',#2486,#2487);
#2486 = CARTESIAN_POINT('',(170.5544392909,214.22531104936,
    15.554439290907));
#2487 = VECTOR('',#2488,1.);
#2488 = DIRECTION('',(-0.590324081033,0.550486111274,-0.590324081033));
#2489 = ORIENTED_EDGE('',*,*,#2490,.T.);
#2490 = EDGE_CURVE('',#2483,#2491,#2493,.T.);
#2491 = VERTEX_POINT('',#2492);
#2492 = CARTESIAN_POINT('',(165.,225.,10.));
#2493 = LINE('',#2494,#2495);
#2494 = CARTESIAN_POINT('',(165.,200.,10.));
#2495 = VECTOR('',#2496,1.);
#2496 = DIRECTION('',(1.110223024625E-16,1.,0.));
#2497 = ORIENTED_EDGE('',*,*,#2498,.T.);
#2498 = EDGE_CURVE('',#2491,#2443,#2499,.T.);
#2499 = LINE('',#2500,#2501);
#2500 = CARTESIAN_POINT('',(165.,225.,10.));
#2501 = VECTOR('',#2502,1.);
#2502 = DIRECTION('',(0.707106781187,-7.850462293419E-17,0.707106781187)
  );
#2503 = ORIENTED_EDGE('',*,*,#2442,.F.);
#2504 = PLANE('',#2505);
#2505 = AXIS2_PLACEMENT_3D('',#2506,#2507,#2508);
#2506 = CARTESIAN_POINT('',(165.,200.,10.));
#2507 = DIRECTION('',(0.707106781187,-7.850462293419E-17,-0.707106781187
    ));
#2508 = DIRECTION('',(0.707106781187,-7.850462293419E-17,0.707106781187)
  );
#2509 = ADVANCED_FACE('',(#2510),#2543,.T.);
#2510 = FACE_BOUND('',#2511,.T.);
#2511 = EDGE_LOOP('',(#2512,#2513,#2521,#2527,#2528,#2536,#2542));
#2512 = ORIENTED_EDGE('',*,*,#1932,.T.);
#2513 = ORIENTED_EDGE('',*,*,#2514,.T.);
#2514 = EDGE_CURVE('',#1925,#2515,#2517,.T.);
#2515 = VERTEX_POINT('',#2516);
#2516 = CARTESIAN_POINT('',(160.,225.,15.));
#2517 = LINE('',#2518,#2519);
#2518 = CARTESIAN_POINT('',(160.,200.,15.));
#2519 = VECTOR('',#2520,1.);
#2520 = DIRECTION('',(1.110223024625E-16,1.,0.));
#2521 = ORIENTED_EDGE('',*,*,#2522,.T.);
#2522 = EDGE_CURVE('',#2515,#2491,#2523,.T.);
#2523 = LINE('',#2524,#2525);
#2524 = CARTESIAN_POINT('',(160.,225.,15.));
#2525 = VECTOR('',#2526,1.);
#2526 = DIRECTION('',(0.707106781187,-7.850462293419E-17,-0.707106781187
    ));
#2527 = ORIENTED_EDGE('',*,*,#2490,.F.);
#2528 = ORIENTED_EDGE('',*,*,#2529,.T.);
#2529 = EDGE_CURVE('',#2483,#2530,#2532,.T.);
#2530 = VERTEX_POINT('',#2531);
#2531 = CARTESIAN_POINT('',(161.88486596479,216.5,13.11513403521));
#2532 = LINE('',#2533,#2534);
#2533 = CARTESIAN_POINT('',(166.41521112204,220.72461520454,
    8.584788877959));
#2534 = VECTOR('',#2535,1.);
#2535 = DIRECTION('',(-0.590324081033,-0.550486111274,0.590324081033));
#2536 = ORIENTED_EDGE('',*,*,#2537,.T.);
#2537 = EDGE_CURVE('',#2530,#2467,#2538,.T.);
#2538 = LINE('',#2539,#2540);
#2539 = CARTESIAN_POINT('',(168.80780247477,210.04425726406,
    6.192197525225));
#2540 = VECTOR('',#2541,1.);
#2541 = DIRECTION('',(0.590324081033,-0.550486111274,-0.590324081033));
#2542 = ORIENTED_EDGE('',*,*,#2466,.F.);
#2543 = PLANE('',#2544);
#2544 = AXIS2_PLACEMENT_3D('',#2545,#2546,#2547);
#2545 = CARTESIAN_POINT('',(160.,200.,15.));
#2546 = DIRECTION('',(-0.707106781187,7.850462293419E-17,-0.707106781187
    ));
#2547 = DIRECTION('',(0.707106781187,-7.850462293419E-17,-0.707106781187
    ));
#2548 = ADVANCED_FACE('',(#2549),#2567,.T.);
#2549 = FACE_BOUND('',#2550,.T.);
#2550 = EDGE_LOOP('',(#2551,#2559,#2565,#2566));
#2551 = ORIENTED_EDGE('',*,*,#2552,.T.);
#2552 = EDGE_CURVE('',#1917,#2553,#2555,.T.);
#2553 = VERTEX_POINT('',#2554);
#2554 = CARTESIAN_POINT('',(160.,225.,20.));
#2555 = LINE('',#2556,#2557);
#2556 = CARTESIAN_POINT('',(160.,204.,20.));
#2557 = VECTOR('',#2558,1.);
#2558 = DIRECTION('',(1.110223024625E-16,1.,0.));
#2559 = ORIENTED_EDGE('',*,*,#2560,.T.);
#2560 = EDGE_CURVE('',#2553,#2515,#2561,.T.);
#2561 = LINE('',#2562,#2563);
#2562 = CARTESIAN_POINT('',(160.,225.,25.));
#2563 = VECTOR('',#2564,1.);
#2564 = DIRECTION('',(0.,0.,-1.));
#2565 = ORIENTED_EDGE('',*,*,#2514,.F.);
#2566 = ORIENTED_EDGE('',*,*,#1924,.T.);
#2567 = PLANE('',#2568);
#2568 = AXIS2_PLACEMENT_3D('',#2569,#2570,#2571);
#2569 = CARTESIAN_POINT('',(160.,200.,25.));
#2570 = DIRECTION('',(-1.,1.110223024625E-16,0.));
#2571 = DIRECTION('',(0.,0.,-1.));
#2572 = ADVANCED_FACE('',(#2573),#2591,.T.);
#2573 = FACE_BOUND('',#2574,.T.);
#2574 = EDGE_LOOP('',(#2575,#2576,#2577,#2585));
#2575 = ORIENTED_EDGE('',*,*,#2552,.F.);
#2576 = ORIENTED_EDGE('',*,*,#1916,.T.);
#2577 = ORIENTED_EDGE('',*,*,#2578,.T.);
#2578 = EDGE_CURVE('',#1909,#2579,#2581,.T.);
#2579 = VERTEX_POINT('',#2580);
#2580 = CARTESIAN_POINT('',(147.,225.,20.));
#2581 = LINE('',#2582,#2583);
#2582 = CARTESIAN_POINT('',(147.,208.,20.));
#2583 = VECTOR('',#2584,1.);
#2584 = DIRECTION('',(1.110223024625E-16,1.,0.));
#2585 = ORIENTED_EDGE('',*,*,#2586,.F.);
#2586 = EDGE_CURVE('',#2553,#2579,#2587,.T.);
#2587 = LINE('',#2588,#2589);
#2588 = CARTESIAN_POINT('',(190.,225.,20.));
#2589 = VECTOR('',#2590,1.);
#2590 = DIRECTION('',(-1.,1.110223024625E-16,0.));
#2591 = PLANE('',#2592);
#2592 = AXIS2_PLACEMENT_3D('',#2593,#2594,#2595);
#2593 = CARTESIAN_POINT('',(190.,208.,20.));
#2594 = DIRECTION('',(0.,0.,-1.));
#2595 = DIRECTION('',(1.110223024625E-16,1.,0.));
#2596 = ADVANCED_FACE('',(#2597),#2623,.F.);
#2597 = FACE_BOUND('',#2598,.F.);
#2598 = EDGE_LOOP('',(#2599,#2600,#2601,#2609,#2617));
#2599 = ORIENTED_EDGE('',*,*,#1908,.T.);
#2600 = ORIENTED_EDGE('',*,*,#2578,.T.);
#2601 = ORIENTED_EDGE('',*,*,#2602,.T.);
#2602 = EDGE_CURVE('',#2579,#2603,#2605,.T.);
#2603 = VERTEX_POINT('',#2604);
#2604 = CARTESIAN_POINT('',(147.,225.,4.));
#2605 = LINE('',#2606,#2607);
#2606 = CARTESIAN_POINT('',(147.,225.,20.));
#2607 = VECTOR('',#2608,1.);
#2608 = DIRECTION('',(0.,0.,-1.));
#2609 = ORIENTED_EDGE('',*,*,#2610,.T.);
#2610 = EDGE_CURVE('',#2603,#2611,#2613,.T.);
#2611 = VERTEX_POINT('',#2612);
#2612 = CARTESIAN_POINT('',(147.,216.5,13.11513403521));
#2613 = LINE('',#2614,#2615);
#2614 = CARTESIAN_POINT('',(147.,225.,4.));
#2615 = VECTOR('',#2616,1.);
#2616 = DIRECTION('',(-7.57170282098E-17,-0.681998360062,0.731353701619)
  );
#2617 = ORIENTED_EDGE('',*,*,#2618,.T.);
#2618 = EDGE_CURVE('',#2611,#1901,#2619,.T.);
#2619 = LINE('',#2620,#2621);
#2620 = CARTESIAN_POINT('',(147.,216.5,13.11513403521));
#2621 = VECTOR('',#2622,1.);
#2622 = DIRECTION('',(-7.57170282098E-17,-0.681998360062,-0.731353701619
    ));
#2623 = PLANE('',#2624);
#2624 = AXIS2_PLACEMENT_3D('',#2625,#2626,#2627);
#2625 = CARTESIAN_POINT('',(147.,216.5,12.678933532167));
#2626 = DIRECTION('',(-1.,1.110223024625E-16,0.));
#2627 = DIRECTION('',(0.,0.,1.));
#2628 = ADVANCED_FACE('',(#2629),#2648,.T.);
#2629 = FACE_BOUND('',#2630,.T.);
#2630 = EDGE_LOOP('',(#2631,#2632,#2638,#2639,#2640,#2646,#2647));
#2631 = ORIENTED_EDGE('',*,*,#2403,.F.);
#2632 = ORIENTED_EDGE('',*,*,#2633,.T.);
#2633 = EDGE_CURVE('',#2396,#2475,#2634,.T.);
#2634 = LINE('',#2635,#2636);
#2635 = CARTESIAN_POINT('',(190.,216.5,13.11513403521));
#2636 = VECTOR('',#2637,1.);
#2637 = DIRECTION('',(-1.,1.110223024625E-16,0.));
#2638 = ORIENTED_EDGE('',*,*,#2474,.F.);
#2639 = ORIENTED_EDGE('',*,*,#2537,.F.);
#2640 = ORIENTED_EDGE('',*,*,#2641,.T.);
#2641 = EDGE_CURVE('',#2530,#2611,#2642,.T.);
#2642 = LINE('',#2643,#2644);
#2643 = CARTESIAN_POINT('',(190.,216.5,13.11513403521));
#2644 = VECTOR('',#2645,1.);
#2645 = DIRECTION('',(-1.,1.110223024625E-16,0.));
#2646 = ORIENTED_EDGE('',*,*,#2618,.T.);
#2647 = ORIENTED_EDGE('',*,*,#1900,.F.);
#2648 = PLANE('',#2649);
#2649 = AXIS2_PLACEMENT_3D('',#2650,#2651,#2652);
#2650 = CARTESIAN_POINT('',(190.,216.5,13.11513403521));
#2651 = DIRECTION('',(-8.119657186824E-17,-0.731353701619,0.681998360062
    ));
#2652 = DIRECTION('',(-7.57170282098E-17,-0.681998360062,-0.731353701619
    ));
#2653 = ADVANCED_FACE('',(#2654),#2680,.F.);
#2654 = FACE_BOUND('',#2655,.T.);
#2655 = EDGE_LOOP('',(#2656,#2667,#2673,#2674));
#2656 = ORIENTED_EDGE('',*,*,#2657,.T.);
#2657 = EDGE_CURVE('',#2658,#2660,#2662,.T.);
#2658 = VERTEX_POINT('',#2659);
#2659 = CARTESIAN_POINT('',(215.44771510034,201.64386537906,
    13.11513403521));
#2660 = VERTEX_POINT('',#2661);
#2661 = CARTESIAN_POINT('',(201.64386537906,215.44771510034,
    13.11513403521));
#2662 = CIRCLE('',#2663,21.5);
#2663 = AXIS2_PLACEMENT_3D('',#2664,#2665,#2666);
#2664 = CARTESIAN_POINT('',(195.,195.,13.11513403521));
#2665 = DIRECTION('',(0.,-0.,1.));
#2666 = DIRECTION('',(0.951056516295,0.309016994375,0.));
#2667 = ORIENTED_EDGE('',*,*,#2668,.T.);
#2668 = EDGE_CURVE('',#2660,#1993,#2669,.T.);
#2669 = LINE('',#2670,#2671);
#2670 = CARTESIAN_POINT('',(201.64386537906,215.44771510034,
    13.11513403521));
#2671 = VECTOR('',#2672,1.);
#2672 = DIRECTION('',(-0.210749083395,-0.64861898444,-0.731353701619));
#2673 = ORIENTED_EDGE('',*,*,#1990,.F.);
#2674 = ORIENTED_EDGE('',*,*,#2675,.F.);
#2675 = EDGE_CURVE('',#2658,#1991,#2676,.T.);
#2676 = LINE('',#2677,#2678);
#2677 = CARTESIAN_POINT('',(215.44771510034,201.64386537906,
    13.11513403521));
#2678 = VECTOR('',#2679,1.);
#2679 = DIRECTION('',(-0.64861898444,-0.210749083395,-0.731353701619));
#2680 = CONICAL_SURFACE('',#2681,21.5,0.750491578358);
#2681 = AXIS2_PLACEMENT_3D('',#2682,#2683,#2684);
#2682 = CARTESIAN_POINT('',(195.,195.,13.11513403521));
#2683 = DIRECTION('',(0.,0.,1.));
#2684 = DIRECTION('',(0.951056516295,0.309016994375,0.));
#2685 = ADVANCED_FACE('',(#2686),#2712,.T.);
#2686 = FACE_BOUND('',#2687,.T.);
#2687 = EDGE_LOOP('',(#2688,#2689,#2697,#2705,#2711));
#2688 = ORIENTED_EDGE('',*,*,#2018,.T.);
#2689 = ORIENTED_EDGE('',*,*,#2690,.T.);
#2690 = EDGE_CURVE('',#2010,#2691,#2693,.T.);
#2691 = VERTEX_POINT('',#2692);
#2692 = CARTESIAN_POINT('',(223.53169548885,204.27050983124,20.));
#2693 = LINE('',#2694,#2695);
#2694 = CARTESIAN_POINT('',(207.36373471183,199.01722092687,20.));
#2695 = VECTOR('',#2696,1.);
#2696 = DIRECTION('',(0.951056516295,0.309016994375,0.));
#2697 = ORIENTED_EDGE('',*,*,#2698,.T.);
#2698 = EDGE_CURVE('',#2691,#2699,#2701,.T.);
#2699 = VERTEX_POINT('',#2700);
#2700 = CARTESIAN_POINT('',(223.53169548885,204.27050983124,4.));
#2701 = LINE('',#2702,#2703);
#2702 = CARTESIAN_POINT('',(223.53169548885,204.27050983124,20.));
#2703 = VECTOR('',#2704,1.);
#2704 = DIRECTION('',(0.,0.,-1.));
#2705 = ORIENTED_EDGE('',*,*,#2706,.T.);
#2706 = EDGE_CURVE('',#2699,#2658,#2707,.T.);
#2707 = LINE('',#2708,#2709);
#2708 = CARTESIAN_POINT('',(223.53169548885,204.27050983124,4.));
#2709 = VECTOR('',#2710,1.);
#2710 = DIRECTION('',(-0.64861898444,-0.210749083395,0.731353701619));
#2711 = ORIENTED_EDGE('',*,*,#2675,.T.);
#2712 = PLANE('',#2713);
#2713 = AXIS2_PLACEMENT_3D('',#2714,#2715,#2716);
#2714 = CARTESIAN_POINT('',(215.44771510034,201.64386537906,
    12.678933532167));
#2715 = DIRECTION('',(-0.309016994375,0.951056516295,0.));
#2716 = DIRECTION('',(0.,0.,1.));
#2717 = ADVANCED_FACE('',(#2718),#2744,.F.);
#2718 = FACE_BOUND('',#2719,.F.);
#2719 = EDGE_LOOP('',(#2720,#2721,#2729,#2737,#2743));
#2720 = ORIENTED_EDGE('',*,*,#2001,.T.);
#2721 = ORIENTED_EDGE('',*,*,#2722,.T.);
#2722 = EDGE_CURVE('',#2002,#2723,#2725,.T.);
#2723 = VERTEX_POINT('',#2724);
#2724 = CARTESIAN_POINT('',(204.27050983124,223.53169548885,20.));
#2725 = LINE('',#2726,#2727);
#2726 = CARTESIAN_POINT('',(199.01722092687,207.36373471183,20.));
#2727 = VECTOR('',#2728,1.);
#2728 = DIRECTION('',(0.309016994375,0.951056516295,0.));
#2729 = ORIENTED_EDGE('',*,*,#2730,.T.);
#2730 = EDGE_CURVE('',#2723,#2731,#2733,.T.);
#2731 = VERTEX_POINT('',#2732);
#2732 = CARTESIAN_POINT('',(204.27050983124,223.53169548885,4.));
#2733 = LINE('',#2734,#2735);
#2734 = CARTESIAN_POINT('',(204.27050983124,223.53169548885,20.));
#2735 = VECTOR('',#2736,1.);
#2736 = DIRECTION('',(0.,0.,-1.));
#2737 = ORIENTED_EDGE('',*,*,#2738,.T.);
#2738 = EDGE_CURVE('',#2731,#2660,#2739,.T.);
#2739 = LINE('',#2740,#2741);
#2740 = CARTESIAN_POINT('',(204.27050983124,223.53169548885,4.));
#2741 = VECTOR('',#2742,1.);
#2742 = DIRECTION('',(-0.210749083395,-0.64861898444,0.731353701619));
#2743 = ORIENTED_EDGE('',*,*,#2668,.T.);
#2744 = PLANE('',#2745);
#2745 = AXIS2_PLACEMENT_3D('',#2746,#2747,#2748);
#2746 = CARTESIAN_POINT('',(201.64386537906,215.44771510034,
    12.678933532167));
#2747 = DIRECTION('',(-0.951056516295,0.309016994375,0.));
#2748 = DIRECTION('',(0.,0.,1.));
#2749 = ADVANCED_FACE('',(#2750),#2762,.F.);
#2750 = FACE_BOUND('',#2751,.T.);
#2751 = EDGE_LOOP('',(#2752,#2753,#2754,#2761));
#2752 = ORIENTED_EDGE('',*,*,#2009,.T.);
#2753 = ORIENTED_EDGE('',*,*,#2722,.T.);
#2754 = ORIENTED_EDGE('',*,*,#2755,.F.);
#2755 = EDGE_CURVE('',#2691,#2723,#2756,.T.);
#2756 = CIRCLE('',#2757,30.);
#2757 = AXIS2_PLACEMENT_3D('',#2758,#2759,#2760);
#2758 = CARTESIAN_POINT('',(195.,195.,20.));
#2759 = DIRECTION('',(0.,-0.,1.));
#2760 = DIRECTION('',(0.951056516295,0.309016994375,0.));
#2761 = ORIENTED_EDGE('',*,*,#2690,.F.);
#2762 = PLANE('',#2763);
#2763 = AXIS2_PLACEMENT_3D('',#2764,#2765,#2766);
#2764 = CARTESIAN_POINT('',(195.,195.,20.));
#2765 = DIRECTION('',(0.,0.,1.));
#2766 = DIRECTION('',(0.951056516295,0.309016994375,0.));
#2767 = ADVANCED_FACE('',(#2768),#2779,.T.);
#2768 = FACE_BOUND('',#2769,.T.);
#2769 = EDGE_LOOP('',(#2770,#2776,#2777,#2778));
#2770 = ORIENTED_EDGE('',*,*,#2771,.T.);
#2771 = EDGE_CURVE('',#2076,#2108,#2772,.T.);
#2772 = LINE('',#2773,#2774);
#2773 = CARTESIAN_POINT('',(98.,225.,4.));
#2774 = VECTOR('',#2775,1.);
#2775 = DIRECTION('',(-1.,1.110223024625E-16,0.));
#2776 = ORIENTED_EDGE('',*,*,#2115,.T.);
#2777 = ORIENTED_EDGE('',*,*,#2035,.F.);
#2778 = ORIENTED_EDGE('',*,*,#2083,.F.);
#2779 = PLANE('',#2780);
#2780 = AXIS2_PLACEMENT_3D('',#2781,#2782,#2783);
#2781 = CARTESIAN_POINT('',(98.,225.,4.));
#2782 = DIRECTION('',(8.119657186824E-17,0.731353701619,0.681998360062)
  );
#2783 = DIRECTION('',(-7.57170282098E-17,-0.681998360062,0.731353701619)
  );
#2784 = ADVANCED_FACE('',(#2785,#2791),#2802,.T.);
#2785 = FACE_BOUND('',#2786,.T.);
#2786 = EDGE_LOOP('',(#2787,#2788,#2789,#2790));
#2787 = ORIENTED_EDGE('',*,*,#2132,.T.);
#2788 = ORIENTED_EDGE('',*,*,#2107,.T.);
#2789 = ORIENTED_EDGE('',*,*,#2771,.F.);
#2790 = ORIENTED_EDGE('',*,*,#2075,.F.);
#2791 = FACE_BOUND('',#2792,.T.);
#2792 = EDGE_LOOP('',(#2793));
#2793 = ORIENTED_EDGE('',*,*,#2794,.T.);
#2794 = EDGE_CURVE('',#2795,#2795,#2797,.T.);
#2795 = VERTEX_POINT('',#2796);
#2796 = CARTESIAN_POINT('',(76.5,225.,19.));
#2797 = CIRCLE('',#2798,2.);
#2798 = AXIS2_PLACEMENT_3D('',#2799,#2800,#2801);
#2799 = CARTESIAN_POINT('',(76.5,225.,17.));
#2800 = DIRECTION('',(1.110223024625E-16,1.,0.));
#2801 = DIRECTION('',(0.,-0.,1.));
#2802 = PLANE('',#2803);
#2803 = AXIS2_PLACEMENT_3D('',#2804,#2805,#2806);
#2804 = CARTESIAN_POINT('',(98.,225.,20.));
#2805 = DIRECTION('',(-1.110223024625E-16,-1.,0.));
#2806 = DIRECTION('',(0.,0.,-1.));
#2807 = ADVANCED_FACE('',(#2808),#2822,.T.);
#2808 = FACE_BOUND('',#2809,.T.);
#2809 = EDGE_LOOP('',(#2810,#2811,#2817,#2818,#2819,#2820,#2821));
#2810 = ORIENTED_EDGE('',*,*,#2172,.F.);
#2811 = ORIENTED_EDGE('',*,*,#2812,.T.);
#2812 = EDGE_CURVE('',#2165,#2324,#2813,.T.);
#2813 = LINE('',#2814,#2815);
#2814 = CARTESIAN_POINT('',(144.,225.,4.));
#2815 = VECTOR('',#2816,1.);
#2816 = DIRECTION('',(-1.,1.110223024625E-16,0.));
#2817 = ORIENTED_EDGE('',*,*,#2331,.T.);
#2818 = ORIENTED_EDGE('',*,*,#2362,.F.);
#2819 = ORIENTED_EDGE('',*,*,#2250,.F.);
#2820 = ORIENTED_EDGE('',*,*,#2203,.F.);
#2821 = ORIENTED_EDGE('',*,*,#2354,.F.);
#2822 = PLANE('',#2823);
#2823 = AXIS2_PLACEMENT_3D('',#2824,#2825,#2826);
#2824 = CARTESIAN_POINT('',(144.,225.,4.));
#2825 = DIRECTION('',(8.119657186824E-17,0.731353701619,0.681998360062)
  );
#2826 = DIRECTION('',(-7.57170282098E-17,-0.681998360062,0.731353701619)
  );
#2827 = ADVANCED_FACE('',(#2828,#2837),#2848,.T.);
#2828 = FACE_BOUND('',#2829,.T.);
#2829 = EDGE_LOOP('',(#2830,#2831,#2832,#2833,#2834,#2835,#2836));
#2830 = ORIENTED_EDGE('',*,*,#2281,.F.);
#2831 = ORIENTED_EDGE('',*,*,#2307,.T.);
#2832 = ORIENTED_EDGE('',*,*,#2323,.T.);
#2833 = ORIENTED_EDGE('',*,*,#2812,.F.);
#2834 = ORIENTED_EDGE('',*,*,#2164,.F.);
#2835 = ORIENTED_EDGE('',*,*,#2219,.F.);
#2836 = ORIENTED_EDGE('',*,*,#2243,.F.);
#2837 = FACE_BOUND('',#2838,.T.);
#2838 = EDGE_LOOP('',(#2839));
#2839 = ORIENTED_EDGE('',*,*,#2840,.T.);
#2840 = EDGE_CURVE('',#2841,#2841,#2843,.T.);
#2841 = VERTEX_POINT('',#2842);
#2842 = CARTESIAN_POINT('',(122.5,225.,19.));
#2843 = CIRCLE('',#2844,2.);
#2844 = AXIS2_PLACEMENT_3D('',#2845,#2846,#2847);
#2845 = CARTESIAN_POINT('',(122.5,225.,17.));
#2846 = DIRECTION('',(1.110223024625E-16,1.,0.));
#2847 = DIRECTION('',(0.,-0.,1.));
#2848 = PLANE('',#2849);
#2849 = AXIS2_PLACEMENT_3D('',#2850,#2851,#2852);
#2850 = CARTESIAN_POINT('',(144.,225.,20.));
#2851 = DIRECTION('',(-1.110223024625E-16,-1.,0.));
#2852 = DIRECTION('',(0.,0.,-1.));
#2853 = ADVANCED_FACE('',(#2854,#2870),#2881,.T.);
#2854 = FACE_BOUND('',#2855,.T.);
#2855 = EDGE_LOOP('',(#2856,#2857,#2858,#2859,#2860,#2861,#2862,#2863,
    #2864));
#2856 = ORIENTED_EDGE('',*,*,#2387,.F.);
#2857 = ORIENTED_EDGE('',*,*,#2427,.T.);
#2858 = ORIENTED_EDGE('',*,*,#2450,.F.);
#2859 = ORIENTED_EDGE('',*,*,#2498,.F.);
#2860 = ORIENTED_EDGE('',*,*,#2522,.F.);
#2861 = ORIENTED_EDGE('',*,*,#2560,.F.);
#2862 = ORIENTED_EDGE('',*,*,#2586,.T.);
#2863 = ORIENTED_EDGE('',*,*,#2602,.T.);
#2864 = ORIENTED_EDGE('',*,*,#2865,.F.);
#2865 = EDGE_CURVE('',#2388,#2603,#2866,.T.);
#2866 = LINE('',#2867,#2868);
#2867 = CARTESIAN_POINT('',(190.,225.,4.));
#2868 = VECTOR('',#2869,1.);
#2869 = DIRECTION('',(-1.,1.110223024625E-16,0.));
#2870 = FACE_BOUND('',#2871,.T.);
#2871 = EDGE_LOOP('',(#2872));
#2872 = ORIENTED_EDGE('',*,*,#2873,.T.);
#2873 = EDGE_CURVE('',#2874,#2874,#2876,.T.);
#2874 = VERTEX_POINT('',#2875);
#2875 = CARTESIAN_POINT('',(173.,225.,19.));
#2876 = CIRCLE('',#2877,2.);
#2877 = AXIS2_PLACEMENT_3D('',#2878,#2879,#2880);
#2878 = CARTESIAN_POINT('',(173.,225.,17.));
#2879 = DIRECTION('',(1.110223024625E-16,1.,0.));
#2880 = DIRECTION('',(0.,-0.,1.));
#2881 = PLANE('',#2882);
#2882 = AXIS2_PLACEMENT_3D('',#2883,#2884,#2885);
#2883 = CARTESIAN_POINT('',(190.,225.,20.));
#2884 = DIRECTION('',(-1.110223024625E-16,-1.,0.));
#2885 = DIRECTION('',(0.,0.,-1.));
#2886 = ADVANCED_FACE('',(#2887),#2896,.T.);
#2887 = FACE_BOUND('',#2888,.T.);
#2888 = EDGE_LOOP('',(#2889,#2890,#2891,#2892,#2893,#2894,#2895));
#2889 = ORIENTED_EDGE('',*,*,#2395,.F.);
#2890 = ORIENTED_EDGE('',*,*,#2865,.T.);
#2891 = ORIENTED_EDGE('',*,*,#2610,.T.);
#2892 = ORIENTED_EDGE('',*,*,#2641,.F.);
#2893 = ORIENTED_EDGE('',*,*,#2529,.F.);
#2894 = ORIENTED_EDGE('',*,*,#2482,.F.);
#2895 = ORIENTED_EDGE('',*,*,#2633,.F.);
#2896 = PLANE('',#2897);
#2897 = AXIS2_PLACEMENT_3D('',#2898,#2899,#2900);
#2898 = CARTESIAN_POINT('',(190.,225.,4.));
#2899 = DIRECTION('',(8.119657186824E-17,0.731353701619,0.681998360062)
  );
#2900 = DIRECTION('',(-7.57170282098E-17,-0.681998360062,0.731353701619)
  );
#2901 = ADVANCED_FACE('',(#2902),#2914,.T.);
#2902 = FACE_BOUND('',#2903,.T.);
#2903 = EDGE_LOOP('',(#2904,#2911,#2912,#2913));
#2904 = ORIENTED_EDGE('',*,*,#2905,.T.);
#2905 = EDGE_CURVE('',#2699,#2731,#2906,.T.);
#2906 = CIRCLE('',#2907,30.);
#2907 = AXIS2_PLACEMENT_3D('',#2908,#2909,#2910);
#2908 = CARTESIAN_POINT('',(195.,195.,4.));
#2909 = DIRECTION('',(0.,-0.,1.));
#2910 = DIRECTION('',(0.951056516295,0.309016994375,0.));
#2911 = ORIENTED_EDGE('',*,*,#2738,.T.);
#2912 = ORIENTED_EDGE('',*,*,#2657,.F.);
#2913 = ORIENTED_EDGE('',*,*,#2706,.F.);
#2914 = CONICAL_SURFACE('',#2915,30.,0.750491578358);
#2915 = AXIS2_PLACEMENT_3D('',#2916,#2917,#2918);
#2916 = CARTESIAN_POINT('',(195.,195.,4.));
#2917 = DIRECTION('',(-0.,-0.,-1.));
#2918 = DIRECTION('',(0.951056516295,0.309016994375,0.));
#2919 = ADVANCED_FACE('',(#2920,#2926),#2984,.F.);
#2920 = FACE_BOUND('',#2921,.T.);
#2921 = EDGE_LOOP('',(#2922,#2923,#2924,#2925));
#2922 = ORIENTED_EDGE('',*,*,#2755,.T.);
#2923 = ORIENTED_EDGE('',*,*,#2730,.T.);
#2924 = ORIENTED_EDGE('',*,*,#2905,.F.);
#2925 = ORIENTED_EDGE('',*,*,#2698,.F.);
#2926 = FACE_BOUND('',#2927,.T.);
#2927 = EDGE_LOOP('',(#2928));
#2928 = ORIENTED_EDGE('',*,*,#2929,.T.);
#2929 = EDGE_CURVE('',#2930,#2930,#2932,.T.);
#2930 = VERTEX_POINT('',#2931);
#2931 = CARTESIAN_POINT('',(214.75179692614,217.58022405089,17.));
#2932 = B_SPLINE_CURVE_WITH_KNOTS('',8,(#2933,#2934,#2935,#2936,#2937,
    #2938,#2939,#2940,#2941,#2942,#2943,#2944,#2945,#2946,#2947,#2948,
    #2949,#2950,#2951,#2952,#2953,#2954,#2955,#2956,#2957,#2958,#2959,
    #2960,#2961,#2962,#2963,#2964,#2965,#2966,#2967,#2968,#2969,#2970,
    #2971,#2972,#2973,#2974,#2975,#2976,#2977,#2978,#2979,#2980,#2981,
    #2982,#2983),.UNSPECIFIED.,.T.,.F.,(9,7,7,7,7,7,7,9),(0.,
    0.153629615394,0.285722112201,0.421698469682,0.589519665381,
    0.714910147097,0.837269719393,1.),.UNSPECIFIED.);
#2933 = CARTESIAN_POINT('',(214.75179692614,217.58022405089,17.));
#2934 = CARTESIAN_POINT('',(214.75179692614,217.58022405089,
    17.208679250411));
#2935 = CARTESIAN_POINT('',(214.77056836789,217.56380379023,
    17.417274983597));
#2936 = CARTESIAN_POINT('',(214.80808402049,217.53098798833,
    17.624028314436));
#2937 = CARTESIAN_POINT('',(214.86466051779,217.48134319583,
    17.827045383933));
#2938 = CARTESIAN_POINT('',(214.94083019859,217.41409900002,
    18.023950037105));
#2939 = CARTESIAN_POINT('',(215.03722971636,217.32819606592,
    18.211648172821));
#2940 = CARTESIAN_POINT('',(215.15442442202,217.22238435026,
    18.385978756371));
#2941 = CARTESIAN_POINT('',(215.41138173493,216.98639376471,
    18.674338292778));
#2942 = CARTESIAN_POINT('',(215.54969302218,216.85802262719,
    18.797901603863));
#2943 = CARTESIAN_POINT('',(215.70507241962,216.71182960791,
    18.901331005278));
#2944 = CARTESIAN_POINT('',(215.87329025905,216.55084090869,
    18.976828644918));
#2945 = CARTESIAN_POINT('',(216.04883059448,216.37946246989,
    19.019205147227));
#2946 = CARTESIAN_POINT('',(216.22579632098,216.20308685467,
    19.025987353457));
#2947 = CARTESIAN_POINT('',(216.3984970412,216.02759178699,
    18.997532349658));
#2948 = CARTESIAN_POINT('',(216.73028676009,215.68461332879,
    18.875025377692));
#2949 = CARTESIAN_POINT('',(216.88338799066,215.52313877776,
    18.781078677563));
#2950 = CARTESIAN_POINT('',(217.01992971592,215.37648002497,
    18.661692212056));
#2951 = CARTESIAN_POINT('',(217.13949523329,215.24606334828,
    18.522287108129));
#2952 = CARTESIAN_POINT('',(217.2421848016,215.13265824679,
    18.367603324794));
#2953 = CARTESIAN_POINT('',(217.32840763255,215.03651974837,
    18.201842612603));
#2954 = CARTESIAN_POINT('',(217.39880219796,214.95747069091,
    18.028733189237));
#2955 = CARTESIAN_POINT('',(217.52255487172,214.81779878201,
    17.632890758846));
#2956 = CARTESIAN_POINT('',(217.56878174415,214.76501501766,
    17.405728006236));
#2957 = CARTESIAN_POINT('',(217.59427252419,214.73570638808,
    17.173785435688));
#2958 = CARTESIAN_POINT('',(217.59973339655,214.72940105624,
    16.939739868761));
#2959 = CARTESIAN_POINT('',(217.58528906391,214.74603701397,
    16.706036727573));
#2960 = CARTESIAN_POINT('',(217.55054759512,214.78590613193,
    16.475293880317));
#2961 = CARTESIAN_POINT('',(217.4946401691,214.8495610493,
    16.250660957286));
#2962 = CARTESIAN_POINT('',(217.35769255066,215.0035334202,
    15.876473132917));
#2963 = CARTESIAN_POINT('',(217.28602544052,215.0836646923,
    15.720778197974));
#2964 = CARTESIAN_POINT('',(217.20062492278,215.17844918858,
    15.572326717895));
#2965 = CARTESIAN_POINT('',(217.10105765981,215.28790520033,
    15.434328720907));
#2966 = CARTESIAN_POINT('',(216.98711161875,215.41167816102,
    15.310297586269));
#2967 = CARTESIAN_POINT('',(216.85885146698,215.54899824052,
    15.204087472393));
#2968 = CARTESIAN_POINT('',(216.71675609192,215.69860028331,
    15.119978683339));
#2969 = CARTESIAN_POINT('',(216.41096165128,216.01470684058,
    15.007069967867));
#2970 = CARTESIAN_POINT('',(216.25150025875,216.17695971586,
    14.978324545851));
#2971 = CARTESIAN_POINT('',(216.08769430524,216.34069470672,
    14.979690384038));
#2972 = CARTESIAN_POINT('',(215.92423907038,216.50099960034,
    15.011841735339));
#2973 = CARTESIAN_POINT('',(215.76609177217,216.65325944987,
    15.073126593936));
#2974 = CARTESIAN_POINT('',(215.61793680391,216.79358484469,
    15.159651081003));
#2975 = CARTESIAN_POINT('',(215.4836130225,216.91911047484,
    15.265341025644));
#2976 = CARTESIAN_POINT('',(215.20878240308,217.17319910114,
    15.537069664175));
#2977 = CARTESIAN_POINT('',(215.07554169636,217.29401537714,
    15.716771708597));
#2978 = CARTESIAN_POINT('',(214.96601650937,217.3918510226,
    15.913245322981));
#2979 = CARTESIAN_POINT('',(214.87960379603,217.46822773268,
    16.121078913909));
#2980 = CARTESIAN_POINT('',(214.81551652928,217.524486877,
    16.336318438222));
#2981 = CARTESIAN_POINT('',(214.7730570705,217.5616266881,
    16.556013430505));
#2982 = CARTESIAN_POINT('',(214.75179692614,217.58022405089,
    16.777918242368));
#2983 = CARTESIAN_POINT('',(214.75179692614,217.58022405089,17.));
#2984 = CYLINDRICAL_SURFACE('',#2985,30.);
#2985 = AXIS2_PLACEMENT_3D('',#2986,#2987,#2988);
#2986 = CARTESIAN_POINT('',(195.,195.,20.));
#2987 = DIRECTION('',(-0.,-0.,-1.));
#2988 = DIRECTION('',(0.951056516295,0.309016994375,0.));
#2989 = ADVANCED_FACE('',(#2990),#3009,.F.);
#2990 = FACE_BOUND('',#2991,.F.);
#2991 = EDGE_LOOP('',(#2992,#3001,#3007,#3008));
#2992 = ORIENTED_EDGE('',*,*,#2993,.F.);
#2993 = EDGE_CURVE('',#2994,#2994,#2996,.T.);
#2994 = VERTEX_POINT('',#2995);
#2995 = CARTESIAN_POINT('',(76.5,229.,19.));
#2996 = CIRCLE('',#2997,2.);
#2997 = AXIS2_PLACEMENT_3D('',#2998,#2999,#3000);
#2998 = CARTESIAN_POINT('',(76.5,229.,17.));
#2999 = DIRECTION('',(1.110223024625E-16,1.,0.));
#3000 = DIRECTION('',(0.,-0.,1.));
#3001 = ORIENTED_EDGE('',*,*,#3002,.F.);
#3002 = EDGE_CURVE('',#2795,#2994,#3003,.T.);
#3003 = LINE('',#3004,#3005);
#3004 = CARTESIAN_POINT('',(76.5,224.,19.));
#3005 = VECTOR('',#3006,1.);
#3006 = DIRECTION('',(1.110223024625E-16,1.,0.));
#3007 = ORIENTED_EDGE('',*,*,#2794,.T.);
#3008 = ORIENTED_EDGE('',*,*,#3002,.T.);
#3009 = CYLINDRICAL_SURFACE('',#3010,2.);
#3010 = AXIS2_PLACEMENT_3D('',#3011,#3012,#3013);
#3011 = CARTESIAN_POINT('',(76.5,224.,17.));
#3012 = DIRECTION('',(1.110223024625E-16,1.,0.));
#3013 = DIRECTION('',(0.,0.,1.));
#3014 = ADVANCED_FACE('',(#3015),#3034,.F.);
#3015 = FACE_BOUND('',#3016,.F.);
#3016 = EDGE_LOOP('',(#3017,#3026,#3032,#3033));
#3017 = ORIENTED_EDGE('',*,*,#3018,.F.);
#3018 = EDGE_CURVE('',#3019,#3019,#3021,.T.);
#3019 = VERTEX_POINT('',#3020);
#3020 = CARTESIAN_POINT('',(122.5,229.,19.));
#3021 = CIRCLE('',#3022,2.);
#3022 = AXIS2_PLACEMENT_3D('',#3023,#3024,#3025);
#3023 = CARTESIAN_POINT('',(122.5,229.,17.));
#3024 = DIRECTION('',(1.110223024625E-16,1.,0.));
#3025 = DIRECTION('',(0.,-0.,1.));
#3026 = ORIENTED_EDGE('',*,*,#3027,.F.);
#3027 = EDGE_CURVE('',#2841,#3019,#3028,.T.);
#3028 = LINE('',#3029,#3030);
#3029 = CARTESIAN_POINT('',(122.5,224.,19.));
#3030 = VECTOR('',#3031,1.);
#3031 = DIRECTION('',(1.110223024625E-16,1.,0.));
#3032 = ORIENTED_EDGE('',*,*,#2840,.T.);
#3033 = ORIENTED_EDGE('',*,*,#3027,.T.);
#3034 = CYLINDRICAL_SURFACE('',#3035,2.);
#3035 = AXIS2_PLACEMENT_3D('',#3036,#3037,#3038);
#3036 = CARTESIAN_POINT('',(122.5,224.,17.));
#3037 = DIRECTION('',(1.110223024625E-16,1.,0.));
#3038 = DIRECTION('',(0.,0.,1.));
#3039 = ADVANCED_FACE('',(#3040),#3059,.F.);
#3040 = FACE_BOUND('',#3041,.F.);
#3041 = EDGE_LOOP('',(#3042,#3051,#3057,#3058));
#3042 = ORIENTED_EDGE('',*,*,#3043,.F.);
#3043 = EDGE_CURVE('',#3044,#3044,#3046,.T.);
#3044 = VERTEX_POINT('',#3045);
#3045 = CARTESIAN_POINT('',(173.,229.,19.));
#3046 = CIRCLE('',#3047,2.);
#3047 = AXIS2_PLACEMENT_3D('',#3048,#3049,#3050);
#3048 = CARTESIAN_POINT('',(173.,229.,17.));
#3049 = DIRECTION('',(1.110223024625E-16,1.,0.));
#3050 = DIRECTION('',(0.,-0.,1.));
#3051 = ORIENTED_EDGE('',*,*,#3052,.F.);
#3052 = EDGE_CURVE('',#2874,#3044,#3053,.T.);
#3053 = LINE('',#3054,#3055);
#3054 = CARTESIAN_POINT('',(173.,224.,19.));
#3055 = VECTOR('',#3056,1.);
#3056 = DIRECTION('',(1.110223024625E-16,1.,0.));
#3057 = ORIENTED_EDGE('',*,*,#2873,.T.);
#3058 = ORIENTED_EDGE('',*,*,#3052,.T.);
#3059 = CYLINDRICAL_SURFACE('',#3060,2.);
#3060 = AXIS2_PLACEMENT_3D('',#3061,#3062,#3063);
#3061 = CARTESIAN_POINT('',(173.,224.,17.));
#3062 = DIRECTION('',(1.110223024625E-16,1.,0.));
#3063 = DIRECTION('',(0.,0.,1.));
#3064 = ADVANCED_FACE('',(#3065),#3131,.F.);
#3065 = FACE_BOUND('',#3066,.F.);
#3066 = EDGE_LOOP('',(#3067,#3123,#3129,#3130));
#3067 = ORIENTED_EDGE('',*,*,#3068,.F.);
#3068 = EDGE_CURVE('',#3069,#3069,#3071,.T.);
#3069 = VERTEX_POINT('',#3070);
#3070 = CARTESIAN_POINT('',(217.58578643762,220.41421356237,17.));
#3071 = B_SPLINE_CURVE_WITH_KNOTS('',8,(#3072,#3073,#3074,#3075,#3076,
    #3077,#3078,#3079,#3080,#3081,#3082,#3083,#3084,#3085,#3086,#3087,
    #3088,#3089,#3090,#3091,#3092,#3093,#3094,#3095,#3096,#3097,#3098,
    #3099,#3100,#3101,#3102,#3103,#3104,#3105,#3106,#3107,#3108,#3109,
    #3110,#3111,#3112,#3113,#3114,#3115,#3116,#3117,#3118,#3119,#3120,
    #3121,#3122),.UNSPECIFIED.,.T.,.F.,(9,7,7,7,7,7,7,9),(0.,
    0.15362503192,0.285710541159,0.421684127594,0.589525882467,
    0.714914502754,0.837271181112,1.),.UNSPECIFIED.);
#3072 = CARTESIAN_POINT('',(217.58578643762,220.41421356237,17.));
#3073 = CARTESIAN_POINT('',(217.58578643762,220.41421356237,17.208670471
    ));
#3074 = CARTESIAN_POINT('',(217.60441749177,220.3976558799,
    17.417246701114));
#3075 = CARTESIAN_POINT('',(217.64164918539,220.36456834575,
    17.623981161619));
#3076 = CARTESIAN_POINT('',(217.69780722764,220.31452262679,
    17.826988587012));
#3077 = CARTESIAN_POINT('',(217.77344288365,220.24675847483,
    18.023896409999));
#3078 = CARTESIAN_POINT('',(217.86922258828,220.16023750999,
    18.211608894556));
#3079 = CARTESIAN_POINT('',(217.98575474627,220.05374749127,
    18.385959559567));
#3080 = CARTESIAN_POINT('',(218.24150580428,219.81649487493,
    18.674351723168));
#3081 = CARTESIAN_POINT('',(218.37923756042,219.68753276102,
    18.79791518763));
#3082 = CARTESIAN_POINT('',(218.53407805082,219.5407970826,
    18.901340930502));
#3083 = CARTESIAN_POINT('',(218.70187044528,219.37938312124,
    18.976834686492));
#3084 = CARTESIAN_POINT('',(218.87716457295,219.20776108772,
    19.019207109129));
#3085 = CARTESIAN_POINT('',(219.054092033,219.03135391771,
    19.025985615648));
#3086 = CARTESIAN_POINT('',(219.22695099598,218.85602918654,
    18.997529343987));
#3087 = CARTESIAN_POINT('',(219.5593879574,218.51372043732,
    18.875026450897));
#3088 = CARTESIAN_POINT('',(219.71298430281,218.35273629086,
    18.781080166424));
#3089 = CARTESIAN_POINT('',(219.85012634311,218.20666808291,
    18.661690543674));
#3090 = CARTESIAN_POINT('',(219.97033541172,218.07688567329,
    18.522278954996));
#3091 = CARTESIAN_POINT('',(220.0736586203,217.96410961754,
    18.36758766034));
#3092 = CARTESIAN_POINT('',(220.16046498075,217.86855692698,
    18.201822253695));
#3093 = CARTESIAN_POINT('',(220.2313658587,217.79002295305,
    18.028716060805));
#3094 = CARTESIAN_POINT('',(220.35605558306,217.65129277054,
    17.63288065662));
#3095 = CARTESIAN_POINT('',(220.40266751522,217.59889826887,
    17.405716975466));
#3096 = CARTESIAN_POINT('',(220.42838119139,217.56981808179,
    17.173781749784));
#3097 = CARTESIAN_POINT('',(220.43389160659,217.5635630536,
    16.93974724194));
#3098 = CARTESIAN_POINT('',(220.41932013582,217.58006689275,
    16.706053161766));
#3099 = CARTESIAN_POINT('',(220.38427909278,217.61962956836,
    16.475312765337));
#3100 = CARTESIAN_POINT('',(220.32791534795,217.68282622257,
    16.250673826684));
#3101 = CARTESIAN_POINT('',(220.1899632399,217.83579449838,
    15.876485494871));
#3102 = CARTESIAN_POINT('',(220.11779981234,217.91542350442,
    15.720792100749));
#3103 = CARTESIAN_POINT('',(220.0318461775,218.00965479319,
    15.572336324547));
#3104 = CARTESIAN_POINT('',(219.93169368807,218.11853098556,
    15.434332321744));
#3105 = CARTESIAN_POINT('',(219.81716479984,218.24172966819,
    15.310296497205));
#3106 = CARTESIAN_POINT('',(219.68836749905,218.37852043328,
    15.204084701226));
#3107 = CARTESIAN_POINT('',(219.5458292381,218.52768178573,
    15.119977166229));
#3108 = CARTESIAN_POINT('',(219.23943753091,218.84317186124,
    15.007071939357));
#3109 = CARTESIAN_POINT('',(219.07981702793,219.00525550553,
    14.978326260524));
#3110 = CARTESIAN_POINT('',(218.91601919076,219.16899100553,
    14.979689714125));
#3111 = CARTESIAN_POINT('',(218.75275182415,219.32947881696,
    15.011837721437));
#3112 = CARTESIAN_POINT('',(218.59495204853,219.48208401532,
    15.073118716159));
#3113 = CARTESIAN_POINT('',(218.44725677908,219.6228714344,
    15.159639524493));
#3114 = CARTESIAN_POINT('',(218.31344562832,219.74892029548,
    15.265329319914));
#3115 = CARTESIAN_POINT('',(218.0398069305,220.0042583605,
    15.537087507474));
#3116 = CARTESIAN_POINT('',(217.90728963101,220.12581446305,
    15.716809299698));
#3117 = CARTESIAN_POINT('',(217.79845369406,220.22433907954,
    15.91329835057));
#3118 = CARTESIAN_POINT('',(217.71263948029,220.30130208347,
    16.121138387722));
#3119 = CARTESIAN_POINT('',(217.64902328176,220.35801528741,
    16.336373255985));
#3120 = CARTESIAN_POINT('',(217.60688557248,220.39546235627,
    16.556053645322));
#3121 = CARTESIAN_POINT('',(217.58578643762,220.41421356237,
    16.777938198183));
#3122 = CARTESIAN_POINT('',(217.58578643762,220.41421356237,17.));
#3123 = ORIENTED_EDGE('',*,*,#3124,.F.);
#3124 = EDGE_CURVE('',#2930,#3069,#3125,.T.);
#3125 = LINE('',#3126,#3127);
#3126 = CARTESIAN_POINT('',(214.09188309203,216.92031021678,17.));
#3127 = VECTOR('',#3128,1.);
#3128 = DIRECTION('',(0.707106781187,0.707106781187,-1.101497328414E-32)
  );
#3129 = ORIENTED_EDGE('',*,*,#2929,.T.);
#3130 = ORIENTED_EDGE('',*,*,#3124,.T.);
#3131 = CYLINDRICAL_SURFACE('',#3132,2.);
#3132 = AXIS2_PLACEMENT_3D('',#3133,#3134,#3135);
#3133 = CARTESIAN_POINT('',(215.50609665441,215.50609665441,17.));
#3134 = DIRECTION('',(0.707106781187,0.707106781187,0.));
#3135 = DIRECTION('',(-0.707106781187,0.707106781187,0.));
#3136 = ADVANCED_FACE('',(#3137,#3171),#3174,.T.);
#3137 = FACE_BOUND('',#3138,.T.);
#3138 = EDGE_LOOP('',(#3139,#3149,#3157,#3165));
#3139 = ORIENTED_EDGE('',*,*,#3140,.T.);
#3140 = EDGE_CURVE('',#3141,#3143,#3145,.T.);
#3141 = VERTEX_POINT('',#3142);
#3142 = CARTESIAN_POINT('',(98.,229.,4.));
#3143 = VERTEX_POINT('',#3144);
#3144 = CARTESIAN_POINT('',(55.,229.,4.));
#3145 = LINE('',#3146,#3147);
#3146 = CARTESIAN_POINT('',(98.,229.,4.));
#3147 = VECTOR('',#3148,1.);
#3148 = DIRECTION('',(-1.,1.110223024625E-16,0.));
#3149 = ORIENTED_EDGE('',*,*,#3150,.T.);
#3150 = EDGE_CURVE('',#3143,#3151,#3153,.T.);
#3151 = VERTEX_POINT('',#3152);
#3152 = CARTESIAN_POINT('',(55.,229.,20.));
#3153 = LINE('',#3154,#3155);
#3154 = CARTESIAN_POINT('',(55.,229.,4.));
#3155 = VECTOR('',#3156,1.);
#3156 = DIRECTION('',(0.,0.,1.));
#3157 = ORIENTED_EDGE('',*,*,#3158,.F.);
#3158 = EDGE_CURVE('',#3159,#3151,#3161,.T.);
#3159 = VERTEX_POINT('',#3160);
#3160 = CARTESIAN_POINT('',(98.,229.,20.));
#3161 = LINE('',#3162,#3163);
#3162 = CARTESIAN_POINT('',(98.,229.,20.));
#3163 = VECTOR('',#3164,1.);
#3164 = DIRECTION('',(-1.,1.110223024625E-16,0.));
#3165 = ORIENTED_EDGE('',*,*,#3166,.F.);
#3166 = EDGE_CURVE('',#3141,#3159,#3167,.T.);
#3167 = LINE('',#3168,#3169);
#3168 = CARTESIAN_POINT('',(98.,229.,4.));
#3169 = VECTOR('',#3170,1.);
#3170 = DIRECTION('',(0.,0.,1.));
#3171 = FACE_BOUND('',#3172,.T.);
#3172 = EDGE_LOOP('',(#3173));
#3173 = ORIENTED_EDGE('',*,*,#2993,.F.);
#3174 = PLANE('',#3175);
#3175 = AXIS2_PLACEMENT_3D('',#3176,#3177,#3178);
#3176 = CARTESIAN_POINT('',(98.,229.,4.));
#3177 = DIRECTION('',(1.110223024625E-16,1.,0.));
#3178 = DIRECTION('',(0.,0.,1.));
#3179 = ADVANCED_FACE('',(#3180,#3214),#3217,.T.);
#3180 = FACE_BOUND('',#3181,.T.);
#3181 = EDGE_LOOP('',(#3182,#3192,#3200,#3208));
#3182 = ORIENTED_EDGE('',*,*,#3183,.T.);
#3183 = EDGE_CURVE('',#3184,#3186,#3188,.T.);
#3184 = VERTEX_POINT('',#3185);
#3185 = CARTESIAN_POINT('',(144.,229.,4.));
#3186 = VERTEX_POINT('',#3187);
#3187 = CARTESIAN_POINT('',(101.,229.,4.));
#3188 = LINE('',#3189,#3190);
#3189 = CARTESIAN_POINT('',(144.,229.,4.));
#3190 = VECTOR('',#3191,1.);
#3191 = DIRECTION('',(-1.,1.110223024625E-16,0.));
#3192 = ORIENTED_EDGE('',*,*,#3193,.T.);
#3193 = EDGE_CURVE('',#3186,#3194,#3196,.T.);
#3194 = VERTEX_POINT('',#3195);
#3195 = CARTESIAN_POINT('',(101.,229.,20.));
#3196 = LINE('',#3197,#3198);
#3197 = CARTESIAN_POINT('',(101.,229.,4.));
#3198 = VECTOR('',#3199,1.);
#3199 = DIRECTION('',(0.,0.,1.));
#3200 = ORIENTED_EDGE('',*,*,#3201,.F.);
#3201 = EDGE_CURVE('',#3202,#3194,#3204,.T.);
#3202 = VERTEX_POINT('',#3203);
#3203 = CARTESIAN_POINT('',(144.,229.,20.));
#3204 = LINE('',#3205,#3206);
#3205 = CARTESIAN_POINT('',(144.,229.,20.));
#3206 = VECTOR('',#3207,1.);
#3207 = DIRECTION('',(-1.,1.110223024625E-16,0.));
#3208 = ORIENTED_EDGE('',*,*,#3209,.F.);
#3209 = EDGE_CURVE('',#3184,#3202,#3210,.T.);
#3210 = LINE('',#3211,#3212);
#3211 = CARTESIAN_POINT('',(144.,229.,4.));
#3212 = VECTOR('',#3213,1.);
#3213 = DIRECTION('',(0.,0.,1.));
#3214 = FACE_BOUND('',#3215,.T.);
#3215 = EDGE_LOOP('',(#3216));
#3216 = ORIENTED_EDGE('',*,*,#3018,.F.);
#3217 = PLANE('',#3218);
#3218 = AXIS2_PLACEMENT_3D('',#3219,#3220,#3221);
#3219 = CARTESIAN_POINT('',(144.,229.,4.));
#3220 = DIRECTION('',(1.110223024625E-16,1.,0.));
#3221 = DIRECTION('',(0.,0.,1.));
#3222 = ADVANCED_FACE('',(#3223,#3257),#3260,.T.);
#3223 = FACE_BOUND('',#3224,.T.);
#3224 = EDGE_LOOP('',(#3225,#3235,#3243,#3251));
#3225 = ORIENTED_EDGE('',*,*,#3226,.T.);
#3226 = EDGE_CURVE('',#3227,#3229,#3231,.T.);
#3227 = VERTEX_POINT('',#3228);
#3228 = CARTESIAN_POINT('',(190.,229.,4.));
#3229 = VERTEX_POINT('',#3230);
#3230 = CARTESIAN_POINT('',(147.,229.,4.));
#3231 = LINE('',#3232,#3233);
#3232 = CARTESIAN_POINT('',(190.,229.,4.));
#3233 = VECTOR('',#3234,1.);
#3234 = DIRECTION('',(-1.,1.110223024625E-16,0.));
#3235 = ORIENTED_EDGE('',*,*,#3236,.T.);
#3236 = EDGE_CURVE('',#3229,#3237,#3239,.T.);
#3237 = VERTEX_POINT('',#3238);
#3238 = CARTESIAN_POINT('',(147.,229.,20.));
#3239 = LINE('',#3240,#3241);
#3240 = CARTESIAN_POINT('',(147.,229.,4.));
#3241 = VECTOR('',#3242,1.);
#3242 = DIRECTION('',(0.,0.,1.));
#3243 = ORIENTED_EDGE('',*,*,#3244,.F.);
#3244 = EDGE_CURVE('',#3245,#3237,#3247,.T.);
#3245 = VERTEX_POINT('',#3246);
#3246 = CARTESIAN_POINT('',(190.,229.,20.));
#3247 = LINE('',#3248,#3249);
#3248 = CARTESIAN_POINT('',(190.,229.,20.));
#3249 = VECTOR('',#3250,1.);
#3250 = DIRECTION('',(-1.,1.110223024625E-16,0.));
#3251 = ORIENTED_EDGE('',*,*,#3252,.F.);
#3252 = EDGE_CURVE('',#3227,#3245,#3253,.T.);
#3253 = LINE('',#3254,#3255);
#3254 = CARTESIAN_POINT('',(190.,229.,4.));
#3255 = VECTOR('',#3256,1.);
#3256 = DIRECTION('',(0.,0.,1.));
#3257 = FACE_BOUND('',#3258,.T.);
#3258 = EDGE_LOOP('',(#3259));
#3259 = ORIENTED_EDGE('',*,*,#3043,.F.);
#3260 = PLANE('',#3261);
#3261 = AXIS2_PLACEMENT_3D('',#3262,#3263,#3264);
#3262 = CARTESIAN_POINT('',(190.,229.,4.));
#3263 = DIRECTION('',(1.110223024625E-16,1.,0.));
#3264 = DIRECTION('',(0.,0.,1.));
#3265 = ADVANCED_FACE('',(#3266,#3302),#3305,.T.);
#3266 = FACE_BOUND('',#3267,.T.);
#3267 = EDGE_LOOP('',(#3268,#3279,#3287,#3296));
#3268 = ORIENTED_EDGE('',*,*,#3269,.T.);
#3269 = EDGE_CURVE('',#3270,#3272,#3274,.T.);
#3270 = VERTEX_POINT('',#3271);
#3271 = CARTESIAN_POINT('',(227.33592155403,205.50657780874,4.));
#3272 = VERTEX_POINT('',#3273);
#3273 = CARTESIAN_POINT('',(205.50657780874,227.33592155403,4.));
#3274 = CIRCLE('',#3275,34.);
#3275 = AXIS2_PLACEMENT_3D('',#3276,#3277,#3278);
#3276 = CARTESIAN_POINT('',(195.,195.,4.));
#3277 = DIRECTION('',(0.,-0.,1.));
#3278 = DIRECTION('',(0.951056516295,0.309016994375,0.));
#3279 = ORIENTED_EDGE('',*,*,#3280,.T.);
#3280 = EDGE_CURVE('',#3272,#3281,#3283,.T.);
#3281 = VERTEX_POINT('',#3282);
#3282 = CARTESIAN_POINT('',(205.50657780874,227.33592155403,20.));
#3283 = LINE('',#3284,#3285);
#3284 = CARTESIAN_POINT('',(205.50657780874,227.33592155403,4.));
#3285 = VECTOR('',#3286,1.);
#3286 = DIRECTION('',(0.,0.,1.));
#3287 = ORIENTED_EDGE('',*,*,#3288,.F.);
#3288 = EDGE_CURVE('',#3289,#3281,#3291,.T.);
#3289 = VERTEX_POINT('',#3290);
#3290 = CARTESIAN_POINT('',(227.33592155403,205.50657780874,20.));
#3291 = CIRCLE('',#3292,34.);
#3292 = AXIS2_PLACEMENT_3D('',#3293,#3294,#3295);
#3293 = CARTESIAN_POINT('',(195.,195.,20.));
#3294 = DIRECTION('',(0.,-0.,1.));
#3295 = DIRECTION('',(0.951056516295,0.309016994375,0.));
#3296 = ORIENTED_EDGE('',*,*,#3297,.F.);
#3297 = EDGE_CURVE('',#3270,#3289,#3298,.T.);
#3298 = LINE('',#3299,#3300);
#3299 = CARTESIAN_POINT('',(227.33592155403,205.50657780874,4.));
#3300 = VECTOR('',#3301,1.);
#3301 = DIRECTION('',(0.,0.,1.));
#3302 = FACE_BOUND('',#3303,.T.);
#3303 = EDGE_LOOP('',(#3304));
#3304 = ORIENTED_EDGE('',*,*,#3068,.F.);
#3305 = CYLINDRICAL_SURFACE('',#3306,34.);
#3306 = AXIS2_PLACEMENT_3D('',#3307,#3308,#3309);
#3307 = CARTESIAN_POINT('',(195.,195.,4.));
#3308 = DIRECTION('',(0.,0.,1.));
#3309 = DIRECTION('',(0.951056516295,0.309016994375,0.));
#3310 = ADVANCED_FACE('',(#3311),#3336,.T.);
#3311 = FACE_BOUND('',#3312,.T.);
#3312 = EDGE_LOOP('',(#3313,#3323,#3329,#3330));
#3313 = ORIENTED_EDGE('',*,*,#3314,.T.);
#3314 = EDGE_CURVE('',#3315,#3317,#3319,.T.);
#3315 = VERTEX_POINT('',#3316);
#3316 = CARTESIAN_POINT('',(98.,237.5,13.11513403521));
#3317 = VERTEX_POINT('',#3318);
#3318 = CARTESIAN_POINT('',(55.,237.5,13.11513403521));
#3319 = LINE('',#3320,#3321);
#3320 = CARTESIAN_POINT('',(98.,237.5,13.11513403521));
#3321 = VECTOR('',#3322,1.);
#3322 = DIRECTION('',(-1.,1.110223024625E-16,0.));
#3323 = ORIENTED_EDGE('',*,*,#3324,.T.);
#3324 = EDGE_CURVE('',#3317,#3143,#3325,.T.);
#3325 = LINE('',#3326,#3327);
#3326 = CARTESIAN_POINT('',(55.,237.5,13.11513403521));
#3327 = VECTOR('',#3328,1.);
#3328 = DIRECTION('',(-7.57170282098E-17,-0.681998360062,-0.731353701619
    ));
#3329 = ORIENTED_EDGE('',*,*,#3140,.F.);
#3330 = ORIENTED_EDGE('',*,*,#3331,.F.);
#3331 = EDGE_CURVE('',#3315,#3141,#3332,.T.);
#3332 = LINE('',#3333,#3334);
#3333 = CARTESIAN_POINT('',(98.,237.5,13.11513403521));
#3334 = VECTOR('',#3335,1.);
#3335 = DIRECTION('',(-7.57170282098E-17,-0.681998360062,-0.731353701619
    ));
#3336 = PLANE('',#3337);
#3337 = AXIS2_PLACEMENT_3D('',#3338,#3339,#3340);
#3338 = CARTESIAN_POINT('',(98.,237.5,13.11513403521));
#3339 = DIRECTION('',(-8.119657186824E-17,-0.731353701619,0.681998360062
    ));
#3340 = DIRECTION('',(-7.57170282098E-17,-0.681998360062,-0.731353701619
    ));
#3341 = ADVANCED_FACE('',(#3342),#3368,.T.);
#3342 = FACE_BOUND('',#3343,.T.);
#3343 = EDGE_LOOP('',(#3344,#3345,#3353,#3361,#3367));
#3344 = ORIENTED_EDGE('',*,*,#3166,.T.);
#3345 = ORIENTED_EDGE('',*,*,#3346,.T.);
#3346 = EDGE_CURVE('',#3159,#3347,#3349,.T.);
#3347 = VERTEX_POINT('',#3348);
#3348 = CARTESIAN_POINT('',(98.,246.,20.));
#3349 = LINE('',#3350,#3351);
#3350 = CARTESIAN_POINT('',(98.,229.,20.));
#3351 = VECTOR('',#3352,1.);
#3352 = DIRECTION('',(1.110223024625E-16,1.,0.));
#3353 = ORIENTED_EDGE('',*,*,#3354,.T.);
#3354 = EDGE_CURVE('',#3347,#3355,#3357,.T.);
#3355 = VERTEX_POINT('',#3356);
#3356 = CARTESIAN_POINT('',(98.,246.,4.));
#3357 = LINE('',#3358,#3359);
#3358 = CARTESIAN_POINT('',(98.,246.,20.));
#3359 = VECTOR('',#3360,1.);
#3360 = DIRECTION('',(0.,0.,-1.));
#3361 = ORIENTED_EDGE('',*,*,#3362,.T.);
#3362 = EDGE_CURVE('',#3355,#3315,#3363,.T.);
#3363 = LINE('',#3364,#3365);
#3364 = CARTESIAN_POINT('',(98.,246.,4.));
#3365 = VECTOR('',#3366,1.);
#3366 = DIRECTION('',(-7.57170282098E-17,-0.681998360062,0.731353701619)
  );
#3367 = ORIENTED_EDGE('',*,*,#3331,.T.);
#3368 = PLANE('',#3369);
#3369 = AXIS2_PLACEMENT_3D('',#3370,#3371,#3372);
#3370 = CARTESIAN_POINT('',(98.,237.5,12.678933532167));
#3371 = DIRECTION('',(-1.,1.110223024625E-16,0.));
#3372 = DIRECTION('',(0.,0.,1.));
#3373 = ADVANCED_FACE('',(#3374),#3400,.F.);
#3374 = FACE_BOUND('',#3375,.F.);
#3375 = EDGE_LOOP('',(#3376,#3377,#3385,#3393,#3399));
#3376 = ORIENTED_EDGE('',*,*,#3150,.T.);
#3377 = ORIENTED_EDGE('',*,*,#3378,.T.);
#3378 = EDGE_CURVE('',#3151,#3379,#3381,.T.);
#3379 = VERTEX_POINT('',#3380);
#3380 = CARTESIAN_POINT('',(55.,246.,20.));
#3381 = LINE('',#3382,#3383);
#3382 = CARTESIAN_POINT('',(55.,229.,20.));
#3383 = VECTOR('',#3384,1.);
#3384 = DIRECTION('',(1.110223024625E-16,1.,0.));
#3385 = ORIENTED_EDGE('',*,*,#3386,.T.);
#3386 = EDGE_CURVE('',#3379,#3387,#3389,.T.);
#3387 = VERTEX_POINT('',#3388);
#3388 = CARTESIAN_POINT('',(55.,246.,4.));
#3389 = LINE('',#3390,#3391);
#3390 = CARTESIAN_POINT('',(55.,246.,20.));
#3391 = VECTOR('',#3392,1.);
#3392 = DIRECTION('',(0.,0.,-1.));
#3393 = ORIENTED_EDGE('',*,*,#3394,.T.);
#3394 = EDGE_CURVE('',#3387,#3317,#3395,.T.);
#3395 = LINE('',#3396,#3397);
#3396 = CARTESIAN_POINT('',(55.,246.,4.));
#3397 = VECTOR('',#3398,1.);
#3398 = DIRECTION('',(-7.57170282098E-17,-0.681998360062,0.731353701619)
  );
#3399 = ORIENTED_EDGE('',*,*,#3324,.T.);
#3400 = PLANE('',#3401);
#3401 = AXIS2_PLACEMENT_3D('',#3402,#3403,#3404);
#3402 = CARTESIAN_POINT('',(55.,237.5,12.678933532167));
#3403 = DIRECTION('',(-1.,1.110223024625E-16,0.));
#3404 = DIRECTION('',(0.,0.,1.));
#3405 = ADVANCED_FACE('',(#3406),#3417,.T.);
#3406 = FACE_BOUND('',#3407,.T.);
#3407 = EDGE_LOOP('',(#3408,#3409,#3410,#3416));
#3408 = ORIENTED_EDGE('',*,*,#3158,.T.);
#3409 = ORIENTED_EDGE('',*,*,#3378,.T.);
#3410 = ORIENTED_EDGE('',*,*,#3411,.F.);
#3411 = EDGE_CURVE('',#3347,#3379,#3412,.T.);
#3412 = LINE('',#3413,#3414);
#3413 = CARTESIAN_POINT('',(98.,246.,20.));
#3414 = VECTOR('',#3415,1.);
#3415 = DIRECTION('',(-1.,1.110223024625E-16,0.));
#3416 = ORIENTED_EDGE('',*,*,#3346,.F.);
#3417 = PLANE('',#3418);
#3418 = AXIS2_PLACEMENT_3D('',#3419,#3420,#3421);
#3419 = CARTESIAN_POINT('',(98.,229.,20.));
#3420 = DIRECTION('',(0.,0.,-1.));
#3421 = DIRECTION('',(1.110223024625E-16,1.,0.));
#3422 = ADVANCED_FACE('',(#3423),#3448,.T.);
#3423 = FACE_BOUND('',#3424,.T.);
#3424 = EDGE_LOOP('',(#3425,#3435,#3441,#3442));
#3425 = ORIENTED_EDGE('',*,*,#3426,.T.);
#3426 = EDGE_CURVE('',#3427,#3429,#3431,.T.);
#3427 = VERTEX_POINT('',#3428);
#3428 = CARTESIAN_POINT('',(144.,237.5,13.11513403521));
#3429 = VERTEX_POINT('',#3430);
#3430 = CARTESIAN_POINT('',(101.,237.5,13.11513403521));
#3431 = LINE('',#3432,#3433);
#3432 = CARTESIAN_POINT('',(144.,237.5,13.11513403521));
#3433 = VECTOR('',#3434,1.);
#3434 = DIRECTION('',(-1.,1.110223024625E-16,0.));
#3435 = ORIENTED_EDGE('',*,*,#3436,.T.);
#3436 = EDGE_CURVE('',#3429,#3186,#3437,.T.);
#3437 = LINE('',#3438,#3439);
#3438 = CARTESIAN_POINT('',(101.,237.5,13.11513403521));
#3439 = VECTOR('',#3440,1.);
#3440 = DIRECTION('',(-7.57170282098E-17,-0.681998360062,-0.731353701619
    ));
#3441 = ORIENTED_EDGE('',*,*,#3183,.F.);
#3442 = ORIENTED_EDGE('',*,*,#3443,.F.);
#3443 = EDGE_CURVE('',#3427,#3184,#3444,.T.);
#3444 = LINE('',#3445,#3446);
#3445 = CARTESIAN_POINT('',(144.,237.5,13.11513403521));
#3446 = VECTOR('',#3447,1.);
#3447 = DIRECTION('',(-7.57170282098E-17,-0.681998360062,-0.731353701619
    ));
#3448 = PLANE('',#3449);
#3449 = AXIS2_PLACEMENT_3D('',#3450,#3451,#3452);
#3450 = CARTESIAN_POINT('',(144.,237.5,13.11513403521));
#3451 = DIRECTION('',(-8.119657186824E-17,-0.731353701619,0.681998360062
    ));
#3452 = DIRECTION('',(-7.57170282098E-17,-0.681998360062,-0.731353701619
    ));
#3453 = ADVANCED_FACE('',(#3454),#3480,.T.);
#3454 = FACE_BOUND('',#3455,.T.);
#3455 = EDGE_LOOP('',(#3456,#3457,#3465,#3473,#3479));
#3456 = ORIENTED_EDGE('',*,*,#3209,.T.);
#3457 = ORIENTED_EDGE('',*,*,#3458,.T.);
#3458 = EDGE_CURVE('',#3202,#3459,#3461,.T.);
#3459 = VERTEX_POINT('',#3460);
#3460 = CARTESIAN_POINT('',(144.,246.,20.));
#3461 = LINE('',#3462,#3463);
#3462 = CARTESIAN_POINT('',(144.,229.,20.));
#3463 = VECTOR('',#3464,1.);
#3464 = DIRECTION('',(1.110223024625E-16,1.,0.));
#3465 = ORIENTED_EDGE('',*,*,#3466,.T.);
#3466 = EDGE_CURVE('',#3459,#3467,#3469,.T.);
#3467 = VERTEX_POINT('',#3468);
#3468 = CARTESIAN_POINT('',(144.,246.,4.));
#3469 = LINE('',#3470,#3471);
#3470 = CARTESIAN_POINT('',(144.,246.,20.));
#3471 = VECTOR('',#3472,1.);
#3472 = DIRECTION('',(0.,0.,-1.));
#3473 = ORIENTED_EDGE('',*,*,#3474,.T.);
#3474 = EDGE_CURVE('',#3467,#3427,#3475,.T.);
#3475 = LINE('',#3476,#3477);
#3476 = CARTESIAN_POINT('',(144.,246.,4.));
#3477 = VECTOR('',#3478,1.);
#3478 = DIRECTION('',(-7.57170282098E-17,-0.681998360062,0.731353701619)
  );
#3479 = ORIENTED_EDGE('',*,*,#3443,.T.);
#3480 = PLANE('',#3481);
#3481 = AXIS2_PLACEMENT_3D('',#3482,#3483,#3484);
#3482 = CARTESIAN_POINT('',(144.,237.5,12.678933532167));
#3483 = DIRECTION('',(-1.,1.110223024625E-16,0.));
#3484 = DIRECTION('',(0.,0.,1.));
#3485 = ADVANCED_FACE('',(#3486),#3512,.F.);
#3486 = FACE_BOUND('',#3487,.F.);
#3487 = EDGE_LOOP('',(#3488,#3489,#3497,#3505,#3511));
#3488 = ORIENTED_EDGE('',*,*,#3193,.T.);
#3489 = ORIENTED_EDGE('',*,*,#3490,.T.);
#3490 = EDGE_CURVE('',#3194,#3491,#3493,.T.);
#3491 = VERTEX_POINT('',#3492);
#3492 = CARTESIAN_POINT('',(101.,246.,20.));
#3493 = LINE('',#3494,#3495);
#3494 = CARTESIAN_POINT('',(101.,229.,20.));
#3495 = VECTOR('',#3496,1.);
#3496 = DIRECTION('',(1.110223024625E-16,1.,0.));
#3497 = ORIENTED_EDGE('',*,*,#3498,.T.);
#3498 = EDGE_CURVE('',#3491,#3499,#3501,.T.);
#3499 = VERTEX_POINT('',#3500);
#3500 = CARTESIAN_POINT('',(101.,246.,4.));
#3501 = LINE('',#3502,#3503);
#3502 = CARTESIAN_POINT('',(101.,246.,20.));
#3503 = VECTOR('',#3504,1.);
#3504 = DIRECTION('',(0.,0.,-1.));
#3505 = ORIENTED_EDGE('',*,*,#3506,.T.);
#3506 = EDGE_CURVE('',#3499,#3429,#3507,.T.);
#3507 = LINE('',#3508,#3509);
#3508 = CARTESIAN_POINT('',(101.,246.,4.));
#3509 = VECTOR('',#3510,1.);
#3510 = DIRECTION('',(-7.57170282098E-17,-0.681998360062,0.731353701619)
  );
#3511 = ORIENTED_EDGE('',*,*,#3436,.T.);
#3512 = PLANE('',#3513);
#3513 = AXIS2_PLACEMENT_3D('',#3514,#3515,#3516);
#3514 = CARTESIAN_POINT('',(101.,237.5,12.678933532167));
#3515 = DIRECTION('',(-1.,1.110223024625E-16,0.));
#3516 = DIRECTION('',(0.,0.,1.));
#3517 = ADVANCED_FACE('',(#3518),#3529,.T.);
#3518 = FACE_BOUND('',#3519,.T.);
#3519 = EDGE_LOOP('',(#3520,#3521,#3522,#3528));
#3520 = ORIENTED_EDGE('',*,*,#3201,.T.);
#3521 = ORIENTED_EDGE('',*,*,#3490,.T.);
#3522 = ORIENTED_EDGE('',*,*,#3523,.F.);
#3523 = EDGE_CURVE('',#3459,#3491,#3524,.T.);
#3524 = LINE('',#3525,#3526);
#3525 = CARTESIAN_POINT('',(144.,246.,20.));
#3526 = VECTOR('',#3527,1.);
#3527 = DIRECTION('',(-1.,1.110223024625E-16,0.));
#3528 = ORIENTED_EDGE('',*,*,#3458,.F.);
#3529 = PLANE('',#3530);
#3530 = AXIS2_PLACEMENT_3D('',#3531,#3532,#3533);
#3531 = CARTESIAN_POINT('',(144.,229.,20.));
#3532 = DIRECTION('',(0.,0.,-1.));
#3533 = DIRECTION('',(1.110223024625E-16,1.,0.));
#3534 = ADVANCED_FACE('',(#3535),#3560,.T.);
#3535 = FACE_BOUND('',#3536,.T.);
#3536 = EDGE_LOOP('',(#3537,#3547,#3553,#3554));
#3537 = ORIENTED_EDGE('',*,*,#3538,.T.);
#3538 = EDGE_CURVE('',#3539,#3541,#3543,.T.);
#3539 = VERTEX_POINT('',#3540);
#3540 = CARTESIAN_POINT('',(190.,237.5,13.11513403521));
#3541 = VERTEX_POINT('',#3542);
#3542 = CARTESIAN_POINT('',(147.,237.5,13.11513403521));
#3543 = LINE('',#3544,#3545);
#3544 = CARTESIAN_POINT('',(190.,237.5,13.11513403521));
#3545 = VECTOR('',#3546,1.);
#3546 = DIRECTION('',(-1.,1.110223024625E-16,0.));
#3547 = ORIENTED_EDGE('',*,*,#3548,.T.);
#3548 = EDGE_CURVE('',#3541,#3229,#3549,.T.);
#3549 = LINE('',#3550,#3551);
#3550 = CARTESIAN_POINT('',(147.,237.5,13.11513403521));
#3551 = VECTOR('',#3552,1.);
#3552 = DIRECTION('',(-7.57170282098E-17,-0.681998360062,-0.731353701619
    ));
#3553 = ORIENTED_EDGE('',*,*,#3226,.F.);
#3554 = ORIENTED_EDGE('',*,*,#3555,.F.);
#3555 = EDGE_CURVE('',#3539,#3227,#3556,.T.);
#3556 = LINE('',#3557,#3558);
#3557 = CARTESIAN_POINT('',(190.,237.5,13.11513403521));
#3558 = VECTOR('',#3559,1.);
#3559 = DIRECTION('',(-7.57170282098E-17,-0.681998360062,-0.731353701619
    ));
#3560 = PLANE('',#3561);
#3561 = AXIS2_PLACEMENT_3D('',#3562,#3563,#3564);
#3562 = CARTESIAN_POINT('',(190.,237.5,13.11513403521));
#3563 = DIRECTION('',(-8.119657186824E-17,-0.731353701619,0.681998360062
    ));
#3564 = DIRECTION('',(-7.57170282098E-17,-0.681998360062,-0.731353701619
    ));
#3565 = ADVANCED_FACE('',(#3566),#3592,.T.);
#3566 = FACE_BOUND('',#3567,.T.);
#3567 = EDGE_LOOP('',(#3568,#3569,#3577,#3585,#3591));
#3568 = ORIENTED_EDGE('',*,*,#3252,.T.);
#3569 = ORIENTED_EDGE('',*,*,#3570,.T.);
#3570 = EDGE_CURVE('',#3245,#3571,#3573,.T.);
#3571 = VERTEX_POINT('',#3572);
#3572 = CARTESIAN_POINT('',(190.,246.,20.));
#3573 = LINE('',#3574,#3575);
#3574 = CARTESIAN_POINT('',(190.,229.,20.));
#3575 = VECTOR('',#3576,1.);
#3576 = DIRECTION('',(1.110223024625E-16,1.,0.));
#3577 = ORIENTED_EDGE('',*,*,#3578,.T.);
#3578 = EDGE_CURVE('',#3571,#3579,#3581,.T.);
#3579 = VERTEX_POINT('',#3580);
#3580 = CARTESIAN_POINT('',(190.,246.,4.));
#3581 = LINE('',#3582,#3583);
#3582 = CARTESIAN_POINT('',(190.,246.,20.));
#3583 = VECTOR('',#3584,1.);
#3584 = DIRECTION('',(0.,0.,-1.));
#3585 = ORIENTED_EDGE('',*,*,#3586,.T.);
#3586 = EDGE_CURVE('',#3579,#3539,#3587,.T.);
#3587 = LINE('',#3588,#3589);
#3588 = CARTESIAN_POINT('',(190.,246.,4.));
#3589 = VECTOR('',#3590,1.);
#3590 = DIRECTION('',(-7.57170282098E-17,-0.681998360062,0.731353701619)
  );
#3591 = ORIENTED_EDGE('',*,*,#3555,.T.);
#3592 = PLANE('',#3593);
#3593 = AXIS2_PLACEMENT_3D('',#3594,#3595,#3596);
#3594 = CARTESIAN_POINT('',(190.,237.5,12.678933532167));
#3595 = DIRECTION('',(-1.,1.110223024625E-16,0.));
#3596 = DIRECTION('',(0.,0.,1.));
#3597 = ADVANCED_FACE('',(#3598),#3624,.F.);
#3598 = FACE_BOUND('',#3599,.F.);
#3599 = EDGE_LOOP('',(#3600,#3601,#3609,#3617,#3623));
#3600 = ORIENTED_EDGE('',*,*,#3236,.T.);
#3601 = ORIENTED_EDGE('',*,*,#3602,.T.);
#3602 = EDGE_CURVE('',#3237,#3603,#3605,.T.);
#3603 = VERTEX_POINT('',#3604);
#3604 = CARTESIAN_POINT('',(147.,246.,20.));
#3605 = LINE('',#3606,#3607);
#3606 = CARTESIAN_POINT('',(147.,229.,20.));
#3607 = VECTOR('',#3608,1.);
#3608 = DIRECTION('',(1.110223024625E-16,1.,0.));
#3609 = ORIENTED_EDGE('',*,*,#3610,.T.);
#3610 = EDGE_CURVE('',#3603,#3611,#3613,.T.);
#3611 = VERTEX_POINT('',#3612);
#3612 = CARTESIAN_POINT('',(147.,246.,4.));
#3613 = LINE('',#3614,#3615);
#3614 = CARTESIAN_POINT('',(147.,246.,20.));
#3615 = VECTOR('',#3616,1.);
#3616 = DIRECTION('',(0.,0.,-1.));
#3617 = ORIENTED_EDGE('',*,*,#3618,.T.);
#3618 = EDGE_CURVE('',#3611,#3541,#3619,.T.);
#3619 = LINE('',#3620,#3621);
#3620 = CARTESIAN_POINT('',(147.,246.,4.));
#3621 = VECTOR('',#3622,1.);
#3622 = DIRECTION('',(-7.57170282098E-17,-0.681998360062,0.731353701619)
  );
#3623 = ORIENTED_EDGE('',*,*,#3548,.T.);
#3624 = PLANE('',#3625);
#3625 = AXIS2_PLACEMENT_3D('',#3626,#3627,#3628);
#3626 = CARTESIAN_POINT('',(147.,237.5,12.678933532167));
#3627 = DIRECTION('',(-1.,1.110223024625E-16,0.));
#3628 = DIRECTION('',(0.,0.,1.));
#3629 = ADVANCED_FACE('',(#3630),#3641,.T.);
#3630 = FACE_BOUND('',#3631,.T.);
#3631 = EDGE_LOOP('',(#3632,#3633,#3634,#3640));
#3632 = ORIENTED_EDGE('',*,*,#3244,.T.);
#3633 = ORIENTED_EDGE('',*,*,#3602,.T.);
#3634 = ORIENTED_EDGE('',*,*,#3635,.F.);
#3635 = EDGE_CURVE('',#3571,#3603,#3636,.T.);
#3636 = LINE('',#3637,#3638);
#3637 = CARTESIAN_POINT('',(190.,246.,20.));
#3638 = VECTOR('',#3639,1.);
#3639 = DIRECTION('',(-1.,1.110223024625E-16,0.));
#3640 = ORIENTED_EDGE('',*,*,#3570,.F.);
#3641 = PLANE('',#3642);
#3642 = AXIS2_PLACEMENT_3D('',#3643,#3644,#3645);
#3643 = CARTESIAN_POINT('',(190.,229.,20.));
#3644 = DIRECTION('',(0.,0.,-1.));
#3645 = DIRECTION('',(1.110223024625E-16,1.,0.));
#3646 = ADVANCED_FACE('',(#3647),#3673,.F.);
#3647 = FACE_BOUND('',#3648,.T.);
#3648 = EDGE_LOOP('',(#3649,#3660,#3666,#3667));
#3649 = ORIENTED_EDGE('',*,*,#3650,.T.);
#3650 = EDGE_CURVE('',#3651,#3653,#3655,.T.);
#3651 = VERTEX_POINT('',#3652);
#3652 = CARTESIAN_POINT('',(235.41990194254,208.13322226093,
    13.11513403521));
#3653 = VERTEX_POINT('',#3654);
#3654 = CARTESIAN_POINT('',(208.13322226093,235.41990194254,
    13.11513403521));
#3655 = CIRCLE('',#3656,42.5);
#3656 = AXIS2_PLACEMENT_3D('',#3657,#3658,#3659);
#3657 = CARTESIAN_POINT('',(195.,195.,13.11513403521));
#3658 = DIRECTION('',(0.,-0.,1.));
#3659 = DIRECTION('',(0.951056516295,0.309016994375,0.));
#3660 = ORIENTED_EDGE('',*,*,#3661,.T.);
#3661 = EDGE_CURVE('',#3653,#3272,#3662,.T.);
#3662 = LINE('',#3663,#3664);
#3663 = CARTESIAN_POINT('',(208.13322226093,235.41990194254,
    13.11513403521));
#3664 = VECTOR('',#3665,1.);
#3665 = DIRECTION('',(-0.210749083395,-0.64861898444,-0.731353701619));
#3666 = ORIENTED_EDGE('',*,*,#3269,.F.);
#3667 = ORIENTED_EDGE('',*,*,#3668,.F.);
#3668 = EDGE_CURVE('',#3651,#3270,#3669,.T.);
#3669 = LINE('',#3670,#3671);
#3670 = CARTESIAN_POINT('',(235.41990194254,208.13322226093,
    13.11513403521));
#3671 = VECTOR('',#3672,1.);
#3672 = DIRECTION('',(-0.64861898444,-0.210749083395,-0.731353701619));
#3673 = CONICAL_SURFACE('',#3674,42.5,0.750491578358);
#3674 = AXIS2_PLACEMENT_3D('',#3675,#3676,#3677);
#3675 = CARTESIAN_POINT('',(195.,195.,13.11513403521));
#3676 = DIRECTION('',(0.,0.,1.));
#3677 = DIRECTION('',(0.951056516295,0.309016994375,0.));
#3678 = ADVANCED_FACE('',(#3679),#3705,.T.);
#3679 = FACE_BOUND('',#3680,.T.);
#3680 = EDGE_LOOP('',(#3681,#3682,#3690,#3698,#3704));
#3681 = ORIENTED_EDGE('',*,*,#3297,.T.);
#3682 = ORIENTED_EDGE('',*,*,#3683,.T.);
#3683 = EDGE_CURVE('',#3289,#3684,#3686,.T.);
#3684 = VERTEX_POINT('',#3685);
#3685 = CARTESIAN_POINT('',(243.50388233105,210.75986671312,20.));
#3686 = LINE('',#3687,#3688);
#3687 = CARTESIAN_POINT('',(227.33592155403,205.50657780874,20.));
#3688 = VECTOR('',#3689,1.);
#3689 = DIRECTION('',(0.951056516295,0.309016994375,0.));
#3690 = ORIENTED_EDGE('',*,*,#3691,.T.);
#3691 = EDGE_CURVE('',#3684,#3692,#3694,.T.);
#3692 = VERTEX_POINT('',#3693);
#3693 = CARTESIAN_POINT('',(243.50388233105,210.75986671312,4.));
#3694 = LINE('',#3695,#3696);
#3695 = CARTESIAN_POINT('',(243.50388233105,210.75986671312,20.));
#3696 = VECTOR('',#3697,1.);
#3697 = DIRECTION('',(0.,0.,-1.));
#3698 = ORIENTED_EDGE('',*,*,#3699,.T.);
#3699 = EDGE_CURVE('',#3692,#3651,#3700,.T.);
#3700 = LINE('',#3701,#3702);
#3701 = CARTESIAN_POINT('',(243.50388233105,210.75986671312,4.));
#3702 = VECTOR('',#3703,1.);
#3703 = DIRECTION('',(-0.64861898444,-0.210749083395,0.731353701619));
#3704 = ORIENTED_EDGE('',*,*,#3668,.T.);
#3705 = PLANE('',#3706);
#3706 = AXIS2_PLACEMENT_3D('',#3707,#3708,#3709);
#3707 = CARTESIAN_POINT('',(235.41990194254,208.13322226093,
    12.678933532167));
#3708 = DIRECTION('',(-0.309016994375,0.951056516295,0.));
#3709 = DIRECTION('',(0.,0.,1.));
#3710 = ADVANCED_FACE('',(#3711),#3737,.F.);
#3711 = FACE_BOUND('',#3712,.F.);
#3712 = EDGE_LOOP('',(#3713,#3714,#3722,#3730,#3736));
#3713 = ORIENTED_EDGE('',*,*,#3280,.T.);
#3714 = ORIENTED_EDGE('',*,*,#3715,.T.);
#3715 = EDGE_CURVE('',#3281,#3716,#3718,.T.);
#3716 = VERTEX_POINT('',#3717);
#3717 = CARTESIAN_POINT('',(210.75986671312,243.50388233105,20.));
#3718 = LINE('',#3719,#3720);
#3719 = CARTESIAN_POINT('',(205.50657780874,227.33592155403,20.));
#3720 = VECTOR('',#3721,1.);
#3721 = DIRECTION('',(0.309016994375,0.951056516295,0.));
#3722 = ORIENTED_EDGE('',*,*,#3723,.T.);
#3723 = EDGE_CURVE('',#3716,#3724,#3726,.T.);
#3724 = VERTEX_POINT('',#3725);
#3725 = CARTESIAN_POINT('',(210.75986671312,243.50388233105,4.));
#3726 = LINE('',#3727,#3728);
#3727 = CARTESIAN_POINT('',(210.75986671312,243.50388233105,20.));
#3728 = VECTOR('',#3729,1.);
#3729 = DIRECTION('',(0.,0.,-1.));
#3730 = ORIENTED_EDGE('',*,*,#3731,.T.);
#3731 = EDGE_CURVE('',#3724,#3653,#3732,.T.);
#3732 = LINE('',#3733,#3734);
#3733 = CARTESIAN_POINT('',(210.75986671312,243.50388233105,4.));
#3734 = VECTOR('',#3735,1.);
#3735 = DIRECTION('',(-0.210749083395,-0.64861898444,0.731353701619));
#3736 = ORIENTED_EDGE('',*,*,#3661,.T.);
#3737 = PLANE('',#3738);
#3738 = AXIS2_PLACEMENT_3D('',#3739,#3740,#3741);
#3739 = CARTESIAN_POINT('',(208.13322226093,235.41990194254,
    12.678933532167));
#3740 = DIRECTION('',(-0.951056516295,0.309016994375,0.));
#3741 = DIRECTION('',(0.,0.,1.));
#3742 = ADVANCED_FACE('',(#3743),#3755,.F.);
#3743 = FACE_BOUND('',#3744,.T.);
#3744 = EDGE_LOOP('',(#3745,#3746,#3747,#3754));
#3745 = ORIENTED_EDGE('',*,*,#3288,.T.);
#3746 = ORIENTED_EDGE('',*,*,#3715,.T.);
#3747 = ORIENTED_EDGE('',*,*,#3748,.F.);
#3748 = EDGE_CURVE('',#3684,#3716,#3749,.T.);
#3749 = CIRCLE('',#3750,51.);
#3750 = AXIS2_PLACEMENT_3D('',#3751,#3752,#3753);
#3751 = CARTESIAN_POINT('',(195.,195.,20.));
#3752 = DIRECTION('',(0.,-0.,1.));
#3753 = DIRECTION('',(0.951056516295,0.309016994375,0.));
#3754 = ORIENTED_EDGE('',*,*,#3683,.F.);
#3755 = PLANE('',#3756);
#3756 = AXIS2_PLACEMENT_3D('',#3757,#3758,#3759);
#3757 = CARTESIAN_POINT('',(195.,195.,20.));
#3758 = DIRECTION('',(0.,0.,1.));
#3759 = DIRECTION('',(0.951056516295,0.309016994375,0.));
#3760 = ADVANCED_FACE('',(#3761),#3772,.T.);
#3761 = FACE_BOUND('',#3762,.T.);
#3762 = EDGE_LOOP('',(#3763,#3769,#3770,#3771));
#3763 = ORIENTED_EDGE('',*,*,#3764,.T.);
#3764 = EDGE_CURVE('',#3355,#3387,#3765,.T.);
#3765 = LINE('',#3766,#3767);
#3766 = CARTESIAN_POINT('',(98.,246.,4.));
#3767 = VECTOR('',#3768,1.);
#3768 = DIRECTION('',(-1.,1.110223024625E-16,0.));
#3769 = ORIENTED_EDGE('',*,*,#3394,.T.);
#3770 = ORIENTED_EDGE('',*,*,#3314,.F.);
#3771 = ORIENTED_EDGE('',*,*,#3362,.F.);
#3772 = PLANE('',#3773);
#3773 = AXIS2_PLACEMENT_3D('',#3774,#3775,#3776);
#3774 = CARTESIAN_POINT('',(98.,246.,4.));
#3775 = DIRECTION('',(8.119657186824E-17,0.731353701619,0.681998360062)
  );
#3776 = DIRECTION('',(-7.57170282098E-17,-0.681998360062,0.731353701619)
  );
#3777 = ADVANCED_FACE('',(#3778),#3784,.T.);
#3778 = FACE_BOUND('',#3779,.T.);
#3779 = EDGE_LOOP('',(#3780,#3781,#3782,#3783));
#3780 = ORIENTED_EDGE('',*,*,#3411,.T.);
#3781 = ORIENTED_EDGE('',*,*,#3386,.T.);
#3782 = ORIENTED_EDGE('',*,*,#3764,.F.);
#3783 = ORIENTED_EDGE('',*,*,#3354,.F.);
#3784 = PLANE('',#3785);
#3785 = AXIS2_PLACEMENT_3D('',#3786,#3787,#3788);
#3786 = CARTESIAN_POINT('',(98.,246.,20.));
#3787 = DIRECTION('',(-1.110223024625E-16,-1.,0.));
#3788 = DIRECTION('',(0.,0.,-1.));
#3789 = ADVANCED_FACE('',(#3790),#3801,.T.);
#3790 = FACE_BOUND('',#3791,.T.);
#3791 = EDGE_LOOP('',(#3792,#3798,#3799,#3800));
#3792 = ORIENTED_EDGE('',*,*,#3793,.T.);
#3793 = EDGE_CURVE('',#3467,#3499,#3794,.T.);
#3794 = LINE('',#3795,#3796);
#3795 = CARTESIAN_POINT('',(144.,246.,4.));
#3796 = VECTOR('',#3797,1.);
#3797 = DIRECTION('',(-1.,1.110223024625E-16,0.));
#3798 = ORIENTED_EDGE('',*,*,#3506,.T.);
#3799 = ORIENTED_EDGE('',*,*,#3426,.F.);
#3800 = ORIENTED_EDGE('',*,*,#3474,.F.);
#3801 = PLANE('',#3802);
#3802 = AXIS2_PLACEMENT_3D('',#3803,#3804,#3805);
#3803 = CARTESIAN_POINT('',(144.,246.,4.));
#3804 = DIRECTION('',(8.119657186824E-17,0.731353701619,0.681998360062)
  );
#3805 = DIRECTION('',(-7.57170282098E-17,-0.681998360062,0.731353701619)
  );
#3806 = ADVANCED_FACE('',(#3807),#3813,.T.);
#3807 = FACE_BOUND('',#3808,.T.);
#3808 = EDGE_LOOP('',(#3809,#3810,#3811,#3812));
#3809 = ORIENTED_EDGE('',*,*,#3523,.T.);
#3810 = ORIENTED_EDGE('',*,*,#3498,.T.);
#3811 = ORIENTED_EDGE('',*,*,#3793,.F.);
#3812 = ORIENTED_EDGE('',*,*,#3466,.F.);
#3813 = PLANE('',#3814);
#3814 = AXIS2_PLACEMENT_3D('',#3815,#3816,#3817);
#3815 = CARTESIAN_POINT('',(144.,246.,20.));
#3816 = DIRECTION('',(-1.110223024625E-16,-1.,0.));
#3817 = DIRECTION('',(0.,0.,-1.));
#3818 = ADVANCED_FACE('',(#3819),#3830,.T.);
#3819 = FACE_BOUND('',#3820,.T.);
#3820 = EDGE_LOOP('',(#3821,#3827,#3828,#3829));
#3821 = ORIENTED_EDGE('',*,*,#3822,.T.);
#3822 = EDGE_CURVE('',#3579,#3611,#3823,.T.);
#3823 = LINE('',#3824,#3825);
#3824 = CARTESIAN_POINT('',(190.,246.,4.));
#3825 = VECTOR('',#3826,1.);
#3826 = DIRECTION('',(-1.,1.110223024625E-16,0.));
#3827 = ORIENTED_EDGE('',*,*,#3618,.T.);
#3828 = ORIENTED_EDGE('',*,*,#3538,.F.);
#3829 = ORIENTED_EDGE('',*,*,#3586,.F.);
#3830 = PLANE('',#3831);
#3831 = AXIS2_PLACEMENT_3D('',#3832,#3833,#3834);
#3832 = CARTESIAN_POINT('',(190.,246.,4.));
#3833 = DIRECTION('',(8.119657186824E-17,0.731353701619,0.681998360062)
  );
#3834 = DIRECTION('',(-7.57170282098E-17,-0.681998360062,0.731353701619)
  );
#3835 = ADVANCED_FACE('',(#3836),#3842,.T.);
#3836 = FACE_BOUND('',#3837,.T.);
#3837 = EDGE_LOOP('',(#3838,#3839,#3840,#3841));
#3838 = ORIENTED_EDGE('',*,*,#3635,.T.);
#3839 = ORIENTED_EDGE('',*,*,#3610,.T.);
#3840 = ORIENTED_EDGE('',*,*,#3822,.F.);
#3841 = ORIENTED_EDGE('',*,*,#3578,.F.);
#3842 = PLANE('',#3843);
#3843 = AXIS2_PLACEMENT_3D('',#3844,#3845,#3846);
#3844 = CARTESIAN_POINT('',(190.,246.,20.));
#3845 = DIRECTION('',(-1.110223024625E-16,-1.,0.));
#3846 = DIRECTION('',(0.,0.,-1.));
#3847 = ADVANCED_FACE('',(#3848),#3860,.T.);
#3848 = FACE_BOUND('',#3849,.T.);
#3849 = EDGE_LOOP('',(#3850,#3857,#3858,#3859));
#3850 = ORIENTED_EDGE('',*,*,#3851,.T.);
#3851 = EDGE_CURVE('',#3692,#3724,#3852,.T.);
#3852 = CIRCLE('',#3853,51.);
#3853 = AXIS2_PLACEMENT_3D('',#3854,#3855,#3856);
#3854 = CARTESIAN_POINT('',(195.,195.,4.));
#3855 = DIRECTION('',(0.,-0.,1.));
#3856 = DIRECTION('',(0.951056516295,0.309016994375,0.));
#3857 = ORIENTED_EDGE('',*,*,#3731,.T.);
#3858 = ORIENTED_EDGE('',*,*,#3650,.F.);
#3859 = ORIENTED_EDGE('',*,*,#3699,.F.);
#3860 = CONICAL_SURFACE('',#3861,51.,0.750491578358);
#3861 = AXIS2_PLACEMENT_3D('',#3862,#3863,#3864);
#3862 = CARTESIAN_POINT('',(195.,195.,4.));
#3863 = DIRECTION('',(-0.,-0.,-1.));
#3864 = DIRECTION('',(0.951056516295,0.309016994375,0.));
#3865 = ADVANCED_FACE('',(#3866),#3872,.F.);
#3866 = FACE_BOUND('',#3867,.T.);
#3867 = EDGE_LOOP('',(#3868,#3869,#3870,#3871));
#3868 = ORIENTED_EDGE('',*,*,#3748,.T.);
#3869 = ORIENTED_EDGE('',*,*,#3723,.T.);
#3870 = ORIENTED_EDGE('',*,*,#3851,.F.);
#3871 = ORIENTED_EDGE('',*,*,#3691,.F.);
#3872 = CYLINDRICAL_SURFACE('',#3873,51.);
#3873 = AXIS2_PLACEMENT_3D('',#3874,#3875,#3876);
#3874 = CARTESIAN_POINT('',(195.,195.,20.));
#3875 = DIRECTION('',(-0.,-0.,-1.));
#3876 = DIRECTION('',(0.951056516295,0.309016994375,0.));
#3877 = ADVANCED_FACE('',(#3878),#3891,.T.);
#3878 = FACE_BOUND('',#3879,.T.);
#3879 = EDGE_LOOP('',(#3880,#3881,#3882,#3883,#3884,#3885));
#3880 = ORIENTED_EDGE('',*,*,#288,.T.);
#3881 = ORIENTED_EDGE('',*,*,#639,.T.);
#3882 = ORIENTED_EDGE('',*,*,#1050,.F.);
#3883 = ORIENTED_EDGE('',*,*,#1532,.T.);
#3884 = ORIENTED_EDGE('',*,*,#1606,.F.);
#3885 = ORIENTED_EDGE('',*,*,#3886,.F.);
#3886 = EDGE_CURVE('',#289,#1607,#3887,.T.);
#3887 = LINE('',#3888,#3889);
#3888 = CARTESIAN_POINT('',(250.,238.,4.));
#3889 = VECTOR('',#3890,1.);
#3890 = DIRECTION('',(0.,-1.,-0.));
#3891 = PLANE('',#3892);
#3892 = AXIS2_PLACEMENT_3D('',#3893,#3894,#3895);
#3893 = CARTESIAN_POINT('',(250.,-250.,0.));
#3894 = DIRECTION('',(1.,0.,-0.));
#3895 = DIRECTION('',(0.,0.,1.));
#3896 = ADVANCED_FACE('',(#3897),#3917,.T.);
#3897 = FACE_BOUND('',#3898,.T.);
#3898 = EDGE_LOOP('',(#3899,#3905,#3906,#3912,#3913,#3914,#3915,#3916));
#3899 = ORIENTED_EDGE('',*,*,#3900,.F.);
#3900 = EDGE_CURVE('',#1568,#1318,#3901,.T.);
#3901 = LINE('',#3902,#3903);
#3902 = CARTESIAN_POINT('',(195.,-197.,2.));
#3903 = VECTOR('',#3904,1.);
#3904 = DIRECTION('',(-0.,1.,0.));
#3905 = ORIENTED_EDGE('',*,*,#1575,.F.);
#3906 = ORIENTED_EDGE('',*,*,#3907,.T.);
#3907 = EDGE_CURVE('',#1576,#1369,#3908,.T.);
#3908 = LINE('',#3909,#3910);
#3909 = CARTESIAN_POINT('',(196.5,-195.5,2.));
#3910 = VECTOR('',#3911,1.);
#3911 = DIRECTION('',(8.307270137913E-19,1.,-0.));
#3912 = ORIENTED_EDGE('',*,*,#1384,.F.);
#3913 = ORIENTED_EDGE('',*,*,#851,.T.);
#3914 = ORIENTED_EDGE('',*,*,#560,.F.);
#3915 = ORIENTED_EDGE('',*,*,#808,.F.);
#3916 = ORIENTED_EDGE('',*,*,#1317,.F.);
#3917 = PLANE('',#3918);
#3918 = AXIS2_PLACEMENT_3D('',#3919,#3920,#3921);
#3919 = CARTESIAN_POINT('',(-199.,-199.,2.));
#3920 = DIRECTION('',(0.,0.,1.));
#3921 = DIRECTION('',(1.,0.,-0.));
#3922 = ADVANCED_FACE('',(#3923),#3943,.T.);
#3923 = FACE_BOUND('',#3924,.T.);
#3924 = EDGE_LOOP('',(#3925,#3926,#3927,#3928,#3929,#3935,#3936,#3942));
#3925 = ORIENTED_EDGE('',*,*,#716,.F.);
#3926 = ORIENTED_EDGE('',*,*,#544,.F.);
#3927 = ORIENTED_EDGE('',*,*,#844,.F.);
#3928 = ORIENTED_EDGE('',*,*,#1376,.F.);
#3929 = ORIENTED_EDGE('',*,*,#3930,.F.);
#3930 = EDGE_CURVE('',#1584,#1367,#3931,.T.);
#3931 = LINE('',#3932,#3933);
#3932 = CARTESIAN_POINT('',(198.,-192.,3.5));
#3933 = VECTOR('',#3934,1.);
#3934 = DIRECTION('',(-0.,1.,0.));
#3935 = ORIENTED_EDGE('',*,*,#1591,.F.);
#3936 = ORIENTED_EDGE('',*,*,#3937,.F.);
#3937 = EDGE_CURVE('',#1081,#1592,#3938,.T.);
#3938 = LINE('',#3939,#3940);
#3939 = CARTESIAN_POINT('',(200.,-201.,3.5));
#3940 = VECTOR('',#3941,1.);
#3941 = DIRECTION('',(0.,-1.,0.));
#3942 = ORIENTED_EDGE('',*,*,#1088,.T.);
#3943 = PLANE('',#3944);
#3944 = AXIS2_PLACEMENT_3D('',#3945,#3946,#3947);
#3945 = CARTESIAN_POINT('',(-202.,-202.,3.5));
#3946 = DIRECTION('',(0.,0.,1.));
#3947 = DIRECTION('',(1.,0.,-0.));
#3948 = ADVANCED_FACE('',(#3949,#3969,#3977,#4047),#4117,.F.);
#3949 = FACE_BOUND('',#3950,.T.);
#3950 = EDGE_LOOP('',(#3951,#3952,#3953,#3959,#3960,#3966,#3967,#3968));
#3951 = ORIENTED_EDGE('',*,*,#584,.T.);
#3952 = ORIENTED_EDGE('',*,*,#608,.T.);
#3953 = ORIENTED_EDGE('',*,*,#3954,.T.);
#3954 = EDGE_CURVE('',#601,#1615,#3955,.T.);
#3955 = LINE('',#3956,#3957);
#3956 = CARTESIAN_POINT('',(246.,238.,0.));
#3957 = VECTOR('',#3958,1.);
#3958 = DIRECTION('',(0.,-1.,-0.));
#3959 = ORIENTED_EDGE('',*,*,#1622,.T.);
#3960 = ORIENTED_EDGE('',*,*,#3961,.T.);
#3961 = EDGE_CURVE('',#1623,#1400,#3962,.T.);
#3962 = LINE('',#3963,#3964);
#3963 = CARTESIAN_POINT('',(227.,-238.5,0.));
#3964 = VECTOR('',#3965,1.);
#3965 = DIRECTION('',(-0.,1.,0.));
#3966 = ORIENTED_EDGE('',*,*,#1409,.T.);
#3967 = ORIENTED_EDGE('',*,*,#875,.T.);
#3968 = ORIENTED_EDGE('',*,*,#520,.T.);
#3969 = FACE_BOUND('',#3970,.F.);
#3970 = EDGE_LOOP('',(#3971,#3972,#3973,#3974,#3975,#3976));
#3971 = ORIENTED_EDGE('',*,*,#92,.T.);
#3972 = ORIENTED_EDGE('',*,*,#154,.T.);
#3973 = ORIENTED_EDGE('',*,*,#185,.T.);
#3974 = ORIENTED_EDGE('',*,*,#123,.T.);
#3975 = ORIENTED_EDGE('',*,*,#61,.T.);
#3976 = ORIENTED_EDGE('',*,*,#21,.T.);
#3977 = FACE_BOUND('',#3978,.F.);
#3978 = EDGE_LOOP('',(#3979,#3989,#3998,#4006,#4015,#4023,#4032,#4040));
#3979 = ORIENTED_EDGE('',*,*,#3980,.T.);
#3980 = EDGE_CURVE('',#3981,#3983,#3985,.T.);
#3981 = VERTEX_POINT('',#3982);
#3982 = CARTESIAN_POINT('',(227.25,136.,0.));
#3983 = VERTEX_POINT('',#3984);
#3984 = CARTESIAN_POINT('',(227.25,144.,0.));
#3985 = LINE('',#3986,#3987);
#3986 = CARTESIAN_POINT('',(227.25,135.,0.));
#3987 = VECTOR('',#3988,1.);
#3988 = DIRECTION('',(0.,1.,0.));
#3989 = ORIENTED_EDGE('',*,*,#3990,.T.);
#3990 = EDGE_CURVE('',#3983,#3991,#3993,.T.);
#3991 = VERTEX_POINT('',#3992);
#3992 = CARTESIAN_POINT('',(228.25,145.,0.));
#3993 = CIRCLE('',#3994,1.);
#3994 = AXIS2_PLACEMENT_3D('',#3995,#3996,#3997);
#3995 = CARTESIAN_POINT('',(228.25,144.,0.));
#3996 = DIRECTION('',(-0.,-0.,-1.));
#3997 = DIRECTION('',(0.,-1.,0.));
#3998 = ORIENTED_EDGE('',*,*,#3999,.T.);
#3999 = EDGE_CURVE('',#3991,#4000,#4002,.T.);
#4000 = VERTEX_POINT('',#4001);
#4001 = CARTESIAN_POINT('',(228.75,145.,0.));
#4002 = LINE('',#4003,#4004);
#4003 = CARTESIAN_POINT('',(227.25,145.,0.));
#4004 = VECTOR('',#4005,1.);
#4005 = DIRECTION('',(1.,0.,0.));
#4006 = ORIENTED_EDGE('',*,*,#4007,.F.);
#4007 = EDGE_CURVE('',#4008,#4000,#4010,.T.);
#4008 = VERTEX_POINT('',#4009);
#4009 = CARTESIAN_POINT('',(229.75,144.,0.));
#4010 = CIRCLE('',#4011,1.);
#4011 = AXIS2_PLACEMENT_3D('',#4012,#4013,#4014);
#4012 = CARTESIAN_POINT('',(228.75,144.,0.));
#4013 = DIRECTION('',(-0.,0.,1.));
#4014 = DIRECTION('',(0.,-1.,0.));
#4015 = ORIENTED_EDGE('',*,*,#4016,.F.);
#4016 = EDGE_CURVE('',#4017,#4008,#4019,.T.);
#4017 = VERTEX_POINT('',#4018);
#4018 = CARTESIAN_POINT('',(229.75,136.,0.));
#4019 = LINE('',#4020,#4021);
#4020 = CARTESIAN_POINT('',(229.75,135.,0.));
#4021 = VECTOR('',#4022,1.);
#4022 = DIRECTION('',(0.,1.,0.));
#4023 = ORIENTED_EDGE('',*,*,#4024,.T.);
#4024 = EDGE_CURVE('',#4017,#4025,#4027,.T.);
#4025 = VERTEX_POINT('',#4026);
#4026 = CARTESIAN_POINT('',(228.75,135.,0.));
#4027 = CIRCLE('',#4028,1.);
#4028 = AXIS2_PLACEMENT_3D('',#4029,#4030,#4031);
#4029 = CARTESIAN_POINT('',(228.75,136.,0.));
#4030 = DIRECTION('',(-0.,-0.,-1.));
#4031 = DIRECTION('',(0.,-1.,0.));
#4032 = ORIENTED_EDGE('',*,*,#4033,.F.);
#4033 = EDGE_CURVE('',#4034,#4025,#4036,.T.);
#4034 = VERTEX_POINT('',#4035);
#4035 = CARTESIAN_POINT('',(228.25,135.,0.));
#4036 = LINE('',#4037,#4038);
#4037 = CARTESIAN_POINT('',(227.25,135.,0.));
#4038 = VECTOR('',#4039,1.);
#4039 = DIRECTION('',(1.,0.,0.));
#4040 = ORIENTED_EDGE('',*,*,#4041,.F.);
#4041 = EDGE_CURVE('',#3981,#4034,#4042,.T.);
#4042 = CIRCLE('',#4043,1.);
#4043 = AXIS2_PLACEMENT_3D('',#4044,#4045,#4046);
#4044 = CARTESIAN_POINT('',(228.25,136.,0.));
#4045 = DIRECTION('',(-0.,0.,1.));
#4046 = DIRECTION('',(0.,-1.,0.));
#4047 = FACE_BOUND('',#4048,.F.);
#4048 = EDGE_LOOP('',(#4049,#4059,#4068,#4076,#4085,#4093,#4102,#4110));
#4049 = ORIENTED_EDGE('',*,*,#4050,.T.);
#4050 = EDGE_CURVE('',#4051,#4053,#4055,.T.);
#4051 = VERTEX_POINT('',#4052);
#4052 = CARTESIAN_POINT('',(144.,227.25,0.));
#4053 = VERTEX_POINT('',#4054);
#4054 = CARTESIAN_POINT('',(136.,227.25,0.));
#4055 = LINE('',#4056,#4057);
#4056 = CARTESIAN_POINT('',(145.,227.25,0.));
#4057 = VECTOR('',#4058,1.);
#4058 = DIRECTION('',(-1.,1.110223024625E-16,0.));
#4059 = ORIENTED_EDGE('',*,*,#4060,.T.);
#4060 = EDGE_CURVE('',#4053,#4061,#4063,.T.);
#4061 = VERTEX_POINT('',#4062);
#4062 = CARTESIAN_POINT('',(135.,228.25,0.));
#4063 = CIRCLE('',#4064,1.);
#4064 = AXIS2_PLACEMENT_3D('',#4065,#4066,#4067);
#4065 = CARTESIAN_POINT('',(136.,228.25,0.));
#4066 = DIRECTION('',(0.,-0.,-1.));
#4067 = DIRECTION('',(1.,-1.110223024625E-16,0.));
#4068 = ORIENTED_EDGE('',*,*,#4069,.T.);
#4069 = EDGE_CURVE('',#4061,#4070,#4072,.T.);
#4070 = VERTEX_POINT('',#4071);
#4071 = CARTESIAN_POINT('',(135.,228.75,0.));
#4072 = LINE('',#4073,#4074);
#4073 = CARTESIAN_POINT('',(135.,227.25,0.));
#4074 = VECTOR('',#4075,1.);
#4075 = DIRECTION('',(1.110223024625E-16,1.,0.));
#4076 = ORIENTED_EDGE('',*,*,#4077,.F.);
#4077 = EDGE_CURVE('',#4078,#4070,#4080,.T.);
#4078 = VERTEX_POINT('',#4079);
#4079 = CARTESIAN_POINT('',(136.,229.75,0.));
#4080 = CIRCLE('',#4081,1.);
#4081 = AXIS2_PLACEMENT_3D('',#4082,#4083,#4084);
#4082 = CARTESIAN_POINT('',(136.,228.75,0.));
#4083 = DIRECTION('',(-0.,0.,1.));
#4084 = DIRECTION('',(1.,-1.110223024625E-16,0.));
#4085 = ORIENTED_EDGE('',*,*,#4086,.F.);
#4086 = EDGE_CURVE('',#4087,#4078,#4089,.T.);
#4087 = VERTEX_POINT('',#4088);
#4088 = CARTESIAN_POINT('',(144.,229.75,0.));
#4089 = LINE('',#4090,#4091);
#4090 = CARTESIAN_POINT('',(145.,229.75,0.));
#4091 = VECTOR('',#4092,1.);
#4092 = DIRECTION('',(-1.,1.110223024625E-16,0.));
#4093 = ORIENTED_EDGE('',*,*,#4094,.T.);
#4094 = EDGE_CURVE('',#4087,#4095,#4097,.T.);
#4095 = VERTEX_POINT('',#4096);
#4096 = CARTESIAN_POINT('',(145.,228.75,0.));
#4097 = CIRCLE('',#4098,1.);
#4098 = AXIS2_PLACEMENT_3D('',#4099,#4100,#4101);
#4099 = CARTESIAN_POINT('',(144.,228.75,0.));
#4100 = DIRECTION('',(0.,-0.,-1.));
#4101 = DIRECTION('',(1.,-1.110223024625E-16,0.));
#4102 = ORIENTED_EDGE('',*,*,#4103,.F.);
#4103 = EDGE_CURVE('',#4104,#4095,#4106,.T.);
#4104 = VERTEX_POINT('',#4105);
#4105 = CARTESIAN_POINT('',(145.,228.25,0.));
#4106 = LINE('',#4107,#4108);
#4107 = CARTESIAN_POINT('',(145.,227.25,0.));
#4108 = VECTOR('',#4109,1.);
#4109 = DIRECTION('',(1.110223024625E-16,1.,0.));
#4110 = ORIENTED_EDGE('',*,*,#4111,.F.);
#4111 = EDGE_CURVE('',#4051,#4104,#4112,.T.);
#4112 = CIRCLE('',#4113,1.);
#4113 = AXIS2_PLACEMENT_3D('',#4114,#4115,#4116);
#4114 = CARTESIAN_POINT('',(144.,228.25,0.));
#4115 = DIRECTION('',(-0.,0.,1.));
#4116 = DIRECTION('',(1.,-1.110223024625E-16,0.));
#4117 = PLANE('',#4118);
#4118 = AXIS2_PLACEMENT_3D('',#4119,#4120,#4121);
#4119 = CARTESIAN_POINT('',(-250.,-250.,0.));
#4120 = DIRECTION('',(0.,0.,1.));
#4121 = DIRECTION('',(1.,0.,-0.));
#4122 = ADVANCED_FACE('',(#4123),#4149,.T.);
#4123 = FACE_BOUND('',#4124,.T.);
#4124 = EDGE_LOOP('',(#4125,#4136,#4142,#4143));
#4125 = ORIENTED_EDGE('',*,*,#4126,.T.);
#4126 = EDGE_CURVE('',#4127,#4129,#4131,.T.);
#4127 = VERTEX_POINT('',#4128);
#4128 = CARTESIAN_POINT('',(227.25,136.,-3.));
#4129 = VERTEX_POINT('',#4130);
#4130 = CARTESIAN_POINT('',(228.25,135.,-3.));
#4131 = CIRCLE('',#4132,1.);
#4132 = AXIS2_PLACEMENT_3D('',#4133,#4134,#4135);
#4133 = CARTESIAN_POINT('',(228.25,136.,-3.));
#4134 = DIRECTION('',(-0.,0.,1.));
#4135 = DIRECTION('',(0.,-1.,0.));
#4136 = ORIENTED_EDGE('',*,*,#4137,.T.);
#4137 = EDGE_CURVE('',#4129,#4034,#4138,.T.);
#4138 = LINE('',#4139,#4140);
#4139 = CARTESIAN_POINT('',(228.25,135.,-3.));
#4140 = VECTOR('',#4141,1.);
#4141 = DIRECTION('',(0.,0.,1.));
#4142 = ORIENTED_EDGE('',*,*,#4041,.F.);
#4143 = ORIENTED_EDGE('',*,*,#4144,.F.);
#4144 = EDGE_CURVE('',#4127,#3981,#4145,.T.);
#4145 = LINE('',#4146,#4147);
#4146 = CARTESIAN_POINT('',(227.25,136.,-3.));
#4147 = VECTOR('',#4148,1.);
#4148 = DIRECTION('',(0.,0.,1.));
#4149 = CYLINDRICAL_SURFACE('',#4150,1.);
#4150 = AXIS2_PLACEMENT_3D('',#4151,#4152,#4153);
#4151 = CARTESIAN_POINT('',(228.25,136.,-3.));
#4152 = DIRECTION('',(0.,0.,1.));
#4153 = DIRECTION('',(-1.,0.,0.));
#4154 = ADVANCED_FACE('',(#4155),#4173,.F.);
#4155 = FACE_BOUND('',#4156,.F.);
#4156 = EDGE_LOOP('',(#4157,#4158,#4159,#4167));
#4157 = ORIENTED_EDGE('',*,*,#3980,.F.);
#4158 = ORIENTED_EDGE('',*,*,#4144,.F.);
#4159 = ORIENTED_EDGE('',*,*,#4160,.T.);
#4160 = EDGE_CURVE('',#4127,#4161,#4163,.T.);
#4161 = VERTEX_POINT('',#4162);
#4162 = CARTESIAN_POINT('',(227.25,144.,-3.));
#4163 = LINE('',#4164,#4165);
#4164 = CARTESIAN_POINT('',(227.25,135.,-3.));
#4165 = VECTOR('',#4166,1.);
#4166 = DIRECTION('',(0.,1.,0.));
#4167 = ORIENTED_EDGE('',*,*,#4168,.T.);
#4168 = EDGE_CURVE('',#4161,#3983,#4169,.T.);
#4169 = LINE('',#4170,#4171);
#4170 = CARTESIAN_POINT('',(227.25,144.,-3.));
#4171 = VECTOR('',#4172,1.);
#4172 = DIRECTION('',(0.,0.,1.));
#4173 = PLANE('',#4174);
#4174 = AXIS2_PLACEMENT_3D('',#4175,#4176,#4177);
#4175 = CARTESIAN_POINT('',(227.25,135.,-3.));
#4176 = DIRECTION('',(1.,0.,0.));
#4177 = DIRECTION('',(0.,0.,1.));
#4178 = ADVANCED_FACE('',(#4179),#4197,.F.);
#4179 = FACE_BOUND('',#4180,.F.);
#4180 = EDGE_LOOP('',(#4181,#4189,#4190,#4191));
#4181 = ORIENTED_EDGE('',*,*,#4182,.F.);
#4182 = EDGE_CURVE('',#4129,#4183,#4185,.T.);
#4183 = VERTEX_POINT('',#4184);
#4184 = CARTESIAN_POINT('',(228.75,135.,-3.));
#4185 = LINE('',#4186,#4187);
#4186 = CARTESIAN_POINT('',(227.25,135.,-3.));
#4187 = VECTOR('',#4188,1.);
#4188 = DIRECTION('',(1.,0.,0.));
#4189 = ORIENTED_EDGE('',*,*,#4137,.T.);
#4190 = ORIENTED_EDGE('',*,*,#4033,.T.);
#4191 = ORIENTED_EDGE('',*,*,#4192,.F.);
#4192 = EDGE_CURVE('',#4183,#4025,#4193,.T.);
#4193 = LINE('',#4194,#4195);
#4194 = CARTESIAN_POINT('',(228.75,135.,-3.));
#4195 = VECTOR('',#4196,1.);
#4196 = DIRECTION('',(0.,0.,1.));
#4197 = PLANE('',#4198);
#4198 = AXIS2_PLACEMENT_3D('',#4199,#4200,#4201);
#4199 = CARTESIAN_POINT('',(227.25,135.,-3.));
#4200 = DIRECTION('',(0.,1.,0.));
#4201 = DIRECTION('',(0.,0.,1.));
#4202 = ADVANCED_FACE('',(#4203),#4222,.T.);
#4203 = FACE_BOUND('',#4204,.F.);
#4204 = EDGE_LOOP('',(#4205,#4214,#4220,#4221));
#4205 = ORIENTED_EDGE('',*,*,#4206,.T.);
#4206 = EDGE_CURVE('',#4161,#4207,#4209,.T.);
#4207 = VERTEX_POINT('',#4208);
#4208 = CARTESIAN_POINT('',(228.25,145.,-3.));
#4209 = CIRCLE('',#4210,1.);
#4210 = AXIS2_PLACEMENT_3D('',#4211,#4212,#4213);
#4211 = CARTESIAN_POINT('',(228.25,144.,-3.));
#4212 = DIRECTION('',(-0.,-0.,-1.));
#4213 = DIRECTION('',(0.,-1.,0.));
#4214 = ORIENTED_EDGE('',*,*,#4215,.T.);
#4215 = EDGE_CURVE('',#4207,#3991,#4216,.T.);
#4216 = LINE('',#4217,#4218);
#4217 = CARTESIAN_POINT('',(228.25,145.,-3.));
#4218 = VECTOR('',#4219,1.);
#4219 = DIRECTION('',(0.,0.,1.));
#4220 = ORIENTED_EDGE('',*,*,#3990,.F.);
#4221 = ORIENTED_EDGE('',*,*,#4168,.F.);
#4222 = CYLINDRICAL_SURFACE('',#4223,1.);
#4223 = AXIS2_PLACEMENT_3D('',#4224,#4225,#4226);
#4224 = CARTESIAN_POINT('',(228.25,144.,-3.));
#4225 = DIRECTION('',(0.,0.,1.));
#4226 = DIRECTION('',(-1.,0.,0.));
#4227 = ADVANCED_FACE('',(#4228),#4247,.T.);
#4228 = FACE_BOUND('',#4229,.F.);
#4229 = EDGE_LOOP('',(#4230,#4239,#4240,#4241));
#4230 = ORIENTED_EDGE('',*,*,#4231,.T.);
#4231 = EDGE_CURVE('',#4232,#4183,#4234,.T.);
#4232 = VERTEX_POINT('',#4233);
#4233 = CARTESIAN_POINT('',(229.75,136.,-3.));
#4234 = CIRCLE('',#4235,1.);
#4235 = AXIS2_PLACEMENT_3D('',#4236,#4237,#4238);
#4236 = CARTESIAN_POINT('',(228.75,136.,-3.));
#4237 = DIRECTION('',(-0.,-0.,-1.));
#4238 = DIRECTION('',(0.,-1.,0.));
#4239 = ORIENTED_EDGE('',*,*,#4192,.T.);
#4240 = ORIENTED_EDGE('',*,*,#4024,.F.);
#4241 = ORIENTED_EDGE('',*,*,#4242,.F.);
#4242 = EDGE_CURVE('',#4232,#4017,#4243,.T.);
#4243 = LINE('',#4244,#4245);
#4244 = CARTESIAN_POINT('',(229.75,136.,-3.));
#4245 = VECTOR('',#4246,1.);
#4246 = DIRECTION('',(0.,0.,1.));
#4247 = CYLINDRICAL_SURFACE('',#4248,1.);
#4248 = AXIS2_PLACEMENT_3D('',#4249,#4250,#4251);
#4249 = CARTESIAN_POINT('',(228.75,136.,-3.));
#4250 = DIRECTION('',(0.,0.,1.));
#4251 = DIRECTION('',(1.,0.,0.));
#4252 = ADVANCED_FACE('',(#4253),#4271,.T.);
#4253 = FACE_BOUND('',#4254,.T.);
#4254 = EDGE_LOOP('',(#4255,#4263,#4264,#4265));
#4255 = ORIENTED_EDGE('',*,*,#4256,.F.);
#4256 = EDGE_CURVE('',#4207,#4257,#4259,.T.);
#4257 = VERTEX_POINT('',#4258);
#4258 = CARTESIAN_POINT('',(228.75,145.,-3.));
#4259 = LINE('',#4260,#4261);
#4260 = CARTESIAN_POINT('',(227.25,145.,-3.));
#4261 = VECTOR('',#4262,1.);
#4262 = DIRECTION('',(1.,0.,0.));
#4263 = ORIENTED_EDGE('',*,*,#4215,.T.);
#4264 = ORIENTED_EDGE('',*,*,#3999,.T.);
#4265 = ORIENTED_EDGE('',*,*,#4266,.F.);
#4266 = EDGE_CURVE('',#4257,#4000,#4267,.T.);
#4267 = LINE('',#4268,#4269);
#4268 = CARTESIAN_POINT('',(228.75,145.,-3.));
#4269 = VECTOR('',#4270,1.);
#4270 = DIRECTION('',(0.,0.,1.));
#4271 = PLANE('',#4272);
#4272 = AXIS2_PLACEMENT_3D('',#4273,#4274,#4275);
#4273 = CARTESIAN_POINT('',(227.25,145.,-3.));
#4274 = DIRECTION('',(0.,1.,0.));
#4275 = DIRECTION('',(0.,0.,1.));
#4276 = ADVANCED_FACE('',(#4277),#4295,.T.);
#4277 = FACE_BOUND('',#4278,.T.);
#4278 = EDGE_LOOP('',(#4279,#4280,#4281,#4289));
#4279 = ORIENTED_EDGE('',*,*,#4016,.F.);
#4280 = ORIENTED_EDGE('',*,*,#4242,.F.);
#4281 = ORIENTED_EDGE('',*,*,#4282,.T.);
#4282 = EDGE_CURVE('',#4232,#4283,#4285,.T.);
#4283 = VERTEX_POINT('',#4284);
#4284 = CARTESIAN_POINT('',(229.75,144.,-3.));
#4285 = LINE('',#4286,#4287);
#4286 = CARTESIAN_POINT('',(229.75,135.,-3.));
#4287 = VECTOR('',#4288,1.);
#4288 = DIRECTION('',(0.,1.,0.));
#4289 = ORIENTED_EDGE('',*,*,#4290,.T.);
#4290 = EDGE_CURVE('',#4283,#4008,#4291,.T.);
#4291 = LINE('',#4292,#4293);
#4292 = CARTESIAN_POINT('',(229.75,144.,-3.));
#4293 = VECTOR('',#4294,1.);
#4294 = DIRECTION('',(0.,0.,1.));
#4295 = PLANE('',#4296);
#4296 = AXIS2_PLACEMENT_3D('',#4297,#4298,#4299);
#4297 = CARTESIAN_POINT('',(229.75,135.,-3.));
#4298 = DIRECTION('',(1.,0.,0.));
#4299 = DIRECTION('',(0.,0.,1.));
#4300 = ADVANCED_FACE('',(#4301),#4313,.T.);
#4301 = FACE_BOUND('',#4302,.T.);
#4302 = EDGE_LOOP('',(#4303,#4310,#4311,#4312));
#4303 = ORIENTED_EDGE('',*,*,#4304,.T.);
#4304 = EDGE_CURVE('',#4283,#4257,#4305,.T.);
#4305 = CIRCLE('',#4306,1.);
#4306 = AXIS2_PLACEMENT_3D('',#4307,#4308,#4309);
#4307 = CARTESIAN_POINT('',(228.75,144.,-3.));
#4308 = DIRECTION('',(-0.,0.,1.));
#4309 = DIRECTION('',(0.,-1.,0.));
#4310 = ORIENTED_EDGE('',*,*,#4266,.T.);
#4311 = ORIENTED_EDGE('',*,*,#4007,.F.);
#4312 = ORIENTED_EDGE('',*,*,#4290,.F.);
#4313 = CYLINDRICAL_SURFACE('',#4314,1.);
#4314 = AXIS2_PLACEMENT_3D('',#4315,#4316,#4317);
#4315 = CARTESIAN_POINT('',(228.75,144.,-3.));
#4316 = DIRECTION('',(0.,0.,1.));
#4317 = DIRECTION('',(1.,0.,0.));
#4318 = ADVANCED_FACE('',(#4319),#4329,.F.);
#4319 = FACE_BOUND('',#4320,.F.);
#4320 = EDGE_LOOP('',(#4321,#4322,#4323,#4324,#4325,#4326,#4327,#4328));
#4321 = ORIENTED_EDGE('',*,*,#4160,.F.);
#4322 = ORIENTED_EDGE('',*,*,#4126,.T.);
#4323 = ORIENTED_EDGE('',*,*,#4182,.T.);
#4324 = ORIENTED_EDGE('',*,*,#4231,.F.);
#4325 = ORIENTED_EDGE('',*,*,#4282,.T.);
#4326 = ORIENTED_EDGE('',*,*,#4304,.T.);
#4327 = ORIENTED_EDGE('',*,*,#4256,.F.);
#4328 = ORIENTED_EDGE('',*,*,#4206,.F.);
#4329 = PLANE('',#4330);
#4330 = AXIS2_PLACEMENT_3D('',#4331,#4332,#4333);
#4331 = CARTESIAN_POINT('',(227.25,135.,-3.));
#4332 = DIRECTION('',(0.,0.,1.));
#4333 = DIRECTION('',(1.,0.,0.));
#4334 = ADVANCED_FACE('',(#4335),#4361,.T.);
#4335 = FACE_BOUND('',#4336,.T.);
#4336 = EDGE_LOOP('',(#4337,#4348,#4354,#4355));
#4337 = ORIENTED_EDGE('',*,*,#4338,.T.);
#4338 = EDGE_CURVE('',#4339,#4341,#4343,.T.);
#4339 = VERTEX_POINT('',#4340);
#4340 = CARTESIAN_POINT('',(144.,227.25,-3.));
#4341 = VERTEX_POINT('',#4342);
#4342 = CARTESIAN_POINT('',(145.,228.25,-3.));
#4343 = CIRCLE('',#4344,1.);
#4344 = AXIS2_PLACEMENT_3D('',#4345,#4346,#4347);
#4345 = CARTESIAN_POINT('',(144.,228.25,-3.));
#4346 = DIRECTION('',(-0.,0.,1.));
#4347 = DIRECTION('',(1.,-1.110223024625E-16,0.));
#4348 = ORIENTED_EDGE('',*,*,#4349,.T.);
#4349 = EDGE_CURVE('',#4341,#4104,#4350,.T.);
#4350 = LINE('',#4351,#4352);
#4351 = CARTESIAN_POINT('',(145.,228.25,-3.));
#4352 = VECTOR('',#4353,1.);
#4353 = DIRECTION('',(0.,0.,1.));
#4354 = ORIENTED_EDGE('',*,*,#4111,.F.);
#4355 = ORIENTED_EDGE('',*,*,#4356,.F.);
#4356 = EDGE_CURVE('',#4339,#4051,#4357,.T.);
#4357 = LINE('',#4358,#4359);
#4358 = CARTESIAN_POINT('',(144.,227.25,-3.));
#4359 = VECTOR('',#4360,1.);
#4360 = DIRECTION('',(0.,0.,1.));
#4361 = CYLINDRICAL_SURFACE('',#4362,1.);
#4362 = AXIS2_PLACEMENT_3D('',#4363,#4364,#4365);
#4363 = CARTESIAN_POINT('',(144.,228.25,-3.));
#4364 = DIRECTION('',(0.,0.,1.));
#4365 = DIRECTION('',(-1.110223024625E-16,-1.,0.));
#4366 = ADVANCED_FACE('',(#4367),#4385,.F.);
#4367 = FACE_BOUND('',#4368,.F.);
#4368 = EDGE_LOOP('',(#4369,#4370,#4371,#4379));
#4369 = ORIENTED_EDGE('',*,*,#4050,.F.);
#4370 = ORIENTED_EDGE('',*,*,#4356,.F.);
#4371 = ORIENTED_EDGE('',*,*,#4372,.T.);
#4372 = EDGE_CURVE('',#4339,#4373,#4375,.T.);
#4373 = VERTEX_POINT('',#4374);
#4374 = CARTESIAN_POINT('',(136.,227.25,-3.));
#4375 = LINE('',#4376,#4377);
#4376 = CARTESIAN_POINT('',(145.,227.25,-3.));
#4377 = VECTOR('',#4378,1.);
#4378 = DIRECTION('',(-1.,1.110223024625E-16,0.));
#4379 = ORIENTED_EDGE('',*,*,#4380,.T.);
#4380 = EDGE_CURVE('',#4373,#4053,#4381,.T.);
#4381 = LINE('',#4382,#4383);
#4382 = CARTESIAN_POINT('',(136.,227.25,-3.));
#4383 = VECTOR('',#4384,1.);
#4384 = DIRECTION('',(0.,0.,1.));
#4385 = PLANE('',#4386);
#4386 = AXIS2_PLACEMENT_3D('',#4387,#4388,#4389);
#4387 = CARTESIAN_POINT('',(145.,227.25,-3.));
#4388 = DIRECTION('',(1.110223024625E-16,1.,0.));
#4389 = DIRECTION('',(0.,0.,1.));
#4390 = ADVANCED_FACE('',(#4391),#4409,.F.);
#4391 = FACE_BOUND('',#4392,.F.);
#4392 = EDGE_LOOP('',(#4393,#4401,#4402,#4403));
#4393 = ORIENTED_EDGE('',*,*,#4394,.F.);
#4394 = EDGE_CURVE('',#4341,#4395,#4397,.T.);
#4395 = VERTEX_POINT('',#4396);
#4396 = CARTESIAN_POINT('',(145.,228.75,-3.));
#4397 = LINE('',#4398,#4399);
#4398 = CARTESIAN_POINT('',(145.,227.25,-3.));
#4399 = VECTOR('',#4400,1.);
#4400 = DIRECTION('',(1.110223024625E-16,1.,0.));
#4401 = ORIENTED_EDGE('',*,*,#4349,.T.);
#4402 = ORIENTED_EDGE('',*,*,#4103,.T.);
#4403 = ORIENTED_EDGE('',*,*,#4404,.F.);
#4404 = EDGE_CURVE('',#4395,#4095,#4405,.T.);
#4405 = LINE('',#4406,#4407);
#4406 = CARTESIAN_POINT('',(145.,228.75,-3.));
#4407 = VECTOR('',#4408,1.);
#4408 = DIRECTION('',(0.,0.,1.));
#4409 = PLANE('',#4410);
#4410 = AXIS2_PLACEMENT_3D('',#4411,#4412,#4413);
#4411 = CARTESIAN_POINT('',(145.,227.25,-3.));
#4412 = DIRECTION('',(-1.,1.110223024625E-16,0.));
#4413 = DIRECTION('',(0.,0.,1.));
#4414 = ADVANCED_FACE('',(#4415),#4434,.T.);
#4415 = FACE_BOUND('',#4416,.F.);
#4416 = EDGE_LOOP('',(#4417,#4426,#4432,#4433));
#4417 = ORIENTED_EDGE('',*,*,#4418,.T.);
#4418 = EDGE_CURVE('',#4373,#4419,#4421,.T.);
#4419 = VERTEX_POINT('',#4420);
#4420 = CARTESIAN_POINT('',(135.,228.25,-3.));
#4421 = CIRCLE('',#4422,1.);
#4422 = AXIS2_PLACEMENT_3D('',#4423,#4424,#4425);
#4423 = CARTESIAN_POINT('',(136.,228.25,-3.));
#4424 = DIRECTION('',(0.,-0.,-1.));
#4425 = DIRECTION('',(1.,-1.110223024625E-16,0.));
#4426 = ORIENTED_EDGE('',*,*,#4427,.T.);
#4427 = EDGE_CURVE('',#4419,#4061,#4428,.T.);
#4428 = LINE('',#4429,#4430);
#4429 = CARTESIAN_POINT('',(135.,228.25,-3.));
#4430 = VECTOR('',#4431,1.);
#4431 = DIRECTION('',(0.,0.,1.));
#4432 = ORIENTED_EDGE('',*,*,#4060,.F.);
#4433 = ORIENTED_EDGE('',*,*,#4380,.F.);
#4434 = CYLINDRICAL_SURFACE('',#4435,1.);
#4435 = AXIS2_PLACEMENT_3D('',#4436,#4437,#4438);
#4436 = CARTESIAN_POINT('',(136.,228.25,-3.));
#4437 = DIRECTION('',(0.,0.,1.));
#4438 = DIRECTION('',(-1.110223024625E-16,-1.,0.));
#4439 = ADVANCED_FACE('',(#4440),#4459,.T.);
#4440 = FACE_BOUND('',#4441,.F.);
#4441 = EDGE_LOOP('',(#4442,#4451,#4452,#4453));
#4442 = ORIENTED_EDGE('',*,*,#4443,.T.);
#4443 = EDGE_CURVE('',#4444,#4395,#4446,.T.);
#4444 = VERTEX_POINT('',#4445);
#4445 = CARTESIAN_POINT('',(144.,229.75,-3.));
#4446 = CIRCLE('',#4447,1.);
#4447 = AXIS2_PLACEMENT_3D('',#4448,#4449,#4450);
#4448 = CARTESIAN_POINT('',(144.,228.75,-3.));
#4449 = DIRECTION('',(0.,-0.,-1.));
#4450 = DIRECTION('',(1.,-1.110223024625E-16,0.));
#4451 = ORIENTED_EDGE('',*,*,#4404,.T.);
#4452 = ORIENTED_EDGE('',*,*,#4094,.F.);
#4453 = ORIENTED_EDGE('',*,*,#4454,.F.);
#4454 = EDGE_CURVE('',#4444,#4087,#4455,.T.);
#4455 = LINE('',#4456,#4457);
#4456 = CARTESIAN_POINT('',(144.,229.75,-3.));
#4457 = VECTOR('',#4458,1.);
#4458 = DIRECTION('',(0.,0.,1.));
#4459 = CYLINDRICAL_SURFACE('',#4460,1.);
#4460 = AXIS2_PLACEMENT_3D('',#4461,#4462,#4463);
#4461 = CARTESIAN_POINT('',(144.,228.75,-3.));
#4462 = DIRECTION('',(0.,0.,1.));
#4463 = DIRECTION('',(1.110223024625E-16,1.,0.));
#4464 = ADVANCED_FACE('',(#4465),#4483,.T.);
#4465 = FACE_BOUND('',#4466,.T.);
#4466 = EDGE_LOOP('',(#4467,#4475,#4476,#4477));
#4467 = ORIENTED_EDGE('',*,*,#4468,.F.);
#4468 = EDGE_CURVE('',#4419,#4469,#4471,.T.);
#4469 = VERTEX_POINT('',#4470);
#4470 = CARTESIAN_POINT('',(135.,228.75,-3.));
#4471 = LINE('',#4472,#4473);
#4472 = CARTESIAN_POINT('',(135.,227.25,-3.));
#4473 = VECTOR('',#4474,1.);
#4474 = DIRECTION('',(1.110223024625E-16,1.,0.));
#4475 = ORIENTED_EDGE('',*,*,#4427,.T.);
#4476 = ORIENTED_EDGE('',*,*,#4069,.T.);
#4477 = ORIENTED_EDGE('',*,*,#4478,.F.);
#4478 = EDGE_CURVE('',#4469,#4070,#4479,.T.);
#4479 = LINE('',#4480,#4481);
#4480 = CARTESIAN_POINT('',(135.,228.75,-3.));
#4481 = VECTOR('',#4482,1.);
#4482 = DIRECTION('',(0.,0.,1.));
#4483 = PLANE('',#4484);
#4484 = AXIS2_PLACEMENT_3D('',#4485,#4486,#4487);
#4485 = CARTESIAN_POINT('',(135.,227.25,-3.));
#4486 = DIRECTION('',(-1.,1.110223024625E-16,0.));
#4487 = DIRECTION('',(0.,0.,1.));
#4488 = ADVANCED_FACE('',(#4489),#4507,.T.);
#4489 = FACE_BOUND('',#4490,.T.);
#4490 = EDGE_LOOP('',(#4491,#4492,#4493,#4501));
#4491 = ORIENTED_EDGE('',*,*,#4086,.F.);
#4492 = ORIENTED_EDGE('',*,*,#4454,.F.);
#4493 = ORIENTED_EDGE('',*,*,#4494,.T.);
#4494 = EDGE_CURVE('',#4444,#4495,#4497,.T.);
#4495 = VERTEX_POINT('',#4496);
#4496 = CARTESIAN_POINT('',(136.,229.75,-3.));
#4497 = LINE('',#4498,#4499);
#4498 = CARTESIAN_POINT('',(145.,229.75,-3.));
#4499 = VECTOR('',#4500,1.);
#4500 = DIRECTION('',(-1.,1.110223024625E-16,0.));
#4501 = ORIENTED_EDGE('',*,*,#4502,.T.);
#4502 = EDGE_CURVE('',#4495,#4078,#4503,.T.);
#4503 = LINE('',#4504,#4505);
#4504 = CARTESIAN_POINT('',(136.,229.75,-3.));
#4505 = VECTOR('',#4506,1.);
#4506 = DIRECTION('',(0.,0.,1.));
#4507 = PLANE('',#4508);
#4508 = AXIS2_PLACEMENT_3D('',#4509,#4510,#4511);
#4509 = CARTESIAN_POINT('',(145.,229.75,-3.));
#4510 = DIRECTION('',(1.110223024625E-16,1.,0.));
#4511 = DIRECTION('',(0.,0.,1.));
#4512 = ADVANCED_FACE('',(#4513),#4525,.T.);
#4513 = FACE_BOUND('',#4514,.T.);
#4514 = EDGE_LOOP('',(#4515,#4522,#4523,#4524));
#4515 = ORIENTED_EDGE('',*,*,#4516,.T.);
#4516 = EDGE_CURVE('',#4495,#4469,#4517,.T.);
#4517 = CIRCLE('',#4518,1.);
#4518 = AXIS2_PLACEMENT_3D('',#4519,#4520,#4521);
#4519 = CARTESIAN_POINT('',(136.,228.75,-3.));
#4520 = DIRECTION('',(-0.,0.,1.));
#4521 = DIRECTION('',(1.,-1.110223024625E-16,0.));
#4522 = ORIENTED_EDGE('',*,*,#4478,.T.);
#4523 = ORIENTED_EDGE('',*,*,#4077,.F.);
#4524 = ORIENTED_EDGE('',*,*,#4502,.F.);
#4525 = CYLINDRICAL_SURFACE('',#4526,1.);
#4526 = AXIS2_PLACEMENT_3D('',#4527,#4528,#4529);
#4527 = CARTESIAN_POINT('',(136.,228.75,-3.));
#4528 = DIRECTION('',(0.,0.,1.));
#4529 = DIRECTION('',(1.110223024625E-16,1.,0.));
#4530 = ADVANCED_FACE('',(#4531),#4541,.F.);
#4531 = FACE_BOUND('',#4532,.F.);
#4532 = EDGE_LOOP('',(#4533,#4534,#4535,#4536,#4537,#4538,#4539,#4540));
#4533 = ORIENTED_EDGE('',*,*,#4372,.F.);
#4534 = ORIENTED_EDGE('',*,*,#4338,.T.);
#4535 = ORIENTED_EDGE('',*,*,#4394,.T.);
#4536 = ORIENTED_EDGE('',*,*,#4443,.F.);
#4537 = ORIENTED_EDGE('',*,*,#4494,.T.);
#4538 = ORIENTED_EDGE('',*,*,#4516,.T.);
#4539 = ORIENTED_EDGE('',*,*,#4468,.F.);
#4540 = ORIENTED_EDGE('',*,*,#4418,.F.);
#4541 = PLANE('',#4542);
#4542 = AXIS2_PLACEMENT_3D('',#4543,#4544,#4545);
#4543 = CARTESIAN_POINT('',(145.,227.25,-3.));
#4544 = DIRECTION('',(0.,0.,1.));
#4545 = DIRECTION('',(1.110223024625E-16,1.,0.));
#4546 = ADVANCED_FACE('',(#4547,#4594,#4662,#4732),#4802,.T.);
#4547 = FACE_BOUND('',#4548,.T.);
#4548 = EDGE_LOOP('',(#4549,#4550,#4556,#4557,#4565,#4573,#4579,#4580,
    #4586,#4587,#4588,#4589,#4590,#4591,#4592,#4593));
#4549 = ORIENTED_EDGE('',*,*,#1442,.F.);
#4550 = ORIENTED_EDGE('',*,*,#4551,.F.);
#4551 = EDGE_CURVE('',#1647,#1433,#4552,.T.);
#4552 = LINE('',#4553,#4554);
#4553 = CARTESIAN_POINT('',(217.,-233.5,0.));
#4554 = VECTOR('',#4555,1.);
#4555 = DIRECTION('',(-0.,1.,0.));
#4556 = ORIENTED_EDGE('',*,*,#1654,.T.);
#4557 = ORIENTED_EDGE('',*,*,#4558,.T.);
#4558 = EDGE_CURVE('',#1655,#4559,#4561,.T.);
#4559 = VERTEX_POINT('',#4560);
#4560 = CARTESIAN_POINT('',(213.,97.5,0.));
#4561 = LINE('',#4562,#4563);
#4562 = CARTESIAN_POINT('',(213.,-231.5,0.));
#4563 = VECTOR('',#4564,1.);
#4564 = DIRECTION('',(-0.,1.,0.));
#4565 = ORIENTED_EDGE('',*,*,#4566,.T.);
#4566 = EDGE_CURVE('',#4559,#4567,#4569,.T.);
#4567 = VERTEX_POINT('',#4568);
#4568 = CARTESIAN_POINT('',(203.,97.5,0.));
#4569 = LINE('',#4570,#4571);
#4570 = CARTESIAN_POINT('',(-24.,97.5,0.));
#4571 = VECTOR('',#4572,1.);
#4572 = DIRECTION('',(-1.,0.,0.));
#4573 = ORIENTED_EDGE('',*,*,#4574,.F.);
#4574 = EDGE_CURVE('',#1679,#4567,#4575,.T.);
#4575 = LINE('',#4576,#4577);
#4576 = CARTESIAN_POINT('',(203.,-226.5,0.));
#4577 = VECTOR('',#4578,1.);
#4578 = DIRECTION('',(-0.,1.,0.));
#4579 = ORIENTED_EDGE('',*,*,#1686,.T.);
#4580 = ORIENTED_EDGE('',*,*,#4581,.T.);
#4581 = EDGE_CURVE('',#1687,#1468,#4582,.T.);
#4582 = LINE('',#4583,#4584);
#4583 = CARTESIAN_POINT('',(199.,-200.5,0.));
#4584 = VECTOR('',#4585,1.);
#4585 = DIRECTION('',(-0.,1.,0.));
#4586 = ORIENTED_EDGE('',*,*,#1483,.T.);
#4587 = ORIENTED_EDGE('',*,*,#1015,.T.);
#4588 = ORIENTED_EDGE('',*,*,#456,.T.);
#4589 = ORIENTED_EDGE('',*,*,#990,.F.);
#4590 = ORIENTED_EDGE('',*,*,#1498,.F.);
#4591 = ORIENTED_EDGE('',*,*,#937,.T.);
#4592 = ORIENTED_EDGE('',*,*,#488,.T.);
#4593 = ORIENTED_EDGE('',*,*,#906,.F.);
#4594 = FACE_BOUND('',#4595,.T.);
#4595 = EDGE_LOOP('',(#4596,#4607,#4615,#4623,#4631,#4640,#4648,#4656));
#4596 = ORIENTED_EDGE('',*,*,#4597,.T.);
#4597 = EDGE_CURVE('',#4598,#4600,#4602,.T.);
#4598 = VERTEX_POINT('',#4599);
#4599 = CARTESIAN_POINT('',(213.,195.,0.));
#4600 = VERTEX_POINT('',#4601);
#4601 = CARTESIAN_POINT('',(195.,213.,0.));
#4602 = CIRCLE('',#4603,18.);
#4603 = AXIS2_PLACEMENT_3D('',#4604,#4605,#4606);
#4604 = CARTESIAN_POINT('',(195.,195.,0.));
#4605 = DIRECTION('',(0.,0.,1.));
#4606 = DIRECTION('',(1.,0.,-0.));
#4607 = ORIENTED_EDGE('',*,*,#4608,.T.);
#4608 = EDGE_CURVE('',#4600,#4609,#4611,.T.);
#4609 = VERTEX_POINT('',#4610);
#4610 = CARTESIAN_POINT('',(102.5,213.,0.));
#4611 = LINE('',#4612,#4613);
#4612 = CARTESIAN_POINT('',(-231.5,213.,0.));
#4613 = VECTOR('',#4614,1.);
#4614 = DIRECTION('',(-1.,-0.,0.));
#4615 = ORIENTED_EDGE('',*,*,#4616,.T.);
#4616 = EDGE_CURVE('',#4609,#4617,#4619,.T.);
#4617 = VERTEX_POINT('',#4618);
#4618 = CARTESIAN_POINT('',(102.5,203.,0.));
#4619 = LINE('',#4620,#4621);
#4620 = CARTESIAN_POINT('',(102.5,-24.,0.));
#4621 = VECTOR('',#4622,1.);
#4622 = DIRECTION('',(-1.110223024625E-16,-1.,0.));
#4623 = ORIENTED_EDGE('',*,*,#4624,.F.);
#4624 = EDGE_CURVE('',#4625,#4617,#4627,.T.);
#4625 = VERTEX_POINT('',#4626);
#4626 = CARTESIAN_POINT('',(195.,203.,0.));
#4627 = LINE('',#4628,#4629);
#4628 = CARTESIAN_POINT('',(-226.5,203.,0.));
#4629 = VECTOR('',#4630,1.);
#4630 = DIRECTION('',(-1.,-0.,0.));
#4631 = ORIENTED_EDGE('',*,*,#4632,.F.);
#4632 = EDGE_CURVE('',#4633,#4625,#4635,.T.);
#4633 = VERTEX_POINT('',#4634);
#4634 = CARTESIAN_POINT('',(203.,195.,0.));
#4635 = CIRCLE('',#4636,8.);
#4636 = AXIS2_PLACEMENT_3D('',#4637,#4638,#4639);
#4637 = CARTESIAN_POINT('',(195.,195.,0.));
#4638 = DIRECTION('',(0.,0.,1.));
#4639 = DIRECTION('',(1.,0.,-0.));
#4640 = ORIENTED_EDGE('',*,*,#4641,.F.);
#4641 = EDGE_CURVE('',#4642,#4633,#4644,.T.);
#4642 = VERTEX_POINT('',#4643);
#4643 = CARTESIAN_POINT('',(203.,102.5,0.));
#4644 = LINE('',#4645,#4646);
#4645 = CARTESIAN_POINT('',(203.,-226.5,0.));
#4646 = VECTOR('',#4647,1.);
#4647 = DIRECTION('',(-0.,1.,0.));
#4648 = ORIENTED_EDGE('',*,*,#4649,.F.);
#4649 = EDGE_CURVE('',#4650,#4642,#4652,.T.);
#4650 = VERTEX_POINT('',#4651);
#4651 = CARTESIAN_POINT('',(213.,102.5,0.));
#4652 = LINE('',#4653,#4654);
#4653 = CARTESIAN_POINT('',(-24.,102.5,0.));
#4654 = VECTOR('',#4655,1.);
#4655 = DIRECTION('',(-1.,0.,0.));
#4656 = ORIENTED_EDGE('',*,*,#4657,.T.);
#4657 = EDGE_CURVE('',#4650,#4598,#4658,.T.);
#4658 = LINE('',#4659,#4660);
#4659 = CARTESIAN_POINT('',(213.,-231.5,0.));
#4660 = VECTOR('',#4661,1.);
#4661 = DIRECTION('',(-0.,1.,0.));
#4662 = FACE_BOUND('',#4663,.T.);
#4663 = EDGE_LOOP('',(#4664,#4675,#4683,#4692,#4700,#4709,#4717,#4726));
#4664 = ORIENTED_EDGE('',*,*,#4665,.T.);
#4665 = EDGE_CURVE('',#4666,#4668,#4670,.T.);
#4666 = VERTEX_POINT('',#4667);
#4667 = CARTESIAN_POINT('',(200.25,136.,0.));
#4668 = VERTEX_POINT('',#4669);
#4669 = CARTESIAN_POINT('',(201.25,135.,0.));
#4670 = CIRCLE('',#4671,1.);
#4671 = AXIS2_PLACEMENT_3D('',#4672,#4673,#4674);
#4672 = CARTESIAN_POINT('',(201.25,136.,0.));
#4673 = DIRECTION('',(-0.,0.,1.));
#4674 = DIRECTION('',(0.,-1.,0.));
#4675 = ORIENTED_EDGE('',*,*,#4676,.T.);
#4676 = EDGE_CURVE('',#4668,#4677,#4679,.T.);
#4677 = VERTEX_POINT('',#4678);
#4678 = CARTESIAN_POINT('',(201.75,135.,0.));
#4679 = LINE('',#4680,#4681);
#4680 = CARTESIAN_POINT('',(200.25,135.,0.));
#4681 = VECTOR('',#4682,1.);
#4682 = DIRECTION('',(1.,0.,0.));
#4683 = ORIENTED_EDGE('',*,*,#4684,.F.);
#4684 = EDGE_CURVE('',#4685,#4677,#4687,.T.);
#4685 = VERTEX_POINT('',#4686);
#4686 = CARTESIAN_POINT('',(202.75,136.,0.));
#4687 = CIRCLE('',#4688,1.);
#4688 = AXIS2_PLACEMENT_3D('',#4689,#4690,#4691);
#4689 = CARTESIAN_POINT('',(201.75,136.,0.));
#4690 = DIRECTION('',(-0.,-0.,-1.));
#4691 = DIRECTION('',(0.,-1.,0.));
#4692 = ORIENTED_EDGE('',*,*,#4693,.T.);
#4693 = EDGE_CURVE('',#4685,#4694,#4696,.T.);
#4694 = VERTEX_POINT('',#4695);
#4695 = CARTESIAN_POINT('',(202.75,144.,0.));
#4696 = LINE('',#4697,#4698);
#4697 = CARTESIAN_POINT('',(202.75,135.,0.));
#4698 = VECTOR('',#4699,1.);
#4699 = DIRECTION('',(0.,1.,0.));
#4700 = ORIENTED_EDGE('',*,*,#4701,.T.);
#4701 = EDGE_CURVE('',#4694,#4702,#4704,.T.);
#4702 = VERTEX_POINT('',#4703);
#4703 = CARTESIAN_POINT('',(201.75,145.,0.));
#4704 = CIRCLE('',#4705,1.);
#4705 = AXIS2_PLACEMENT_3D('',#4706,#4707,#4708);
#4706 = CARTESIAN_POINT('',(201.75,144.,0.));
#4707 = DIRECTION('',(-0.,0.,1.));
#4708 = DIRECTION('',(0.,-1.,0.));
#4709 = ORIENTED_EDGE('',*,*,#4710,.F.);
#4710 = EDGE_CURVE('',#4711,#4702,#4713,.T.);
#4711 = VERTEX_POINT('',#4712);
#4712 = CARTESIAN_POINT('',(201.25,145.,0.));
#4713 = LINE('',#4714,#4715);
#4714 = CARTESIAN_POINT('',(200.25,145.,0.));
#4715 = VECTOR('',#4716,1.);
#4716 = DIRECTION('',(1.,0.,0.));
#4717 = ORIENTED_EDGE('',*,*,#4718,.F.);
#4718 = EDGE_CURVE('',#4719,#4711,#4721,.T.);
#4719 = VERTEX_POINT('',#4720);
#4720 = CARTESIAN_POINT('',(200.25,144.,0.));
#4721 = CIRCLE('',#4722,1.);
#4722 = AXIS2_PLACEMENT_3D('',#4723,#4724,#4725);
#4723 = CARTESIAN_POINT('',(201.25,144.,0.));
#4724 = DIRECTION('',(-0.,-0.,-1.));
#4725 = DIRECTION('',(0.,-1.,0.));
#4726 = ORIENTED_EDGE('',*,*,#4727,.F.);
#4727 = EDGE_CURVE('',#4666,#4719,#4728,.T.);
#4728 = LINE('',#4729,#4730);
#4729 = CARTESIAN_POINT('',(200.25,135.,0.));
#4730 = VECTOR('',#4731,1.);
#4731 = DIRECTION('',(0.,1.,0.));
#4732 = FACE_BOUND('',#4733,.T.);
#4733 = EDGE_LOOP('',(#4734,#4745,#4753,#4762,#4770,#4779,#4787,#4796));
#4734 = ORIENTED_EDGE('',*,*,#4735,.T.);
#4735 = EDGE_CURVE('',#4736,#4738,#4740,.T.);
#4736 = VERTEX_POINT('',#4737);
#4737 = CARTESIAN_POINT('',(144.,200.25,0.));
#4738 = VERTEX_POINT('',#4739);
#4739 = CARTESIAN_POINT('',(145.,201.25,0.));
#4740 = CIRCLE('',#4741,1.);
#4741 = AXIS2_PLACEMENT_3D('',#4742,#4743,#4744);
#4742 = CARTESIAN_POINT('',(144.,201.25,0.));
#4743 = DIRECTION('',(-0.,0.,1.));
#4744 = DIRECTION('',(1.,-1.110223024625E-16,0.));
#4745 = ORIENTED_EDGE('',*,*,#4746,.T.);
#4746 = EDGE_CURVE('',#4738,#4747,#4749,.T.);
#4747 = VERTEX_POINT('',#4748);
#4748 = CARTESIAN_POINT('',(145.,201.75,0.));
#4749 = LINE('',#4750,#4751);
#4750 = CARTESIAN_POINT('',(145.,200.25,0.));
#4751 = VECTOR('',#4752,1.);
#4752 = DIRECTION('',(1.110223024625E-16,1.,0.));
#4753 = ORIENTED_EDGE('',*,*,#4754,.F.);
#4754 = EDGE_CURVE('',#4755,#4747,#4757,.T.);
#4755 = VERTEX_POINT('',#4756);
#4756 = CARTESIAN_POINT('',(144.,202.75,0.));
#4757 = CIRCLE('',#4758,1.);
#4758 = AXIS2_PLACEMENT_3D('',#4759,#4760,#4761);
#4759 = CARTESIAN_POINT('',(144.,201.75,0.));
#4760 = DIRECTION('',(0.,-0.,-1.));
#4761 = DIRECTION('',(1.,-1.110223024625E-16,0.));
#4762 = ORIENTED_EDGE('',*,*,#4763,.T.);
#4763 = EDGE_CURVE('',#4755,#4764,#4766,.T.);
#4764 = VERTEX_POINT('',#4765);
#4765 = CARTESIAN_POINT('',(136.,202.75,0.));
#4766 = LINE('',#4767,#4768);
#4767 = CARTESIAN_POINT('',(145.,202.75,0.));
#4768 = VECTOR('',#4769,1.);
#4769 = DIRECTION('',(-1.,1.110223024625E-16,0.));
#4770 = ORIENTED_EDGE('',*,*,#4771,.T.);
#4771 = EDGE_CURVE('',#4764,#4772,#4774,.T.);
#4772 = VERTEX_POINT('',#4773);
#4773 = CARTESIAN_POINT('',(135.,201.75,0.));
#4774 = CIRCLE('',#4775,1.);
#4775 = AXIS2_PLACEMENT_3D('',#4776,#4777,#4778);
#4776 = CARTESIAN_POINT('',(136.,201.75,0.));
#4777 = DIRECTION('',(-0.,0.,1.));
#4778 = DIRECTION('',(1.,-1.110223024625E-16,0.));
#4779 = ORIENTED_EDGE('',*,*,#4780,.F.);
#4780 = EDGE_CURVE('',#4781,#4772,#4783,.T.);
#4781 = VERTEX_POINT('',#4782);
#4782 = CARTESIAN_POINT('',(135.,201.25,0.));
#4783 = LINE('',#4784,#4785);
#4784 = CARTESIAN_POINT('',(135.,200.25,0.));
#4785 = VECTOR('',#4786,1.);
#4786 = DIRECTION('',(1.110223024625E-16,1.,0.));
#4787 = ORIENTED_EDGE('',*,*,#4788,.F.);
#4788 = EDGE_CURVE('',#4789,#4781,#4791,.T.);
#4789 = VERTEX_POINT('',#4790);
#4790 = CARTESIAN_POINT('',(136.,200.25,0.));
#4791 = CIRCLE('',#4792,1.);
#4792 = AXIS2_PLACEMENT_3D('',#4793,#4794,#4795);
#4793 = CARTESIAN_POINT('',(136.,201.25,0.));
#4794 = DIRECTION('',(0.,-0.,-1.));
#4795 = DIRECTION('',(1.,-1.110223024625E-16,0.));
#4796 = ORIENTED_EDGE('',*,*,#4797,.F.);
#4797 = EDGE_CURVE('',#4736,#4789,#4798,.T.);
#4798 = LINE('',#4799,#4800);
#4799 = CARTESIAN_POINT('',(145.,200.25,0.));
#4800 = VECTOR('',#4801,1.);
#4801 = DIRECTION('',(-1.,1.110223024625E-16,0.));
#4802 = PLANE('',#4803);
#4803 = AXIS2_PLACEMENT_3D('',#4804,#4805,#4806);
#4804 = CARTESIAN_POINT('',(162.06232123599,128.52615811853,0.));
#4805 = DIRECTION('',(-0.,-0.,-1.));
#4806 = DIRECTION('',(-1.,0.,0.));
#4807 = ADVANCED_FACE('',(#4808),#4833,.F.);
#4808 = FACE_BOUND('',#4809,.F.);
#4809 = EDGE_LOOP('',(#4810,#4811,#4819,#4827));
#4810 = ORIENTED_EDGE('',*,*,#4566,.T.);
#4811 = ORIENTED_EDGE('',*,*,#4812,.T.);
#4812 = EDGE_CURVE('',#4567,#4813,#4815,.T.);
#4813 = VERTEX_POINT('',#4814);
#4814 = CARTESIAN_POINT('',(203.,97.5,0.6));
#4815 = LINE('',#4816,#4817);
#4816 = CARTESIAN_POINT('',(203.,97.5,-1.5));
#4817 = VECTOR('',#4818,1.);
#4818 = DIRECTION('',(0.,-0.,1.));
#4819 = ORIENTED_EDGE('',*,*,#4820,.F.);
#4820 = EDGE_CURVE('',#4821,#4813,#4823,.T.);
#4821 = VERTEX_POINT('',#4822);
#4822 = CARTESIAN_POINT('',(213.,97.5,0.6));
#4823 = LINE('',#4824,#4825);
#4824 = CARTESIAN_POINT('',(-5.5,97.5,0.6));
#4825 = VECTOR('',#4826,1.);
#4826 = DIRECTION('',(-1.,0.,0.));
#4827 = ORIENTED_EDGE('',*,*,#4828,.F.);
#4828 = EDGE_CURVE('',#4559,#4821,#4829,.T.);
#4829 = LINE('',#4830,#4831);
#4830 = CARTESIAN_POINT('',(213.,97.5,-1.));
#4831 = VECTOR('',#4832,1.);
#4832 = DIRECTION('',(0.,-0.,1.));
#4833 = PLANE('',#4834);
#4834 = AXIS2_PLACEMENT_3D('',#4835,#4836,#4837);
#4835 = CARTESIAN_POINT('',(202.,97.5,-1.));
#4836 = DIRECTION('',(0.,1.,0.));
#4837 = DIRECTION('',(0.,0.,1.));
#4838 = ADVANCED_FACE('',(#4839),#4865,.F.);
#4839 = FACE_BOUND('',#4840,.F.);
#4840 = EDGE_LOOP('',(#4841,#4849,#4850,#4858));
#4841 = ORIENTED_EDGE('',*,*,#4842,.F.);
#4842 = EDGE_CURVE('',#4598,#4843,#4845,.T.);
#4843 = VERTEX_POINT('',#4844);
#4844 = CARTESIAN_POINT('',(213.,195.,0.6));
#4845 = LINE('',#4846,#4847);
#4846 = CARTESIAN_POINT('',(213.,195.,-1.));
#4847 = VECTOR('',#4848,1.);
#4848 = DIRECTION('',(0.,0.,1.));
#4849 = ORIENTED_EDGE('',*,*,#4597,.T.);
#4850 = ORIENTED_EDGE('',*,*,#4851,.T.);
#4851 = EDGE_CURVE('',#4600,#4852,#4854,.T.);
#4852 = VERTEX_POINT('',#4853);
#4853 = CARTESIAN_POINT('',(195.,213.,0.6));
#4854 = LINE('',#4855,#4856);
#4855 = CARTESIAN_POINT('',(195.,213.,-1.));
#4856 = VECTOR('',#4857,1.);
#4857 = DIRECTION('',(0.,0.,1.));
#4858 = ORIENTED_EDGE('',*,*,#4859,.F.);
#4859 = EDGE_CURVE('',#4843,#4852,#4860,.T.);
#4860 = CIRCLE('',#4861,18.);
#4861 = AXIS2_PLACEMENT_3D('',#4862,#4863,#4864);
#4862 = CARTESIAN_POINT('',(195.,195.,0.6));
#4863 = DIRECTION('',(0.,0.,1.));
#4864 = DIRECTION('',(0.,-1.,0.));
#4865 = CYLINDRICAL_SURFACE('',#4866,18.);
#4866 = AXIS2_PLACEMENT_3D('',#4867,#4868,#4869);
#4867 = CARTESIAN_POINT('',(195.,195.,-1.));
#4868 = DIRECTION('',(0.,0.,1.));
#4869 = DIRECTION('',(1.,0.,-0.));
#4870 = ADVANCED_FACE('',(#4871),#4889,.F.);
#4871 = FACE_BOUND('',#4872,.F.);
#4872 = EDGE_LOOP('',(#4873,#4881,#4887,#4888));
#4873 = ORIENTED_EDGE('',*,*,#4874,.F.);
#4874 = EDGE_CURVE('',#4875,#4843,#4877,.T.);
#4875 = VERTEX_POINT('',#4876);
#4876 = CARTESIAN_POINT('',(213.,102.5,0.6));
#4877 = LINE('',#4878,#4879);
#4878 = CARTESIAN_POINT('',(213.,-213.,0.6));
#4879 = VECTOR('',#4880,1.);
#4880 = DIRECTION('',(-0.,1.,0.));
#4881 = ORIENTED_EDGE('',*,*,#4882,.F.);
#4882 = EDGE_CURVE('',#4650,#4875,#4883,.T.);
#4883 = LINE('',#4884,#4885);
#4884 = CARTESIAN_POINT('',(213.,102.5,-1.));
#4885 = VECTOR('',#4886,1.);
#4886 = DIRECTION('',(0.,-0.,1.));
#4887 = ORIENTED_EDGE('',*,*,#4657,.T.);
#4888 = ORIENTED_EDGE('',*,*,#4842,.T.);
#4889 = PLANE('',#4890);
#4890 = AXIS2_PLACEMENT_3D('',#4891,#4892,#4893);
#4891 = CARTESIAN_POINT('',(213.,-213.,-1.));
#4892 = DIRECTION('',(1.,0.,-0.));
#4893 = DIRECTION('',(0.,0.,1.));
#4894 = ADVANCED_FACE('',(#4895),#4913,.F.);
#4895 = FACE_BOUND('',#4896,.F.);
#4896 = EDGE_LOOP('',(#4897,#4898,#4906,#4912));
#4897 = ORIENTED_EDGE('',*,*,#4608,.T.);
#4898 = ORIENTED_EDGE('',*,*,#4899,.T.);
#4899 = EDGE_CURVE('',#4609,#4900,#4902,.T.);
#4900 = VERTEX_POINT('',#4901);
#4901 = CARTESIAN_POINT('',(102.5,213.,0.6));
#4902 = LINE('',#4903,#4904);
#4903 = CARTESIAN_POINT('',(102.5,213.,-1.));
#4904 = VECTOR('',#4905,1.);
#4905 = DIRECTION('',(0.,0.,1.));
#4906 = ORIENTED_EDGE('',*,*,#4907,.T.);
#4907 = EDGE_CURVE('',#4900,#4852,#4908,.T.);
#4908 = LINE('',#4909,#4910);
#4909 = CARTESIAN_POINT('',(-213.,213.,0.6));
#4910 = VECTOR('',#4911,1.);
#4911 = DIRECTION('',(1.,0.,-0.));
#4912 = ORIENTED_EDGE('',*,*,#4851,.F.);
#4913 = PLANE('',#4914);
#4914 = AXIS2_PLACEMENT_3D('',#4915,#4916,#4917);
#4915 = CARTESIAN_POINT('',(-213.,213.,-1.));
#4916 = DIRECTION('',(-0.,1.,0.));
#4917 = DIRECTION('',(0.,0.,1.));
#4918 = ADVANCED_FACE('',(#4919),#4937,.T.);
#4919 = FACE_BOUND('',#4920,.T.);
#4920 = EDGE_LOOP('',(#4921,#4922,#4930,#4936));
#4921 = ORIENTED_EDGE('',*,*,#4649,.T.);
#4922 = ORIENTED_EDGE('',*,*,#4923,.T.);
#4923 = EDGE_CURVE('',#4642,#4924,#4926,.T.);
#4924 = VERTEX_POINT('',#4925);
#4925 = CARTESIAN_POINT('',(203.,102.5,0.6));
#4926 = LINE('',#4927,#4928);
#4927 = CARTESIAN_POINT('',(203.,102.5,-1.5));
#4928 = VECTOR('',#4929,1.);
#4929 = DIRECTION('',(0.,-0.,1.));
#4930 = ORIENTED_EDGE('',*,*,#4931,.F.);
#4931 = EDGE_CURVE('',#4875,#4924,#4932,.T.);
#4932 = LINE('',#4933,#4934);
#4933 = CARTESIAN_POINT('',(-5.5,102.5,0.6));
#4934 = VECTOR('',#4935,1.);
#4935 = DIRECTION('',(-1.,0.,0.));
#4936 = ORIENTED_EDGE('',*,*,#4882,.F.);
#4937 = PLANE('',#4938);
#4938 = AXIS2_PLACEMENT_3D('',#4939,#4940,#4941);
#4939 = CARTESIAN_POINT('',(202.,102.5,-1.));
#4940 = DIRECTION('',(0.,1.,0.));
#4941 = DIRECTION('',(0.,0.,1.));
#4942 = ADVANCED_FACE('',(#4943),#4961,.F.);
#4943 = FACE_BOUND('',#4944,.F.);
#4944 = EDGE_LOOP('',(#4945,#4946,#4954,#4960));
#4945 = ORIENTED_EDGE('',*,*,#4616,.T.);
#4946 = ORIENTED_EDGE('',*,*,#4947,.T.);
#4947 = EDGE_CURVE('',#4617,#4948,#4950,.T.);
#4948 = VERTEX_POINT('',#4949);
#4949 = CARTESIAN_POINT('',(102.5,203.,0.6));
#4950 = LINE('',#4951,#4952);
#4951 = CARTESIAN_POINT('',(102.5,203.,-1.5));
#4952 = VECTOR('',#4953,1.);
#4953 = DIRECTION('',(0.,0.,1.));
#4954 = ORIENTED_EDGE('',*,*,#4955,.F.);
#4955 = EDGE_CURVE('',#4900,#4948,#4956,.T.);
#4956 = LINE('',#4957,#4958);
#4957 = CARTESIAN_POINT('',(102.5,-5.5,0.6));
#4958 = VECTOR('',#4959,1.);
#4959 = DIRECTION('',(-1.110223024625E-16,-1.,0.));
#4960 = ORIENTED_EDGE('',*,*,#4899,.F.);
#4961 = PLANE('',#4962);
#4962 = AXIS2_PLACEMENT_3D('',#4963,#4964,#4965);
#4963 = CARTESIAN_POINT('',(102.5,202.,-1.));
#4964 = DIRECTION('',(-1.,1.110223024625E-16,0.));
#4965 = DIRECTION('',(0.,0.,1.));
#4966 = ADVANCED_FACE('',(#4967),#4985,.T.);
#4967 = FACE_BOUND('',#4968,.T.);
#4968 = EDGE_LOOP('',(#4969,#4977,#4978,#4979));
#4969 = ORIENTED_EDGE('',*,*,#4970,.F.);
#4970 = EDGE_CURVE('',#4924,#4971,#4973,.T.);
#4971 = VERTEX_POINT('',#4972);
#4972 = CARTESIAN_POINT('',(203.,195.,0.6));
#4973 = LINE('',#4974,#4975);
#4974 = CARTESIAN_POINT('',(203.,-208.,0.6));
#4975 = VECTOR('',#4976,1.);
#4976 = DIRECTION('',(-0.,1.,0.));
#4977 = ORIENTED_EDGE('',*,*,#4923,.F.);
#4978 = ORIENTED_EDGE('',*,*,#4641,.T.);
#4979 = ORIENTED_EDGE('',*,*,#4980,.T.);
#4980 = EDGE_CURVE('',#4633,#4971,#4981,.T.);
#4981 = LINE('',#4982,#4983);
#4982 = CARTESIAN_POINT('',(203.,195.,-2.));
#4983 = VECTOR('',#4984,1.);
#4984 = DIRECTION('',(0.,0.,1.));
#4985 = PLANE('',#4986);
#4986 = AXIS2_PLACEMENT_3D('',#4987,#4988,#4989);
#4987 = CARTESIAN_POINT('',(203.,-203.,-2.));
#4988 = DIRECTION('',(1.,0.,-0.));
#4989 = DIRECTION('',(0.,0.,1.));
#4990 = ADVANCED_FACE('',(#4991),#5009,.T.);
#4991 = FACE_BOUND('',#4992,.T.);
#4992 = EDGE_LOOP('',(#4993,#5001,#5002,#5003));
#4993 = ORIENTED_EDGE('',*,*,#4994,.F.);
#4994 = EDGE_CURVE('',#4625,#4995,#4997,.T.);
#4995 = VERTEX_POINT('',#4996);
#4996 = CARTESIAN_POINT('',(195.,203.,0.6));
#4997 = LINE('',#4998,#4999);
#4998 = CARTESIAN_POINT('',(195.,203.,-2.));
#4999 = VECTOR('',#5000,1.);
#5000 = DIRECTION('',(0.,0.,1.));
#5001 = ORIENTED_EDGE('',*,*,#4624,.T.);
#5002 = ORIENTED_EDGE('',*,*,#4947,.T.);
#5003 = ORIENTED_EDGE('',*,*,#5004,.F.);
#5004 = EDGE_CURVE('',#4995,#4948,#5005,.T.);
#5005 = LINE('',#5006,#5007);
#5006 = CARTESIAN_POINT('',(-208.,203.,0.6));
#5007 = VECTOR('',#5008,1.);
#5008 = DIRECTION('',(-1.,-0.,0.));
#5009 = PLANE('',#5010);
#5010 = AXIS2_PLACEMENT_3D('',#5011,#5012,#5013);
#5011 = CARTESIAN_POINT('',(-203.,203.,-2.));
#5012 = DIRECTION('',(-0.,1.,0.));
#5013 = DIRECTION('',(0.,0.,1.));
#5014 = ADVANCED_FACE('',(#5015),#5027,.T.);
#5015 = FACE_BOUND('',#5016,.T.);
#5016 = EDGE_LOOP('',(#5017,#5018,#5019,#5020));
#5017 = ORIENTED_EDGE('',*,*,#4980,.F.);
#5018 = ORIENTED_EDGE('',*,*,#4632,.T.);
#5019 = ORIENTED_EDGE('',*,*,#4994,.T.);
#5020 = ORIENTED_EDGE('',*,*,#5021,.F.);
#5021 = EDGE_CURVE('',#4971,#4995,#5022,.T.);
#5022 = CIRCLE('',#5023,8.);
#5023 = AXIS2_PLACEMENT_3D('',#5024,#5025,#5026);
#5024 = CARTESIAN_POINT('',(195.,195.,0.6));
#5025 = DIRECTION('',(0.,0.,1.));
#5026 = DIRECTION('',(1.,0.,-0.));
#5027 = CYLINDRICAL_SURFACE('',#5028,8.);
#5028 = AXIS2_PLACEMENT_3D('',#5029,#5030,#5031);
#5029 = CARTESIAN_POINT('',(195.,195.,-2.));
#5030 = DIRECTION('',(0.,0.,1.));
#5031 = DIRECTION('',(1.,0.,-0.));
#5032 = ADVANCED_FACE('',(#5033),#5043,.F.);
#5033 = FACE_BOUND('',#5034,.F.);
#5034 = EDGE_LOOP('',(#5035,#5036,#5037,#5038,#5039,#5040,#5041,#5042));
#5035 = ORIENTED_EDGE('',*,*,#4907,.F.);
#5036 = ORIENTED_EDGE('',*,*,#4955,.T.);
#5037 = ORIENTED_EDGE('',*,*,#5004,.F.);
#5038 = ORIENTED_EDGE('',*,*,#5021,.F.);
#5039 = ORIENTED_EDGE('',*,*,#4970,.F.);
#5040 = ORIENTED_EDGE('',*,*,#4931,.F.);
#5041 = ORIENTED_EDGE('',*,*,#4874,.T.);
#5042 = ORIENTED_EDGE('',*,*,#4859,.T.);
#5043 = PLANE('',#5044);
#5044 = AXIS2_PLACEMENT_3D('',#5045,#5046,#5047);
#5045 = CARTESIAN_POINT('',(-213.,-213.,0.6));
#5046 = DIRECTION('',(0.,0.,1.));
#5047 = DIRECTION('',(1.,0.,-0.));
#5048 = ADVANCED_FACE('',(#5049),#5075,.T.);
#5049 = FACE_BOUND('',#5050,.T.);
#5050 = EDGE_LOOP('',(#5051,#5062,#5068,#5069));
#5051 = ORIENTED_EDGE('',*,*,#5052,.T.);
#5052 = EDGE_CURVE('',#5053,#5055,#5057,.T.);
#5053 = VERTEX_POINT('',#5054);
#5054 = CARTESIAN_POINT('',(200.25,136.,-3.));
#5055 = VERTEX_POINT('',#5056);
#5056 = CARTESIAN_POINT('',(201.25,135.,-3.));
#5057 = CIRCLE('',#5058,1.);
#5058 = AXIS2_PLACEMENT_3D('',#5059,#5060,#5061);
#5059 = CARTESIAN_POINT('',(201.25,136.,-3.));
#5060 = DIRECTION('',(-0.,0.,1.));
#5061 = DIRECTION('',(0.,-1.,0.));
#5062 = ORIENTED_EDGE('',*,*,#5063,.T.);
#5063 = EDGE_CURVE('',#5055,#4668,#5064,.T.);
#5064 = LINE('',#5065,#5066);
#5065 = CARTESIAN_POINT('',(201.25,135.,-3.));
#5066 = VECTOR('',#5067,1.);
#5067 = DIRECTION('',(0.,0.,1.));
#5068 = ORIENTED_EDGE('',*,*,#4665,.F.);
#5069 = ORIENTED_EDGE('',*,*,#5070,.F.);
#5070 = EDGE_CURVE('',#5053,#4666,#5071,.T.);
#5071 = LINE('',#5072,#5073);
#5072 = CARTESIAN_POINT('',(200.25,136.,-3.));
#5073 = VECTOR('',#5074,1.);
#5074 = DIRECTION('',(0.,0.,1.));
#5075 = CYLINDRICAL_SURFACE('',#5076,1.);
#5076 = AXIS2_PLACEMENT_3D('',#5077,#5078,#5079);
#5077 = CARTESIAN_POINT('',(201.25,136.,-3.));
#5078 = DIRECTION('',(0.,0.,1.));
#5079 = DIRECTION('',(-1.,0.,0.));
#5080 = ADVANCED_FACE('',(#5081),#5099,.F.);
#5081 = FACE_BOUND('',#5082,.F.);
#5082 = EDGE_LOOP('',(#5083,#5084,#5085,#5093));
#5083 = ORIENTED_EDGE('',*,*,#4727,.F.);
#5084 = ORIENTED_EDGE('',*,*,#5070,.F.);
#5085 = ORIENTED_EDGE('',*,*,#5086,.T.);
#5086 = EDGE_CURVE('',#5053,#5087,#5089,.T.);
#5087 = VERTEX_POINT('',#5088);
#5088 = CARTESIAN_POINT('',(200.25,144.,-3.));
#5089 = LINE('',#5090,#5091);
#5090 = CARTESIAN_POINT('',(200.25,135.,-3.));
#5091 = VECTOR('',#5092,1.);
#5092 = DIRECTION('',(0.,1.,0.));
#5093 = ORIENTED_EDGE('',*,*,#5094,.T.);
#5094 = EDGE_CURVE('',#5087,#4719,#5095,.T.);
#5095 = LINE('',#5096,#5097);
#5096 = CARTESIAN_POINT('',(200.25,144.,-3.));
#5097 = VECTOR('',#5098,1.);
#5098 = DIRECTION('',(0.,0.,1.));
#5099 = PLANE('',#5100);
#5100 = AXIS2_PLACEMENT_3D('',#5101,#5102,#5103);
#5101 = CARTESIAN_POINT('',(200.25,135.,-3.));
#5102 = DIRECTION('',(1.,0.,0.));
#5103 = DIRECTION('',(0.,0.,1.));
#5104 = ADVANCED_FACE('',(#5105),#5123,.F.);
#5105 = FACE_BOUND('',#5106,.F.);
#5106 = EDGE_LOOP('',(#5107,#5115,#5116,#5117));
#5107 = ORIENTED_EDGE('',*,*,#5108,.F.);
#5108 = EDGE_CURVE('',#5055,#5109,#5111,.T.);
#5109 = VERTEX_POINT('',#5110);
#5110 = CARTESIAN_POINT('',(201.75,135.,-3.));
#5111 = LINE('',#5112,#5113);
#5112 = CARTESIAN_POINT('',(200.25,135.,-3.));
#5113 = VECTOR('',#5114,1.);
#5114 = DIRECTION('',(1.,0.,0.));
#5115 = ORIENTED_EDGE('',*,*,#5063,.T.);
#5116 = ORIENTED_EDGE('',*,*,#4676,.T.);
#5117 = ORIENTED_EDGE('',*,*,#5118,.F.);
#5118 = EDGE_CURVE('',#5109,#4677,#5119,.T.);
#5119 = LINE('',#5120,#5121);
#5120 = CARTESIAN_POINT('',(201.75,135.,-3.));
#5121 = VECTOR('',#5122,1.);
#5122 = DIRECTION('',(0.,0.,1.));
#5123 = PLANE('',#5124);
#5124 = AXIS2_PLACEMENT_3D('',#5125,#5126,#5127);
#5125 = CARTESIAN_POINT('',(200.25,135.,-3.));
#5126 = DIRECTION('',(0.,1.,0.));
#5127 = DIRECTION('',(0.,0.,1.));
#5128 = ADVANCED_FACE('',(#5129),#5148,.T.);
#5129 = FACE_BOUND('',#5130,.F.);
#5130 = EDGE_LOOP('',(#5131,#5140,#5146,#5147));
#5131 = ORIENTED_EDGE('',*,*,#5132,.T.);
#5132 = EDGE_CURVE('',#5087,#5133,#5135,.T.);
#5133 = VERTEX_POINT('',#5134);
#5134 = CARTESIAN_POINT('',(201.25,145.,-3.));
#5135 = CIRCLE('',#5136,1.);
#5136 = AXIS2_PLACEMENT_3D('',#5137,#5138,#5139);
#5137 = CARTESIAN_POINT('',(201.25,144.,-3.));
#5138 = DIRECTION('',(-0.,-0.,-1.));
#5139 = DIRECTION('',(0.,-1.,0.));
#5140 = ORIENTED_EDGE('',*,*,#5141,.T.);
#5141 = EDGE_CURVE('',#5133,#4711,#5142,.T.);
#5142 = LINE('',#5143,#5144);
#5143 = CARTESIAN_POINT('',(201.25,145.,-3.));
#5144 = VECTOR('',#5145,1.);
#5145 = DIRECTION('',(0.,0.,1.));
#5146 = ORIENTED_EDGE('',*,*,#4718,.F.);
#5147 = ORIENTED_EDGE('',*,*,#5094,.F.);
#5148 = CYLINDRICAL_SURFACE('',#5149,1.);
#5149 = AXIS2_PLACEMENT_3D('',#5150,#5151,#5152);
#5150 = CARTESIAN_POINT('',(201.25,144.,-3.));
#5151 = DIRECTION('',(0.,0.,1.));
#5152 = DIRECTION('',(-1.,0.,0.));
#5153 = ADVANCED_FACE('',(#5154),#5173,.T.);
#5154 = FACE_BOUND('',#5155,.F.);
#5155 = EDGE_LOOP('',(#5156,#5165,#5166,#5167));
#5156 = ORIENTED_EDGE('',*,*,#5157,.T.);
#5157 = EDGE_CURVE('',#5158,#5109,#5160,.T.);
#5158 = VERTEX_POINT('',#5159);
#5159 = CARTESIAN_POINT('',(202.75,136.,-3.));
#5160 = CIRCLE('',#5161,1.);
#5161 = AXIS2_PLACEMENT_3D('',#5162,#5163,#5164);
#5162 = CARTESIAN_POINT('',(201.75,136.,-3.));
#5163 = DIRECTION('',(-0.,-0.,-1.));
#5164 = DIRECTION('',(0.,-1.,0.));
#5165 = ORIENTED_EDGE('',*,*,#5118,.T.);
#5166 = ORIENTED_EDGE('',*,*,#4684,.F.);
#5167 = ORIENTED_EDGE('',*,*,#5168,.F.);
#5168 = EDGE_CURVE('',#5158,#4685,#5169,.T.);
#5169 = LINE('',#5170,#5171);
#5170 = CARTESIAN_POINT('',(202.75,136.,-3.));
#5171 = VECTOR('',#5172,1.);
#5172 = DIRECTION('',(0.,0.,1.));
#5173 = CYLINDRICAL_SURFACE('',#5174,1.);
#5174 = AXIS2_PLACEMENT_3D('',#5175,#5176,#5177);
#5175 = CARTESIAN_POINT('',(201.75,136.,-3.));
#5176 = DIRECTION('',(0.,0.,1.));
#5177 = DIRECTION('',(1.,0.,0.));
#5178 = ADVANCED_FACE('',(#5179),#5197,.T.);
#5179 = FACE_BOUND('',#5180,.T.);
#5180 = EDGE_LOOP('',(#5181,#5189,#5190,#5191));
#5181 = ORIENTED_EDGE('',*,*,#5182,.F.);
#5182 = EDGE_CURVE('',#5133,#5183,#5185,.T.);
#5183 = VERTEX_POINT('',#5184);
#5184 = CARTESIAN_POINT('',(201.75,145.,-3.));
#5185 = LINE('',#5186,#5187);
#5186 = CARTESIAN_POINT('',(200.25,145.,-3.));
#5187 = VECTOR('',#5188,1.);
#5188 = DIRECTION('',(1.,0.,0.));
#5189 = ORIENTED_EDGE('',*,*,#5141,.T.);
#5190 = ORIENTED_EDGE('',*,*,#4710,.T.);
#5191 = ORIENTED_EDGE('',*,*,#5192,.F.);
#5192 = EDGE_CURVE('',#5183,#4702,#5193,.T.);
#5193 = LINE('',#5194,#5195);
#5194 = CARTESIAN_POINT('',(201.75,145.,-3.));
#5195 = VECTOR('',#5196,1.);
#5196 = DIRECTION('',(0.,0.,1.));
#5197 = PLANE('',#5198);
#5198 = AXIS2_PLACEMENT_3D('',#5199,#5200,#5201);
#5199 = CARTESIAN_POINT('',(200.25,145.,-3.));
#5200 = DIRECTION('',(0.,1.,0.));
#5201 = DIRECTION('',(0.,0.,1.));
#5202 = ADVANCED_FACE('',(#5203),#5221,.T.);
#5203 = FACE_BOUND('',#5204,.T.);
#5204 = EDGE_LOOP('',(#5205,#5206,#5207,#5215));
#5205 = ORIENTED_EDGE('',*,*,#4693,.F.);
#5206 = ORIENTED_EDGE('',*,*,#5168,.F.);
#5207 = ORIENTED_EDGE('',*,*,#5208,.T.);
#5208 = EDGE_CURVE('',#5158,#5209,#5211,.T.);
#5209 = VERTEX_POINT('',#5210);
#5210 = CARTESIAN_POINT('',(202.75,144.,-3.));
#5211 = LINE('',#5212,#5213);
#5212 = CARTESIAN_POINT('',(202.75,135.,-3.));
#5213 = VECTOR('',#5214,1.);
#5214 = DIRECTION('',(0.,1.,0.));
#5215 = ORIENTED_EDGE('',*,*,#5216,.T.);
#5216 = EDGE_CURVE('',#5209,#4694,#5217,.T.);
#5217 = LINE('',#5218,#5219);
#5218 = CARTESIAN_POINT('',(202.75,144.,-3.));
#5219 = VECTOR('',#5220,1.);
#5220 = DIRECTION('',(0.,0.,1.));
#5221 = PLANE('',#5222);
#5222 = AXIS2_PLACEMENT_3D('',#5223,#5224,#5225);
#5223 = CARTESIAN_POINT('',(202.75,135.,-3.));
#5224 = DIRECTION('',(1.,0.,0.));
#5225 = DIRECTION('',(0.,0.,1.));
#5226 = ADVANCED_FACE('',(#5227),#5239,.T.);
#5227 = FACE_BOUND('',#5228,.T.);
#5228 = EDGE_LOOP('',(#5229,#5236,#5237,#5238));
#5229 = ORIENTED_EDGE('',*,*,#5230,.T.);
#5230 = EDGE_CURVE('',#5209,#5183,#5231,.T.);
#5231 = CIRCLE('',#5232,1.);
#5232 = AXIS2_PLACEMENT_3D('',#5233,#5234,#5235);
#5233 = CARTESIAN_POINT('',(201.75,144.,-3.));
#5234 = DIRECTION('',(-0.,0.,1.));
#5235 = DIRECTION('',(0.,-1.,0.));
#5236 = ORIENTED_EDGE('',*,*,#5192,.T.);
#5237 = ORIENTED_EDGE('',*,*,#4701,.F.);
#5238 = ORIENTED_EDGE('',*,*,#5216,.F.);
#5239 = CYLINDRICAL_SURFACE('',#5240,1.);
#5240 = AXIS2_PLACEMENT_3D('',#5241,#5242,#5243);
#5241 = CARTESIAN_POINT('',(201.75,144.,-3.));
#5242 = DIRECTION('',(0.,0.,1.));
#5243 = DIRECTION('',(1.,0.,0.));
#5244 = ADVANCED_FACE('',(#5245),#5255,.F.);
#5245 = FACE_BOUND('',#5246,.F.);
#5246 = EDGE_LOOP('',(#5247,#5248,#5249,#5250,#5251,#5252,#5253,#5254));
#5247 = ORIENTED_EDGE('',*,*,#5086,.F.);
#5248 = ORIENTED_EDGE('',*,*,#5052,.T.);
#5249 = ORIENTED_EDGE('',*,*,#5108,.T.);
#5250 = ORIENTED_EDGE('',*,*,#5157,.F.);
#5251 = ORIENTED_EDGE('',*,*,#5208,.T.);
#5252 = ORIENTED_EDGE('',*,*,#5230,.T.);
#5253 = ORIENTED_EDGE('',*,*,#5182,.F.);
#5254 = ORIENTED_EDGE('',*,*,#5132,.F.);
#5255 = PLANE('',#5256);
#5256 = AXIS2_PLACEMENT_3D('',#5257,#5258,#5259);
#5257 = CARTESIAN_POINT('',(200.25,135.,-3.));
#5258 = DIRECTION('',(0.,0.,1.));
#5259 = DIRECTION('',(1.,0.,0.));
#5260 = ADVANCED_FACE('',(#5261),#5287,.T.);
#5261 = FACE_BOUND('',#5262,.T.);
#5262 = EDGE_LOOP('',(#5263,#5274,#5280,#5281));
#5263 = ORIENTED_EDGE('',*,*,#5264,.T.);
#5264 = EDGE_CURVE('',#5265,#5267,#5269,.T.);
#5265 = VERTEX_POINT('',#5266);
#5266 = CARTESIAN_POINT('',(144.,200.25,-3.));
#5267 = VERTEX_POINT('',#5268);
#5268 = CARTESIAN_POINT('',(145.,201.25,-3.));
#5269 = CIRCLE('',#5270,1.);
#5270 = AXIS2_PLACEMENT_3D('',#5271,#5272,#5273);
#5271 = CARTESIAN_POINT('',(144.,201.25,-3.));
#5272 = DIRECTION('',(-0.,0.,1.));
#5273 = DIRECTION('',(1.,-1.110223024625E-16,0.));
#5274 = ORIENTED_EDGE('',*,*,#5275,.T.);
#5275 = EDGE_CURVE('',#5267,#4738,#5276,.T.);
#5276 = LINE('',#5277,#5278);
#5277 = CARTESIAN_POINT('',(145.,201.25,-3.));
#5278 = VECTOR('',#5279,1.);
#5279 = DIRECTION('',(0.,0.,1.));
#5280 = ORIENTED_EDGE('',*,*,#4735,.F.);
#5281 = ORIENTED_EDGE('',*,*,#5282,.F.);
#5282 = EDGE_CURVE('',#5265,#4736,#5283,.T.);
#5283 = LINE('',#5284,#5285);
#5284 = CARTESIAN_POINT('',(144.,200.25,-3.));
#5285 = VECTOR('',#5286,1.);
#5286 = DIRECTION('',(0.,0.,1.));
#5287 = CYLINDRICAL_SURFACE('',#5288,1.);
#5288 = AXIS2_PLACEMENT_3D('',#5289,#5290,#5291);
#5289 = CARTESIAN_POINT('',(144.,201.25,-3.));
#5290 = DIRECTION('',(0.,0.,1.));
#5291 = DIRECTION('',(-1.110223024625E-16,-1.,0.));
#5292 = ADVANCED_FACE('',(#5293),#5311,.F.);
#5293 = FACE_BOUND('',#5294,.F.);
#5294 = EDGE_LOOP('',(#5295,#5296,#5297,#5305));
#5295 = ORIENTED_EDGE('',*,*,#4797,.F.);
#5296 = ORIENTED_EDGE('',*,*,#5282,.F.);
#5297 = ORIENTED_EDGE('',*,*,#5298,.T.);
#5298 = EDGE_CURVE('',#5265,#5299,#5301,.T.);
#5299 = VERTEX_POINT('',#5300);
#5300 = CARTESIAN_POINT('',(136.,200.25,-3.));
#5301 = LINE('',#5302,#5303);
#5302 = CARTESIAN_POINT('',(145.,200.25,-3.));
#5303 = VECTOR('',#5304,1.);
#5304 = DIRECTION('',(-1.,1.110223024625E-16,0.));
#5305 = ORIENTED_EDGE('',*,*,#5306,.T.);
#5306 = EDGE_CURVE('',#5299,#4789,#5307,.T.);
#5307 = LINE('',#5308,#5309);
#5308 = CARTESIAN_POINT('',(136.,200.25,-3.));
#5309 = VECTOR('',#5310,1.);
#5310 = DIRECTION('',(0.,0.,1.));
#5311 = PLANE('',#5312);
#5312 = AXIS2_PLACEMENT_3D('',#5313,#5314,#5315);
#5313 = CARTESIAN_POINT('',(145.,200.25,-3.));
#5314 = DIRECTION('',(1.110223024625E-16,1.,0.));
#5315 = DIRECTION('',(0.,0.,1.));
#5316 = ADVANCED_FACE('',(#5317),#5335,.F.);
#5317 = FACE_BOUND('',#5318,.F.);
#5318 = EDGE_LOOP('',(#5319,#5327,#5328,#5329));
#5319 = ORIENTED_EDGE('',*,*,#5320,.F.);
#5320 = EDGE_CURVE('',#5267,#5321,#5323,.T.);
#5321 = VERTEX_POINT('',#5322);
#5322 = CARTESIAN_POINT('',(145.,201.75,-3.));
#5323 = LINE('',#5324,#5325);
#5324 = CARTESIAN_POINT('',(145.,200.25,-3.));
#5325 = VECTOR('',#5326,1.);
#5326 = DIRECTION('',(1.110223024625E-16,1.,0.));
#5327 = ORIENTED_EDGE('',*,*,#5275,.T.);
#5328 = ORIENTED_EDGE('',*,*,#4746,.T.);
#5329 = ORIENTED_EDGE('',*,*,#5330,.F.);
#5330 = EDGE_CURVE('',#5321,#4747,#5331,.T.);
#5331 = LINE('',#5332,#5333);
#5332 = CARTESIAN_POINT('',(145.,201.75,-3.));
#5333 = VECTOR('',#5334,1.);
#5334 = DIRECTION('',(0.,0.,1.));
#5335 = PLANE('',#5336);
#5336 = AXIS2_PLACEMENT_3D('',#5337,#5338,#5339);
#5337 = CARTESIAN_POINT('',(145.,200.25,-3.));
#5338 = DIRECTION('',(-1.,1.110223024625E-16,0.));
#5339 = DIRECTION('',(0.,0.,1.));
#5340 = ADVANCED_FACE('',(#5341),#5360,.T.);
#5341 = FACE_BOUND('',#5342,.F.);
#5342 = EDGE_LOOP('',(#5343,#5352,#5358,#5359));
#5343 = ORIENTED_EDGE('',*,*,#5344,.T.);
#5344 = EDGE_CURVE('',#5299,#5345,#5347,.T.);
#5345 = VERTEX_POINT('',#5346);
#5346 = CARTESIAN_POINT('',(135.,201.25,-3.));
#5347 = CIRCLE('',#5348,1.);
#5348 = AXIS2_PLACEMENT_3D('',#5349,#5350,#5351);
#5349 = CARTESIAN_POINT('',(136.,201.25,-3.));
#5350 = DIRECTION('',(0.,-0.,-1.));
#5351 = DIRECTION('',(1.,-1.110223024625E-16,0.));
#5352 = ORIENTED_EDGE('',*,*,#5353,.T.);
#5353 = EDGE_CURVE('',#5345,#4781,#5354,.T.);
#5354 = LINE('',#5355,#5356);
#5355 = CARTESIAN_POINT('',(135.,201.25,-3.));
#5356 = VECTOR('',#5357,1.);
#5357 = DIRECTION('',(0.,0.,1.));
#5358 = ORIENTED_EDGE('',*,*,#4788,.F.);
#5359 = ORIENTED_EDGE('',*,*,#5306,.F.);
#5360 = CYLINDRICAL_SURFACE('',#5361,1.);
#5361 = AXIS2_PLACEMENT_3D('',#5362,#5363,#5364);
#5362 = CARTESIAN_POINT('',(136.,201.25,-3.));
#5363 = DIRECTION('',(0.,0.,1.));
#5364 = DIRECTION('',(-1.110223024625E-16,-1.,0.));
#5365 = ADVANCED_FACE('',(#5366),#5385,.T.);
#5366 = FACE_BOUND('',#5367,.F.);
#5367 = EDGE_LOOP('',(#5368,#5377,#5378,#5379));
#5368 = ORIENTED_EDGE('',*,*,#5369,.T.);
#5369 = EDGE_CURVE('',#5370,#5321,#5372,.T.);
#5370 = VERTEX_POINT('',#5371);
#5371 = CARTESIAN_POINT('',(144.,202.75,-3.));
#5372 = CIRCLE('',#5373,1.);
#5373 = AXIS2_PLACEMENT_3D('',#5374,#5375,#5376);
#5374 = CARTESIAN_POINT('',(144.,201.75,-3.));
#5375 = DIRECTION('',(0.,-0.,-1.));
#5376 = DIRECTION('',(1.,-1.110223024625E-16,0.));
#5377 = ORIENTED_EDGE('',*,*,#5330,.T.);
#5378 = ORIENTED_EDGE('',*,*,#4754,.F.);
#5379 = ORIENTED_EDGE('',*,*,#5380,.F.);
#5380 = EDGE_CURVE('',#5370,#4755,#5381,.T.);
#5381 = LINE('',#5382,#5383);
#5382 = CARTESIAN_POINT('',(144.,202.75,-3.));
#5383 = VECTOR('',#5384,1.);
#5384 = DIRECTION('',(0.,0.,1.));
#5385 = CYLINDRICAL_SURFACE('',#5386,1.);
#5386 = AXIS2_PLACEMENT_3D('',#5387,#5388,#5389);
#5387 = CARTESIAN_POINT('',(144.,201.75,-3.));
#5388 = DIRECTION('',(0.,0.,1.));
#5389 = DIRECTION('',(1.110223024625E-16,1.,0.));
#5390 = ADVANCED_FACE('',(#5391),#5409,.T.);
#5391 = FACE_BOUND('',#5392,.T.);
#5392 = EDGE_LOOP('',(#5393,#5401,#5402,#5403));
#5393 = ORIENTED_EDGE('',*,*,#5394,.F.);
#5394 = EDGE_CURVE('',#5345,#5395,#5397,.T.);
#5395 = VERTEX_POINT('',#5396);
#5396 = CARTESIAN_POINT('',(135.,201.75,-3.));
#5397 = LINE('',#5398,#5399);
#5398 = CARTESIAN_POINT('',(135.,200.25,-3.));
#5399 = VECTOR('',#5400,1.);
#5400 = DIRECTION('',(1.110223024625E-16,1.,0.));
#5401 = ORIENTED_EDGE('',*,*,#5353,.T.);
#5402 = ORIENTED_EDGE('',*,*,#4780,.T.);
#5403 = ORIENTED_EDGE('',*,*,#5404,.F.);
#5404 = EDGE_CURVE('',#5395,#4772,#5405,.T.);
#5405 = LINE('',#5406,#5407);
#5406 = CARTESIAN_POINT('',(135.,201.75,-3.));
#5407 = VECTOR('',#5408,1.);
#5408 = DIRECTION('',(0.,0.,1.));
#5409 = PLANE('',#5410);
#5410 = AXIS2_PLACEMENT_3D('',#5411,#5412,#5413);
#5411 = CARTESIAN_POINT('',(135.,200.25,-3.));
#5412 = DIRECTION('',(-1.,1.110223024625E-16,0.));
#5413 = DIRECTION('',(0.,0.,1.));
#5414 = ADVANCED_FACE('',(#5415),#5433,.T.);
#5415 = FACE_BOUND('',#5416,.T.);
#5416 = EDGE_LOOP('',(#5417,#5418,#5419,#5427));
#5417 = ORIENTED_EDGE('',*,*,#4763,.F.);
#5418 = ORIENTED_EDGE('',*,*,#5380,.F.);
#5419 = ORIENTED_EDGE('',*,*,#5420,.T.);
#5420 = EDGE_CURVE('',#5370,#5421,#5423,.T.);
#5421 = VERTEX_POINT('',#5422);
#5422 = CARTESIAN_POINT('',(136.,202.75,-3.));
#5423 = LINE('',#5424,#5425);
#5424 = CARTESIAN_POINT('',(145.,202.75,-3.));
#5425 = VECTOR('',#5426,1.);
#5426 = DIRECTION('',(-1.,1.110223024625E-16,0.));
#5427 = ORIENTED_EDGE('',*,*,#5428,.T.);
#5428 = EDGE_CURVE('',#5421,#4764,#5429,.T.);
#5429 = LINE('',#5430,#5431);
#5430 = CARTESIAN_POINT('',(136.,202.75,-3.));
#5431 = VECTOR('',#5432,1.);
#5432 = DIRECTION('',(0.,0.,1.));
#5433 = PLANE('',#5434);
#5434 = AXIS2_PLACEMENT_3D('',#5435,#5436,#5437);
#5435 = CARTESIAN_POINT('',(145.,202.75,-3.));
#5436 = DIRECTION('',(1.110223024625E-16,1.,0.));
#5437 = DIRECTION('',(0.,0.,1.));
#5438 = ADVANCED_FACE('',(#5439),#5451,.T.);
#5439 = FACE_BOUND('',#5440,.T.);
#5440 = EDGE_LOOP('',(#5441,#5448,#5449,#5450));
#5441 = ORIENTED_EDGE('',*,*,#5442,.T.);
#5442 = EDGE_CURVE('',#5421,#5395,#5443,.T.);
#5443 = CIRCLE('',#5444,1.);
#5444 = AXIS2_PLACEMENT_3D('',#5445,#5446,#5447);
#5445 = CARTESIAN_POINT('',(136.,201.75,-3.));
#5446 = DIRECTION('',(-0.,0.,1.));
#5447 = DIRECTION('',(1.,-1.110223024625E-16,0.));
#5448 = ORIENTED_EDGE('',*,*,#5404,.T.);
#5449 = ORIENTED_EDGE('',*,*,#4771,.F.);
#5450 = ORIENTED_EDGE('',*,*,#5428,.F.);
#5451 = CYLINDRICAL_SURFACE('',#5452,1.);
#5452 = AXIS2_PLACEMENT_3D('',#5453,#5454,#5455);
#5453 = CARTESIAN_POINT('',(136.,201.75,-3.));
#5454 = DIRECTION('',(0.,0.,1.));
#5455 = DIRECTION('',(1.110223024625E-16,1.,0.));
#5456 = ADVANCED_FACE('',(#5457),#5467,.F.);
#5457 = FACE_BOUND('',#5458,.F.);
#5458 = EDGE_LOOP('',(#5459,#5460,#5461,#5462,#5463,#5464,#5465,#5466));
#5459 = ORIENTED_EDGE('',*,*,#5298,.F.);
#5460 = ORIENTED_EDGE('',*,*,#5264,.T.);
#5461 = ORIENTED_EDGE('',*,*,#5320,.T.);
#5462 = ORIENTED_EDGE('',*,*,#5369,.F.);
#5463 = ORIENTED_EDGE('',*,*,#5420,.T.);
#5464 = ORIENTED_EDGE('',*,*,#5442,.T.);
#5465 = ORIENTED_EDGE('',*,*,#5394,.F.);
#5466 = ORIENTED_EDGE('',*,*,#5344,.F.);
#5467 = PLANE('',#5468);
#5468 = AXIS2_PLACEMENT_3D('',#5469,#5470,#5471);
#5469 = CARTESIAN_POINT('',(145.,200.25,-3.));
#5470 = DIRECTION('',(0.,0.,1.));
#5471 = DIRECTION('',(1.110223024625E-16,1.,0.));
#5472 = ADVANCED_FACE('',(#5473),#5493,.F.);
#5473 = FACE_BOUND('',#5474,.T.);
#5474 = EDGE_LOOP('',(#5475,#5476,#5477,#5483,#5484,#5490,#5491,#5492));
#5475 = ORIENTED_EDGE('',*,*,#882,.T.);
#5476 = ORIENTED_EDGE('',*,*,#1417,.F.);
#5477 = ORIENTED_EDGE('',*,*,#5478,.F.);
#5478 = EDGE_CURVE('',#1631,#1402,#5479,.T.);
#5479 = LINE('',#5480,#5481);
#5480 = CARTESIAN_POINT('',(227.,-227.,0.6));
#5481 = VECTOR('',#5482,1.);
#5482 = DIRECTION('',(-0.,1.,0.));
#5483 = ORIENTED_EDGE('',*,*,#1638,.T.);
#5484 = ORIENTED_EDGE('',*,*,#5485,.T.);
#5485 = EDGE_CURVE('',#1639,#1435,#5486,.T.);
#5486 = LINE('',#5487,#5488);
#5487 = CARTESIAN_POINT('',(217.,-222.,0.6));
#5488 = VECTOR('',#5489,1.);
#5489 = DIRECTION('',(-0.,1.,0.));
#5490 = ORIENTED_EDGE('',*,*,#1450,.T.);
#5491 = ORIENTED_EDGE('',*,*,#913,.T.);
#5492 = ORIENTED_EDGE('',*,*,#504,.T.);
#5493 = PLANE('',#5494);
#5494 = AXIS2_PLACEMENT_3D('',#5495,#5496,#5497);
#5495 = CARTESIAN_POINT('',(-227.,-227.,0.6));
#5496 = DIRECTION('',(0.,0.,1.));
#5497 = DIRECTION('',(1.,0.,-0.));
#5498 = ADVANCED_FACE('',(#5499),#5515,.F.);
#5499 = FACE_BOUND('',#5500,.T.);
#5500 = EDGE_LOOP('',(#5501,#5502,#5508,#5509));
#5501 = ORIENTED_EDGE('',*,*,#4820,.F.);
#5502 = ORIENTED_EDGE('',*,*,#5503,.F.);
#5503 = EDGE_CURVE('',#1663,#4821,#5504,.T.);
#5504 = LINE('',#5505,#5506);
#5505 = CARTESIAN_POINT('',(213.,-213.,0.6));
#5506 = VECTOR('',#5507,1.);
#5507 = DIRECTION('',(-0.,1.,0.));
#5508 = ORIENTED_EDGE('',*,*,#1670,.T.);
#5509 = ORIENTED_EDGE('',*,*,#5510,.T.);
#5510 = EDGE_CURVE('',#1671,#4813,#5511,.T.);
#5511 = LINE('',#5512,#5513);
#5512 = CARTESIAN_POINT('',(203.,-208.,0.6));
#5513 = VECTOR('',#5514,1.);
#5514 = DIRECTION('',(-0.,1.,0.));
#5515 = PLANE('',#5516);
#5516 = AXIS2_PLACEMENT_3D('',#5517,#5518,#5519);
#5517 = CARTESIAN_POINT('',(-213.,-213.,0.6));
#5518 = DIRECTION('',(0.,0.,1.));
#5519 = DIRECTION('',(1.,0.,-0.));
#5520 = ADVANCED_FACE('',(#5521),#5541,.F.);
#5521 = FACE_BOUND('',#5522,.T.);
#5522 = EDGE_LOOP('',(#5523,#5524,#5525,#5531,#5532,#5538,#5539,#5540));
#5523 = ORIENTED_EDGE('',*,*,#1006,.T.);
#5524 = ORIENTED_EDGE('',*,*,#1475,.F.);
#5525 = ORIENTED_EDGE('',*,*,#5526,.F.);
#5526 = EDGE_CURVE('',#1558,#1466,#5527,.T.);
#5527 = LINE('',#5528,#5529);
#5528 = CARTESIAN_POINT('',(199.,-199.,-22.));
#5529 = VECTOR('',#5530,1.);
#5530 = DIRECTION('',(-0.,1.,0.));
#5531 = ORIENTED_EDGE('',*,*,#1557,.T.);
#5532 = ORIENTED_EDGE('',*,*,#5533,.T.);
#5533 = EDGE_CURVE('',#1560,#1327,#5534,.T.);
#5534 = LINE('',#5535,#5536);
#5535 = CARTESIAN_POINT('',(195.,-197.,-22.));
#5536 = VECTOR('',#5537,1.);
#5537 = DIRECTION('',(-0.,1.,0.));
#5538 = ORIENTED_EDGE('',*,*,#1334,.T.);
#5539 = ORIENTED_EDGE('',*,*,#792,.T.);
#5540 = ORIENTED_EDGE('',*,*,#440,.T.);
#5541 = PLANE('',#5542);
#5542 = AXIS2_PLACEMENT_3D('',#5543,#5544,#5545);
#5543 = CARTESIAN_POINT('',(-199.,-199.,-22.));
#5544 = DIRECTION('',(0.,0.,1.));
#5545 = DIRECTION('',(1.,0.,-0.));
#5546 = ADVANCED_FACE('',(#5547),#5553,.F.);
#5547 = FACE_BOUND('',#5548,.T.);
#5548 = EDGE_LOOP('',(#5549,#5550,#5551,#5552));
#5549 = ORIENTED_EDGE('',*,*,#600,.F.);
#5550 = ORIENTED_EDGE('',*,*,#3886,.T.);
#5551 = ORIENTED_EDGE('',*,*,#1614,.F.);
#5552 = ORIENTED_EDGE('',*,*,#3954,.F.);
#5553 = PLANE('',#5554);
#5554 = AXIS2_PLACEMENT_3D('',#5555,#5556,#5557);
#5555 = CARTESIAN_POINT('',(248.,238.,2.));
#5556 = DIRECTION('',(-0.707106781187,-1.415442289654E-17,0.707106781187
    ));
#5557 = DIRECTION('',(-1.000868841393E-17,1.,1.000868841393E-17));
#5558 = ADVANCED_FACE('',(#5559,#5567,#5578,#5589),#5600,.F.);
#5559 = FACE_BOUND('',#5560,.T.);
#5560 = EDGE_LOOP('',(#5561,#5562,#5563,#5564,#5565,#5566));
#5561 = ORIENTED_EDGE('',*,*,#673,.T.);
#5562 = ORIENTED_EDGE('',*,*,#1080,.F.);
#5563 = ORIENTED_EDGE('',*,*,#3937,.T.);
#5564 = ORIENTED_EDGE('',*,*,#1599,.T.);
#5565 = ORIENTED_EDGE('',*,*,#1516,.F.);
#5566 = ORIENTED_EDGE('',*,*,#1066,.T.);
#5567 = FACE_BOUND('',#5568,.F.);
#5568 = EDGE_LOOP('',(#5569));
#5569 = ORIENTED_EDGE('',*,*,#5570,.F.);
#5570 = EDGE_CURVE('',#5571,#5571,#5573,.T.);
#5571 = VERTEX_POINT('',#5572);
#5572 = CARTESIAN_POINT('',(200.,173.,19.));
#5573 = CIRCLE('',#5574,2.);
#5574 = AXIS2_PLACEMENT_3D('',#5575,#5576,#5577);
#5575 = CARTESIAN_POINT('',(200.,173.,17.));
#5576 = DIRECTION('',(1.,0.,-0.));
#5577 = DIRECTION('',(0.,0.,1.));
#5578 = FACE_BOUND('',#5579,.F.);
#5579 = EDGE_LOOP('',(#5580));
#5580 = ORIENTED_EDGE('',*,*,#5581,.F.);
#5581 = EDGE_CURVE('',#5582,#5582,#5584,.T.);
#5582 = VERTEX_POINT('',#5583);
#5583 = CARTESIAN_POINT('',(200.,122.5,19.));
#5584 = CIRCLE('',#5585,2.);
#5585 = AXIS2_PLACEMENT_3D('',#5586,#5587,#5588);
#5586 = CARTESIAN_POINT('',(200.,122.5,17.));
#5587 = DIRECTION('',(1.,0.,-0.));
#5588 = DIRECTION('',(0.,0.,1.));
#5589 = FACE_BOUND('',#5590,.F.);
#5590 = EDGE_LOOP('',(#5591));
#5591 = ORIENTED_EDGE('',*,*,#5592,.F.);
#5592 = EDGE_CURVE('',#5593,#5593,#5595,.T.);
#5593 = VERTEX_POINT('',#5594);
#5594 = CARTESIAN_POINT('',(200.,76.5,19.));
#5595 = CIRCLE('',#5596,2.);
#5596 = AXIS2_PLACEMENT_3D('',#5597,#5598,#5599);
#5597 = CARTESIAN_POINT('',(200.,76.5,17.));
#5598 = DIRECTION('',(1.,0.,-0.));
#5599 = DIRECTION('',(0.,0.,1.));
#5600 = PLANE('',#5601);
#5601 = AXIS2_PLACEMENT_3D('',#5602,#5603,#5604);
#5602 = CARTESIAN_POINT('',(200.,-200.,-1.));
#5603 = DIRECTION('',(1.,0.,-0.));
#5604 = DIRECTION('',(0.,0.,1.));
#5605 = ADVANCED_FACE('',(#5606),#5625,.F.);
#5606 = FACE_BOUND('',#5607,.F.);
#5607 = EDGE_LOOP('',(#5608,#5617,#5623,#5624));
#5608 = ORIENTED_EDGE('',*,*,#5609,.F.);
#5609 = EDGE_CURVE('',#5610,#5610,#5612,.T.);
#5610 = VERTEX_POINT('',#5611);
#5611 = CARTESIAN_POINT('',(208.,173.,19.));
#5612 = CIRCLE('',#5613,2.);
#5613 = AXIS2_PLACEMENT_3D('',#5614,#5615,#5616);
#5614 = CARTESIAN_POINT('',(208.,173.,17.));
#5615 = DIRECTION('',(1.,0.,-0.));
#5616 = DIRECTION('',(0.,0.,1.));
#5617 = ORIENTED_EDGE('',*,*,#5618,.F.);
#5618 = EDGE_CURVE('',#5571,#5610,#5619,.T.);
#5619 = LINE('',#5620,#5621);
#5620 = CARTESIAN_POINT('',(199.,173.,19.));
#5621 = VECTOR('',#5622,1.);
#5622 = DIRECTION('',(1.,0.,0.));
#5623 = ORIENTED_EDGE('',*,*,#5570,.T.);
#5624 = ORIENTED_EDGE('',*,*,#5618,.T.);
#5625 = CYLINDRICAL_SURFACE('',#5626,2.);
#5626 = AXIS2_PLACEMENT_3D('',#5627,#5628,#5629);
#5627 = CARTESIAN_POINT('',(199.,173.,17.));
#5628 = DIRECTION('',(1.,0.,0.));
#5629 = DIRECTION('',(0.,0.,1.));
#5630 = ADVANCED_FACE('',(#5631,#5705),#5708,.T.);
#5631 = FACE_BOUND('',#5632,.T.);
#5632 = EDGE_LOOP('',(#5633,#5643,#5651,#5659,#5667,#5675,#5683,#5691,
    #5699));
#5633 = ORIENTED_EDGE('',*,*,#5634,.F.);
#5634 = EDGE_CURVE('',#5635,#5637,#5639,.T.);
#5635 = VERTEX_POINT('',#5636);
#5636 = CARTESIAN_POINT('',(208.,147.,4.));
#5637 = VERTEX_POINT('',#5638);
#5638 = CARTESIAN_POINT('',(208.,147.,20.));
#5639 = LINE('',#5640,#5641);
#5640 = CARTESIAN_POINT('',(208.,147.,4.));
#5641 = VECTOR('',#5642,1.);
#5642 = DIRECTION('',(0.,0.,1.));
#5643 = ORIENTED_EDGE('',*,*,#5644,.T.);
#5644 = EDGE_CURVE('',#5635,#5645,#5647,.T.);
#5645 = VERTEX_POINT('',#5646);
#5646 = CARTESIAN_POINT('',(208.,190.,4.));
#5647 = LINE('',#5648,#5649);
#5648 = CARTESIAN_POINT('',(208.,147.,4.));
#5649 = VECTOR('',#5650,1.);
#5650 = DIRECTION('',(0.,1.,0.));
#5651 = ORIENTED_EDGE('',*,*,#5652,.T.);
#5652 = EDGE_CURVE('',#5645,#5653,#5655,.T.);
#5653 = VERTEX_POINT('',#5654);
#5654 = CARTESIAN_POINT('',(208.,190.,20.));
#5655 = LINE('',#5656,#5657);
#5656 = CARTESIAN_POINT('',(208.,190.,4.));
#5657 = VECTOR('',#5658,1.);
#5658 = DIRECTION('',(0.,0.,1.));
#5659 = ORIENTED_EDGE('',*,*,#5660,.F.);
#5660 = EDGE_CURVE('',#5661,#5653,#5663,.T.);
#5661 = VERTEX_POINT('',#5662);
#5662 = CARTESIAN_POINT('',(208.,170.,20.));
#5663 = LINE('',#5664,#5665);
#5664 = CARTESIAN_POINT('',(208.,147.,20.));
#5665 = VECTOR('',#5666,1.);
#5666 = DIRECTION('',(0.,1.,0.));
#5667 = ORIENTED_EDGE('',*,*,#5668,.F.);
#5668 = EDGE_CURVE('',#5669,#5661,#5671,.T.);
#5669 = VERTEX_POINT('',#5670);
#5670 = CARTESIAN_POINT('',(208.,170.,15.));
#5671 = LINE('',#5672,#5673);
#5672 = CARTESIAN_POINT('',(208.,170.,14.5));
#5673 = VECTOR('',#5674,1.);
#5674 = DIRECTION('',(0.,0.,1.));
#5675 = ORIENTED_EDGE('',*,*,#5676,.F.);
#5676 = EDGE_CURVE('',#5677,#5669,#5679,.T.);
#5677 = VERTEX_POINT('',#5678);
#5678 = CARTESIAN_POINT('',(208.,165.,10.));
#5679 = LINE('',#5680,#5681);
#5680 = CARTESIAN_POINT('',(208.,161.5,6.5));
#5681 = VECTOR('',#5682,1.);
#5682 = DIRECTION('',(-0.,0.707106781187,0.707106781187));
#5683 = ORIENTED_EDGE('',*,*,#5684,.F.);
#5684 = EDGE_CURVE('',#5685,#5677,#5687,.T.);
#5685 = VERTEX_POINT('',#5686);
#5686 = CARTESIAN_POINT('',(208.,160.,15.));
#5687 = LINE('',#5688,#5689);
#5688 = CARTESIAN_POINT('',(208.,162.,13.));
#5689 = VECTOR('',#5690,1.);
#5690 = DIRECTION('',(0.,0.707106781187,-0.707106781187));
#5691 = ORIENTED_EDGE('',*,*,#5692,.F.);
#5692 = EDGE_CURVE('',#5693,#5685,#5695,.T.);
#5693 = VERTEX_POINT('',#5694);
#5694 = CARTESIAN_POINT('',(208.,160.,20.));
#5695 = LINE('',#5696,#5697);
#5696 = CARTESIAN_POINT('',(208.,160.,9.5));
#5697 = VECTOR('',#5698,1.);
#5698 = DIRECTION('',(0.,0.,-1.));
#5699 = ORIENTED_EDGE('',*,*,#5700,.F.);
#5700 = EDGE_CURVE('',#5637,#5693,#5701,.T.);
#5701 = LINE('',#5702,#5703);
#5702 = CARTESIAN_POINT('',(208.,147.,20.));
#5703 = VECTOR('',#5704,1.);
#5704 = DIRECTION('',(0.,1.,0.));
#5705 = FACE_BOUND('',#5706,.T.);
#5706 = EDGE_LOOP('',(#5707));
#5707 = ORIENTED_EDGE('',*,*,#5609,.F.);
#5708 = PLANE('',#5709);
#5709 = AXIS2_PLACEMENT_3D('',#5710,#5711,#5712);
#5710 = CARTESIAN_POINT('',(208.,147.,4.));
#5711 = DIRECTION('',(1.,0.,0.));
#5712 = DIRECTION('',(0.,0.,1.));
#5713 = ADVANCED_FACE('',(#5714),#5747,.T.);
#5714 = FACE_BOUND('',#5715,.T.);
#5715 = EDGE_LOOP('',(#5716,#5717,#5725,#5733,#5741));
#5716 = ORIENTED_EDGE('',*,*,#5634,.T.);
#5717 = ORIENTED_EDGE('',*,*,#5718,.T.);
#5718 = EDGE_CURVE('',#5637,#5719,#5721,.T.);
#5719 = VERTEX_POINT('',#5720);
#5720 = CARTESIAN_POINT('',(225.,147.,20.));
#5721 = LINE('',#5722,#5723);
#5722 = CARTESIAN_POINT('',(208.,147.,20.));
#5723 = VECTOR('',#5724,1.);
#5724 = DIRECTION('',(1.,0.,0.));
#5725 = ORIENTED_EDGE('',*,*,#5726,.T.);
#5726 = EDGE_CURVE('',#5719,#5727,#5729,.T.);
#5727 = VERTEX_POINT('',#5728);
#5728 = CARTESIAN_POINT('',(225.,147.,4.));
#5729 = LINE('',#5730,#5731);
#5730 = CARTESIAN_POINT('',(225.,147.,20.));
#5731 = VECTOR('',#5732,1.);
#5732 = DIRECTION('',(0.,0.,-1.));
#5733 = ORIENTED_EDGE('',*,*,#5734,.T.);
#5734 = EDGE_CURVE('',#5727,#5735,#5737,.T.);
#5735 = VERTEX_POINT('',#5736);
#5736 = CARTESIAN_POINT('',(216.5,147.,13.11513403521));
#5737 = LINE('',#5738,#5739);
#5738 = CARTESIAN_POINT('',(225.,147.,4.));
#5739 = VECTOR('',#5740,1.);
#5740 = DIRECTION('',(-0.681998360062,0.,0.731353701619));
#5741 = ORIENTED_EDGE('',*,*,#5742,.T.);
#5742 = EDGE_CURVE('',#5735,#5635,#5743,.T.);
#5743 = LINE('',#5744,#5745);
#5744 = CARTESIAN_POINT('',(216.5,147.,13.11513403521));
#5745 = VECTOR('',#5746,1.);
#5746 = DIRECTION('',(-0.681998360062,0.,-0.731353701619));
#5747 = PLANE('',#5748);
#5748 = AXIS2_PLACEMENT_3D('',#5749,#5750,#5751);
#5749 = CARTESIAN_POINT('',(216.5,147.,12.678933532167));
#5750 = DIRECTION('',(0.,1.,0.));
#5751 = DIRECTION('',(0.,0.,1.));
#5752 = ADVANCED_FACE('',(#5753),#5771,.T.);
#5753 = FACE_BOUND('',#5754,.T.);
#5754 = EDGE_LOOP('',(#5755,#5756,#5757,#5765));
#5755 = ORIENTED_EDGE('',*,*,#5718,.F.);
#5756 = ORIENTED_EDGE('',*,*,#5700,.T.);
#5757 = ORIENTED_EDGE('',*,*,#5758,.F.);
#5758 = EDGE_CURVE('',#5759,#5693,#5761,.T.);
#5759 = VERTEX_POINT('',#5760);
#5760 = CARTESIAN_POINT('',(225.,160.,20.));
#5761 = LINE('',#5762,#5763);
#5762 = CARTESIAN_POINT('',(204.,160.,20.));
#5763 = VECTOR('',#5764,1.);
#5764 = DIRECTION('',(-1.,-0.,-0.));
#5765 = ORIENTED_EDGE('',*,*,#5766,.F.);
#5766 = EDGE_CURVE('',#5719,#5759,#5767,.T.);
#5767 = LINE('',#5768,#5769);
#5768 = CARTESIAN_POINT('',(225.,147.,20.));
#5769 = VECTOR('',#5770,1.);
#5770 = DIRECTION('',(0.,1.,0.));
#5771 = PLANE('',#5772);
#5772 = AXIS2_PLACEMENT_3D('',#5773,#5774,#5775);
#5773 = CARTESIAN_POINT('',(208.,147.,20.));
#5774 = DIRECTION('',(0.,0.,-1.));
#5775 = DIRECTION('',(1.,0.,0.));
#5776 = ADVANCED_FACE('',(#5777),#5795,.T.);
#5777 = FACE_BOUND('',#5778,.T.);
#5778 = EDGE_LOOP('',(#5779,#5780,#5788,#5794));
#5779 = ORIENTED_EDGE('',*,*,#5692,.T.);
#5780 = ORIENTED_EDGE('',*,*,#5781,.T.);
#5781 = EDGE_CURVE('',#5685,#5782,#5784,.T.);
#5782 = VERTEX_POINT('',#5783);
#5783 = CARTESIAN_POINT('',(225.,160.,15.));
#5784 = LINE('',#5785,#5786);
#5785 = CARTESIAN_POINT('',(200.,160.,15.));
#5786 = VECTOR('',#5787,1.);
#5787 = DIRECTION('',(1.,0.,0.));
#5788 = ORIENTED_EDGE('',*,*,#5789,.T.);
#5789 = EDGE_CURVE('',#5782,#5759,#5790,.T.);
#5790 = LINE('',#5791,#5792);
#5791 = CARTESIAN_POINT('',(225.,160.,15.));
#5792 = VECTOR('',#5793,1.);
#5793 = DIRECTION('',(0.,0.,1.));
#5794 = ORIENTED_EDGE('',*,*,#5758,.T.);
#5795 = PLANE('',#5796);
#5796 = AXIS2_PLACEMENT_3D('',#5797,#5798,#5799);
#5797 = CARTESIAN_POINT('',(200.,160.,15.));
#5798 = DIRECTION('',(0.,-1.,0.));
#5799 = DIRECTION('',(0.,0.,1.));
#5800 = ADVANCED_FACE('',(#5801),#5843,.T.);
#5801 = FACE_BOUND('',#5802,.T.);
#5802 = EDGE_LOOP('',(#5803,#5804,#5812,#5820,#5828,#5836,#5842));
#5803 = ORIENTED_EDGE('',*,*,#5684,.T.);
#5804 = ORIENTED_EDGE('',*,*,#5805,.T.);
#5805 = EDGE_CURVE('',#5677,#5806,#5808,.T.);
#5806 = VERTEX_POINT('',#5807);
#5807 = CARTESIAN_POINT('',(213.59509051682,165.,10.));
#5808 = LINE('',#5809,#5810);
#5809 = CARTESIAN_POINT('',(200.,165.,10.));
#5810 = VECTOR('',#5811,1.);
#5811 = DIRECTION('',(1.,0.,0.));
#5812 = ORIENTED_EDGE('',*,*,#5813,.T.);
#5813 = EDGE_CURVE('',#5806,#5814,#5816,.T.);
#5814 = VERTEX_POINT('',#5815);
#5815 = CARTESIAN_POINT('',(216.5,161.88486596479,13.11513403521));
#5816 = LINE('',#5817,#5818);
#5817 = CARTESIAN_POINT('',(215.40618319209,163.05784088409,
    11.942159115908));
#5818 = VECTOR('',#5819,1.);
#5819 = DIRECTION('',(0.550486111274,-0.590324081033,0.590324081033));
#5820 = ORIENTED_EDGE('',*,*,#5821,.T.);
#5821 = EDGE_CURVE('',#5814,#5822,#5824,.T.);
#5822 = VERTEX_POINT('',#5823);
#5823 = CARTESIAN_POINT('',(219.40490948317,165.,10.));
#5824 = LINE('',#5825,#5826);
#5825 = CARTESIAN_POINT('',(215.36268927652,160.66524953135,
    14.334750468641));
#5826 = VECTOR('',#5827,1.);
#5827 = DIRECTION('',(0.550486111274,0.590324081033,-0.590324081033));
#5828 = ORIENTED_EDGE('',*,*,#5829,.T.);
#5829 = EDGE_CURVE('',#5822,#5830,#5832,.T.);
#5830 = VERTEX_POINT('',#5831);
#5831 = CARTESIAN_POINT('',(225.,165.,10.));
#5832 = LINE('',#5833,#5834);
#5833 = CARTESIAN_POINT('',(200.,165.,10.));
#5834 = VECTOR('',#5835,1.);
#5835 = DIRECTION('',(1.,0.,0.));
#5836 = ORIENTED_EDGE('',*,*,#5837,.T.);
#5837 = EDGE_CURVE('',#5830,#5782,#5838,.T.);
#5838 = LINE('',#5839,#5840);
#5839 = CARTESIAN_POINT('',(225.,165.,10.));
#5840 = VECTOR('',#5841,1.);
#5841 = DIRECTION('',(0.,-0.707106781187,0.707106781187));
#5842 = ORIENTED_EDGE('',*,*,#5781,.F.);
#5843 = PLANE('',#5844);
#5844 = AXIS2_PLACEMENT_3D('',#5845,#5846,#5847);
#5845 = CARTESIAN_POINT('',(200.,165.,10.));
#5846 = DIRECTION('',(0.,-0.707106781187,-0.707106781187));
#5847 = DIRECTION('',(0.,-0.707106781187,0.707106781187));
#5848 = ADVANCED_FACE('',(#5849),#5882,.T.);
#5849 = FACE_BOUND('',#5850,.T.);
#5850 = EDGE_LOOP('',(#5851,#5852,#5860,#5866,#5867,#5875,#5881));
#5851 = ORIENTED_EDGE('',*,*,#5676,.T.);
#5852 = ORIENTED_EDGE('',*,*,#5853,.T.);
#5853 = EDGE_CURVE('',#5669,#5854,#5856,.T.);
#5854 = VERTEX_POINT('',#5855);
#5855 = CARTESIAN_POINT('',(225.,170.,15.));
#5856 = LINE('',#5857,#5858);
#5857 = CARTESIAN_POINT('',(200.,170.,15.));
#5858 = VECTOR('',#5859,1.);
#5859 = DIRECTION('',(1.,0.,0.));
#5860 = ORIENTED_EDGE('',*,*,#5861,.T.);
#5861 = EDGE_CURVE('',#5854,#5830,#5862,.T.);
#5862 = LINE('',#5863,#5864);
#5863 = CARTESIAN_POINT('',(225.,170.,15.));
#5864 = VECTOR('',#5865,1.);
#5865 = DIRECTION('',(0.,-0.707106781187,-0.707106781187));
#5866 = ORIENTED_EDGE('',*,*,#5829,.F.);
#5867 = ORIENTED_EDGE('',*,*,#5868,.T.);
#5868 = EDGE_CURVE('',#5822,#5869,#5871,.T.);
#5869 = VERTEX_POINT('',#5870);
#5870 = CARTESIAN_POINT('',(216.5,168.11513403521,13.11513403521));
#5871 = LINE('',#5872,#5873);
#5872 = CARTESIAN_POINT('',(219.58723697739,164.80447770022,
    9.804477700225));
#5873 = VECTOR('',#5874,1.);
#5874 = DIRECTION('',(-0.550486111274,0.590324081033,0.590324081033));
#5875 = ORIENTED_EDGE('',*,*,#5876,.T.);
#5876 = EDGE_CURVE('',#5869,#5806,#5877,.T.);
#5877 = LINE('',#5878,#5879);
#5878 = CARTESIAN_POINT('',(211.18163549122,162.41188634749,
    7.411886347491));
#5879 = VECTOR('',#5880,1.);
#5880 = DIRECTION('',(-0.550486111274,-0.590324081033,-0.590324081033));
#5881 = ORIENTED_EDGE('',*,*,#5805,.F.);
#5882 = PLANE('',#5883);
#5883 = AXIS2_PLACEMENT_3D('',#5884,#5885,#5886);
#5884 = CARTESIAN_POINT('',(200.,170.,15.));
#5885 = DIRECTION('',(0.,0.707106781187,-0.707106781187));
#5886 = DIRECTION('',(0.,-0.707106781187,-0.707106781187));
#5887 = ADVANCED_FACE('',(#5888),#5906,.T.);
#5888 = FACE_BOUND('',#5889,.T.);
#5889 = EDGE_LOOP('',(#5890,#5898,#5904,#5905));
#5890 = ORIENTED_EDGE('',*,*,#5891,.T.);
#5891 = EDGE_CURVE('',#5661,#5892,#5894,.T.);
#5892 = VERTEX_POINT('',#5893);
#5893 = CARTESIAN_POINT('',(225.,170.,20.));
#5894 = LINE('',#5895,#5896);
#5895 = CARTESIAN_POINT('',(204.,170.,20.));
#5896 = VECTOR('',#5897,1.);
#5897 = DIRECTION('',(1.,-0.,0.));
#5898 = ORIENTED_EDGE('',*,*,#5899,.T.);
#5899 = EDGE_CURVE('',#5892,#5854,#5900,.T.);
#5900 = LINE('',#5901,#5902);
#5901 = CARTESIAN_POINT('',(225.,170.,25.));
#5902 = VECTOR('',#5903,1.);
#5903 = DIRECTION('',(0.,0.,-1.));
#5904 = ORIENTED_EDGE('',*,*,#5853,.F.);
#5905 = ORIENTED_EDGE('',*,*,#5668,.T.);
#5906 = PLANE('',#5907);
#5907 = AXIS2_PLACEMENT_3D('',#5908,#5909,#5910);
#5908 = CARTESIAN_POINT('',(200.,170.,25.));
#5909 = DIRECTION('',(0.,1.,0.));
#5910 = DIRECTION('',(0.,0.,-1.));
#5911 = ADVANCED_FACE('',(#5912),#5930,.T.);
#5912 = FACE_BOUND('',#5913,.T.);
#5913 = EDGE_LOOP('',(#5914,#5915,#5916,#5924));
#5914 = ORIENTED_EDGE('',*,*,#5891,.F.);
#5915 = ORIENTED_EDGE('',*,*,#5660,.T.);
#5916 = ORIENTED_EDGE('',*,*,#5917,.T.);
#5917 = EDGE_CURVE('',#5653,#5918,#5920,.T.);
#5918 = VERTEX_POINT('',#5919);
#5919 = CARTESIAN_POINT('',(225.,190.,20.));
#5920 = LINE('',#5921,#5922);
#5921 = CARTESIAN_POINT('',(208.,190.,20.));
#5922 = VECTOR('',#5923,1.);
#5923 = DIRECTION('',(1.,0.,0.));
#5924 = ORIENTED_EDGE('',*,*,#5925,.F.);
#5925 = EDGE_CURVE('',#5892,#5918,#5926,.T.);
#5926 = LINE('',#5927,#5928);
#5927 = CARTESIAN_POINT('',(225.,147.,20.));
#5928 = VECTOR('',#5929,1.);
#5929 = DIRECTION('',(0.,1.,0.));
#5930 = PLANE('',#5931);
#5931 = AXIS2_PLACEMENT_3D('',#5932,#5933,#5934);
#5932 = CARTESIAN_POINT('',(208.,147.,20.));
#5933 = DIRECTION('',(0.,0.,-1.));
#5934 = DIRECTION('',(1.,0.,0.));
#5935 = ADVANCED_FACE('',(#5936),#5962,.F.);
#5936 = FACE_BOUND('',#5937,.F.);
#5937 = EDGE_LOOP('',(#5938,#5939,#5940,#5948,#5956));
#5938 = ORIENTED_EDGE('',*,*,#5652,.T.);
#5939 = ORIENTED_EDGE('',*,*,#5917,.T.);
#5940 = ORIENTED_EDGE('',*,*,#5941,.T.);
#5941 = EDGE_CURVE('',#5918,#5942,#5944,.T.);
#5942 = VERTEX_POINT('',#5943);
#5943 = CARTESIAN_POINT('',(225.,190.,4.));
#5944 = LINE('',#5945,#5946);
#5945 = CARTESIAN_POINT('',(225.,190.,20.));
#5946 = VECTOR('',#5947,1.);
#5947 = DIRECTION('',(0.,0.,-1.));
#5948 = ORIENTED_EDGE('',*,*,#5949,.T.);
#5949 = EDGE_CURVE('',#5942,#5950,#5952,.T.);
#5950 = VERTEX_POINT('',#5951);
#5951 = CARTESIAN_POINT('',(216.5,190.,13.11513403521));
#5952 = LINE('',#5953,#5954);
#5953 = CARTESIAN_POINT('',(225.,190.,4.));
#5954 = VECTOR('',#5955,1.);
#5955 = DIRECTION('',(-0.681998360062,0.,0.731353701619));
#5956 = ORIENTED_EDGE('',*,*,#5957,.T.);
#5957 = EDGE_CURVE('',#5950,#5645,#5958,.T.);
#5958 = LINE('',#5959,#5960);
#5959 = CARTESIAN_POINT('',(216.5,190.,13.11513403521));
#5960 = VECTOR('',#5961,1.);
#5961 = DIRECTION('',(-0.681998360062,0.,-0.731353701619));
#5962 = PLANE('',#5963);
#5963 = AXIS2_PLACEMENT_3D('',#5964,#5965,#5966);
#5964 = CARTESIAN_POINT('',(216.5,190.,12.678933532167));
#5965 = DIRECTION('',(0.,1.,0.));
#5966 = DIRECTION('',(0.,0.,1.));
#5967 = ADVANCED_FACE('',(#5968),#5987,.T.);
#5968 = FACE_BOUND('',#5969,.T.);
#5969 = EDGE_LOOP('',(#5970,#5971,#5977,#5978,#5979,#5985,#5986));
#5970 = ORIENTED_EDGE('',*,*,#5742,.F.);
#5971 = ORIENTED_EDGE('',*,*,#5972,.T.);
#5972 = EDGE_CURVE('',#5735,#5814,#5973,.T.);
#5973 = LINE('',#5974,#5975);
#5974 = CARTESIAN_POINT('',(216.5,147.,13.11513403521));
#5975 = VECTOR('',#5976,1.);
#5976 = DIRECTION('',(0.,1.,0.));
#5977 = ORIENTED_EDGE('',*,*,#5813,.F.);
#5978 = ORIENTED_EDGE('',*,*,#5876,.F.);
#5979 = ORIENTED_EDGE('',*,*,#5980,.T.);
#5980 = EDGE_CURVE('',#5869,#5950,#5981,.T.);
#5981 = LINE('',#5982,#5983);
#5982 = CARTESIAN_POINT('',(216.5,147.,13.11513403521));
#5983 = VECTOR('',#5984,1.);
#5984 = DIRECTION('',(0.,1.,0.));
#5985 = ORIENTED_EDGE('',*,*,#5957,.T.);
#5986 = ORIENTED_EDGE('',*,*,#5644,.F.);
#5987 = PLANE('',#5988);
#5988 = AXIS2_PLACEMENT_3D('',#5989,#5990,#5991);
#5989 = CARTESIAN_POINT('',(216.5,147.,13.11513403521));
#5990 = DIRECTION('',(-0.731353701619,0.,0.681998360062));
#5991 = DIRECTION('',(-0.681998360062,0.,-0.731353701619));
#5992 = ADVANCED_FACE('',(#5993,#6009),#6020,.T.);
#5993 = FACE_BOUND('',#5994,.T.);
#5994 = EDGE_LOOP('',(#5995,#5996,#5997,#5998,#5999,#6000,#6001,#6002,
    #6003));
#5995 = ORIENTED_EDGE('',*,*,#5726,.F.);
#5996 = ORIENTED_EDGE('',*,*,#5766,.T.);
#5997 = ORIENTED_EDGE('',*,*,#5789,.F.);
#5998 = ORIENTED_EDGE('',*,*,#5837,.F.);
#5999 = ORIENTED_EDGE('',*,*,#5861,.F.);
#6000 = ORIENTED_EDGE('',*,*,#5899,.F.);
#6001 = ORIENTED_EDGE('',*,*,#5925,.T.);
#6002 = ORIENTED_EDGE('',*,*,#5941,.T.);
#6003 = ORIENTED_EDGE('',*,*,#6004,.F.);
#6004 = EDGE_CURVE('',#5727,#5942,#6005,.T.);
#6005 = LINE('',#6006,#6007);
#6006 = CARTESIAN_POINT('',(225.,147.,4.));
#6007 = VECTOR('',#6008,1.);
#6008 = DIRECTION('',(0.,1.,0.));
#6009 = FACE_BOUND('',#6010,.T.);
#6010 = EDGE_LOOP('',(#6011));
#6011 = ORIENTED_EDGE('',*,*,#6012,.T.);
#6012 = EDGE_CURVE('',#6013,#6013,#6015,.T.);
#6013 = VERTEX_POINT('',#6014);
#6014 = CARTESIAN_POINT('',(225.,173.,19.));
#6015 = CIRCLE('',#6016,2.);
#6016 = AXIS2_PLACEMENT_3D('',#6017,#6018,#6019);
#6017 = CARTESIAN_POINT('',(225.,173.,17.));
#6018 = DIRECTION('',(1.,0.,-0.));
#6019 = DIRECTION('',(0.,0.,1.));
#6020 = PLANE('',#6021);
#6021 = AXIS2_PLACEMENT_3D('',#6022,#6023,#6024);
#6022 = CARTESIAN_POINT('',(225.,147.,20.));
#6023 = DIRECTION('',(-1.,0.,0.));
#6024 = DIRECTION('',(0.,0.,-1.));
#6025 = ADVANCED_FACE('',(#6026),#6035,.T.);
#6026 = FACE_BOUND('',#6027,.T.);
#6027 = EDGE_LOOP('',(#6028,#6029,#6030,#6031,#6032,#6033,#6034));
#6028 = ORIENTED_EDGE('',*,*,#5734,.F.);
#6029 = ORIENTED_EDGE('',*,*,#6004,.T.);
#6030 = ORIENTED_EDGE('',*,*,#5949,.T.);
#6031 = ORIENTED_EDGE('',*,*,#5980,.F.);
#6032 = ORIENTED_EDGE('',*,*,#5868,.F.);
#6033 = ORIENTED_EDGE('',*,*,#5821,.F.);
#6034 = ORIENTED_EDGE('',*,*,#5972,.F.);
#6035 = PLANE('',#6036);
#6036 = AXIS2_PLACEMENT_3D('',#6037,#6038,#6039);
#6037 = CARTESIAN_POINT('',(225.,147.,4.));
#6038 = DIRECTION('',(0.731353701619,0.,0.681998360062));
#6039 = DIRECTION('',(-0.681998360062,0.,0.731353701619));
#6040 = ADVANCED_FACE('',(#6041),#6060,.F.);
#6041 = FACE_BOUND('',#6042,.F.);
#6042 = EDGE_LOOP('',(#6043,#6052,#6058,#6059));
#6043 = ORIENTED_EDGE('',*,*,#6044,.F.);
#6044 = EDGE_CURVE('',#6045,#6045,#6047,.T.);
#6045 = VERTEX_POINT('',#6046);
#6046 = CARTESIAN_POINT('',(229.,173.,19.));
#6047 = CIRCLE('',#6048,2.);
#6048 = AXIS2_PLACEMENT_3D('',#6049,#6050,#6051);
#6049 = CARTESIAN_POINT('',(229.,173.,17.));
#6050 = DIRECTION('',(1.,0.,-0.));
#6051 = DIRECTION('',(0.,0.,1.));
#6052 = ORIENTED_EDGE('',*,*,#6053,.F.);
#6053 = EDGE_CURVE('',#6013,#6045,#6054,.T.);
#6054 = LINE('',#6055,#6056);
#6055 = CARTESIAN_POINT('',(224.,173.,19.));
#6056 = VECTOR('',#6057,1.);
#6057 = DIRECTION('',(1.,0.,0.));
#6058 = ORIENTED_EDGE('',*,*,#6012,.T.);
#6059 = ORIENTED_EDGE('',*,*,#6053,.T.);
#6060 = CYLINDRICAL_SURFACE('',#6061,2.);
#6061 = AXIS2_PLACEMENT_3D('',#6062,#6063,#6064);
#6062 = CARTESIAN_POINT('',(224.,173.,17.));
#6063 = DIRECTION('',(1.,0.,0.));
#6064 = DIRECTION('',(0.,0.,1.));
#6065 = ADVANCED_FACE('',(#6066,#6100),#6103,.T.);
#6066 = FACE_BOUND('',#6067,.T.);
#6067 = EDGE_LOOP('',(#6068,#6078,#6086,#6094));
#6068 = ORIENTED_EDGE('',*,*,#6069,.T.);
#6069 = EDGE_CURVE('',#6070,#6072,#6074,.T.);
#6070 = VERTEX_POINT('',#6071);
#6071 = CARTESIAN_POINT('',(229.,147.,4.));
#6072 = VERTEX_POINT('',#6073);
#6073 = CARTESIAN_POINT('',(229.,190.,4.));
#6074 = LINE('',#6075,#6076);
#6075 = CARTESIAN_POINT('',(229.,147.,4.));
#6076 = VECTOR('',#6077,1.);
#6077 = DIRECTION('',(0.,1.,0.));
#6078 = ORIENTED_EDGE('',*,*,#6079,.T.);
#6079 = EDGE_CURVE('',#6072,#6080,#6082,.T.);
#6080 = VERTEX_POINT('',#6081);
#6081 = CARTESIAN_POINT('',(229.,190.,20.));
#6082 = LINE('',#6083,#6084);
#6083 = CARTESIAN_POINT('',(229.,190.,4.));
#6084 = VECTOR('',#6085,1.);
#6085 = DIRECTION('',(0.,0.,1.));
#6086 = ORIENTED_EDGE('',*,*,#6087,.F.);
#6087 = EDGE_CURVE('',#6088,#6080,#6090,.T.);
#6088 = VERTEX_POINT('',#6089);
#6089 = CARTESIAN_POINT('',(229.,147.,20.));
#6090 = LINE('',#6091,#6092);
#6091 = CARTESIAN_POINT('',(229.,147.,20.));
#6092 = VECTOR('',#6093,1.);
#6093 = DIRECTION('',(0.,1.,0.));
#6094 = ORIENTED_EDGE('',*,*,#6095,.F.);
#6095 = EDGE_CURVE('',#6070,#6088,#6096,.T.);
#6096 = LINE('',#6097,#6098);
#6097 = CARTESIAN_POINT('',(229.,147.,4.));
#6098 = VECTOR('',#6099,1.);
#6099 = DIRECTION('',(0.,0.,1.));
#6100 = FACE_BOUND('',#6101,.T.);
#6101 = EDGE_LOOP('',(#6102));
#6102 = ORIENTED_EDGE('',*,*,#6044,.F.);
#6103 = PLANE('',#6104);
#6104 = AXIS2_PLACEMENT_3D('',#6105,#6106,#6107);
#6105 = CARTESIAN_POINT('',(229.,147.,4.));
#6106 = DIRECTION('',(1.,0.,0.));
#6107 = DIRECTION('',(0.,0.,1.));
#6108 = ADVANCED_FACE('',(#6109),#6134,.T.);
#6109 = FACE_BOUND('',#6110,.T.);
#6110 = EDGE_LOOP('',(#6111,#6121,#6127,#6128));
#6111 = ORIENTED_EDGE('',*,*,#6112,.T.);
#6112 = EDGE_CURVE('',#6113,#6115,#6117,.T.);
#6113 = VERTEX_POINT('',#6114);
#6114 = CARTESIAN_POINT('',(237.5,147.,13.11513403521));
#6115 = VERTEX_POINT('',#6116);
#6116 = CARTESIAN_POINT('',(237.5,190.,13.11513403521));
#6117 = LINE('',#6118,#6119);
#6118 = CARTESIAN_POINT('',(237.5,147.,13.11513403521));
#6119 = VECTOR('',#6120,1.);
#6120 = DIRECTION('',(0.,1.,0.));
#6121 = ORIENTED_EDGE('',*,*,#6122,.T.);
#6122 = EDGE_CURVE('',#6115,#6072,#6123,.T.);
#6123 = LINE('',#6124,#6125);
#6124 = CARTESIAN_POINT('',(237.5,190.,13.11513403521));
#6125 = VECTOR('',#6126,1.);
#6126 = DIRECTION('',(-0.681998360062,0.,-0.731353701619));
#6127 = ORIENTED_EDGE('',*,*,#6069,.F.);
#6128 = ORIENTED_EDGE('',*,*,#6129,.F.);
#6129 = EDGE_CURVE('',#6113,#6070,#6130,.T.);
#6130 = LINE('',#6131,#6132);
#6131 = CARTESIAN_POINT('',(237.5,147.,13.11513403521));
#6132 = VECTOR('',#6133,1.);
#6133 = DIRECTION('',(-0.681998360062,0.,-0.731353701619));
#6134 = PLANE('',#6135);
#6135 = AXIS2_PLACEMENT_3D('',#6136,#6137,#6138);
#6136 = CARTESIAN_POINT('',(237.5,147.,13.11513403521));
#6137 = DIRECTION('',(-0.731353701619,0.,0.681998360062));
#6138 = DIRECTION('',(-0.681998360062,0.,-0.731353701619));
#6139 = ADVANCED_FACE('',(#6140),#6166,.T.);
#6140 = FACE_BOUND('',#6141,.T.);
#6141 = EDGE_LOOP('',(#6142,#6143,#6151,#6159,#6165));
#6142 = ORIENTED_EDGE('',*,*,#6095,.T.);
#6143 = ORIENTED_EDGE('',*,*,#6144,.T.);
#6144 = EDGE_CURVE('',#6088,#6145,#6147,.T.);
#6145 = VERTEX_POINT('',#6146);
#6146 = CARTESIAN_POINT('',(246.,147.,20.));
#6147 = LINE('',#6148,#6149);
#6148 = CARTESIAN_POINT('',(229.,147.,20.));
#6149 = VECTOR('',#6150,1.);
#6150 = DIRECTION('',(1.,0.,0.));
#6151 = ORIENTED_EDGE('',*,*,#6152,.T.);
#6152 = EDGE_CURVE('',#6145,#6153,#6155,.T.);
#6153 = VERTEX_POINT('',#6154);
#6154 = CARTESIAN_POINT('',(246.,147.,4.));
#6155 = LINE('',#6156,#6157);
#6156 = CARTESIAN_POINT('',(246.,147.,20.));
#6157 = VECTOR('',#6158,1.);
#6158 = DIRECTION('',(0.,0.,-1.));
#6159 = ORIENTED_EDGE('',*,*,#6160,.T.);
#6160 = EDGE_CURVE('',#6153,#6113,#6161,.T.);
#6161 = LINE('',#6162,#6163);
#6162 = CARTESIAN_POINT('',(246.,147.,4.));
#6163 = VECTOR('',#6164,1.);
#6164 = DIRECTION('',(-0.681998360062,0.,0.731353701619));
#6165 = ORIENTED_EDGE('',*,*,#6129,.T.);
#6166 = PLANE('',#6167);
#6167 = AXIS2_PLACEMENT_3D('',#6168,#6169,#6170);
#6168 = CARTESIAN_POINT('',(237.5,147.,12.678933532167));
#6169 = DIRECTION('',(0.,1.,0.));
#6170 = DIRECTION('',(0.,0.,1.));
#6171 = ADVANCED_FACE('',(#6172),#6198,.F.);
#6172 = FACE_BOUND('',#6173,.F.);
#6173 = EDGE_LOOP('',(#6174,#6175,#6183,#6191,#6197));
#6174 = ORIENTED_EDGE('',*,*,#6079,.T.);
#6175 = ORIENTED_EDGE('',*,*,#6176,.T.);
#6176 = EDGE_CURVE('',#6080,#6177,#6179,.T.);
#6177 = VERTEX_POINT('',#6178);
#6178 = CARTESIAN_POINT('',(246.,190.,20.));
#6179 = LINE('',#6180,#6181);
#6180 = CARTESIAN_POINT('',(229.,190.,20.));
#6181 = VECTOR('',#6182,1.);
#6182 = DIRECTION('',(1.,0.,0.));
#6183 = ORIENTED_EDGE('',*,*,#6184,.T.);
#6184 = EDGE_CURVE('',#6177,#6185,#6187,.T.);
#6185 = VERTEX_POINT('',#6186);
#6186 = CARTESIAN_POINT('',(246.,190.,4.));
#6187 = LINE('',#6188,#6189);
#6188 = CARTESIAN_POINT('',(246.,190.,20.));
#6189 = VECTOR('',#6190,1.);
#6190 = DIRECTION('',(0.,0.,-1.));
#6191 = ORIENTED_EDGE('',*,*,#6192,.T.);
#6192 = EDGE_CURVE('',#6185,#6115,#6193,.T.);
#6193 = LINE('',#6194,#6195);
#6194 = CARTESIAN_POINT('',(246.,190.,4.));
#6195 = VECTOR('',#6196,1.);
#6196 = DIRECTION('',(-0.681998360062,0.,0.731353701619));
#6197 = ORIENTED_EDGE('',*,*,#6122,.T.);
#6198 = PLANE('',#6199);
#6199 = AXIS2_PLACEMENT_3D('',#6200,#6201,#6202);
#6200 = CARTESIAN_POINT('',(237.5,190.,12.678933532167));
#6201 = DIRECTION('',(0.,1.,0.));
#6202 = DIRECTION('',(0.,0.,1.));
#6203 = ADVANCED_FACE('',(#6204),#6215,.T.);
#6204 = FACE_BOUND('',#6205,.T.);
#6205 = EDGE_LOOP('',(#6206,#6207,#6208,#6214));
#6206 = ORIENTED_EDGE('',*,*,#6087,.T.);
#6207 = ORIENTED_EDGE('',*,*,#6176,.T.);
#6208 = ORIENTED_EDGE('',*,*,#6209,.F.);
#6209 = EDGE_CURVE('',#6145,#6177,#6210,.T.);
#6210 = LINE('',#6211,#6212);
#6211 = CARTESIAN_POINT('',(246.,147.,20.));
#6212 = VECTOR('',#6213,1.);
#6213 = DIRECTION('',(0.,1.,0.));
#6214 = ORIENTED_EDGE('',*,*,#6144,.F.);
#6215 = PLANE('',#6216);
#6216 = AXIS2_PLACEMENT_3D('',#6217,#6218,#6219);
#6217 = CARTESIAN_POINT('',(229.,147.,20.));
#6218 = DIRECTION('',(0.,0.,-1.));
#6219 = DIRECTION('',(1.,0.,0.));
#6220 = ADVANCED_FACE('',(#6221),#6232,.T.);
#6221 = FACE_BOUND('',#6222,.T.);
#6222 = EDGE_LOOP('',(#6223,#6229,#6230,#6231));
#6223 = ORIENTED_EDGE('',*,*,#6224,.T.);
#6224 = EDGE_CURVE('',#6153,#6185,#6225,.T.);
#6225 = LINE('',#6226,#6227);
#6226 = CARTESIAN_POINT('',(246.,147.,4.));
#6227 = VECTOR('',#6228,1.);
#6228 = DIRECTION('',(0.,1.,0.));
#6229 = ORIENTED_EDGE('',*,*,#6192,.T.);
#6230 = ORIENTED_EDGE('',*,*,#6112,.F.);
#6231 = ORIENTED_EDGE('',*,*,#6160,.F.);
#6232 = PLANE('',#6233);
#6233 = AXIS2_PLACEMENT_3D('',#6234,#6235,#6236);
#6234 = CARTESIAN_POINT('',(246.,147.,4.));
#6235 = DIRECTION('',(0.731353701619,0.,0.681998360062));
#6236 = DIRECTION('',(-0.681998360062,0.,0.731353701619));
#6237 = ADVANCED_FACE('',(#6238),#6244,.T.);
#6238 = FACE_BOUND('',#6239,.T.);
#6239 = EDGE_LOOP('',(#6240,#6241,#6242,#6243));
#6240 = ORIENTED_EDGE('',*,*,#6209,.T.);
#6241 = ORIENTED_EDGE('',*,*,#6184,.T.);
#6242 = ORIENTED_EDGE('',*,*,#6224,.F.);
#6243 = ORIENTED_EDGE('',*,*,#6152,.F.);
#6244 = PLANE('',#6245);
#6245 = AXIS2_PLACEMENT_3D('',#6246,#6247,#6248);
#6246 = CARTESIAN_POINT('',(246.,147.,20.));
#6247 = DIRECTION('',(-1.,0.,0.));
#6248 = DIRECTION('',(0.,0.,-1.));
#6249 = ADVANCED_FACE('',(#6250),#6269,.F.);
#6250 = FACE_BOUND('',#6251,.F.);
#6251 = EDGE_LOOP('',(#6252,#6261,#6267,#6268));
#6252 = ORIENTED_EDGE('',*,*,#6253,.F.);
#6253 = EDGE_CURVE('',#6254,#6254,#6256,.T.);
#6254 = VERTEX_POINT('',#6255);
#6255 = CARTESIAN_POINT('',(208.,122.5,19.));
#6256 = CIRCLE('',#6257,2.);
#6257 = AXIS2_PLACEMENT_3D('',#6258,#6259,#6260);
#6258 = CARTESIAN_POINT('',(208.,122.5,17.));
#6259 = DIRECTION('',(1.,0.,-0.));
#6260 = DIRECTION('',(0.,0.,1.));
#6261 = ORIENTED_EDGE('',*,*,#6262,.F.);
#6262 = EDGE_CURVE('',#5582,#6254,#6263,.T.);
#6263 = LINE('',#6264,#6265);
#6264 = CARTESIAN_POINT('',(199.,122.5,19.));
#6265 = VECTOR('',#6266,1.);
#6266 = DIRECTION('',(1.,0.,0.));
#6267 = ORIENTED_EDGE('',*,*,#5581,.T.);
#6268 = ORIENTED_EDGE('',*,*,#6262,.T.);
#6269 = CYLINDRICAL_SURFACE('',#6270,2.);
#6270 = AXIS2_PLACEMENT_3D('',#6271,#6272,#6273);
#6271 = CARTESIAN_POINT('',(199.,122.5,17.));
#6272 = DIRECTION('',(1.,0.,0.));
#6273 = DIRECTION('',(0.,0.,1.));
#6274 = ADVANCED_FACE('',(#6275,#6333),#6336,.T.);
#6275 = FACE_BOUND('',#6276,.T.);
#6276 = EDGE_LOOP('',(#6277,#6287,#6295,#6303,#6311,#6319,#6327));
#6277 = ORIENTED_EDGE('',*,*,#6278,.F.);
#6278 = EDGE_CURVE('',#6279,#6281,#6283,.T.);
#6279 = VERTEX_POINT('',#6280);
#6280 = CARTESIAN_POINT('',(208.,101.,4.));
#6281 = VERTEX_POINT('',#6282);
#6282 = CARTESIAN_POINT('',(208.,101.,20.));
#6283 = LINE('',#6284,#6285);
#6284 = CARTESIAN_POINT('',(208.,101.,4.));
#6285 = VECTOR('',#6286,1.);
#6286 = DIRECTION('',(0.,0.,1.));
#6287 = ORIENTED_EDGE('',*,*,#6288,.T.);
#6288 = EDGE_CURVE('',#6279,#6289,#6291,.T.);
#6289 = VERTEX_POINT('',#6290);
#6290 = CARTESIAN_POINT('',(208.,144.,4.));
#6291 = LINE('',#6292,#6293);
#6292 = CARTESIAN_POINT('',(208.,101.,4.));
#6293 = VECTOR('',#6294,1.);
#6294 = DIRECTION('',(0.,1.,0.));
#6295 = ORIENTED_EDGE('',*,*,#6296,.T.);
#6296 = EDGE_CURVE('',#6289,#6297,#6299,.T.);
#6297 = VERTEX_POINT('',#6298);
#6298 = CARTESIAN_POINT('',(208.,144.,14.));
#6299 = LINE('',#6300,#6301);
#6300 = CARTESIAN_POINT('',(208.,144.,4.));
#6301 = VECTOR('',#6302,1.);
#6302 = DIRECTION('',(0.,0.,1.));
#6303 = ORIENTED_EDGE('',*,*,#6304,.F.);
#6304 = EDGE_CURVE('',#6305,#6297,#6307,.T.);
#6305 = VERTEX_POINT('',#6306);
#6306 = CARTESIAN_POINT('',(208.,140.,10.));
#6307 = LINE('',#6308,#6309);
#6308 = CARTESIAN_POINT('',(208.,131.25,1.25));
#6309 = VECTOR('',#6310,1.);
#6310 = DIRECTION('',(-0.,0.707106781187,0.707106781187));
#6311 = ORIENTED_EDGE('',*,*,#6312,.F.);
#6312 = EDGE_CURVE('',#6313,#6305,#6315,.T.);
#6313 = VERTEX_POINT('',#6314);
#6314 = CARTESIAN_POINT('',(208.,135.,15.));
#6315 = LINE('',#6316,#6317);
#6316 = CARTESIAN_POINT('',(208.,131.75,18.25));
#6317 = VECTOR('',#6318,1.);
#6318 = DIRECTION('',(0.,0.707106781187,-0.707106781187));
#6319 = ORIENTED_EDGE('',*,*,#6320,.F.);
#6320 = EDGE_CURVE('',#6321,#6313,#6323,.T.);
#6321 = VERTEX_POINT('',#6322);
#6322 = CARTESIAN_POINT('',(208.,135.,20.));
#6323 = LINE('',#6324,#6325);
#6324 = CARTESIAN_POINT('',(208.,135.,9.5));
#6325 = VECTOR('',#6326,1.);
#6326 = DIRECTION('',(0.,0.,-1.));
#6327 = ORIENTED_EDGE('',*,*,#6328,.F.);
#6328 = EDGE_CURVE('',#6281,#6321,#6329,.T.);
#6329 = LINE('',#6330,#6331);
#6330 = CARTESIAN_POINT('',(208.,101.,20.));
#6331 = VECTOR('',#6332,1.);
#6332 = DIRECTION('',(0.,1.,0.));
#6333 = FACE_BOUND('',#6334,.T.);
#6334 = EDGE_LOOP('',(#6335));
#6335 = ORIENTED_EDGE('',*,*,#6253,.F.);
#6336 = PLANE('',#6337);
#6337 = AXIS2_PLACEMENT_3D('',#6338,#6339,#6340);
#6338 = CARTESIAN_POINT('',(208.,101.,4.));
#6339 = DIRECTION('',(1.,0.,0.));
#6340 = DIRECTION('',(0.,0.,1.));
#6341 = ADVANCED_FACE('',(#6342),#6375,.T.);
#6342 = FACE_BOUND('',#6343,.T.);
#6343 = EDGE_LOOP('',(#6344,#6345,#6353,#6361,#6369));
#6344 = ORIENTED_EDGE('',*,*,#6278,.T.);
#6345 = ORIENTED_EDGE('',*,*,#6346,.T.);
#6346 = EDGE_CURVE('',#6281,#6347,#6349,.T.);
#6347 = VERTEX_POINT('',#6348);
#6348 = CARTESIAN_POINT('',(225.,101.,20.));
#6349 = LINE('',#6350,#6351);
#6350 = CARTESIAN_POINT('',(208.,101.,20.));
#6351 = VECTOR('',#6352,1.);
#6352 = DIRECTION('',(1.,0.,0.));
#6353 = ORIENTED_EDGE('',*,*,#6354,.T.);
#6354 = EDGE_CURVE('',#6347,#6355,#6357,.T.);
#6355 = VERTEX_POINT('',#6356);
#6356 = CARTESIAN_POINT('',(225.,101.,4.));
#6357 = LINE('',#6358,#6359);
#6358 = CARTESIAN_POINT('',(225.,101.,20.));
#6359 = VECTOR('',#6360,1.);
#6360 = DIRECTION('',(0.,0.,-1.));
#6361 = ORIENTED_EDGE('',*,*,#6362,.T.);
#6362 = EDGE_CURVE('',#6355,#6363,#6365,.T.);
#6363 = VERTEX_POINT('',#6364);
#6364 = CARTESIAN_POINT('',(216.5,101.,13.11513403521));
#6365 = LINE('',#6366,#6367);
#6366 = CARTESIAN_POINT('',(225.,101.,4.));
#6367 = VECTOR('',#6368,1.);
#6368 = DIRECTION('',(-0.681998360062,0.,0.731353701619));
#6369 = ORIENTED_EDGE('',*,*,#6370,.T.);
#6370 = EDGE_CURVE('',#6363,#6279,#6371,.T.);
#6371 = LINE('',#6372,#6373);
#6372 = CARTESIAN_POINT('',(216.5,101.,13.11513403521));
#6373 = VECTOR('',#6374,1.);
#6374 = DIRECTION('',(-0.681998360062,0.,-0.731353701619));
#6375 = PLANE('',#6376);
#6376 = AXIS2_PLACEMENT_3D('',#6377,#6378,#6379);
#6377 = CARTESIAN_POINT('',(216.5,101.,12.678933532167));
#6378 = DIRECTION('',(0.,1.,0.));
#6379 = DIRECTION('',(0.,0.,1.));
#6380 = ADVANCED_FACE('',(#6381),#6399,.T.);
#6381 = FACE_BOUND('',#6382,.T.);
#6382 = EDGE_LOOP('',(#6383,#6384,#6385,#6393));
#6383 = ORIENTED_EDGE('',*,*,#6346,.F.);
#6384 = ORIENTED_EDGE('',*,*,#6328,.T.);
#6385 = ORIENTED_EDGE('',*,*,#6386,.F.);
#6386 = EDGE_CURVE('',#6387,#6321,#6389,.T.);
#6387 = VERTEX_POINT('',#6388);
#6388 = CARTESIAN_POINT('',(225.,135.,20.));
#6389 = LINE('',#6390,#6391);
#6390 = CARTESIAN_POINT('',(204.,135.,20.));
#6391 = VECTOR('',#6392,1.);
#6392 = DIRECTION('',(-1.,-0.,-0.));
#6393 = ORIENTED_EDGE('',*,*,#6394,.F.);
#6394 = EDGE_CURVE('',#6347,#6387,#6395,.T.);
#6395 = LINE('',#6396,#6397);
#6396 = CARTESIAN_POINT('',(225.,101.,20.));
#6397 = VECTOR('',#6398,1.);
#6398 = DIRECTION('',(0.,1.,0.));
#6399 = PLANE('',#6400);
#6400 = AXIS2_PLACEMENT_3D('',#6401,#6402,#6403);
#6401 = CARTESIAN_POINT('',(208.,101.,20.));
#6402 = DIRECTION('',(0.,0.,-1.));
#6403 = DIRECTION('',(1.,0.,0.));
#6404 = ADVANCED_FACE('',(#6405),#6423,.T.);
#6405 = FACE_BOUND('',#6406,.T.);
#6406 = EDGE_LOOP('',(#6407,#6408,#6416,#6422));
#6407 = ORIENTED_EDGE('',*,*,#6320,.T.);
#6408 = ORIENTED_EDGE('',*,*,#6409,.T.);
#6409 = EDGE_CURVE('',#6313,#6410,#6412,.T.);
#6410 = VERTEX_POINT('',#6411);
#6411 = CARTESIAN_POINT('',(225.,135.,15.));
#6412 = LINE('',#6413,#6414);
#6413 = CARTESIAN_POINT('',(200.,135.,15.));
#6414 = VECTOR('',#6415,1.);
#6415 = DIRECTION('',(1.,0.,0.));
#6416 = ORIENTED_EDGE('',*,*,#6417,.T.);
#6417 = EDGE_CURVE('',#6410,#6387,#6418,.T.);
#6418 = LINE('',#6419,#6420);
#6419 = CARTESIAN_POINT('',(225.,135.,15.));
#6420 = VECTOR('',#6421,1.);
#6421 = DIRECTION('',(0.,0.,1.));
#6422 = ORIENTED_EDGE('',*,*,#6386,.T.);
#6423 = PLANE('',#6424);
#6424 = AXIS2_PLACEMENT_3D('',#6425,#6426,#6427);
#6425 = CARTESIAN_POINT('',(200.,135.,15.));
#6426 = DIRECTION('',(0.,-1.,0.));
#6427 = DIRECTION('',(0.,0.,1.));
#6428 = ADVANCED_FACE('',(#6429),#6471,.T.);
#6429 = FACE_BOUND('',#6430,.T.);
#6430 = EDGE_LOOP('',(#6431,#6432,#6440,#6448,#6456,#6464,#6470));
#6431 = ORIENTED_EDGE('',*,*,#6312,.T.);
#6432 = ORIENTED_EDGE('',*,*,#6433,.T.);
#6433 = EDGE_CURVE('',#6305,#6434,#6436,.T.);
#6434 = VERTEX_POINT('',#6435);
#6435 = CARTESIAN_POINT('',(213.59509051682,140.,10.));
#6436 = LINE('',#6437,#6438);
#6437 = CARTESIAN_POINT('',(200.,140.,10.));
#6438 = VECTOR('',#6439,1.);
#6439 = DIRECTION('',(1.,0.,0.));
#6440 = ORIENTED_EDGE('',*,*,#6441,.T.);
#6441 = EDGE_CURVE('',#6434,#6442,#6444,.T.);
#6442 = VERTEX_POINT('',#6443);
#6443 = CARTESIAN_POINT('',(216.5,136.88486596479,13.11513403521));
#6444 = LINE('',#6445,#6446);
#6445 = CARTESIAN_POINT('',(218.81831787356,134.39877441729,
    15.601225582706));
#6446 = VECTOR('',#6447,1.);
#6447 = DIRECTION('',(0.550486111274,-0.590324081033,0.590324081033));
#6448 = ORIENTED_EDGE('',*,*,#6449,.T.);
#6449 = EDGE_CURVE('',#6442,#6450,#6452,.T.);
#6450 = VERTEX_POINT('',#6451);
#6451 = CARTESIAN_POINT('',(219.40490948317,140.,10.));
#6452 = LINE('',#6453,#6454);
#6453 = CARTESIAN_POINT('',(211.95055459505,132.00618306456,
    17.993816935439));
#6454 = VECTOR('',#6455,1.);
#6455 = DIRECTION('',(0.550486111274,0.590324081033,-0.590324081033));
#6456 = ORIENTED_EDGE('',*,*,#6457,.T.);
#6457 = EDGE_CURVE('',#6450,#6458,#6460,.T.);
#6458 = VERTEX_POINT('',#6459);
#6459 = CARTESIAN_POINT('',(225.,140.,10.));
#6460 = LINE('',#6461,#6462);
#6461 = CARTESIAN_POINT('',(200.,140.,10.));
#6462 = VECTOR('',#6463,1.);
#6463 = DIRECTION('',(1.,0.,0.));
#6464 = ORIENTED_EDGE('',*,*,#6465,.T.);
#6465 = EDGE_CURVE('',#6458,#6410,#6466,.T.);
#6466 = LINE('',#6467,#6468);
#6467 = CARTESIAN_POINT('',(225.,140.,10.));
#6468 = VECTOR('',#6469,1.);
#6469 = DIRECTION('',(0.,-0.707106781187,0.707106781187));
#6470 = ORIENTED_EDGE('',*,*,#6409,.F.);
#6471 = PLANE('',#6472);
#6472 = AXIS2_PLACEMENT_3D('',#6473,#6474,#6475);
#6473 = CARTESIAN_POINT('',(200.,140.,10.));
#6474 = DIRECTION('',(0.,-0.707106781187,-0.707106781187));
#6475 = DIRECTION('',(0.,-0.707106781187,0.707106781187));
#6476 = ADVANCED_FACE('',(#6477),#6510,.T.);
#6477 = FACE_BOUND('',#6478,.T.);
#6478 = EDGE_LOOP('',(#6479,#6487,#6493,#6494,#6502,#6508,#6509));
#6479 = ORIENTED_EDGE('',*,*,#6480,.F.);
#6480 = EDGE_CURVE('',#6481,#6297,#6483,.T.);
#6481 = VERTEX_POINT('',#6482);
#6482 = CARTESIAN_POINT('',(225.,144.,14.));
#6483 = LINE('',#6484,#6485);
#6484 = CARTESIAN_POINT('',(208.25,144.,14.));
#6485 = VECTOR('',#6486,1.);
#6486 = DIRECTION('',(-1.,0.,0.));
#6487 = ORIENTED_EDGE('',*,*,#6488,.T.);
#6488 = EDGE_CURVE('',#6481,#6458,#6489,.T.);
#6489 = LINE('',#6490,#6491);
#6490 = CARTESIAN_POINT('',(225.,145.,15.));
#6491 = VECTOR('',#6492,1.);
#6492 = DIRECTION('',(0.,-0.707106781187,-0.707106781187));
#6493 = ORIENTED_EDGE('',*,*,#6457,.F.);
#6494 = ORIENTED_EDGE('',*,*,#6495,.T.);
#6495 = EDGE_CURVE('',#6450,#6496,#6498,.T.);
#6496 = VERTEX_POINT('',#6497);
#6497 = CARTESIAN_POINT('',(216.5,143.11513403521,13.11513403521));
#6498 = LINE('',#6499,#6500);
#6499 = CARTESIAN_POINT('',(222.99937165886,136.14541123342,
    6.145411233427));
#6500 = VECTOR('',#6501,1.);
#6501 = DIRECTION('',(-0.550486111274,0.590324081033,0.590324081033));
#6502 = ORIENTED_EDGE('',*,*,#6503,.T.);
#6503 = EDGE_CURVE('',#6496,#6434,#6504,.T.);
#6504 = LINE('',#6505,#6506);
#6505 = CARTESIAN_POINT('',(207.76950080975,133.75281988069,
    3.752819880693));
#6506 = VECTOR('',#6507,1.);
#6507 = DIRECTION('',(-0.550486111274,-0.590324081033,-0.590324081033));
#6508 = ORIENTED_EDGE('',*,*,#6433,.F.);
#6509 = ORIENTED_EDGE('',*,*,#6304,.T.);
#6510 = PLANE('',#6511);
#6511 = AXIS2_PLACEMENT_3D('',#6512,#6513,#6514);
#6512 = CARTESIAN_POINT('',(200.,145.,15.));
#6513 = DIRECTION('',(0.,0.707106781187,-0.707106781187));
#6514 = DIRECTION('',(0.,-0.707106781187,-0.707106781187));
#6515 = ADVANCED_FACE('',(#6516),#6542,.F.);
#6516 = FACE_BOUND('',#6517,.F.);
#6517 = EDGE_LOOP('',(#6518,#6526,#6527,#6528,#6536));
#6518 = ORIENTED_EDGE('',*,*,#6519,.T.);
#6519 = EDGE_CURVE('',#6520,#6289,#6522,.T.);
#6520 = VERTEX_POINT('',#6521);
#6521 = CARTESIAN_POINT('',(216.5,144.,13.11513403521));
#6522 = LINE('',#6523,#6524);
#6523 = CARTESIAN_POINT('',(216.5,144.,13.11513403521));
#6524 = VECTOR('',#6525,1.);
#6525 = DIRECTION('',(-0.681998360062,0.,-0.731353701619));
#6526 = ORIENTED_EDGE('',*,*,#6296,.T.);
#6527 = ORIENTED_EDGE('',*,*,#6480,.F.);
#6528 = ORIENTED_EDGE('',*,*,#6529,.T.);
#6529 = EDGE_CURVE('',#6481,#6530,#6532,.T.);
#6530 = VERTEX_POINT('',#6531);
#6531 = CARTESIAN_POINT('',(225.,144.,4.));
#6532 = LINE('',#6533,#6534);
#6533 = CARTESIAN_POINT('',(225.,144.,20.));
#6534 = VECTOR('',#6535,1.);
#6535 = DIRECTION('',(0.,0.,-1.));
#6536 = ORIENTED_EDGE('',*,*,#6537,.T.);
#6537 = EDGE_CURVE('',#6530,#6520,#6538,.T.);
#6538 = LINE('',#6539,#6540);
#6539 = CARTESIAN_POINT('',(225.,144.,4.));
#6540 = VECTOR('',#6541,1.);
#6541 = DIRECTION('',(-0.681998360062,0.,0.731353701619));
#6542 = PLANE('',#6543);
#6543 = AXIS2_PLACEMENT_3D('',#6544,#6545,#6546);
#6544 = CARTESIAN_POINT('',(216.5,144.,12.678933532167));
#6545 = DIRECTION('',(0.,1.,0.));
#6546 = DIRECTION('',(0.,0.,1.));
#6547 = ADVANCED_FACE('',(#6548),#6567,.T.);
#6548 = FACE_BOUND('',#6549,.T.);
#6549 = EDGE_LOOP('',(#6550,#6551,#6557,#6558,#6559,#6565,#6566));
#6550 = ORIENTED_EDGE('',*,*,#6370,.F.);
#6551 = ORIENTED_EDGE('',*,*,#6552,.T.);
#6552 = EDGE_CURVE('',#6363,#6442,#6553,.T.);
#6553 = LINE('',#6554,#6555);
#6554 = CARTESIAN_POINT('',(216.5,101.,13.11513403521));
#6555 = VECTOR('',#6556,1.);
#6556 = DIRECTION('',(0.,1.,0.));
#6557 = ORIENTED_EDGE('',*,*,#6441,.F.);
#6558 = ORIENTED_EDGE('',*,*,#6503,.F.);
#6559 = ORIENTED_EDGE('',*,*,#6560,.T.);
#6560 = EDGE_CURVE('',#6496,#6520,#6561,.T.);
#6561 = LINE('',#6562,#6563);
#6562 = CARTESIAN_POINT('',(216.5,101.,13.11513403521));
#6563 = VECTOR('',#6564,1.);
#6564 = DIRECTION('',(0.,1.,0.));
#6565 = ORIENTED_EDGE('',*,*,#6519,.T.);
#6566 = ORIENTED_EDGE('',*,*,#6288,.F.);
#6567 = PLANE('',#6568);
#6568 = AXIS2_PLACEMENT_3D('',#6569,#6570,#6571);
#6569 = CARTESIAN_POINT('',(216.5,101.,13.11513403521));
#6570 = DIRECTION('',(-0.731353701619,0.,0.681998360062));
#6571 = DIRECTION('',(-0.681998360062,0.,-0.731353701619));
#6572 = ADVANCED_FACE('',(#6573,#6587),#6598,.T.);
#6573 = FACE_BOUND('',#6574,.T.);
#6574 = EDGE_LOOP('',(#6575,#6576,#6577,#6578,#6579,#6580,#6581));
#6575 = ORIENTED_EDGE('',*,*,#6354,.F.);
#6576 = ORIENTED_EDGE('',*,*,#6394,.T.);
#6577 = ORIENTED_EDGE('',*,*,#6417,.F.);
#6578 = ORIENTED_EDGE('',*,*,#6465,.F.);
#6579 = ORIENTED_EDGE('',*,*,#6488,.F.);
#6580 = ORIENTED_EDGE('',*,*,#6529,.T.);
#6581 = ORIENTED_EDGE('',*,*,#6582,.F.);
#6582 = EDGE_CURVE('',#6355,#6530,#6583,.T.);
#6583 = LINE('',#6584,#6585);
#6584 = CARTESIAN_POINT('',(225.,101.,4.));
#6585 = VECTOR('',#6586,1.);
#6586 = DIRECTION('',(0.,1.,0.));
#6587 = FACE_BOUND('',#6588,.T.);
#6588 = EDGE_LOOP('',(#6589));
#6589 = ORIENTED_EDGE('',*,*,#6590,.T.);
#6590 = EDGE_CURVE('',#6591,#6591,#6593,.T.);
#6591 = VERTEX_POINT('',#6592);
#6592 = CARTESIAN_POINT('',(225.,122.5,19.));
#6593 = CIRCLE('',#6594,2.);
#6594 = AXIS2_PLACEMENT_3D('',#6595,#6596,#6597);
#6595 = CARTESIAN_POINT('',(225.,122.5,17.));
#6596 = DIRECTION('',(1.,0.,-0.));
#6597 = DIRECTION('',(0.,0.,1.));
#6598 = PLANE('',#6599);
#6599 = AXIS2_PLACEMENT_3D('',#6600,#6601,#6602);
#6600 = CARTESIAN_POINT('',(225.,101.,20.));
#6601 = DIRECTION('',(-1.,0.,0.));
#6602 = DIRECTION('',(0.,0.,-1.));
#6603 = ADVANCED_FACE('',(#6604),#6613,.T.);
#6604 = FACE_BOUND('',#6605,.T.);
#6605 = EDGE_LOOP('',(#6606,#6607,#6608,#6609,#6610,#6611,#6612));
#6606 = ORIENTED_EDGE('',*,*,#6362,.F.);
#6607 = ORIENTED_EDGE('',*,*,#6582,.T.);
#6608 = ORIENTED_EDGE('',*,*,#6537,.T.);
#6609 = ORIENTED_EDGE('',*,*,#6560,.F.);
#6610 = ORIENTED_EDGE('',*,*,#6495,.F.);
#6611 = ORIENTED_EDGE('',*,*,#6449,.F.);
#6612 = ORIENTED_EDGE('',*,*,#6552,.F.);
#6613 = PLANE('',#6614);
#6614 = AXIS2_PLACEMENT_3D('',#6615,#6616,#6617);
#6615 = CARTESIAN_POINT('',(225.,101.,4.));
#6616 = DIRECTION('',(0.731353701619,0.,0.681998360062));
#6617 = DIRECTION('',(-0.681998360062,0.,0.731353701619));
#6618 = ADVANCED_FACE('',(#6619),#6638,.F.);
#6619 = FACE_BOUND('',#6620,.F.);
#6620 = EDGE_LOOP('',(#6621,#6630,#6636,#6637));
#6621 = ORIENTED_EDGE('',*,*,#6622,.F.);
#6622 = EDGE_CURVE('',#6623,#6623,#6625,.T.);
#6623 = VERTEX_POINT('',#6624);
#6624 = CARTESIAN_POINT('',(229.,122.5,19.));
#6625 = CIRCLE('',#6626,2.);
#6626 = AXIS2_PLACEMENT_3D('',#6627,#6628,#6629);
#6627 = CARTESIAN_POINT('',(229.,122.5,17.));
#6628 = DIRECTION('',(1.,0.,-0.));
#6629 = DIRECTION('',(0.,0.,1.));
#6630 = ORIENTED_EDGE('',*,*,#6631,.F.);
#6631 = EDGE_CURVE('',#6591,#6623,#6632,.T.);
#6632 = LINE('',#6633,#6634);
#6633 = CARTESIAN_POINT('',(224.,122.5,19.));
#6634 = VECTOR('',#6635,1.);
#6635 = DIRECTION('',(1.,0.,0.));
#6636 = ORIENTED_EDGE('',*,*,#6590,.T.);
#6637 = ORIENTED_EDGE('',*,*,#6631,.T.);
#6638 = CYLINDRICAL_SURFACE('',#6639,2.);
#6639 = AXIS2_PLACEMENT_3D('',#6640,#6641,#6642);
#6640 = CARTESIAN_POINT('',(224.,122.5,17.));
#6641 = DIRECTION('',(1.,0.,0.));
#6642 = DIRECTION('',(0.,0.,1.));
#6643 = ADVANCED_FACE('',(#6644,#6678),#6681,.T.);
#6644 = FACE_BOUND('',#6645,.T.);
#6645 = EDGE_LOOP('',(#6646,#6656,#6664,#6672));
#6646 = ORIENTED_EDGE('',*,*,#6647,.T.);
#6647 = EDGE_CURVE('',#6648,#6650,#6652,.T.);
#6648 = VERTEX_POINT('',#6649);
#6649 = CARTESIAN_POINT('',(229.,101.,4.));
#6650 = VERTEX_POINT('',#6651);
#6651 = CARTESIAN_POINT('',(229.,144.,4.));
#6652 = LINE('',#6653,#6654);
#6653 = CARTESIAN_POINT('',(229.,101.,4.));
#6654 = VECTOR('',#6655,1.);
#6655 = DIRECTION('',(0.,1.,0.));
#6656 = ORIENTED_EDGE('',*,*,#6657,.T.);
#6657 = EDGE_CURVE('',#6650,#6658,#6660,.T.);
#6658 = VERTEX_POINT('',#6659);
#6659 = CARTESIAN_POINT('',(229.,144.,20.));
#6660 = LINE('',#6661,#6662);
#6661 = CARTESIAN_POINT('',(229.,144.,4.));
#6662 = VECTOR('',#6663,1.);
#6663 = DIRECTION('',(0.,0.,1.));
#6664 = ORIENTED_EDGE('',*,*,#6665,.F.);
#6665 = EDGE_CURVE('',#6666,#6658,#6668,.T.);
#6666 = VERTEX_POINT('',#6667);
#6667 = CARTESIAN_POINT('',(229.,101.,20.));
#6668 = LINE('',#6669,#6670);
#6669 = CARTESIAN_POINT('',(229.,101.,20.));
#6670 = VECTOR('',#6671,1.);
#6671 = DIRECTION('',(0.,1.,0.));
#6672 = ORIENTED_EDGE('',*,*,#6673,.F.);
#6673 = EDGE_CURVE('',#6648,#6666,#6674,.T.);
#6674 = LINE('',#6675,#6676);
#6675 = CARTESIAN_POINT('',(229.,101.,4.));
#6676 = VECTOR('',#6677,1.);
#6677 = DIRECTION('',(0.,0.,1.));
#6678 = FACE_BOUND('',#6679,.T.);
#6679 = EDGE_LOOP('',(#6680));
#6680 = ORIENTED_EDGE('',*,*,#6622,.F.);
#6681 = PLANE('',#6682);
#6682 = AXIS2_PLACEMENT_3D('',#6683,#6684,#6685);
#6683 = CARTESIAN_POINT('',(229.,101.,4.));
#6684 = DIRECTION('',(1.,0.,0.));
#6685 = DIRECTION('',(0.,0.,1.));
#6686 = ADVANCED_FACE('',(#6687),#6712,.T.);
#6687 = FACE_BOUND('',#6688,.T.);
#6688 = EDGE_LOOP('',(#6689,#6699,#6705,#6706));
#6689 = ORIENTED_EDGE('',*,*,#6690,.T.);
#6690 = EDGE_CURVE('',#6691,#6693,#6695,.T.);
#6691 = VERTEX_POINT('',#6692);
#6692 = CARTESIAN_POINT('',(237.5,101.,13.11513403521));
#6693 = VERTEX_POINT('',#6694);
#6694 = CARTESIAN_POINT('',(237.5,144.,13.11513403521));
#6695 = LINE('',#6696,#6697);
#6696 = CARTESIAN_POINT('',(237.5,101.,13.11513403521));
#6697 = VECTOR('',#6698,1.);
#6698 = DIRECTION('',(0.,1.,0.));
#6699 = ORIENTED_EDGE('',*,*,#6700,.T.);
#6700 = EDGE_CURVE('',#6693,#6650,#6701,.T.);
#6701 = LINE('',#6702,#6703);
#6702 = CARTESIAN_POINT('',(237.5,144.,13.11513403521));
#6703 = VECTOR('',#6704,1.);
#6704 = DIRECTION('',(-0.681998360062,0.,-0.731353701619));
#6705 = ORIENTED_EDGE('',*,*,#6647,.F.);
#6706 = ORIENTED_EDGE('',*,*,#6707,.F.);
#6707 = EDGE_CURVE('',#6691,#6648,#6708,.T.);
#6708 = LINE('',#6709,#6710);
#6709 = CARTESIAN_POINT('',(237.5,101.,13.11513403521));
#6710 = VECTOR('',#6711,1.);
#6711 = DIRECTION('',(-0.681998360062,0.,-0.731353701619));
#6712 = PLANE('',#6713);
#6713 = AXIS2_PLACEMENT_3D('',#6714,#6715,#6716);
#6714 = CARTESIAN_POINT('',(237.5,101.,13.11513403521));
#6715 = DIRECTION('',(-0.731353701619,0.,0.681998360062));
#6716 = DIRECTION('',(-0.681998360062,0.,-0.731353701619));
#6717 = ADVANCED_FACE('',(#6718),#6744,.T.);
#6718 = FACE_BOUND('',#6719,.T.);
#6719 = EDGE_LOOP('',(#6720,#6721,#6729,#6737,#6743));
#6720 = ORIENTED_EDGE('',*,*,#6673,.T.);
#6721 = ORIENTED_EDGE('',*,*,#6722,.T.);
#6722 = EDGE_CURVE('',#6666,#6723,#6725,.T.);
#6723 = VERTEX_POINT('',#6724);
#6724 = CARTESIAN_POINT('',(246.,101.,20.));
#6725 = LINE('',#6726,#6727);
#6726 = CARTESIAN_POINT('',(229.,101.,20.));
#6727 = VECTOR('',#6728,1.);
#6728 = DIRECTION('',(1.,0.,0.));
#6729 = ORIENTED_EDGE('',*,*,#6730,.T.);
#6730 = EDGE_CURVE('',#6723,#6731,#6733,.T.);
#6731 = VERTEX_POINT('',#6732);
#6732 = CARTESIAN_POINT('',(246.,101.,4.));
#6733 = LINE('',#6734,#6735);
#6734 = CARTESIAN_POINT('',(246.,101.,20.));
#6735 = VECTOR('',#6736,1.);
#6736 = DIRECTION('',(0.,0.,-1.));
#6737 = ORIENTED_EDGE('',*,*,#6738,.T.);
#6738 = EDGE_CURVE('',#6731,#6691,#6739,.T.);
#6739 = LINE('',#6740,#6741);
#6740 = CARTESIAN_POINT('',(246.,101.,4.));
#6741 = VECTOR('',#6742,1.);
#6742 = DIRECTION('',(-0.681998360062,0.,0.731353701619));
#6743 = ORIENTED_EDGE('',*,*,#6707,.T.);
#6744 = PLANE('',#6745);
#6745 = AXIS2_PLACEMENT_3D('',#6746,#6747,#6748);
#6746 = CARTESIAN_POINT('',(237.5,101.,12.678933532167));
#6747 = DIRECTION('',(0.,1.,0.));
#6748 = DIRECTION('',(0.,0.,1.));
#6749 = ADVANCED_FACE('',(#6750),#6776,.F.);
#6750 = FACE_BOUND('',#6751,.F.);
#6751 = EDGE_LOOP('',(#6752,#6753,#6761,#6769,#6775));
#6752 = ORIENTED_EDGE('',*,*,#6657,.T.);
#6753 = ORIENTED_EDGE('',*,*,#6754,.T.);
#6754 = EDGE_CURVE('',#6658,#6755,#6757,.T.);
#6755 = VERTEX_POINT('',#6756);
#6756 = CARTESIAN_POINT('',(246.,144.,20.));
#6757 = LINE('',#6758,#6759);
#6758 = CARTESIAN_POINT('',(229.,144.,20.));
#6759 = VECTOR('',#6760,1.);
#6760 = DIRECTION('',(1.,0.,0.));
#6761 = ORIENTED_EDGE('',*,*,#6762,.T.);
#6762 = EDGE_CURVE('',#6755,#6763,#6765,.T.);
#6763 = VERTEX_POINT('',#6764);
#6764 = CARTESIAN_POINT('',(246.,144.,4.));
#6765 = LINE('',#6766,#6767);
#6766 = CARTESIAN_POINT('',(246.,144.,20.));
#6767 = VECTOR('',#6768,1.);
#6768 = DIRECTION('',(0.,0.,-1.));
#6769 = ORIENTED_EDGE('',*,*,#6770,.T.);
#6770 = EDGE_CURVE('',#6763,#6693,#6771,.T.);
#6771 = LINE('',#6772,#6773);
#6772 = CARTESIAN_POINT('',(246.,144.,4.));
#6773 = VECTOR('',#6774,1.);
#6774 = DIRECTION('',(-0.681998360062,0.,0.731353701619));
#6775 = ORIENTED_EDGE('',*,*,#6700,.T.);
#6776 = PLANE('',#6777);
#6777 = AXIS2_PLACEMENT_3D('',#6778,#6779,#6780);
#6778 = CARTESIAN_POINT('',(237.5,144.,12.678933532167));
#6779 = DIRECTION('',(0.,1.,0.));
#6780 = DIRECTION('',(0.,0.,1.));
#6781 = ADVANCED_FACE('',(#6782),#6793,.T.);
#6782 = FACE_BOUND('',#6783,.T.);
#6783 = EDGE_LOOP('',(#6784,#6785,#6786,#6792));
#6784 = ORIENTED_EDGE('',*,*,#6665,.T.);
#6785 = ORIENTED_EDGE('',*,*,#6754,.T.);
#6786 = ORIENTED_EDGE('',*,*,#6787,.F.);
#6787 = EDGE_CURVE('',#6723,#6755,#6788,.T.);
#6788 = LINE('',#6789,#6790);
#6789 = CARTESIAN_POINT('',(246.,101.,20.));
#6790 = VECTOR('',#6791,1.);
#6791 = DIRECTION('',(0.,1.,0.));
#6792 = ORIENTED_EDGE('',*,*,#6722,.F.);
#6793 = PLANE('',#6794);
#6794 = AXIS2_PLACEMENT_3D('',#6795,#6796,#6797);
#6795 = CARTESIAN_POINT('',(229.,101.,20.));
#6796 = DIRECTION('',(0.,0.,-1.));
#6797 = DIRECTION('',(1.,0.,0.));
#6798 = ADVANCED_FACE('',(#6799),#6810,.T.);
#6799 = FACE_BOUND('',#6800,.T.);
#6800 = EDGE_LOOP('',(#6801,#6807,#6808,#6809));
#6801 = ORIENTED_EDGE('',*,*,#6802,.T.);
#6802 = EDGE_CURVE('',#6731,#6763,#6803,.T.);
#6803 = LINE('',#6804,#6805);
#6804 = CARTESIAN_POINT('',(246.,101.,4.));
#6805 = VECTOR('',#6806,1.);
#6806 = DIRECTION('',(0.,1.,0.));
#6807 = ORIENTED_EDGE('',*,*,#6770,.T.);
#6808 = ORIENTED_EDGE('',*,*,#6690,.F.);
#6809 = ORIENTED_EDGE('',*,*,#6738,.F.);
#6810 = PLANE('',#6811);
#6811 = AXIS2_PLACEMENT_3D('',#6812,#6813,#6814);
#6812 = CARTESIAN_POINT('',(246.,101.,4.));
#6813 = DIRECTION('',(0.731353701619,0.,0.681998360062));
#6814 = DIRECTION('',(-0.681998360062,0.,0.731353701619));
#6815 = ADVANCED_FACE('',(#6816),#6822,.T.);
#6816 = FACE_BOUND('',#6817,.T.);
#6817 = EDGE_LOOP('',(#6818,#6819,#6820,#6821));
#6818 = ORIENTED_EDGE('',*,*,#6787,.T.);
#6819 = ORIENTED_EDGE('',*,*,#6762,.T.);
#6820 = ORIENTED_EDGE('',*,*,#6802,.F.);
#6821 = ORIENTED_EDGE('',*,*,#6730,.F.);
#6822 = PLANE('',#6823);
#6823 = AXIS2_PLACEMENT_3D('',#6824,#6825,#6826);
#6824 = CARTESIAN_POINT('',(246.,101.,20.));
#6825 = DIRECTION('',(-1.,0.,0.));
#6826 = DIRECTION('',(0.,0.,-1.));
#6827 = ADVANCED_FACE('',(#6828),#6847,.F.);
#6828 = FACE_BOUND('',#6829,.F.);
#6829 = EDGE_LOOP('',(#6830,#6839,#6845,#6846));
#6830 = ORIENTED_EDGE('',*,*,#6831,.F.);
#6831 = EDGE_CURVE('',#6832,#6832,#6834,.T.);
#6832 = VERTEX_POINT('',#6833);
#6833 = CARTESIAN_POINT('',(208.,76.5,19.));
#6834 = CIRCLE('',#6835,2.);
#6835 = AXIS2_PLACEMENT_3D('',#6836,#6837,#6838);
#6836 = CARTESIAN_POINT('',(208.,76.5,17.));
#6837 = DIRECTION('',(1.,0.,-0.));
#6838 = DIRECTION('',(0.,0.,1.));
#6839 = ORIENTED_EDGE('',*,*,#6840,.F.);
#6840 = EDGE_CURVE('',#5593,#6832,#6841,.T.);
#6841 = LINE('',#6842,#6843);
#6842 = CARTESIAN_POINT('',(199.,76.5,19.));
#6843 = VECTOR('',#6844,1.);
#6844 = DIRECTION('',(1.,0.,0.));
#6845 = ORIENTED_EDGE('',*,*,#5592,.T.);
#6846 = ORIENTED_EDGE('',*,*,#6840,.T.);
#6847 = CYLINDRICAL_SURFACE('',#6848,2.);
#6848 = AXIS2_PLACEMENT_3D('',#6849,#6850,#6851);
#6849 = CARTESIAN_POINT('',(199.,76.5,17.));
#6850 = DIRECTION('',(1.,0.,0.));
#6851 = DIRECTION('',(0.,0.,1.));
#6852 = ADVANCED_FACE('',(#6853,#6887),#6890,.T.);
#6853 = FACE_BOUND('',#6854,.T.);
#6854 = EDGE_LOOP('',(#6855,#6865,#6873,#6881));
#6855 = ORIENTED_EDGE('',*,*,#6856,.T.);
#6856 = EDGE_CURVE('',#6857,#6859,#6861,.T.);
#6857 = VERTEX_POINT('',#6858);
#6858 = CARTESIAN_POINT('',(208.,55.,4.));
#6859 = VERTEX_POINT('',#6860);
#6860 = CARTESIAN_POINT('',(208.,98.,4.));
#6861 = LINE('',#6862,#6863);
#6862 = CARTESIAN_POINT('',(208.,55.,4.));
#6863 = VECTOR('',#6864,1.);
#6864 = DIRECTION('',(0.,1.,0.));
#6865 = ORIENTED_EDGE('',*,*,#6866,.T.);
#6866 = EDGE_CURVE('',#6859,#6867,#6869,.T.);
#6867 = VERTEX_POINT('',#6868);
#6868 = CARTESIAN_POINT('',(208.,98.,20.));
#6869 = LINE('',#6870,#6871);
#6870 = CARTESIAN_POINT('',(208.,98.,4.));
#6871 = VECTOR('',#6872,1.);
#6872 = DIRECTION('',(0.,0.,1.));
#6873 = ORIENTED_EDGE('',*,*,#6874,.F.);
#6874 = EDGE_CURVE('',#6875,#6867,#6877,.T.);
#6875 = VERTEX_POINT('',#6876);
#6876 = CARTESIAN_POINT('',(208.,55.,20.));
#6877 = LINE('',#6878,#6879);
#6878 = CARTESIAN_POINT('',(208.,55.,20.));
#6879 = VECTOR('',#6880,1.);
#6880 = DIRECTION('',(0.,1.,0.));
#6881 = ORIENTED_EDGE('',*,*,#6882,.F.);
#6882 = EDGE_CURVE('',#6857,#6875,#6883,.T.);
#6883 = LINE('',#6884,#6885);
#6884 = CARTESIAN_POINT('',(208.,55.,4.));
#6885 = VECTOR('',#6886,1.);
#6886 = DIRECTION('',(0.,0.,1.));
#6887 = FACE_BOUND('',#6888,.T.);
#6888 = EDGE_LOOP('',(#6889));
#6889 = ORIENTED_EDGE('',*,*,#6831,.F.);
#6890 = PLANE('',#6891);
#6891 = AXIS2_PLACEMENT_3D('',#6892,#6893,#6894);
#6892 = CARTESIAN_POINT('',(208.,55.,4.));
#6893 = DIRECTION('',(1.,0.,0.));
#6894 = DIRECTION('',(0.,0.,1.));
#6895 = ADVANCED_FACE('',(#6896),#6921,.T.);
#6896 = FACE_BOUND('',#6897,.T.);
#6897 = EDGE_LOOP('',(#6898,#6908,#6914,#6915));
#6898 = ORIENTED_EDGE('',*,*,#6899,.T.);
#6899 = EDGE_CURVE('',#6900,#6902,#6904,.T.);
#6900 = VERTEX_POINT('',#6901);
#6901 = CARTESIAN_POINT('',(216.5,55.,13.11513403521));
#6902 = VERTEX_POINT('',#6903);
#6903 = CARTESIAN_POINT('',(216.5,98.,13.11513403521));
#6904 = LINE('',#6905,#6906);
#6905 = CARTESIAN_POINT('',(216.5,55.,13.11513403521));
#6906 = VECTOR('',#6907,1.);
#6907 = DIRECTION('',(0.,1.,0.));
#6908 = ORIENTED_EDGE('',*,*,#6909,.T.);
#6909 = EDGE_CURVE('',#6902,#6859,#6910,.T.);
#6910 = LINE('',#6911,#6912);
#6911 = CARTESIAN_POINT('',(216.5,98.,13.11513403521));
#6912 = VECTOR('',#6913,1.);
#6913 = DIRECTION('',(-0.681998360062,0.,-0.731353701619));
#6914 = ORIENTED_EDGE('',*,*,#6856,.F.);
#6915 = ORIENTED_EDGE('',*,*,#6916,.F.);
#6916 = EDGE_CURVE('',#6900,#6857,#6917,.T.);
#6917 = LINE('',#6918,#6919);
#6918 = CARTESIAN_POINT('',(216.5,55.,13.11513403521));
#6919 = VECTOR('',#6920,1.);
#6920 = DIRECTION('',(-0.681998360062,0.,-0.731353701619));
#6921 = PLANE('',#6922);
#6922 = AXIS2_PLACEMENT_3D('',#6923,#6924,#6925);
#6923 = CARTESIAN_POINT('',(216.5,55.,13.11513403521));
#6924 = DIRECTION('',(-0.731353701619,0.,0.681998360062));
#6925 = DIRECTION('',(-0.681998360062,0.,-0.731353701619));
#6926 = ADVANCED_FACE('',(#6927),#6953,.T.);
#6927 = FACE_BOUND('',#6928,.T.);
#6928 = EDGE_LOOP('',(#6929,#6930,#6938,#6946,#6952));
#6929 = ORIENTED_EDGE('',*,*,#6882,.T.);
#6930 = ORIENTED_EDGE('',*,*,#6931,.T.);
#6931 = EDGE_CURVE('',#6875,#6932,#6934,.T.);
#6932 = VERTEX_POINT('',#6933);
#6933 = CARTESIAN_POINT('',(225.,55.,20.));
#6934 = LINE('',#6935,#6936);
#6935 = CARTESIAN_POINT('',(208.,55.,20.));
#6936 = VECTOR('',#6937,1.);
#6937 = DIRECTION('',(1.,0.,0.));
#6938 = ORIENTED_EDGE('',*,*,#6939,.T.);
#6939 = EDGE_CURVE('',#6932,#6940,#6942,.T.);
#6940 = VERTEX_POINT('',#6941);
#6941 = CARTESIAN_POINT('',(225.,55.,4.));
#6942 = LINE('',#6943,#6944);
#6943 = CARTESIAN_POINT('',(225.,55.,20.));
#6944 = VECTOR('',#6945,1.);
#6945 = DIRECTION('',(0.,0.,-1.));
#6946 = ORIENTED_EDGE('',*,*,#6947,.T.);
#6947 = EDGE_CURVE('',#6940,#6900,#6948,.T.);
#6948 = LINE('',#6949,#6950);
#6949 = CARTESIAN_POINT('',(225.,55.,4.));
#6950 = VECTOR('',#6951,1.);
#6951 = DIRECTION('',(-0.681998360062,0.,0.731353701619));
#6952 = ORIENTED_EDGE('',*,*,#6916,.T.);
#6953 = PLANE('',#6954);
#6954 = AXIS2_PLACEMENT_3D('',#6955,#6956,#6957);
#6955 = CARTESIAN_POINT('',(216.5,55.,12.678933532167));
#6956 = DIRECTION('',(0.,1.,0.));
#6957 = DIRECTION('',(0.,0.,1.));
#6958 = ADVANCED_FACE('',(#6959),#6985,.F.);
#6959 = FACE_BOUND('',#6960,.F.);
#6960 = EDGE_LOOP('',(#6961,#6962,#6970,#6978,#6984));
#6961 = ORIENTED_EDGE('',*,*,#6866,.T.);
#6962 = ORIENTED_EDGE('',*,*,#6963,.T.);
#6963 = EDGE_CURVE('',#6867,#6964,#6966,.T.);
#6964 = VERTEX_POINT('',#6965);
#6965 = CARTESIAN_POINT('',(225.,98.,20.));
#6966 = LINE('',#6967,#6968);
#6967 = CARTESIAN_POINT('',(208.,98.,20.));
#6968 = VECTOR('',#6969,1.);
#6969 = DIRECTION('',(1.,0.,0.));
#6970 = ORIENTED_EDGE('',*,*,#6971,.T.);
#6971 = EDGE_CURVE('',#6964,#6972,#6974,.T.);
#6972 = VERTEX_POINT('',#6973);
#6973 = CARTESIAN_POINT('',(225.,98.,4.));
#6974 = LINE('',#6975,#6976);
#6975 = CARTESIAN_POINT('',(225.,98.,20.));
#6976 = VECTOR('',#6977,1.);
#6977 = DIRECTION('',(0.,0.,-1.));
#6978 = ORIENTED_EDGE('',*,*,#6979,.T.);
#6979 = EDGE_CURVE('',#6972,#6902,#6980,.T.);
#6980 = LINE('',#6981,#6982);
#6981 = CARTESIAN_POINT('',(225.,98.,4.));
#6982 = VECTOR('',#6983,1.);
#6983 = DIRECTION('',(-0.681998360062,0.,0.731353701619));
#6984 = ORIENTED_EDGE('',*,*,#6909,.T.);
#6985 = PLANE('',#6986);
#6986 = AXIS2_PLACEMENT_3D('',#6987,#6988,#6989);
#6987 = CARTESIAN_POINT('',(216.5,98.,12.678933532167));
#6988 = DIRECTION('',(0.,1.,0.));
#6989 = DIRECTION('',(0.,0.,1.));
#6990 = ADVANCED_FACE('',(#6991),#7002,.T.);
#6991 = FACE_BOUND('',#6992,.T.);
#6992 = EDGE_LOOP('',(#6993,#6994,#6995,#7001));
#6993 = ORIENTED_EDGE('',*,*,#6874,.T.);
#6994 = ORIENTED_EDGE('',*,*,#6963,.T.);
#6995 = ORIENTED_EDGE('',*,*,#6996,.F.);
#6996 = EDGE_CURVE('',#6932,#6964,#6997,.T.);
#6997 = LINE('',#6998,#6999);
#6998 = CARTESIAN_POINT('',(225.,55.,20.));
#6999 = VECTOR('',#7000,1.);
#7000 = DIRECTION('',(0.,1.,0.));
#7001 = ORIENTED_EDGE('',*,*,#6931,.F.);
#7002 = PLANE('',#7003);
#7003 = AXIS2_PLACEMENT_3D('',#7004,#7005,#7006);
#7004 = CARTESIAN_POINT('',(208.,55.,20.));
#7005 = DIRECTION('',(0.,0.,-1.));
#7006 = DIRECTION('',(1.,0.,0.));
#7007 = ADVANCED_FACE('',(#7008),#7019,.T.);
#7008 = FACE_BOUND('',#7009,.T.);
#7009 = EDGE_LOOP('',(#7010,#7016,#7017,#7018));
#7010 = ORIENTED_EDGE('',*,*,#7011,.T.);
#7011 = EDGE_CURVE('',#6940,#6972,#7012,.T.);
#7012 = LINE('',#7013,#7014);
#7013 = CARTESIAN_POINT('',(225.,55.,4.));
#7014 = VECTOR('',#7015,1.);
#7015 = DIRECTION('',(0.,1.,0.));
#7016 = ORIENTED_EDGE('',*,*,#6979,.T.);
#7017 = ORIENTED_EDGE('',*,*,#6899,.F.);
#7018 = ORIENTED_EDGE('',*,*,#6947,.F.);
#7019 = PLANE('',#7020);
#7020 = AXIS2_PLACEMENT_3D('',#7021,#7022,#7023);
#7021 = CARTESIAN_POINT('',(225.,55.,4.));
#7022 = DIRECTION('',(0.731353701619,0.,0.681998360062));
#7023 = DIRECTION('',(-0.681998360062,0.,0.731353701619));
#7024 = ADVANCED_FACE('',(#7025,#7031),#7042,.T.);
#7025 = FACE_BOUND('',#7026,.T.);
#7026 = EDGE_LOOP('',(#7027,#7028,#7029,#7030));
#7027 = ORIENTED_EDGE('',*,*,#6996,.T.);
#7028 = ORIENTED_EDGE('',*,*,#6971,.T.);
#7029 = ORIENTED_EDGE('',*,*,#7011,.F.);
#7030 = ORIENTED_EDGE('',*,*,#6939,.F.);
#7031 = FACE_BOUND('',#7032,.T.);
#7032 = EDGE_LOOP('',(#7033));
#7033 = ORIENTED_EDGE('',*,*,#7034,.T.);
#7034 = EDGE_CURVE('',#7035,#7035,#7037,.T.);
#7035 = VERTEX_POINT('',#7036);
#7036 = CARTESIAN_POINT('',(225.,76.5,19.));
#7037 = CIRCLE('',#7038,2.);
#7038 = AXIS2_PLACEMENT_3D('',#7039,#7040,#7041);
#7039 = CARTESIAN_POINT('',(225.,76.5,17.));
#7040 = DIRECTION('',(1.,0.,-0.));
#7041 = DIRECTION('',(0.,0.,1.));
#7042 = PLANE('',#7043);
#7043 = AXIS2_PLACEMENT_3D('',#7044,#7045,#7046);
#7044 = CARTESIAN_POINT('',(225.,55.,20.));
#7045 = DIRECTION('',(-1.,0.,0.));
#7046 = DIRECTION('',(0.,0.,-1.));
#7047 = ADVANCED_FACE('',(#7048),#7067,.F.);
#7048 = FACE_BOUND('',#7049,.F.);
#7049 = EDGE_LOOP('',(#7050,#7059,#7065,#7066));
#7050 = ORIENTED_EDGE('',*,*,#7051,.F.);
#7051 = EDGE_CURVE('',#7052,#7052,#7054,.T.);
#7052 = VERTEX_POINT('',#7053);
#7053 = CARTESIAN_POINT('',(229.,76.5,19.));
#7054 = CIRCLE('',#7055,2.);
#7055 = AXIS2_PLACEMENT_3D('',#7056,#7057,#7058);
#7056 = CARTESIAN_POINT('',(229.,76.5,17.));
#7057 = DIRECTION('',(1.,0.,-0.));
#7058 = DIRECTION('',(0.,0.,1.));
#7059 = ORIENTED_EDGE('',*,*,#7060,.F.);
#7060 = EDGE_CURVE('',#7035,#7052,#7061,.T.);
#7061 = LINE('',#7062,#7063);
#7062 = CARTESIAN_POINT('',(224.,76.5,19.));
#7063 = VECTOR('',#7064,1.);
#7064 = DIRECTION('',(1.,0.,0.));
#7065 = ORIENTED_EDGE('',*,*,#7034,.T.);
#7066 = ORIENTED_EDGE('',*,*,#7060,.T.);
#7067 = CYLINDRICAL_SURFACE('',#7068,2.);
#7068 = AXIS2_PLACEMENT_3D('',#7069,#7070,#7071);
#7069 = CARTESIAN_POINT('',(224.,76.5,17.));
#7070 = DIRECTION('',(1.,0.,0.));
#7071 = DIRECTION('',(0.,0.,1.));
#7072 = ADVANCED_FACE('',(#7073,#7107),#7110,.T.);
#7073 = FACE_BOUND('',#7074,.T.);
#7074 = EDGE_LOOP('',(#7075,#7085,#7093,#7101));
#7075 = ORIENTED_EDGE('',*,*,#7076,.T.);
#7076 = EDGE_CURVE('',#7077,#7079,#7081,.T.);
#7077 = VERTEX_POINT('',#7078);
#7078 = CARTESIAN_POINT('',(229.,55.,4.));
#7079 = VERTEX_POINT('',#7080);
#7080 = CARTESIAN_POINT('',(229.,98.,4.));
#7081 = LINE('',#7082,#7083);
#7082 = CARTESIAN_POINT('',(229.,55.,4.));
#7083 = VECTOR('',#7084,1.);
#7084 = DIRECTION('',(0.,1.,0.));
#7085 = ORIENTED_EDGE('',*,*,#7086,.T.);
#7086 = EDGE_CURVE('',#7079,#7087,#7089,.T.);
#7087 = VERTEX_POINT('',#7088);
#7088 = CARTESIAN_POINT('',(229.,98.,20.));
#7089 = LINE('',#7090,#7091);
#7090 = CARTESIAN_POINT('',(229.,98.,4.));
#7091 = VECTOR('',#7092,1.);
#7092 = DIRECTION('',(0.,0.,1.));
#7093 = ORIENTED_EDGE('',*,*,#7094,.F.);
#7094 = EDGE_CURVE('',#7095,#7087,#7097,.T.);
#7095 = VERTEX_POINT('',#7096);
#7096 = CARTESIAN_POINT('',(229.,55.,20.));
#7097 = LINE('',#7098,#7099);
#7098 = CARTESIAN_POINT('',(229.,55.,20.));
#7099 = VECTOR('',#7100,1.);
#7100 = DIRECTION('',(0.,1.,0.));
#7101 = ORIENTED_EDGE('',*,*,#7102,.F.);
#7102 = EDGE_CURVE('',#7077,#7095,#7103,.T.);
#7103 = LINE('',#7104,#7105);
#7104 = CARTESIAN_POINT('',(229.,55.,4.));
#7105 = VECTOR('',#7106,1.);
#7106 = DIRECTION('',(0.,0.,1.));
#7107 = FACE_BOUND('',#7108,.T.);
#7108 = EDGE_LOOP('',(#7109));
#7109 = ORIENTED_EDGE('',*,*,#7051,.F.);
#7110 = PLANE('',#7111);
#7111 = AXIS2_PLACEMENT_3D('',#7112,#7113,#7114);
#7112 = CARTESIAN_POINT('',(229.,55.,4.));
#7113 = DIRECTION('',(1.,0.,0.));
#7114 = DIRECTION('',(0.,0.,1.));
#7115 = ADVANCED_FACE('',(#7116),#7141,.T.);
#7116 = FACE_BOUND('',#7117,.T.);
#7117 = EDGE_LOOP('',(#7118,#7128,#7134,#7135));
#7118 = ORIENTED_EDGE('',*,*,#7119,.T.);
#7119 = EDGE_CURVE('',#7120,#7122,#7124,.T.);
#7120 = VERTEX_POINT('',#7121);
#7121 = CARTESIAN_POINT('',(237.5,55.,13.11513403521));
#7122 = VERTEX_POINT('',#7123);
#7123 = CARTESIAN_POINT('',(237.5,98.,13.11513403521));
#7124 = LINE('',#7125,#7126);
#7125 = CARTESIAN_POINT('',(237.5,55.,13.11513403521));
#7126 = VECTOR('',#7127,1.);
#7127 = DIRECTION('',(0.,1.,0.));
#7128 = ORIENTED_EDGE('',*,*,#7129,.T.);
#7129 = EDGE_CURVE('',#7122,#7079,#7130,.T.);
#7130 = LINE('',#7131,#7132);
#7131 = CARTESIAN_POINT('',(237.5,98.,13.11513403521));
#7132 = VECTOR('',#7133,1.);
#7133 = DIRECTION('',(-0.681998360062,0.,-0.731353701619));
#7134 = ORIENTED_EDGE('',*,*,#7076,.F.);
#7135 = ORIENTED_EDGE('',*,*,#7136,.F.);
#7136 = EDGE_CURVE('',#7120,#7077,#7137,.T.);
#7137 = LINE('',#7138,#7139);
#7138 = CARTESIAN_POINT('',(237.5,55.,13.11513403521));
#7139 = VECTOR('',#7140,1.);
#7140 = DIRECTION('',(-0.681998360062,0.,-0.731353701619));
#7141 = PLANE('',#7142);
#7142 = AXIS2_PLACEMENT_3D('',#7143,#7144,#7145);
#7143 = CARTESIAN_POINT('',(237.5,55.,13.11513403521));
#7144 = DIRECTION('',(-0.731353701619,0.,0.681998360062));
#7145 = DIRECTION('',(-0.681998360062,0.,-0.731353701619));
#7146 = ADVANCED_FACE('',(#7147),#7173,.T.);
#7147 = FACE_BOUND('',#7148,.T.);
#7148 = EDGE_LOOP('',(#7149,#7150,#7158,#7166,#7172));
#7149 = ORIENTED_EDGE('',*,*,#7102,.T.);
#7150 = ORIENTED_EDGE('',*,*,#7151,.T.);
#7151 = EDGE_CURVE('',#7095,#7152,#7154,.T.);
#7152 = VERTEX_POINT('',#7153);
#7153 = CARTESIAN_POINT('',(246.,55.,20.));
#7154 = LINE('',#7155,#7156);
#7155 = CARTESIAN_POINT('',(229.,55.,20.));
#7156 = VECTOR('',#7157,1.);
#7157 = DIRECTION('',(1.,0.,0.));
#7158 = ORIENTED_EDGE('',*,*,#7159,.T.);
#7159 = EDGE_CURVE('',#7152,#7160,#7162,.T.);
#7160 = VERTEX_POINT('',#7161);
#7161 = CARTESIAN_POINT('',(246.,55.,4.));
#7162 = LINE('',#7163,#7164);
#7163 = CARTESIAN_POINT('',(246.,55.,20.));
#7164 = VECTOR('',#7165,1.);
#7165 = DIRECTION('',(0.,0.,-1.));
#7166 = ORIENTED_EDGE('',*,*,#7167,.T.);
#7167 = EDGE_CURVE('',#7160,#7120,#7168,.T.);
#7168 = LINE('',#7169,#7170);
#7169 = CARTESIAN_POINT('',(246.,55.,4.));
#7170 = VECTOR('',#7171,1.);
#7171 = DIRECTION('',(-0.681998360062,0.,0.731353701619));
#7172 = ORIENTED_EDGE('',*,*,#7136,.T.);
#7173 = PLANE('',#7174);
#7174 = AXIS2_PLACEMENT_3D('',#7175,#7176,#7177);
#7175 = CARTESIAN_POINT('',(237.5,55.,12.678933532167));
#7176 = DIRECTION('',(0.,1.,0.));
#7177 = DIRECTION('',(0.,0.,1.));
#7178 = ADVANCED_FACE('',(#7179),#7205,.F.);
#7179 = FACE_BOUND('',#7180,.F.);
#7180 = EDGE_LOOP('',(#7181,#7182,#7190,#7198,#7204));
#7181 = ORIENTED_EDGE('',*,*,#7086,.T.);
#7182 = ORIENTED_EDGE('',*,*,#7183,.T.);
#7183 = EDGE_CURVE('',#7087,#7184,#7186,.T.);
#7184 = VERTEX_POINT('',#7185);
#7185 = CARTESIAN_POINT('',(246.,98.,20.));
#7186 = LINE('',#7187,#7188);
#7187 = CARTESIAN_POINT('',(229.,98.,20.));
#7188 = VECTOR('',#7189,1.);
#7189 = DIRECTION('',(1.,0.,0.));
#7190 = ORIENTED_EDGE('',*,*,#7191,.T.);
#7191 = EDGE_CURVE('',#7184,#7192,#7194,.T.);
#7192 = VERTEX_POINT('',#7193);
#7193 = CARTESIAN_POINT('',(246.,98.,4.));
#7194 = LINE('',#7195,#7196);
#7195 = CARTESIAN_POINT('',(246.,98.,20.));
#7196 = VECTOR('',#7197,1.);
#7197 = DIRECTION('',(0.,0.,-1.));
#7198 = ORIENTED_EDGE('',*,*,#7199,.T.);
#7199 = EDGE_CURVE('',#7192,#7122,#7200,.T.);
#7200 = LINE('',#7201,#7202);
#7201 = CARTESIAN_POINT('',(246.,98.,4.));
#7202 = VECTOR('',#7203,1.);
#7203 = DIRECTION('',(-0.681998360062,0.,0.731353701619));
#7204 = ORIENTED_EDGE('',*,*,#7129,.T.);
#7205 = PLANE('',#7206);
#7206 = AXIS2_PLACEMENT_3D('',#7207,#7208,#7209);
#7207 = CARTESIAN_POINT('',(237.5,98.,12.678933532167));
#7208 = DIRECTION('',(0.,1.,0.));
#7209 = DIRECTION('',(0.,0.,1.));
#7210 = ADVANCED_FACE('',(#7211),#7222,.T.);
#7211 = FACE_BOUND('',#7212,.T.);
#7212 = EDGE_LOOP('',(#7213,#7214,#7215,#7221));
#7213 = ORIENTED_EDGE('',*,*,#7094,.T.);
#7214 = ORIENTED_EDGE('',*,*,#7183,.T.);
#7215 = ORIENTED_EDGE('',*,*,#7216,.F.);
#7216 = EDGE_CURVE('',#7152,#7184,#7217,.T.);
#7217 = LINE('',#7218,#7219);
#7218 = CARTESIAN_POINT('',(246.,55.,20.));
#7219 = VECTOR('',#7220,1.);
#7220 = DIRECTION('',(0.,1.,0.));
#7221 = ORIENTED_EDGE('',*,*,#7151,.F.);
#7222 = PLANE('',#7223);
#7223 = AXIS2_PLACEMENT_3D('',#7224,#7225,#7226);
#7224 = CARTESIAN_POINT('',(229.,55.,20.));
#7225 = DIRECTION('',(0.,0.,-1.));
#7226 = DIRECTION('',(1.,0.,0.));
#7227 = ADVANCED_FACE('',(#7228),#7239,.T.);
#7228 = FACE_BOUND('',#7229,.T.);
#7229 = EDGE_LOOP('',(#7230,#7236,#7237,#7238));
#7230 = ORIENTED_EDGE('',*,*,#7231,.T.);
#7231 = EDGE_CURVE('',#7160,#7192,#7232,.T.);
#7232 = LINE('',#7233,#7234);
#7233 = CARTESIAN_POINT('',(246.,55.,4.));
#7234 = VECTOR('',#7235,1.);
#7235 = DIRECTION('',(0.,1.,0.));
#7236 = ORIENTED_EDGE('',*,*,#7199,.T.);
#7237 = ORIENTED_EDGE('',*,*,#7119,.F.);
#7238 = ORIENTED_EDGE('',*,*,#7167,.F.);
#7239 = PLANE('',#7240);
#7240 = AXIS2_PLACEMENT_3D('',#7241,#7242,#7243);
#7241 = CARTESIAN_POINT('',(246.,55.,4.));
#7242 = DIRECTION('',(0.731353701619,0.,0.681998360062));
#7243 = DIRECTION('',(-0.681998360062,0.,0.731353701619));
#7244 = ADVANCED_FACE('',(#7245),#7251,.T.);
#7245 = FACE_BOUND('',#7246,.T.);
#7246 = EDGE_LOOP('',(#7247,#7248,#7249,#7250));
#7247 = ORIENTED_EDGE('',*,*,#7216,.T.);
#7248 = ORIENTED_EDGE('',*,*,#7191,.T.);
#7249 = ORIENTED_EDGE('',*,*,#7231,.F.);
#7250 = ORIENTED_EDGE('',*,*,#7159,.F.);
#7251 = PLANE('',#7252);
#7252 = AXIS2_PLACEMENT_3D('',#7253,#7254,#7255);
#7253 = CARTESIAN_POINT('',(246.,55.,20.));
#7254 = DIRECTION('',(-1.,0.,0.));
#7255 = DIRECTION('',(0.,0.,-1.));
#7256 = ADVANCED_FACE('',(#7257,#7263),#7274,.T.);
#7257 = FACE_BOUND('',#7258,.T.);
#7258 = EDGE_LOOP('',(#7259,#7260,#7261,#7262));
#7259 = ORIENTED_EDGE('',*,*,#5533,.F.);
#7260 = ORIENTED_EDGE('',*,*,#1567,.T.);
#7261 = ORIENTED_EDGE('',*,*,#3900,.T.);
#7262 = ORIENTED_EDGE('',*,*,#1326,.F.);
#7263 = FACE_BOUND('',#7264,.T.);
#7264 = EDGE_LOOP('',(#7265));
#7265 = ORIENTED_EDGE('',*,*,#7266,.T.);
#7266 = EDGE_CURVE('',#7267,#7267,#7269,.T.);
#7267 = VERTEX_POINT('',#7268);
#7268 = CARTESIAN_POINT('',(195.,140.,-11.));
#7269 = CIRCLE('',#7270,2.);
#7270 = AXIS2_PLACEMENT_3D('',#7271,#7272,#7273);
#7271 = CARTESIAN_POINT('',(195.,140.,-13.));
#7272 = DIRECTION('',(1.,-2.22044604925E-16,0.));
#7273 = DIRECTION('',(0.,0.,1.));
#7274 = PLANE('',#7275);
#7275 = AXIS2_PLACEMENT_3D('',#7276,#7277,#7278);
#7276 = CARTESIAN_POINT('',(195.,83.625,-10.));
#7277 = DIRECTION('',(-1.,-0.,-0.));
#7278 = DIRECTION('',(0.,0.,-1.));
#7279 = ADVANCED_FACE('',(#7280),#7299,.F.);
#7280 = FACE_BOUND('',#7281,.F.);
#7281 = EDGE_LOOP('',(#7282,#7291,#7297,#7298));
#7282 = ORIENTED_EDGE('',*,*,#7283,.F.);
#7283 = EDGE_CURVE('',#7284,#7284,#7286,.T.);
#7284 = VERTEX_POINT('',#7285);
#7285 = CARTESIAN_POINT('',(199.,140.,-11.));
#7286 = CIRCLE('',#7287,2.);
#7287 = AXIS2_PLACEMENT_3D('',#7288,#7289,#7290);
#7288 = CARTESIAN_POINT('',(199.,140.,-13.));
#7289 = DIRECTION('',(1.,-2.22044604925E-16,0.));
#7290 = DIRECTION('',(0.,0.,1.));
#7291 = ORIENTED_EDGE('',*,*,#7292,.F.);
#7292 = EDGE_CURVE('',#7267,#7284,#7293,.T.);
#7293 = LINE('',#7294,#7295);
#7294 = CARTESIAN_POINT('',(193.,140.,-11.));
#7295 = VECTOR('',#7296,1.);
#7296 = DIRECTION('',(1.,-2.22044604925E-16,0.));
#7297 = ORIENTED_EDGE('',*,*,#7266,.T.);
#7298 = ORIENTED_EDGE('',*,*,#7292,.T.);
#7299 = CYLINDRICAL_SURFACE('',#7300,2.);
#7300 = AXIS2_PLACEMENT_3D('',#7301,#7302,#7303);
#7301 = CARTESIAN_POINT('',(193.,140.,-13.));
#7302 = DIRECTION('',(1.,-2.22044604925E-16,0.));
#7303 = DIRECTION('',(0.,0.,1.));
#7304 = ADVANCED_FACE('',(#7305),#7311,.F.);
#7305 = FACE_BOUND('',#7306,.T.);
#7306 = EDGE_LOOP('',(#7307,#7308,#7309,#7310));
#7307 = ORIENTED_EDGE('',*,*,#3907,.F.);
#7308 = ORIENTED_EDGE('',*,*,#1583,.F.);
#7309 = ORIENTED_EDGE('',*,*,#3930,.T.);
#7310 = ORIENTED_EDGE('',*,*,#1366,.T.);
#7311 = PLANE('',#7312);
#7312 = AXIS2_PLACEMENT_3D('',#7313,#7314,#7315);
#7313 = CARTESIAN_POINT('',(196.5,-192.,2.));
#7314 = DIRECTION('',(0.707106781187,-5.874127047667E-19,-0.707106781187
    ));
#7315 = DIRECTION('',(-4.153635068956E-19,-1.,4.153635068956E-19));
#7316 = ADVANCED_FACE('',(#7317),#7323,.F.);
#7317 = FACE_BOUND('',#7318,.T.);
#7318 = EDGE_LOOP('',(#7319,#7320,#7321,#7322));
#7319 = ORIENTED_EDGE('',*,*,#5478,.T.);
#7320 = ORIENTED_EDGE('',*,*,#1399,.F.);
#7321 = ORIENTED_EDGE('',*,*,#3961,.F.);
#7322 = ORIENTED_EDGE('',*,*,#1630,.T.);
#7323 = PLANE('',#7324);
#7324 = AXIS2_PLACEMENT_3D('',#7325,#7326,#7327);
#7325 = CARTESIAN_POINT('',(227.,-227.,-1.));
#7326 = DIRECTION('',(1.,0.,-0.));
#7327 = DIRECTION('',(0.,0.,1.));
#7328 = ADVANCED_FACE('',(#7329),#7335,.T.);
#7329 = FACE_BOUND('',#7330,.T.);
#7330 = EDGE_LOOP('',(#7331,#7332,#7333,#7334));
#7331 = ORIENTED_EDGE('',*,*,#5485,.F.);
#7332 = ORIENTED_EDGE('',*,*,#1646,.F.);
#7333 = ORIENTED_EDGE('',*,*,#4551,.T.);
#7334 = ORIENTED_EDGE('',*,*,#1432,.T.);
#7335 = PLANE('',#7336);
#7336 = AXIS2_PLACEMENT_3D('',#7337,#7338,#7339);
#7337 = CARTESIAN_POINT('',(217.,-217.,-2.));
#7338 = DIRECTION('',(1.,0.,-0.));
#7339 = DIRECTION('',(0.,0.,1.));
#7340 = ADVANCED_FACE('',(#7341),#7347,.F.);
#7341 = FACE_BOUND('',#7342,.T.);
#7342 = EDGE_LOOP('',(#7343,#7344,#7345,#7346));
#7343 = ORIENTED_EDGE('',*,*,#5503,.T.);
#7344 = ORIENTED_EDGE('',*,*,#4828,.F.);
#7345 = ORIENTED_EDGE('',*,*,#4558,.F.);
#7346 = ORIENTED_EDGE('',*,*,#1662,.T.);
#7347 = PLANE('',#7348);
#7348 = AXIS2_PLACEMENT_3D('',#7349,#7350,#7351);
#7349 = CARTESIAN_POINT('',(213.,-213.,-1.));
#7350 = DIRECTION('',(1.,0.,-0.));
#7351 = DIRECTION('',(0.,0.,1.));
#7352 = ADVANCED_FACE('',(#7353),#7359,.T.);
#7353 = FACE_BOUND('',#7354,.T.);
#7354 = EDGE_LOOP('',(#7355,#7356,#7357,#7358));
#7355 = ORIENTED_EDGE('',*,*,#5510,.F.);
#7356 = ORIENTED_EDGE('',*,*,#1678,.F.);
#7357 = ORIENTED_EDGE('',*,*,#4574,.T.);
#7358 = ORIENTED_EDGE('',*,*,#4812,.T.);
#7359 = PLANE('',#7360);
#7360 = AXIS2_PLACEMENT_3D('',#7361,#7362,#7363);
#7361 = CARTESIAN_POINT('',(203.,-203.,-2.));
#7362 = DIRECTION('',(1.,0.,-0.));
#7363 = DIRECTION('',(0.,0.,1.));
#7364 = ADVANCED_FACE('',(#7365,#7371),#7374,.T.);
#7365 = FACE_BOUND('',#7366,.T.);
#7366 = EDGE_LOOP('',(#7367,#7368,#7369,#7370));
#7367 = ORIENTED_EDGE('',*,*,#4581,.F.);
#7368 = ORIENTED_EDGE('',*,*,#1694,.F.);
#7369 = ORIENTED_EDGE('',*,*,#5526,.T.);
#7370 = ORIENTED_EDGE('',*,*,#1465,.T.);
#7371 = FACE_BOUND('',#7372,.T.);
#7372 = EDGE_LOOP('',(#7373));
#7373 = ORIENTED_EDGE('',*,*,#7283,.F.);
#7374 = PLANE('',#7375);
#7375 = AXIS2_PLACEMENT_3D('',#7376,#7377,#7378);
#7376 = CARTESIAN_POINT('',(199.,-199.,-22.));
#7377 = DIRECTION('',(1.,0.,-0.));
#7378 = DIRECTION('',(0.,0.,1.));
#7379 = ( GEOMETRIC_REPRESENTATION_CONTEXT(3)
GLOBAL_UNCERTAINTY_ASSIGNED_CONTEXT((#7383))
GLOBAL_UNIT_ASSIGNED_CONTEXT((#7380,#7381,#7382)) REPRESENTATION_CONTEXT
('Context #1','3D Context with UNIT and UNCERTAINTY') );
#7380 = ( LENGTH_UNIT() NAMED_UNIT(*) SI_UNIT(.MILLI.,.METRE.) );
#7381 = ( NAMED_UNIT(*) PLANE_ANGLE_UNIT() SI_UNIT($,.RADIAN.) );
#7382 = ( NAMED_UNIT(*) SI_UNIT($,.STERADIAN.) SOLID_ANGLE_UNIT() );
#7383 = UNCERTAINTY_MEASURE_WITH_UNIT(LENGTH_MEASURE(1.E-07),#7380,
  'distance_accuracy_value','confusion accuracy');
#7384 = PRODUCT_RELATED_PRODUCT_CATEGORY('part',$,(#7));
ENDSEC;
END-ISO-10303-21;
