ISO-10303-21;
HEADER;
FILE_DESCRIPTION(('FreeCAD Model'),'2;1');
FILE_NAME('Open CASCADE Shape Model','1970-01-01T00:00:00',('FreeCAD'),(
    'FreeCAD'),'Open CASCADE STEP processor 7.8','FreeCAD','Unknown');
FILE_SCHEMA(('AUTOMOTIVE_DESIGN { 1 0 10303 214 1 1 1 1 }'));
ENDSEC;
DATA;
#1 = APPLICATION_PROTOCOL_DEFINITION('international standard',
  'automotive_design',2000,#2);
#2 = APPLICATION_CONTEXT(
  'core data for automotive mechanical design processes');
#3 = SHAPE_DEFINITION_REPRESENTATION(#4,#10);
#4 = PRODUCT_DEFINITION_SHAPE('','',#5);
#5 = PRODUCT_DEFINITION('design','',#6,#9);
#6 = PRODUCT_DEFINITION_FORMATION('','',#7);
#7 = PRODUCT('Open CASCADE STEP translator 7.8 2',
  'Open CASCADE STEP translator 7.8 2','',(#8));
#8 = PRODUCT_CONTEXT('',#2,'mechanical');
#9 = PRODUCT_DEFINITION_CONTEXT('part definition',#2,'design');
#10 = ADVANCED_BREP_SHAPE_REPRESENTATION('',(#11,#15),#7373);
#11 = AXIS2_PLACEMENT_3D('',#12,#13,#14);
#12 = CARTESIAN_POINT('',(0.,0.,0.));
#13 = DIRECTION('',(0.,0.,1.));
#14 = DIRECTION('',(1.,0.,-0.));
#15 = MANIFOLD_SOLID_BREP('',#16);
#16 = CLOSED_SHELL('',(#17,#57,#88,#119,#150,#181,#203,#228,#268,#310,
    #358,#528,#552,#577,#644,#668,#696,#738,#769,#828,#859,#890,#923,
    #948,#990,#1021,#1145,#1170,#1195,#1228,#1245,#1278,#1303,#1328,
    #1353,#1386,#1419,#1452,#1494,#1671,#1759,#1771,#1814,#1881,#1964,
    #1988,#2006,#2016,#2033,#2048,#2133,#2168,#2199,#2231,#2263,#2280,
    #2319,#2367,#2406,#2430,#2454,#2486,#2511,#2550,#2574,#2598,#2646,
    #2685,#2709,#2733,#2765,#2790,#2822,#2893,#2991,#3001,#3026,#3044,
    #3061,#3084,#3104,#3130,#3163,#3178,#3190,#3205,#3257,#3292,#3317,
    #3342,#3367,#3399,#3424,#3449,#3467,#3510,#3553,#3596,#3608,#3639,
    #3671,#3703,#3720,#3751,#3783,#3815,#3832,#3863,#3895,#3927,#3944,
    #3961,#3973,#3990,#4002,#4019,#4031,#4053,#4068,#4094,#4120,#4146,
    #4288,#4320,#4338,#4372,#4398,#4407,#4441,#4467,#4476,#4510,#4536,
    #4545,#4579,#4605,#4614,#4648,#4674,#4683,#4717,#4743,#4752,#4786,
    #4812,#4821,#4855,#4881,#4890,#4997,#5031,#5057,#5066,#5100,#5126,
    #5135,#5169,#5195,#5204,#5238,#5264,#5273,#5307,#5333,#5342,#5376,
    #5402,#5411,#5445,#5471,#5480,#5506,#5518,#5565,#5590,#5673,#5712,
    #5736,#5760,#5808,#5847,#5871,#5895,#5927,#5952,#5985,#6000,#6025,
    #6068,#6099,#6131,#6163,#6180,#6197,#6209,#6234,#6301,#6340,#6364,
    #6388,#6436,#6475,#6507,#6532,#6563,#6578,#6603,#6646,#6677,#6709,
    #6741,#6758,#6775,#6787,#6812,#6855,#6886,#6918,#6950,#6967,#6984,
    #7007,#7032,#7075,#7106,#7138,#7170,#7187,#7204,#7216,#7239,#7264,
    #7276,#7288,#7300,#7315,#7329,#7363));
#17 = ADVANCED_FACE('',(#18),#52,.T.);
#18 = FACE_BOUND('',#19,.T.);
#19 = EDGE_LOOP('',(#20,#30,#38,#46));
#20 = ORIENTED_EDGE('',*,*,#21,.T.);
#21 = EDGE_CURVE('',#22,#24,#26,.T.);
#22 = VERTEX_POINT('',#23);
#23 = CARTESIAN_POINT('',(226.,-10.19059892324,0.));
#24 = VERTEX_POINT('',#25);
#25 = CARTESIAN_POINT('',(230.,-7.881197846483,0.));
#26 = LINE('',#27,#28);
#27 = CARTESIAN_POINT('',(-2.420258349701,-142.0690965698,0.));
#28 = VECTOR('',#29,1.);
#29 = DIRECTION('',(0.866025403784,0.5,-0.));
#30 = ORIENTED_EDGE('',*,*,#31,.T.);
#31 = EDGE_CURVE('',#24,#32,#34,.T.);
#32 = VERTEX_POINT('',#33);
#33 = CARTESIAN_POINT('',(230.,-7.881197846483,4.));
#34 = LINE('',#35,#36);
#35 = CARTESIAN_POINT('',(230.,-7.881197846483,-1.));
#36 = VECTOR('',#37,1.);
#37 = DIRECTION('',(0.,0.,1.));
#38 = ORIENTED_EDGE('',*,*,#39,.T.);
#39 = EDGE_CURVE('',#32,#40,#42,.T.);
#40 = VERTEX_POINT('',#41);
#41 = CARTESIAN_POINT('',(226.,-10.19059892324,4.));
#42 = LINE('',#43,#44);
#43 = CARTESIAN_POINT('',(230.,-7.881197846483,4.));
#44 = VECTOR('',#45,1.);
#45 = DIRECTION('',(-0.866025403784,-0.5,0.));
#46 = ORIENTED_EDGE('',*,*,#47,.F.);
#47 = EDGE_CURVE('',#22,#40,#48,.T.);
#48 = LINE('',#49,#50);
#49 = CARTESIAN_POINT('',(226.,-10.19059892324,-1.));
#50 = VECTOR('',#51,1.);
#51 = DIRECTION('',(0.,0.,1.));
#52 = PLANE('',#53);
#53 = AXIS2_PLACEMENT_3D('',#54,#55,#56);
#54 = CARTESIAN_POINT('',(230.,-7.881197846483,-1.));
#55 = DIRECTION('',(0.5,-0.866025403784,0.));
#56 = DIRECTION('',(-0.866025403784,-0.5,0.));
#57 = ADVANCED_FACE('',(#58),#83,.T.);
#58 = FACE_BOUND('',#59,.T.);
#59 = EDGE_LOOP('',(#60,#68,#69,#77));
#60 = ORIENTED_EDGE('',*,*,#61,.T.);
#61 = EDGE_CURVE('',#62,#22,#64,.T.);
#62 = VERTEX_POINT('',#63);
#63 = CARTESIAN_POINT('',(226.,-14.80940107675,0.));
#64 = LINE('',#65,#66);
#65 = CARTESIAN_POINT('',(226.,-130.0952994616,0.));
#66 = VECTOR('',#67,1.);
#67 = DIRECTION('',(0.,1.,0.));
#68 = ORIENTED_EDGE('',*,*,#47,.T.);
#69 = ORIENTED_EDGE('',*,*,#70,.T.);
#70 = EDGE_CURVE('',#40,#71,#73,.T.);
#71 = VERTEX_POINT('',#72);
#72 = CARTESIAN_POINT('',(226.,-14.80940107675,4.));
#73 = LINE('',#74,#75);
#74 = CARTESIAN_POINT('',(226.,-10.19059892324,4.));
#75 = VECTOR('',#76,1.);
#76 = DIRECTION('',(0.,-1.,0.));
#77 = ORIENTED_EDGE('',*,*,#78,.F.);
#78 = EDGE_CURVE('',#62,#71,#79,.T.);
#79 = LINE('',#80,#81);
#80 = CARTESIAN_POINT('',(226.,-14.80940107675,-1.));
#81 = VECTOR('',#82,1.);
#82 = DIRECTION('',(0.,0.,1.));
#83 = PLANE('',#84);
#84 = AXIS2_PLACEMENT_3D('',#85,#86,#87);
#85 = CARTESIAN_POINT('',(226.,-10.19059892324,-1.));
#86 = DIRECTION('',(1.,0.,0.));
#87 = DIRECTION('',(0.,-1.,0.));
#88 = ADVANCED_FACE('',(#89),#114,.T.);
#89 = FACE_BOUND('',#90,.T.);
#90 = EDGE_LOOP('',(#91,#99,#107,#113));
#91 = ORIENTED_EDGE('',*,*,#92,.T.);
#92 = EDGE_CURVE('',#24,#93,#95,.T.);
#93 = VERTEX_POINT('',#94);
#94 = CARTESIAN_POINT('',(234.,-10.19059892324,0.));
#95 = LINE('',#96,#97);
#96 = CARTESIAN_POINT('',(104.4202583497,64.622299800081,0.));
#97 = VECTOR('',#98,1.);
#98 = DIRECTION('',(0.866025403784,-0.5,0.));
#99 = ORIENTED_EDGE('',*,*,#100,.T.);
#100 = EDGE_CURVE('',#93,#101,#103,.T.);
#101 = VERTEX_POINT('',#102);
#102 = CARTESIAN_POINT('',(234.,-10.19059892324,4.));
#103 = LINE('',#104,#105);
#104 = CARTESIAN_POINT('',(234.,-10.19059892324,-1.));
#105 = VECTOR('',#106,1.);
#106 = DIRECTION('',(0.,0.,1.));
#107 = ORIENTED_EDGE('',*,*,#108,.T.);
#108 = EDGE_CURVE('',#101,#32,#109,.T.);
#109 = LINE('',#110,#111);
#110 = CARTESIAN_POINT('',(234.,-10.19059892324,4.));
#111 = VECTOR('',#112,1.);
#112 = DIRECTION('',(-0.866025403784,0.5,0.));
#113 = ORIENTED_EDGE('',*,*,#31,.F.);
#114 = PLANE('',#115);
#115 = AXIS2_PLACEMENT_3D('',#116,#117,#118);
#116 = CARTESIAN_POINT('',(234.,-10.19059892324,-1.));
#117 = DIRECTION('',(-0.5,-0.866025403784,0.));
#118 = DIRECTION('',(-0.866025403784,0.5,0.));
#119 = ADVANCED_FACE('',(#120),#145,.T.);
#120 = FACE_BOUND('',#121,.T.);
#121 = EDGE_LOOP('',(#122,#130,#131,#139));
#122 = ORIENTED_EDGE('',*,*,#123,.T.);
#123 = EDGE_CURVE('',#124,#62,#126,.T.);
#124 = VERTEX_POINT('',#125);
#125 = CARTESIAN_POINT('',(230.,-17.11880215351,0.));
#126 = LINE('',#127,#128);
#127 = CARTESIAN_POINT('',(98.420258349701,58.848797108185,0.));
#128 = VECTOR('',#129,1.);
#129 = DIRECTION('',(-0.866025403784,0.5,0.));
#130 = ORIENTED_EDGE('',*,*,#78,.T.);
#131 = ORIENTED_EDGE('',*,*,#132,.T.);
#132 = EDGE_CURVE('',#71,#133,#135,.T.);
#133 = VERTEX_POINT('',#134);
#134 = CARTESIAN_POINT('',(230.,-17.11880215351,4.));
#135 = LINE('',#136,#137);
#136 = CARTESIAN_POINT('',(226.,-14.80940107675,4.));
#137 = VECTOR('',#138,1.);
#138 = DIRECTION('',(0.866025403784,-0.5,0.));
#139 = ORIENTED_EDGE('',*,*,#140,.F.);
#140 = EDGE_CURVE('',#124,#133,#141,.T.);
#141 = LINE('',#142,#143);
#142 = CARTESIAN_POINT('',(230.,-17.11880215351,-1.));
#143 = VECTOR('',#144,1.);
#144 = DIRECTION('',(0.,0.,1.));
#145 = PLANE('',#146);
#146 = AXIS2_PLACEMENT_3D('',#147,#148,#149);
#147 = CARTESIAN_POINT('',(226.,-14.80940107675,-1.));
#148 = DIRECTION('',(0.5,0.866025403784,0.));
#149 = DIRECTION('',(0.866025403784,-0.5,0.));
#150 = ADVANCED_FACE('',(#151),#176,.T.);
#151 = FACE_BOUND('',#152,.T.);
#152 = EDGE_LOOP('',(#153,#161,#169,#175));
#153 = ORIENTED_EDGE('',*,*,#154,.T.);
#154 = EDGE_CURVE('',#93,#155,#157,.T.);
#155 = VERTEX_POINT('',#156);
#156 = CARTESIAN_POINT('',(234.,-14.80940107675,0.));
#157 = LINE('',#158,#159);
#158 = CARTESIAN_POINT('',(234.,-132.4047005383,0.));
#159 = VECTOR('',#160,1.);
#160 = DIRECTION('',(0.,-1.,0.));
#161 = ORIENTED_EDGE('',*,*,#162,.T.);
#162 = EDGE_CURVE('',#155,#163,#165,.T.);
#163 = VERTEX_POINT('',#164);
#164 = CARTESIAN_POINT('',(234.,-14.80940107675,4.));
#165 = LINE('',#166,#167);
#166 = CARTESIAN_POINT('',(234.,-14.80940107675,-1.));
#167 = VECTOR('',#168,1.);
#168 = DIRECTION('',(0.,0.,1.));
#169 = ORIENTED_EDGE('',*,*,#170,.T.);
#170 = EDGE_CURVE('',#163,#101,#171,.T.);
#171 = LINE('',#172,#173);
#172 = CARTESIAN_POINT('',(234.,-14.80940107675,4.));
#173 = VECTOR('',#174,1.);
#174 = DIRECTION('',(0.,1.,0.));
#175 = ORIENTED_EDGE('',*,*,#100,.F.);
#176 = PLANE('',#177);
#177 = AXIS2_PLACEMENT_3D('',#178,#179,#180);
#178 = CARTESIAN_POINT('',(234.,-14.80940107675,-1.));
#179 = DIRECTION('',(-1.,0.,0.));
#180 = DIRECTION('',(0.,1.,0.));
#181 = ADVANCED_FACE('',(#182),#198,.T.);
#182 = FACE_BOUND('',#183,.T.);
#183 = EDGE_LOOP('',(#184,#190,#191,#197));
#184 = ORIENTED_EDGE('',*,*,#185,.T.);
#185 = EDGE_CURVE('',#155,#124,#186,.T.);
#186 = LINE('',#187,#188);
#187 = CARTESIAN_POINT('',(-0.420258349701,-150.1520003384,0.));
#188 = VECTOR('',#189,1.);
#189 = DIRECTION('',(-0.866025403784,-0.5,0.));
#190 = ORIENTED_EDGE('',*,*,#140,.T.);
#191 = ORIENTED_EDGE('',*,*,#192,.T.);
#192 = EDGE_CURVE('',#133,#163,#193,.T.);
#193 = LINE('',#194,#195);
#194 = CARTESIAN_POINT('',(230.,-17.11880215351,4.));
#195 = VECTOR('',#196,1.);
#196 = DIRECTION('',(0.866025403784,0.5,0.));
#197 = ORIENTED_EDGE('',*,*,#162,.F.);
#198 = PLANE('',#199);
#199 = AXIS2_PLACEMENT_3D('',#200,#201,#202);
#200 = CARTESIAN_POINT('',(230.,-17.11880215351,-1.));
#201 = DIRECTION('',(-0.5,0.866025403784,0.));
#202 = DIRECTION('',(0.866025403784,0.5,0.));
#203 = ADVANCED_FACE('',(#204,#212),#223,.F.);
#204 = FACE_BOUND('',#205,.F.);
#205 = EDGE_LOOP('',(#206,#207,#208,#209,#210,#211));
#206 = ORIENTED_EDGE('',*,*,#108,.T.);
#207 = ORIENTED_EDGE('',*,*,#39,.T.);
#208 = ORIENTED_EDGE('',*,*,#70,.T.);
#209 = ORIENTED_EDGE('',*,*,#132,.T.);
#210 = ORIENTED_EDGE('',*,*,#192,.T.);
#211 = ORIENTED_EDGE('',*,*,#170,.T.);
#212 = FACE_BOUND('',#213,.F.);
#213 = EDGE_LOOP('',(#214));
#214 = ORIENTED_EDGE('',*,*,#215,.F.);
#215 = EDGE_CURVE('',#216,#216,#218,.T.);
#216 = VERTEX_POINT('',#217);
#217 = CARTESIAN_POINT('',(232.75,-12.5,4.));
#218 = CIRCLE('',#219,2.75);
#219 = AXIS2_PLACEMENT_3D('',#220,#221,#222);
#220 = CARTESIAN_POINT('',(230.,-12.5,4.));
#221 = DIRECTION('',(0.,0.,1.));
#222 = DIRECTION('',(1.,0.,-0.));
#223 = PLANE('',#224);
#224 = AXIS2_PLACEMENT_3D('',#225,#226,#227);
#225 = CARTESIAN_POINT('',(230.,-12.5,4.));
#226 = DIRECTION('',(0.,0.,1.));
#227 = DIRECTION('',(1.,0.,0.));
#228 = ADVANCED_FACE('',(#229),#263,.T.);
#229 = FACE_BOUND('',#230,.T.);
#230 = EDGE_LOOP('',(#231,#241,#249,#257));
#231 = ORIENTED_EDGE('',*,*,#232,.F.);
#232 = EDGE_CURVE('',#233,#235,#237,.T.);
#233 = VERTEX_POINT('',#234);
#234 = CARTESIAN_POINT('',(238.,250.,4.));
#235 = VERTEX_POINT('',#236);
#236 = CARTESIAN_POINT('',(238.,250.,11.059206769679));
#237 = LINE('',#238,#239);
#238 = CARTESIAN_POINT('',(238.,250.,0.));
#239 = VECTOR('',#240,1.);
#240 = DIRECTION('',(0.,0.,1.));
#241 = ORIENTED_EDGE('',*,*,#242,.F.);
#242 = EDGE_CURVE('',#243,#233,#245,.T.);
#243 = VERTEX_POINT('',#244);
#244 = CARTESIAN_POINT('',(25.,250.,4.));
#245 = LINE('',#246,#247);
#246 = CARTESIAN_POINT('',(-238.,250.,4.));
#247 = VECTOR('',#248,1.);
#248 = DIRECTION('',(1.,0.,-0.));
#249 = ORIENTED_EDGE('',*,*,#250,.F.);
#250 = EDGE_CURVE('',#251,#243,#253,.T.);
#251 = VERTEX_POINT('',#252);
#252 = CARTESIAN_POINT('',(25.,250.,11.059206769679));
#253 = LINE('',#254,#255);
#254 = CARTESIAN_POINT('',(25.,250.,-11.5));
#255 = VECTOR('',#256,1.);
#256 = DIRECTION('',(0.,0.,-1.));
#257 = ORIENTED_EDGE('',*,*,#258,.T.);
#258 = EDGE_CURVE('',#251,#235,#259,.T.);
#259 = LINE('',#260,#261);
#260 = CARTESIAN_POINT('',(375.,250.,11.059206769679));
#261 = VECTOR('',#262,1.);
#262 = DIRECTION('',(1.,0.,-1.190568432757E-16));
#263 = PLANE('',#264);
#264 = AXIS2_PLACEMENT_3D('',#265,#266,#267);
#265 = CARTESIAN_POINT('',(-250.,250.,0.));
#266 = DIRECTION('',(-0.,1.,0.));
#267 = DIRECTION('',(0.,0.,1.));
#268 = ADVANCED_FACE('',(#269),#305,.T.);
#269 = FACE_BOUND('',#270,.T.);
#270 = EDGE_LOOP('',(#271,#281,#288,#289,#298));
#271 = ORIENTED_EDGE('',*,*,#272,.F.);
#272 = EDGE_CURVE('',#273,#275,#277,.T.);
#273 = VERTEX_POINT('',#274);
#274 = CARTESIAN_POINT('',(250.,238.,4.));
#275 = VERTEX_POINT('',#276);
#276 = CARTESIAN_POINT('',(250.,238.,11.059206769679));
#277 = LINE('',#278,#279);
#278 = CARTESIAN_POINT('',(250.,238.,0.));
#279 = VECTOR('',#280,1.);
#280 = DIRECTION('',(0.,0.,1.));
#281 = ORIENTED_EDGE('',*,*,#282,.F.);
#282 = EDGE_CURVE('',#233,#273,#283,.T.);
#283 = CIRCLE('',#284,12.);
#284 = AXIS2_PLACEMENT_3D('',#285,#286,#287);
#285 = CARTESIAN_POINT('',(238.,238.,4.));
#286 = DIRECTION('',(0.,-0.,-1.));
#287 = DIRECTION('',(0.,1.,-0.));
#288 = ORIENTED_EDGE('',*,*,#232,.T.);
#289 = ORIENTED_EDGE('',*,*,#290,.F.);
#290 = EDGE_CURVE('',#291,#235,#293,.T.);
#291 = VERTEX_POINT('',#292);
#292 = CARTESIAN_POINT('',(246.48528137423,246.48528137423,
    14.828281048487));
#293 = ELLIPSE('',#294,17.595350227675,12.);
#294 = AXIS2_PLACEMENT_3D('',#295,#296,#297);
#295 = CARTESIAN_POINT('',(238.,238.,23.927631289975));
#296 = DIRECTION('',(8.119657186824E-17,0.731353701619,0.681998360062));
#297 = DIRECTION('',(-7.57170282098E-17,-0.681998360062,0.731353701619)
  );
#298 = ORIENTED_EDGE('',*,*,#299,.F.);
#299 = EDGE_CURVE('',#275,#291,#300,.T.);
#300 = ELLIPSE('',#301,17.595350227675,12.);
#301 = AXIS2_PLACEMENT_3D('',#302,#303,#304);
#302 = CARTESIAN_POINT('',(238.,238.,23.927631289975));
#303 = DIRECTION('',(0.731353701619,0.,0.681998360062));
#304 = DIRECTION('',(-0.681998360062,0.,0.731353701619));
#305 = CYLINDRICAL_SURFACE('',#306,12.);
#306 = AXIS2_PLACEMENT_3D('',#307,#308,#309);
#307 = CARTESIAN_POINT('',(238.,238.,0.));
#308 = DIRECTION('',(0.,0.,1.));
#309 = DIRECTION('',(1.,0.,-0.));
#310 = ADVANCED_FACE('',(#311),#353,.T.);
#311 = FACE_BOUND('',#312,.T.);
#312 = EDGE_LOOP('',(#313,#321,#322,#323,#331,#339,#347));
#313 = ORIENTED_EDGE('',*,*,#314,.F.);
#314 = EDGE_CURVE('',#291,#315,#317,.T.);
#315 = VERTEX_POINT('',#316);
#316 = CARTESIAN_POINT('',(237.,237.,25.));
#317 = LINE('',#318,#319);
#318 = CARTESIAN_POINT('',(171.99935619139,171.99935619139,
    94.704656551813));
#319 = VECTOR('',#320,1.);
#320 = DIRECTION('',(-0.563438436971,-0.563438436971,0.604213749833));
#321 = ORIENTED_EDGE('',*,*,#290,.T.);
#322 = ORIENTED_EDGE('',*,*,#258,.F.);
#323 = ORIENTED_EDGE('',*,*,#324,.F.);
#324 = EDGE_CURVE('',#325,#251,#327,.T.);
#325 = VERTEX_POINT('',#326);
#326 = CARTESIAN_POINT('',(25.,248.65643857672,12.5));
#327 = LINE('',#328,#329);
#328 = CARTESIAN_POINT('',(25.,246.70321157743,14.594579517614));
#329 = VECTOR('',#330,1.);
#330 = DIRECTION('',(0.,0.681998360062,-0.731353701619));
#331 = ORIENTED_EDGE('',*,*,#332,.F.);
#332 = EDGE_CURVE('',#333,#325,#335,.T.);
#333 = VERTEX_POINT('',#334);
#334 = CARTESIAN_POINT('',(-5.551115123126E-14,248.65643857672,12.5));
#335 = LINE('',#336,#337);
#336 = CARTESIAN_POINT('',(500.,248.65643857672,12.5));
#337 = VECTOR('',#338,1.);
#338 = DIRECTION('',(1.,-1.110223024625E-16,0.));
#339 = ORIENTED_EDGE('',*,*,#340,.F.);
#340 = EDGE_CURVE('',#341,#333,#343,.T.);
#341 = VERTEX_POINT('',#342);
#342 = CARTESIAN_POINT('',(0.,237.,25.));
#343 = LINE('',#344,#345);
#344 = CARTESIAN_POINT('',(-1.110223024625E-13,445.00885894841,
    -198.0621917442));
#345 = VECTOR('',#346,1.);
#346 = DIRECTION('',(0.,0.681998360062,-0.731353701619));
#347 = ORIENTED_EDGE('',*,*,#348,.F.);
#348 = EDGE_CURVE('',#315,#341,#349,.T.);
#349 = LINE('',#350,#351);
#350 = CARTESIAN_POINT('',(1.E+03,237.,25.));
#351 = VECTOR('',#352,1.);
#352 = DIRECTION('',(-1.,1.110223024625E-16,0.));
#353 = PLANE('',#354);
#354 = AXIS2_PLACEMENT_3D('',#355,#356,#357);
#355 = CARTESIAN_POINT('',(1.E+03,252.,8.91446934963));
#356 = DIRECTION('',(8.119657186824E-17,0.731353701619,0.681998360062));
#357 = DIRECTION('',(-7.57170282098E-17,-0.681998360062,0.731353701619)
  );
#358 = ADVANCED_FACE('',(#359),#523,.F.);
#359 = FACE_BOUND('',#360,.F.);
#360 = EDGE_LOOP('',(#361,#371,#379,#387,#395,#404,#412,#420,#428,#437,
    #445,#453,#461,#469,#477,#483,#484,#485,#493,#501,#509,#517));
#361 = ORIENTED_EDGE('',*,*,#362,.F.);
#362 = EDGE_CURVE('',#363,#365,#367,.T.);
#363 = VERTEX_POINT('',#364);
#364 = CARTESIAN_POINT('',(25.,195.,-22.));
#365 = VERTEX_POINT('',#366);
#366 = CARTESIAN_POINT('',(25.,195.,2.));
#367 = LINE('',#368,#369);
#368 = CARTESIAN_POINT('',(25.,195.,-23.));
#369 = VECTOR('',#370,1.);
#370 = DIRECTION('',(0.,0.,1.));
#371 = ORIENTED_EDGE('',*,*,#372,.T.);
#372 = EDGE_CURVE('',#363,#373,#375,.T.);
#373 = VERTEX_POINT('',#374);
#374 = CARTESIAN_POINT('',(25.,199.,-22.));
#375 = LINE('',#376,#377);
#376 = CARTESIAN_POINT('',(25.,-2.,-22.));
#377 = VECTOR('',#378,1.);
#378 = DIRECTION('',(0.,1.,0.));
#379 = ORIENTED_EDGE('',*,*,#380,.F.);
#380 = EDGE_CURVE('',#381,#373,#383,.T.);
#381 = VERTEX_POINT('',#382);
#382 = CARTESIAN_POINT('',(25.,199.,0.));
#383 = LINE('',#384,#385);
#384 = CARTESIAN_POINT('',(25.,199.,-22.5));
#385 = VECTOR('',#386,1.);
#386 = DIRECTION('',(0.,0.,-1.));
#387 = ORIENTED_EDGE('',*,*,#388,.T.);
#388 = EDGE_CURVE('',#381,#389,#391,.T.);
#389 = VERTEX_POINT('',#390);
#390 = CARTESIAN_POINT('',(25.,202.29795958399,0.));
#391 = LINE('',#392,#393);
#392 = CARTESIAN_POINT('',(25.,-27.5,0.));
#393 = VECTOR('',#394,1.);
#394 = DIRECTION('',(0.,1.,0.));
#395 = ORIENTED_EDGE('',*,*,#396,.F.);
#396 = EDGE_CURVE('',#397,#389,#399,.T.);
#397 = VERTEX_POINT('',#398);
#398 = CARTESIAN_POINT('',(25.,203.9207229096,-1.5));
#399 = HYPERBOLA('',#400,1.785714285714,1.785714285714);
#400 = AXIS2_PLACEMENT_3D('',#401,#402,#403);
#401 = CARTESIAN_POINT('',(25.,207.5,-5.5));
#402 = DIRECTION('',(1.,0.,0.));
#403 = DIRECTION('',(0.,-0.,1.));
#404 = ORIENTED_EDGE('',*,*,#405,.F.);
#405 = EDGE_CURVE('',#406,#397,#408,.T.);
#406 = VERTEX_POINT('',#407);
#407 = CARTESIAN_POINT('',(25.,203.9207229096,-3.));
#408 = LINE('',#409,#410);
#409 = CARTESIAN_POINT('',(25.,203.9207229096,-3.));
#410 = VECTOR('',#411,1.);
#411 = DIRECTION('',(0.,0.,1.));
#412 = ORIENTED_EDGE('',*,*,#413,.T.);
#413 = EDGE_CURVE('',#406,#414,#416,.T.);
#414 = VERTEX_POINT('',#415);
#415 = CARTESIAN_POINT('',(25.,211.07927709039,-3.));
#416 = LINE('',#417,#418);
#417 = CARTESIAN_POINT('',(25.,201.25,-3.));
#418 = VECTOR('',#419,1.);
#419 = DIRECTION('',(0.,1.,0.));
#420 = ORIENTED_EDGE('',*,*,#421,.T.);
#421 = EDGE_CURVE('',#414,#422,#424,.T.);
#422 = VERTEX_POINT('',#423);
#423 = CARTESIAN_POINT('',(25.,211.07927709039,-1.5));
#424 = LINE('',#425,#426);
#425 = CARTESIAN_POINT('',(25.,211.07927709039,-3.));
#426 = VECTOR('',#427,1.);
#427 = DIRECTION('',(0.,0.,1.));
#428 = ORIENTED_EDGE('',*,*,#429,.F.);
#429 = EDGE_CURVE('',#430,#422,#432,.T.);
#430 = VERTEX_POINT('',#431);
#431 = CARTESIAN_POINT('',(25.,212.702040416,0.));
#432 = HYPERBOLA('',#433,1.785714285714,1.785714285714);
#433 = AXIS2_PLACEMENT_3D('',#434,#435,#436);
#434 = CARTESIAN_POINT('',(25.,207.5,-5.5));
#435 = DIRECTION('',(1.,0.,0.));
#436 = DIRECTION('',(0.,-0.,1.));
#437 = ORIENTED_EDGE('',*,*,#438,.T.);
#438 = EDGE_CURVE('',#430,#439,#441,.T.);
#439 = VERTEX_POINT('',#440);
#440 = CARTESIAN_POINT('',(25.,215.,0.));
#441 = LINE('',#442,#443);
#442 = CARTESIAN_POINT('',(25.,-27.5,0.));
#443 = VECTOR('',#444,1.);
#444 = DIRECTION('',(0.,1.,0.));
#445 = ORIENTED_EDGE('',*,*,#446,.F.);
#446 = EDGE_CURVE('',#447,#439,#449,.T.);
#447 = VERTEX_POINT('',#448);
#448 = CARTESIAN_POINT('',(25.,215.,2.));
#449 = LINE('',#450,#451);
#450 = CARTESIAN_POINT('',(25.,215.,-12.5));
#451 = VECTOR('',#452,1.);
#452 = DIRECTION('',(0.,0.,-1.));
#453 = ORIENTED_EDGE('',*,*,#454,.T.);
#454 = EDGE_CURVE('',#447,#455,#457,.T.);
#455 = VERTEX_POINT('',#456);
#456 = CARTESIAN_POINT('',(25.,223.,2.));
#457 = LINE('',#458,#459);
#458 = CARTESIAN_POINT('',(25.,-14.,2.));
#459 = VECTOR('',#460,1.);
#460 = DIRECTION('',(0.,1.,0.));
#461 = ORIENTED_EDGE('',*,*,#462,.T.);
#462 = EDGE_CURVE('',#455,#463,#465,.T.);
#463 = VERTEX_POINT('',#464);
#464 = CARTESIAN_POINT('',(25.,223.,0.));
#465 = LINE('',#466,#467);
#466 = CARTESIAN_POINT('',(25.,223.,-12.));
#467 = VECTOR('',#468,1.);
#468 = DIRECTION('',(0.,0.,-1.));
#469 = ORIENTED_EDGE('',*,*,#470,.T.);
#470 = EDGE_CURVE('',#463,#471,#473,.T.);
#471 = VERTEX_POINT('',#472);
#472 = CARTESIAN_POINT('',(25.,246.,0.));
#473 = LINE('',#474,#475);
#474 = CARTESIAN_POINT('',(25.,-27.5,0.));
#475 = VECTOR('',#476,1.);
#476 = DIRECTION('',(0.,1.,0.));
#477 = ORIENTED_EDGE('',*,*,#478,.F.);
#478 = EDGE_CURVE('',#243,#471,#479,.T.);
#479 = LINE('',#480,#481);
#480 = CARTESIAN_POINT('',(25.,228.5,-17.5));
#481 = VECTOR('',#482,1.);
#482 = DIRECTION('',(0.,-0.707106781187,-0.707106781187));
#483 = ORIENTED_EDGE('',*,*,#250,.F.);
#484 = ORIENTED_EDGE('',*,*,#324,.F.);
#485 = ORIENTED_EDGE('',*,*,#486,.F.);
#486 = EDGE_CURVE('',#487,#325,#489,.T.);
#487 = VERTEX_POINT('',#488);
#488 = CARTESIAN_POINT('',(25.,200.,12.5));
#489 = LINE('',#490,#491);
#490 = CARTESIAN_POINT('',(25.,195.,12.5));
#491 = VECTOR('',#492,1.);
#492 = DIRECTION('',(0.,1.,0.));
#493 = ORIENTED_EDGE('',*,*,#494,.T.);
#494 = EDGE_CURVE('',#487,#495,#497,.T.);
#495 = VERTEX_POINT('',#496);
#496 = CARTESIAN_POINT('',(25.,200.,3.5));
#497 = LINE('',#498,#499);
#498 = CARTESIAN_POINT('',(25.,200.,-12.));
#499 = VECTOR('',#500,1.);
#500 = DIRECTION('',(0.,0.,-1.));
#501 = ORIENTED_EDGE('',*,*,#502,.F.);
#502 = EDGE_CURVE('',#503,#495,#505,.T.);
#503 = VERTEX_POINT('',#504);
#504 = CARTESIAN_POINT('',(25.,198.,3.5));
#505 = LINE('',#506,#507);
#506 = CARTESIAN_POINT('',(25.,-3.5,3.5));
#507 = VECTOR('',#508,1.);
#508 = DIRECTION('',(0.,1.,0.));
#509 = ORIENTED_EDGE('',*,*,#510,.F.);
#510 = EDGE_CURVE('',#511,#503,#513,.T.);
#511 = VERTEX_POINT('',#512);
#512 = CARTESIAN_POINT('',(25.,196.5,2.));
#513 = LINE('',#514,#515);
#514 = CARTESIAN_POINT('',(25.,189.875,-4.625));
#515 = VECTOR('',#516,1.);
#516 = DIRECTION('',(-0.,0.707106781187,0.707106781187));
#517 = ORIENTED_EDGE('',*,*,#518,.F.);
#518 = EDGE_CURVE('',#365,#511,#519,.T.);
#519 = LINE('',#520,#521);
#520 = CARTESIAN_POINT('',(25.,-2.,2.));
#521 = VECTOR('',#522,1.);
#522 = DIRECTION('',(0.,1.,0.));
#523 = PLANE('',#524);
#524 = AXIS2_PLACEMENT_3D('',#525,#526,#527);
#525 = CARTESIAN_POINT('',(25.,195.,-23.));
#526 = DIRECTION('',(1.,0.,0.));
#527 = DIRECTION('',(0.,0.,1.));
#528 = ADVANCED_FACE('',(#529),#547,.F.);
#529 = FACE_BOUND('',#530,.T.);
#530 = EDGE_LOOP('',(#531,#532,#533,#541));
#531 = ORIENTED_EDGE('',*,*,#478,.F.);
#532 = ORIENTED_EDGE('',*,*,#242,.T.);
#533 = ORIENTED_EDGE('',*,*,#534,.T.);
#534 = EDGE_CURVE('',#233,#535,#537,.T.);
#535 = VERTEX_POINT('',#536);
#536 = CARTESIAN_POINT('',(238.,246.,-1.15463194561E-14));
#537 = LINE('',#538,#539);
#538 = CARTESIAN_POINT('',(238.,248.,2.));
#539 = VECTOR('',#540,1.);
#540 = DIRECTION('',(-5.612704753749E-34,-0.707106781187,-0.707106781187
    ));
#541 = ORIENTED_EDGE('',*,*,#542,.F.);
#542 = EDGE_CURVE('',#471,#535,#543,.T.);
#543 = LINE('',#544,#545);
#544 = CARTESIAN_POINT('',(-238.,246.,0.));
#545 = VECTOR('',#546,1.);
#546 = DIRECTION('',(1.,0.,-0.));
#547 = PLANE('',#548);
#548 = AXIS2_PLACEMENT_3D('',#549,#550,#551);
#549 = CARTESIAN_POINT('',(-238.,248.,2.));
#550 = DIRECTION('',(-1.415442289654E-17,-0.707106781187,0.707106781187)
  );
#551 = DIRECTION('',(-1.,1.000868841393E-17,-1.000868841393E-17));
#552 = ADVANCED_FACE('',(#553),#572,.T.);
#553 = FACE_BOUND('',#554,.T.);
#554 = EDGE_LOOP('',(#555,#556,#557,#565));
#555 = ORIENTED_EDGE('',*,*,#534,.F.);
#556 = ORIENTED_EDGE('',*,*,#282,.T.);
#557 = ORIENTED_EDGE('',*,*,#558,.T.);
#558 = EDGE_CURVE('',#273,#559,#561,.T.);
#559 = VERTEX_POINT('',#560);
#560 = CARTESIAN_POINT('',(246.,238.,0.));
#561 = LINE('',#562,#563);
#562 = CARTESIAN_POINT('',(250.,238.,4.));
#563 = VECTOR('',#564,1.);
#564 = DIRECTION('',(-0.707106781187,-4.329780281177E-17,-0.707106781187
    ));
#565 = ORIENTED_EDGE('',*,*,#566,.F.);
#566 = EDGE_CURVE('',#535,#559,#567,.T.);
#567 = CIRCLE('',#568,8.);
#568 = AXIS2_PLACEMENT_3D('',#569,#570,#571);
#569 = CARTESIAN_POINT('',(238.,238.,0.));
#570 = DIRECTION('',(0.,-0.,-1.));
#571 = DIRECTION('',(0.,1.,-0.));
#572 = CONICAL_SURFACE('',#573,12.,0.785398163397);
#573 = AXIS2_PLACEMENT_3D('',#574,#575,#576);
#574 = CARTESIAN_POINT('',(238.,238.,4.));
#575 = DIRECTION('',(0.,0.,1.));
#576 = DIRECTION('',(0.,1.,0.));
#577 = ADVANCED_FACE('',(#578,#628),#639,.T.);
#578 = FACE_BOUND('',#579,.T.);
#579 = EDGE_LOOP('',(#580,#581,#589,#597,#606,#614,#622));
#580 = ORIENTED_EDGE('',*,*,#348,.T.);
#581 = ORIENTED_EDGE('',*,*,#582,.F.);
#582 = EDGE_CURVE('',#583,#341,#585,.T.);
#583 = VERTEX_POINT('',#584);
#584 = CARTESIAN_POINT('',(0.,200.,25.));
#585 = LINE('',#586,#587);
#586 = CARTESIAN_POINT('',(0.,-125.,25.));
#587 = VECTOR('',#588,1.);
#588 = DIRECTION('',(0.,1.,0.));
#589 = ORIENTED_EDGE('',*,*,#590,.F.);
#590 = EDGE_CURVE('',#591,#583,#593,.T.);
#591 = VERTEX_POINT('',#592);
#592 = CARTESIAN_POINT('',(195.,200.,25.));
#593 = LINE('',#594,#595);
#594 = CARTESIAN_POINT('',(-225.,200.,25.));
#595 = VECTOR('',#596,1.);
#596 = DIRECTION('',(-1.,-0.,0.));
#597 = ORIENTED_EDGE('',*,*,#598,.F.);
#598 = EDGE_CURVE('',#599,#591,#601,.T.);
#599 = VERTEX_POINT('',#600);
#600 = CARTESIAN_POINT('',(200.,195.,25.));
#601 = CIRCLE('',#602,5.);
#602 = AXIS2_PLACEMENT_3D('',#603,#604,#605);
#603 = CARTESIAN_POINT('',(195.,195.,25.));
#604 = DIRECTION('',(0.,0.,1.));
#605 = DIRECTION('',(1.,0.,-0.));
#606 = ORIENTED_EDGE('',*,*,#607,.F.);
#607 = EDGE_CURVE('',#608,#599,#610,.T.);
#608 = VERTEX_POINT('',#609);
#609 = CARTESIAN_POINT('',(200.,0.,25.));
#610 = LINE('',#611,#612);
#611 = CARTESIAN_POINT('',(200.,-225.,25.));
#612 = VECTOR('',#613,1.);
#613 = DIRECTION('',(-0.,1.,0.));
#614 = ORIENTED_EDGE('',*,*,#615,.F.);
#615 = EDGE_CURVE('',#616,#608,#618,.T.);
#616 = VERTEX_POINT('',#617);
#617 = CARTESIAN_POINT('',(237.,0.,25.));
#618 = LINE('',#619,#620);
#619 = CARTESIAN_POINT('',(-125.,0.,25.));
#620 = VECTOR('',#621,1.);
#621 = DIRECTION('',(-1.,0.,0.));
#622 = ORIENTED_EDGE('',*,*,#623,.T.);
#623 = EDGE_CURVE('',#616,#315,#624,.T.);
#624 = LINE('',#625,#626);
#625 = CARTESIAN_POINT('',(237.,-1.E+03,25.));
#626 = VECTOR('',#627,1.);
#627 = DIRECTION('',(0.,1.,0.));
#628 = FACE_BOUND('',#629,.T.);
#629 = EDGE_LOOP('',(#630));
#630 = ORIENTED_EDGE('',*,*,#631,.F.);
#631 = EDGE_CURVE('',#632,#632,#634,.T.);
#632 = VERTEX_POINT('',#633);
#633 = CARTESIAN_POINT('',(12.5,235.,25.));
#634 = CIRCLE('',#635,5.);
#635 = AXIS2_PLACEMENT_3D('',#636,#637,#638);
#636 = CARTESIAN_POINT('',(12.5,230.,25.));
#637 = DIRECTION('',(0.,0.,1.));
#638 = DIRECTION('',(1.110223024625E-16,1.,-0.));
#639 = PLANE('',#640);
#640 = AXIS2_PLACEMENT_3D('',#641,#642,#643);
#641 = CARTESIAN_POINT('',(-250.,-250.,25.));
#642 = DIRECTION('',(0.,0.,1.));
#643 = DIRECTION('',(1.,0.,-0.));
#644 = ADVANCED_FACE('',(#645),#663,.F.);
#645 = FACE_BOUND('',#646,.F.);
#646 = EDGE_LOOP('',(#647,#655,#656,#657));
#647 = ORIENTED_EDGE('',*,*,#648,.T.);
#648 = EDGE_CURVE('',#649,#333,#651,.T.);
#649 = VERTEX_POINT('',#650);
#650 = CARTESIAN_POINT('',(0.,200.,12.5));
#651 = LINE('',#652,#653);
#652 = CARTESIAN_POINT('',(0.,195.,12.5));
#653 = VECTOR('',#654,1.);
#654 = DIRECTION('',(0.,1.,0.));
#655 = ORIENTED_EDGE('',*,*,#340,.F.);
#656 = ORIENTED_EDGE('',*,*,#582,.F.);
#657 = ORIENTED_EDGE('',*,*,#658,.T.);
#658 = EDGE_CURVE('',#583,#649,#659,.T.);
#659 = LINE('',#660,#661);
#660 = CARTESIAN_POINT('',(0.,200.,-500.5));
#661 = VECTOR('',#662,1.);
#662 = DIRECTION('',(0.,0.,-1.));
#663 = PLANE('',#664);
#664 = AXIS2_PLACEMENT_3D('',#665,#666,#667);
#665 = CARTESIAN_POINT('',(0.,0.,-1.E+03));
#666 = DIRECTION('',(1.,0.,0.));
#667 = DIRECTION('',(0.,0.,1.));
#668 = ADVANCED_FACE('',(#669,#680),#691,.F.);
#669 = FACE_BOUND('',#670,.F.);
#670 = EDGE_LOOP('',(#671,#672,#678,#679));
#671 = ORIENTED_EDGE('',*,*,#648,.F.);
#672 = ORIENTED_EDGE('',*,*,#673,.T.);
#673 = EDGE_CURVE('',#649,#487,#674,.T.);
#674 = LINE('',#675,#676);
#675 = CARTESIAN_POINT('',(-100.,200.,12.5));
#676 = VECTOR('',#677,1.);
#677 = DIRECTION('',(1.,0.,-0.));
#678 = ORIENTED_EDGE('',*,*,#486,.T.);
#679 = ORIENTED_EDGE('',*,*,#332,.F.);
#680 = FACE_BOUND('',#681,.F.);
#681 = EDGE_LOOP('',(#682));
#682 = ORIENTED_EDGE('',*,*,#683,.F.);
#683 = EDGE_CURVE('',#684,#684,#686,.T.);
#684 = VERTEX_POINT('',#685);
#685 = CARTESIAN_POINT('',(12.5,232.75,12.5));
#686 = CIRCLE('',#687,2.75);
#687 = AXIS2_PLACEMENT_3D('',#688,#689,#690);
#688 = CARTESIAN_POINT('',(12.5,230.,12.5));
#689 = DIRECTION('',(0.,0.,1.));
#690 = DIRECTION('',(1.110223024625E-16,1.,-0.));
#691 = PLANE('',#692);
#692 = AXIS2_PLACEMENT_3D('',#693,#694,#695);
#693 = CARTESIAN_POINT('',(0.,195.,12.5));
#694 = DIRECTION('',(0.,0.,1.));
#695 = DIRECTION('',(1.,0.,0.));
#696 = ADVANCED_FACE('',(#697,#722),#733,.T.);
#697 = FACE_BOUND('',#698,.T.);
#698 = EDGE_LOOP('',(#699,#707,#715,#721));
#699 = ORIENTED_EDGE('',*,*,#700,.F.);
#700 = EDGE_CURVE('',#701,#363,#703,.T.);
#701 = VERTEX_POINT('',#702);
#702 = CARTESIAN_POINT('',(192.,195.,-22.));
#703 = LINE('',#704,#705);
#704 = CARTESIAN_POINT('',(-197.,195.,-22.));
#705 = VECTOR('',#706,1.);
#706 = DIRECTION('',(-1.,-0.,0.));
#707 = ORIENTED_EDGE('',*,*,#708,.T.);
#708 = EDGE_CURVE('',#701,#709,#711,.T.);
#709 = VERTEX_POINT('',#710);
#710 = CARTESIAN_POINT('',(192.,195.,2.));
#711 = LINE('',#712,#713);
#712 = CARTESIAN_POINT('',(192.,195.,-23.));
#713 = VECTOR('',#714,1.);
#714 = DIRECTION('',(0.,0.,1.));
#715 = ORIENTED_EDGE('',*,*,#716,.T.);
#716 = EDGE_CURVE('',#709,#365,#717,.T.);
#717 = LINE('',#718,#719);
#718 = CARTESIAN_POINT('',(-197.,195.,2.));
#719 = VECTOR('',#720,1.);
#720 = DIRECTION('',(-1.,-0.,0.));
#721 = ORIENTED_EDGE('',*,*,#362,.F.);
#722 = FACE_BOUND('',#723,.T.);
#723 = EDGE_LOOP('',(#724));
#724 = ORIENTED_EDGE('',*,*,#725,.T.);
#725 = EDGE_CURVE('',#726,#726,#728,.T.);
#726 = VERTEX_POINT('',#727);
#727 = CARTESIAN_POINT('',(140.,195.,-11.));
#728 = CIRCLE('',#729,2.);
#729 = AXIS2_PLACEMENT_3D('',#730,#731,#732);
#730 = CARTESIAN_POINT('',(140.,195.,-13.));
#731 = DIRECTION('',(0.,1.,0.));
#732 = DIRECTION('',(0.,-0.,1.));
#733 = PLANE('',#734);
#734 = AXIS2_PLACEMENT_3D('',#735,#736,#737);
#735 = CARTESIAN_POINT('',(0.,195.,-10.));
#736 = DIRECTION('',(-0.,-1.,-0.));
#737 = DIRECTION('',(0.,0.,-1.));
#738 = ADVANCED_FACE('',(#739),#764,.F.);
#739 = FACE_BOUND('',#740,.T.);
#740 = EDGE_LOOP('',(#741,#751,#757,#758));
#741 = ORIENTED_EDGE('',*,*,#742,.F.);
#742 = EDGE_CURVE('',#743,#745,#747,.T.);
#743 = VERTEX_POINT('',#744);
#744 = CARTESIAN_POINT('',(192.,198.,3.5));
#745 = VERTEX_POINT('',#746);
#746 = CARTESIAN_POINT('',(192.,196.5,2.));
#747 = LINE('',#748,#749);
#748 = CARTESIAN_POINT('',(192.,195.,0.5));
#749 = VECTOR('',#750,1.);
#750 = DIRECTION('',(-4.329780281177E-17,-0.707106781187,-0.707106781187
    ));
#751 = ORIENTED_EDGE('',*,*,#752,.T.);
#752 = EDGE_CURVE('',#743,#503,#753,.T.);
#753 = LINE('',#754,#755);
#754 = CARTESIAN_POINT('',(192.,198.,3.5));
#755 = VECTOR('',#756,1.);
#756 = DIRECTION('',(-1.,-0.,0.));
#757 = ORIENTED_EDGE('',*,*,#510,.F.);
#758 = ORIENTED_EDGE('',*,*,#759,.F.);
#759 = EDGE_CURVE('',#745,#511,#760,.T.);
#760 = LINE('',#761,#762);
#761 = CARTESIAN_POINT('',(-3.5,196.5,2.));
#762 = VECTOR('',#763,1.);
#763 = DIRECTION('',(-1.,-8.307270137913E-19,0.));
#764 = PLANE('',#765);
#765 = AXIS2_PLACEMENT_3D('',#766,#767,#768);
#766 = CARTESIAN_POINT('',(192.,196.5,2.));
#767 = DIRECTION('',(-5.874127047667E-19,0.707106781187,-0.707106781187)
  );
#768 = DIRECTION('',(1.,4.153635068956E-19,-4.153635068956E-19));
#769 = ADVANCED_FACE('',(#770,#790,#801,#812),#823,.F.);
#770 = FACE_BOUND('',#771,.F.);
#771 = EDGE_LOOP('',(#772,#780,#786,#787,#788,#789));
#772 = ORIENTED_EDGE('',*,*,#773,.F.);
#773 = EDGE_CURVE('',#774,#591,#776,.T.);
#774 = VERTEX_POINT('',#775);
#775 = CARTESIAN_POINT('',(195.,200.,3.5));
#776 = LINE('',#777,#778);
#777 = CARTESIAN_POINT('',(195.,200.,-1.));
#778 = VECTOR('',#779,1.);
#779 = DIRECTION('',(0.,0.,1.));
#780 = ORIENTED_EDGE('',*,*,#781,.F.);
#781 = EDGE_CURVE('',#495,#774,#782,.T.);
#782 = LINE('',#783,#784);
#783 = CARTESIAN_POINT('',(-201.,200.,3.5));
#784 = VECTOR('',#785,1.);
#785 = DIRECTION('',(1.,0.,-0.));
#786 = ORIENTED_EDGE('',*,*,#494,.F.);
#787 = ORIENTED_EDGE('',*,*,#673,.F.);
#788 = ORIENTED_EDGE('',*,*,#658,.F.);
#789 = ORIENTED_EDGE('',*,*,#590,.F.);
#790 = FACE_BOUND('',#791,.F.);
#791 = EDGE_LOOP('',(#792));
#792 = ORIENTED_EDGE('',*,*,#793,.F.);
#793 = EDGE_CURVE('',#794,#794,#796,.T.);
#794 = VERTEX_POINT('',#795);
#795 = CARTESIAN_POINT('',(76.5,200.,19.));
#796 = CIRCLE('',#797,2.);
#797 = AXIS2_PLACEMENT_3D('',#798,#799,#800);
#798 = CARTESIAN_POINT('',(76.5,200.,17.));
#799 = DIRECTION('',(1.110223024625E-16,1.,0.));
#800 = DIRECTION('',(0.,-0.,1.));
#801 = FACE_BOUND('',#802,.F.);
#802 = EDGE_LOOP('',(#803));
#803 = ORIENTED_EDGE('',*,*,#804,.F.);
#804 = EDGE_CURVE('',#805,#805,#807,.T.);
#805 = VERTEX_POINT('',#806);
#806 = CARTESIAN_POINT('',(122.5,200.,19.));
#807 = CIRCLE('',#808,2.);
#808 = AXIS2_PLACEMENT_3D('',#809,#810,#811);
#809 = CARTESIAN_POINT('',(122.5,200.,17.));
#810 = DIRECTION('',(1.110223024625E-16,1.,0.));
#811 = DIRECTION('',(0.,-0.,1.));
#812 = FACE_BOUND('',#813,.F.);
#813 = EDGE_LOOP('',(#814));
#814 = ORIENTED_EDGE('',*,*,#815,.F.);
#815 = EDGE_CURVE('',#816,#816,#818,.T.);
#816 = VERTEX_POINT('',#817);
#817 = CARTESIAN_POINT('',(173.,200.,19.));
#818 = CIRCLE('',#819,2.);
#819 = AXIS2_PLACEMENT_3D('',#820,#821,#822);
#820 = CARTESIAN_POINT('',(173.,200.,17.));
#821 = DIRECTION('',(1.110223024625E-16,1.,0.));
#822 = DIRECTION('',(0.,-0.,1.));
#823 = PLANE('',#824);
#824 = AXIS2_PLACEMENT_3D('',#825,#826,#827);
#825 = CARTESIAN_POINT('',(-200.,200.,-1.));
#826 = DIRECTION('',(-0.,1.,0.));
#827 = DIRECTION('',(0.,0.,1.));
#828 = ADVANCED_FACE('',(#829),#854,.F.);
#829 = FACE_BOUND('',#830,.F.);
#830 = EDGE_LOOP('',(#831,#841,#847,#848));
#831 = ORIENTED_EDGE('',*,*,#832,.F.);
#832 = EDGE_CURVE('',#833,#835,#837,.T.);
#833 = VERTEX_POINT('',#834);
#834 = CARTESIAN_POINT('',(195.,223.,0.));
#835 = VERTEX_POINT('',#836);
#836 = CARTESIAN_POINT('',(195.,223.,2.));
#837 = LINE('',#838,#839);
#838 = CARTESIAN_POINT('',(195.,223.,-1.));
#839 = VECTOR('',#840,1.);
#840 = DIRECTION('',(0.,0.,1.));
#841 = ORIENTED_EDGE('',*,*,#842,.T.);
#842 = EDGE_CURVE('',#833,#463,#843,.T.);
#843 = LINE('',#844,#845);
#844 = CARTESIAN_POINT('',(-236.5,223.,0.));
#845 = VECTOR('',#846,1.);
#846 = DIRECTION('',(-1.,-0.,0.));
#847 = ORIENTED_EDGE('',*,*,#462,.F.);
#848 = ORIENTED_EDGE('',*,*,#849,.T.);
#849 = EDGE_CURVE('',#455,#835,#850,.T.);
#850 = LINE('',#851,#852);
#851 = CARTESIAN_POINT('',(-223.,223.,2.));
#852 = VECTOR('',#853,1.);
#853 = DIRECTION('',(1.,0.,-0.));
#854 = PLANE('',#855);
#855 = AXIS2_PLACEMENT_3D('',#856,#857,#858);
#856 = CARTESIAN_POINT('',(-223.,223.,-1.));
#857 = DIRECTION('',(-0.,1.,0.));
#858 = DIRECTION('',(0.,0.,1.));
#859 = ADVANCED_FACE('',(#860),#885,.T.);
#860 = FACE_BOUND('',#861,.T.);
#861 = EDGE_LOOP('',(#862,#872,#878,#879));
#862 = ORIENTED_EDGE('',*,*,#863,.F.);
#863 = EDGE_CURVE('',#864,#866,#868,.T.);
#864 = VERTEX_POINT('',#865);
#865 = CARTESIAN_POINT('',(195.,215.,0.));
#866 = VERTEX_POINT('',#867);
#867 = CARTESIAN_POINT('',(195.,215.,2.));
#868 = LINE('',#869,#870);
#869 = CARTESIAN_POINT('',(195.,215.,-2.));
#870 = VECTOR('',#871,1.);
#871 = DIRECTION('',(0.,0.,1.));
#872 = ORIENTED_EDGE('',*,*,#873,.T.);
#873 = EDGE_CURVE('',#864,#439,#874,.T.);
#874 = LINE('',#875,#876);
#875 = CARTESIAN_POINT('',(-232.5,215.,0.));
#876 = VECTOR('',#877,1.);
#877 = DIRECTION('',(-1.,-0.,0.));
#878 = ORIENTED_EDGE('',*,*,#446,.F.);
#879 = ORIENTED_EDGE('',*,*,#880,.F.);
#880 = EDGE_CURVE('',#866,#447,#881,.T.);
#881 = LINE('',#882,#883);
#882 = CARTESIAN_POINT('',(-219.,215.,2.));
#883 = VECTOR('',#884,1.);
#884 = DIRECTION('',(-1.,-0.,0.));
#885 = PLANE('',#886);
#886 = AXIS2_PLACEMENT_3D('',#887,#888,#889);
#887 = CARTESIAN_POINT('',(-215.,215.,-2.));
#888 = DIRECTION('',(-0.,1.,0.));
#889 = DIRECTION('',(0.,0.,1.));
#890 = ADVANCED_FACE('',(#891),#918,.T.);
#891 = FACE_BOUND('',#892,.T.);
#892 = EDGE_LOOP('',(#893,#894,#901,#902,#911));
#893 = ORIENTED_EDGE('',*,*,#429,.F.);
#894 = ORIENTED_EDGE('',*,*,#895,.T.);
#895 = EDGE_CURVE('',#430,#389,#896,.T.);
#896 = CIRCLE('',#897,5.5);
#897 = AXIS2_PLACEMENT_3D('',#898,#899,#900);
#898 = CARTESIAN_POINT('',(26.785714285714,207.5,0.));
#899 = DIRECTION('',(0.,0.,-1.));
#900 = DIRECTION('',(-1.,0.,-0.));
#901 = ORIENTED_EDGE('',*,*,#396,.F.);
#902 = ORIENTED_EDGE('',*,*,#903,.F.);
#903 = EDGE_CURVE('',#904,#397,#906,.T.);
#904 = VERTEX_POINT('',#905);
#905 = CARTESIAN_POINT('',(30.785714285714,207.5,-1.5));
#906 = CIRCLE('',#907,4.);
#907 = AXIS2_PLACEMENT_3D('',#908,#909,#910);
#908 = CARTESIAN_POINT('',(26.785714285714,207.5,-1.5));
#909 = DIRECTION('',(0.,0.,-1.));
#910 = DIRECTION('',(-1.,0.,-0.));
#911 = ORIENTED_EDGE('',*,*,#912,.F.);
#912 = EDGE_CURVE('',#422,#904,#913,.T.);
#913 = CIRCLE('',#914,4.);
#914 = AXIS2_PLACEMENT_3D('',#915,#916,#917);
#915 = CARTESIAN_POINT('',(26.785714285714,207.5,-1.5));
#916 = DIRECTION('',(0.,0.,-1.));
#917 = DIRECTION('',(-1.,0.,-0.));
#918 = CONICAL_SURFACE('',#919,5.5,0.785398163397);
#919 = AXIS2_PLACEMENT_3D('',#920,#921,#922);
#920 = CARTESIAN_POINT('',(26.785714285714,207.5,0.));
#921 = DIRECTION('',(-0.,-0.,1.));
#922 = DIRECTION('',(-1.,0.,-0.));
#923 = ADVANCED_FACE('',(#924),#943,.F.);
#924 = FACE_BOUND('',#925,.F.);
#925 = EDGE_LOOP('',(#926,#935,#942));
#926 = ORIENTED_EDGE('',*,*,#927,.T.);
#927 = EDGE_CURVE('',#406,#928,#930,.T.);
#928 = VERTEX_POINT('',#929);
#929 = CARTESIAN_POINT('',(30.785714285714,207.5,-3.));
#930 = CIRCLE('',#931,4.);
#931 = AXIS2_PLACEMENT_3D('',#932,#933,#934);
#932 = CARTESIAN_POINT('',(26.785714285714,207.5,-3.));
#933 = DIRECTION('',(0.,0.,1.));
#934 = DIRECTION('',(1.,0.,-0.));
#935 = ORIENTED_EDGE('',*,*,#936,.T.);
#936 = EDGE_CURVE('',#928,#414,#937,.T.);
#937 = CIRCLE('',#938,4.);
#938 = AXIS2_PLACEMENT_3D('',#939,#940,#941);
#939 = CARTESIAN_POINT('',(26.785714285714,207.5,-3.));
#940 = DIRECTION('',(0.,0.,1.));
#941 = DIRECTION('',(1.,0.,-0.));
#942 = ORIENTED_EDGE('',*,*,#413,.F.);
#943 = PLANE('',#944);
#944 = AXIS2_PLACEMENT_3D('',#945,#946,#947);
#945 = CARTESIAN_POINT('',(26.785714285714,207.5,-3.));
#946 = DIRECTION('',(0.,0.,1.));
#947 = DIRECTION('',(1.,0.,-0.));
#948 = ADVANCED_FACE('',(#949,#974),#985,.T.);
#949 = FACE_BOUND('',#950,.T.);
#950 = EDGE_LOOP('',(#951,#959,#960,#968));
#951 = ORIENTED_EDGE('',*,*,#952,.F.);
#952 = EDGE_CURVE('',#373,#953,#955,.T.);
#953 = VERTEX_POINT('',#954);
#954 = CARTESIAN_POINT('',(195.,199.,-22.));
#955 = LINE('',#956,#957);
#956 = CARTESIAN_POINT('',(-199.,199.,-22.));
#957 = VECTOR('',#958,1.);
#958 = DIRECTION('',(1.,0.,-0.));
#959 = ORIENTED_EDGE('',*,*,#380,.F.);
#960 = ORIENTED_EDGE('',*,*,#961,.F.);
#961 = EDGE_CURVE('',#962,#381,#964,.T.);
#962 = VERTEX_POINT('',#963);
#963 = CARTESIAN_POINT('',(195.,199.,0.));
#964 = LINE('',#965,#966);
#965 = CARTESIAN_POINT('',(-200.5,199.,0.));
#966 = VECTOR('',#967,1.);
#967 = DIRECTION('',(-1.,-0.,0.));
#968 = ORIENTED_EDGE('',*,*,#969,.F.);
#969 = EDGE_CURVE('',#953,#962,#970,.T.);
#970 = LINE('',#971,#972);
#971 = CARTESIAN_POINT('',(195.,199.,-22.));
#972 = VECTOR('',#973,1.);
#973 = DIRECTION('',(0.,0.,1.));
#974 = FACE_BOUND('',#975,.T.);
#975 = EDGE_LOOP('',(#976));
#976 = ORIENTED_EDGE('',*,*,#977,.F.);
#977 = EDGE_CURVE('',#978,#978,#980,.T.);
#978 = VERTEX_POINT('',#979);
#979 = CARTESIAN_POINT('',(140.,199.,-11.));
#980 = CIRCLE('',#981,2.);
#981 = AXIS2_PLACEMENT_3D('',#982,#983,#984);
#982 = CARTESIAN_POINT('',(140.,199.,-13.));
#983 = DIRECTION('',(0.,1.,0.));
#984 = DIRECTION('',(0.,-0.,1.));
#985 = PLANE('',#986);
#986 = AXIS2_PLACEMENT_3D('',#987,#988,#989);
#987 = CARTESIAN_POINT('',(-199.,199.,-22.));
#988 = DIRECTION('',(-0.,1.,0.));
#989 = DIRECTION('',(0.,0.,1.));
#990 = ADVANCED_FACE('',(#991),#1016,.F.);
#991 = FACE_BOUND('',#992,.F.);
#992 = EDGE_LOOP('',(#993,#1001,#1009,#1015));
#993 = ORIENTED_EDGE('',*,*,#994,.F.);
#994 = EDGE_CURVE('',#995,#616,#997,.T.);
#995 = VERTEX_POINT('',#996);
#996 = CARTESIAN_POINT('',(248.88956734825,0.,12.25));
#997 = LINE('',#998,#999);
#998 = CARTESIAN_POINT('',(445.00885894841,1.110223024625E-13,
    -198.0621917442));
#999 = VECTOR('',#1000,1.);
#1000 = DIRECTION('',(-0.681998360062,0.,0.731353701619));
#1001 = ORIENTED_EDGE('',*,*,#1002,.F.);
#1002 = EDGE_CURVE('',#1003,#995,#1005,.T.);
#1003 = VERTEX_POINT('',#1004);
#1004 = CARTESIAN_POINT('',(200.,0.,12.25));
#1005 = LINE('',#1006,#1007);
#1006 = CARTESIAN_POINT('',(195.,0.,12.25));
#1007 = VECTOR('',#1008,1.);
#1008 = DIRECTION('',(1.,0.,0.));
#1009 = ORIENTED_EDGE('',*,*,#1010,.T.);
#1010 = EDGE_CURVE('',#1003,#608,#1011,.T.);
#1011 = LINE('',#1012,#1013);
#1012 = CARTESIAN_POINT('',(200.,0.,-500.5));
#1013 = VECTOR('',#1014,1.);
#1014 = DIRECTION('',(0.,-0.,1.));
#1015 = ORIENTED_EDGE('',*,*,#615,.F.);
#1016 = PLANE('',#1017);
#1017 = AXIS2_PLACEMENT_3D('',#1018,#1019,#1020);
#1018 = CARTESIAN_POINT('',(0.,0.,-1.E+03));
#1019 = DIRECTION('',(0.,1.,0.));
#1020 = DIRECTION('',(0.,0.,1.));
#1021 = ADVANCED_FACE('',(#1022,#1041),#1140,.F.);
#1022 = FACE_BOUND('',#1023,.F.);
#1023 = EDGE_LOOP('',(#1024,#1032,#1039,#1040));
#1024 = ORIENTED_EDGE('',*,*,#1025,.F.);
#1025 = EDGE_CURVE('',#1026,#599,#1028,.T.);
#1026 = VERTEX_POINT('',#1027);
#1027 = CARTESIAN_POINT('',(200.,195.,3.5));
#1028 = LINE('',#1029,#1030);
#1029 = CARTESIAN_POINT('',(200.,195.,-1.));
#1030 = VECTOR('',#1031,1.);
#1031 = DIRECTION('',(0.,0.,1.));
#1032 = ORIENTED_EDGE('',*,*,#1033,.T.);
#1033 = EDGE_CURVE('',#1026,#774,#1034,.T.);
#1034 = CIRCLE('',#1035,5.);
#1035 = AXIS2_PLACEMENT_3D('',#1036,#1037,#1038);
#1036 = CARTESIAN_POINT('',(195.,195.,3.5));
#1037 = DIRECTION('',(0.,0.,1.));
#1038 = DIRECTION('',(1.,0.,-0.));
#1039 = ORIENTED_EDGE('',*,*,#773,.T.);
#1040 = ORIENTED_EDGE('',*,*,#598,.F.);
#1041 = FACE_BOUND('',#1042,.F.);
#1042 = EDGE_LOOP('',(#1043));
#1043 = ORIENTED_EDGE('',*,*,#1044,.F.);
#1044 = EDGE_CURVE('',#1045,#1045,#1047,.T.);
#1045 = VERTEX_POINT('',#1046);
#1046 = CARTESIAN_POINT('',(196.82615678683,199.65458391157,17.));
#1047 = B_SPLINE_CURVE_WITH_KNOTS('',6,(#1048,#1049,#1050,#1051,#1052,
    #1053,#1054,#1055,#1056,#1057,#1058,#1059,#1060,#1061,#1062,#1063,
    #1064,#1065,#1066,#1067,#1068,#1069,#1070,#1071,#1072,#1073,#1074,
    #1075,#1076,#1077,#1078,#1079,#1080,#1081,#1082,#1083,#1084,#1085,
    #1086,#1087,#1088,#1089,#1090,#1091,#1092,#1093,#1094,#1095,#1096,
    #1097,#1098,#1099,#1100,#1101,#1102,#1103,#1104,#1105,#1106,#1107,
    #1108,#1109,#1110,#1111,#1112,#1113,#1114,#1115,#1116,#1117,#1118,
    #1119,#1120,#1121,#1122,#1123,#1124,#1125,#1126,#1127,#1128,#1129,
    #1130,#1131,#1132,#1133,#1134,#1135,#1136,#1137,#1138,#1139),
  .UNSPECIFIED.,.T.,.F.,(7,5,5,5,5,5,5,5,5,5,5,5,5,5,5,5,5,5,7),(0.,
    3.938365329058E-02,0.128280437349,0.181862778374,0.222189774923,
    0.27766791271,0.317844341064,0.371875657621,0.461044905888,
    0.500003329159,0.539386460104,0.628282060827,0.6818636886,
    0.722190148341,0.777667547481,0.817843440248,0.871874036519,
    0.96104209608,1.),.UNSPECIFIED.);
#1048 = CARTESIAN_POINT('',(196.82615678683,199.65458391157,17.));
#1049 = CARTESIAN_POINT('',(196.82615678683,199.65458391157,
    17.073742181746));
#1050 = CARTESIAN_POINT('',(196.82947076109,199.65328383121,
    17.147480410241));
#1051 = CARTESIAN_POINT('',(196.8360982455,199.65068356126,
    17.221084753996));
#1052 = CARTESIAN_POINT('',(196.84602511126,199.646768304,
    17.294422681408));
#1053 = CARTESIAN_POINT('',(196.85922356492,199.64150857318,
    17.367359060759));
#1054 = CARTESIAN_POINT('',(196.91273474778,199.61985347229,
    17.60317089652));
#1055 = CARTESIAN_POINT('',(196.96622643721,199.59779201519,
    17.763623119641));
#1056 = CARTESIAN_POINT('',(197.03565316206,199.56817344082,
    17.919906976154));
#1057 = CARTESIAN_POINT('',(197.12043714003,199.53004151661,
    18.070624827375));
#1058 = CARTESIAN_POINT('',(197.21978703733,199.48205352806,
    18.213984668885));
#1059 = CARTESIAN_POINT('',(197.4005492511,199.38671517429,
    18.42809193688));
#1060 = CARTESIAN_POINT('',(197.47349250631,199.34664009484,
    18.505160225806));
#1061 = CARTESIAN_POINT('',(197.55115268964,199.30197843364,
    18.578205361015));
#1062 = CARTESIAN_POINT('',(197.63321672509,199.25232957801,
    18.646565126558));
#1063 = CARTESIAN_POINT('',(197.71928924606,199.1972839729,
    18.70946653779));
#1064 = CARTESIAN_POINT('',(197.87630154661,199.09066398404,
    18.808557685968));
#1065 = CARTESIAN_POINT('',(197.9457774322,199.04155909464,
    18.847543546847));
#1066 = CARTESIAN_POINT('',(198.01688338029,198.98910433478,
    18.882429128753));
#1067 = CARTESIAN_POINT('',(198.08917257988,198.93331239528,
    18.912740001123));
#1068 = CARTESIAN_POINT('',(198.1621873101,198.87424979153,
    18.938055741772));
#1069 = CARTESIAN_POINT('',(198.33629500164,198.72647595858,
    18.985447984117));
#1070 = CARTESIAN_POINT('',(198.43753730885,198.63504170662,
    19.002708927064));
#1071 = CARTESIAN_POINT('',(198.53721301298,198.53878987364,
    19.008636938473));
#1072 = CARTESIAN_POINT('',(198.63351702603,198.43915053072,
    19.00286369422));
#1073 = CARTESIAN_POINT('',(198.72501735199,198.33792567266,
    18.985752398391));
#1074 = CARTESIAN_POINT('',(198.87269490632,198.16408170135,
    18.938670466212));
#1075 = CARTESIAN_POINT('',(198.93161208935,198.09132266567,
    18.913561555275));
#1076 = CARTESIAN_POINT('',(198.98728624765,198.01927271407,
    18.883485355682));
#1077 = CARTESIAN_POINT('',(199.03964838338,197.94838734177,
    18.84885751089));
#1078 = CARTESIAN_POINT('',(199.08868309841,197.87911170625,
    18.810148277868));
#1079 = CARTESIAN_POINT('',(199.19592437551,197.72142983177,
    18.71105413251));
#1080 = CARTESIAN_POINT('',(199.25153618081,197.63455576928,
    18.647729772856));
#1081 = CARTESIAN_POINT('',(199.30165486994,197.55175176972,
    18.578844068877));
#1082 = CARTESIAN_POINT('',(199.34670025078,197.47342429491,
    18.505190618836));
#1083 = CARTESIAN_POINT('',(199.38708308209,197.39989463256,
    18.427448617656));
#1084 = CARTESIAN_POINT('',(199.48274577707,197.21840270034,
    18.212124055414));
#1085 = CARTESIAN_POINT('',(199.5307591386,197.11891108131,
    18.068226521591));
#1086 = CARTESIAN_POINT('',(199.56887072128,197.03408383353,
    17.916944736721));
#1087 = CARTESIAN_POINT('',(199.59843230136,196.96471871388,
    17.760084427799));
#1088 = CARTESIAN_POINT('',(199.62040439501,196.91139717338,
    17.599054340395));
#1089 = CARTESIAN_POINT('',(199.64179058487,196.85851580236,
    17.363426338232));
#1090 = CARTESIAN_POINT('',(199.6469362537,196.84559926579,
    17.291259421991));
#1091 = CARTESIAN_POINT('',(199.65076721902,196.83588501001,
    17.218703760915));
#1092 = CARTESIAN_POINT('',(199.65331171529,196.82939967208,
    17.14589015503));
#1093 = CARTESIAN_POINT('',(199.65458391157,196.82615678683,
    17.072946942576));
#1094 = CARTESIAN_POINT('',(199.65458391157,196.82615678683,
    16.926257821792));
#1095 = CARTESIAN_POINT('',(199.65328383104,196.82947076152,
    16.85251958883));
#1096 = CARTESIAN_POINT('',(199.6506835611,196.8360982459,
    16.778915242476));
#1097 = CARTESIAN_POINT('',(199.64676830409,196.84602511104,
    16.705577317632));
#1098 = CARTESIAN_POINT('',(199.6415085735,196.85922356413,
    16.632640942741));
#1099 = CARTESIAN_POINT('',(199.61985347229,196.91273474778,
    16.39682910348));
#1100 = CARTESIAN_POINT('',(199.59779201519,196.96622643721,
    16.236376880358));
#1101 = CARTESIAN_POINT('',(199.56817344082,197.03565316206,
    16.080093023846));
#1102 = CARTESIAN_POINT('',(199.53004151661,197.12043714003,
    15.929375172625));
#1103 = CARTESIAN_POINT('',(199.48205352806,197.21978703733,
    15.786015331115));
#1104 = CARTESIAN_POINT('',(199.38671517429,197.4005492511,
    15.57190806312));
#1105 = CARTESIAN_POINT('',(199.34664009484,197.47349250631,
    15.494839774194));
#1106 = CARTESIAN_POINT('',(199.30197843364,197.55115268964,
    15.421794638985));
#1107 = CARTESIAN_POINT('',(199.25232957801,197.63321672509,
    15.353434873442));
#1108 = CARTESIAN_POINT('',(199.1972839729,197.71928924606,
    15.29053346221));
#1109 = CARTESIAN_POINT('',(199.09066398404,197.87630154661,
    15.191442314032));
#1110 = CARTESIAN_POINT('',(199.04155909464,197.9457774322,
    15.152456453153));
#1111 = CARTESIAN_POINT('',(198.98910433478,198.01688338029,
    15.117570871247));
#1112 = CARTESIAN_POINT('',(198.93331239528,198.08917257988,
    15.087259998877));
#1113 = CARTESIAN_POINT('',(198.87424979153,198.1621873101,
    15.061944258228));
#1114 = CARTESIAN_POINT('',(198.72647595883,198.33629500135,
    15.014552015962));
#1115 = CARTESIAN_POINT('',(198.63504170594,198.43753730968,
    14.997291072652));
#1116 = CARTESIAN_POINT('',(198.53878987269,198.53721301386,
    14.991363061638));
#1117 = CARTESIAN_POINT('',(198.43915053092,198.63351702568,
    14.997136306066));
#1118 = CARTESIAN_POINT('',(198.33792567433,198.72501735057,
    15.014247601158));
#1119 = CARTESIAN_POINT('',(198.16408170136,198.87269490632,
    15.061329533787));
#1120 = CARTESIAN_POINT('',(198.09132266567,198.93161208936,
    15.086438444724));
#1121 = CARTESIAN_POINT('',(198.01927271407,198.98728624766,
    15.11651464432));
#1122 = CARTESIAN_POINT('',(197.94838734177,199.03964838338,
    15.151142489111));
#1123 = CARTESIAN_POINT('',(197.87911170625,199.08868309841,
    15.189851722129));
#1124 = CARTESIAN_POINT('',(197.72142983177,199.19592437551,
    15.28894586749));
#1125 = CARTESIAN_POINT('',(197.63455576928,199.25153618081,
    15.352270227144));
#1126 = CARTESIAN_POINT('',(197.55175176972,199.30165486994,
    15.421155931123));
#1127 = CARTESIAN_POINT('',(197.47342429491,199.34670025078,
    15.494809381164));
#1128 = CARTESIAN_POINT('',(197.39989463256,199.38708308209,
    15.572551382344));
#1129 = CARTESIAN_POINT('',(197.21840270034,199.48274577707,
    15.787875944586));
#1130 = CARTESIAN_POINT('',(197.11891108131,199.5307591386,
    15.931773478409));
#1131 = CARTESIAN_POINT('',(197.03408383353,199.56887072128,
    16.083055263279));
#1132 = CARTESIAN_POINT('',(196.96471871388,199.59843230136,
    16.239915572201));
#1133 = CARTESIAN_POINT('',(196.91139717338,199.62040439501,
    16.400945659605));
#1134 = CARTESIAN_POINT('',(196.85851580236,199.64179058487,
    16.636573661769));
#1135 = CARTESIAN_POINT('',(196.84559926579,199.6469362537,
    16.708740578009));
#1136 = CARTESIAN_POINT('',(196.83588501001,199.65076721902,
    16.781296239085));
#1137 = CARTESIAN_POINT('',(196.82939967208,199.65331171529,
    16.85410984497));
#1138 = CARTESIAN_POINT('',(196.82615678683,199.65458391157,
    16.927053057424));
#1139 = CARTESIAN_POINT('',(196.82615678683,199.65458391157,17.));
#1140 = CYLINDRICAL_SURFACE('',#1141,5.);
#1141 = AXIS2_PLACEMENT_3D('',#1142,#1143,#1144);
#1142 = CARTESIAN_POINT('',(195.,195.,-1.));
#1143 = DIRECTION('',(0.,0.,1.));
#1144 = DIRECTION('',(1.,0.,-0.));
#1145 = ADVANCED_FACE('',(#1146),#1165,.F.);
#1146 = FACE_BOUND('',#1147,.F.);
#1147 = EDGE_LOOP('',(#1148,#1149,#1157,#1164));
#1148 = ORIENTED_EDGE('',*,*,#631,.F.);
#1149 = ORIENTED_EDGE('',*,*,#1150,.F.);
#1150 = EDGE_CURVE('',#1151,#632,#1153,.T.);
#1151 = VERTEX_POINT('',#1152);
#1152 = CARTESIAN_POINT('',(12.5,235.,19.));
#1153 = LINE('',#1154,#1155);
#1154 = CARTESIAN_POINT('',(12.5,235.,19.));
#1155 = VECTOR('',#1156,1.);
#1156 = DIRECTION('',(0.,0.,1.));
#1157 = ORIENTED_EDGE('',*,*,#1158,.T.);
#1158 = EDGE_CURVE('',#1151,#1151,#1159,.T.);
#1159 = CIRCLE('',#1160,5.);
#1160 = AXIS2_PLACEMENT_3D('',#1161,#1162,#1163);
#1161 = CARTESIAN_POINT('',(12.5,230.,19.));
#1162 = DIRECTION('',(0.,-0.,1.));
#1163 = DIRECTION('',(1.110223024625E-16,1.,0.));
#1164 = ORIENTED_EDGE('',*,*,#1150,.T.);
#1165 = CYLINDRICAL_SURFACE('',#1166,5.);
#1166 = AXIS2_PLACEMENT_3D('',#1167,#1168,#1169);
#1167 = CARTESIAN_POINT('',(12.5,230.,19.));
#1168 = DIRECTION('',(0.,0.,1.));
#1169 = DIRECTION('',(1.110223024625E-16,1.,0.));
#1170 = ADVANCED_FACE('',(#1171),#1190,.F.);
#1171 = FACE_BOUND('',#1172,.F.);
#1172 = EDGE_LOOP('',(#1173,#1174,#1182,#1189));
#1173 = ORIENTED_EDGE('',*,*,#683,.T.);
#1174 = ORIENTED_EDGE('',*,*,#1175,.T.);
#1175 = EDGE_CURVE('',#684,#1176,#1178,.T.);
#1176 = VERTEX_POINT('',#1177);
#1177 = CARTESIAN_POINT('',(12.5,232.75,19.));
#1178 = LINE('',#1179,#1180);
#1179 = CARTESIAN_POINT('',(12.5,232.75,-1.));
#1180 = VECTOR('',#1181,1.);
#1181 = DIRECTION('',(0.,0.,1.));
#1182 = ORIENTED_EDGE('',*,*,#1183,.F.);
#1183 = EDGE_CURVE('',#1176,#1176,#1184,.T.);
#1184 = CIRCLE('',#1185,2.75);
#1185 = AXIS2_PLACEMENT_3D('',#1186,#1187,#1188);
#1186 = CARTESIAN_POINT('',(12.5,230.,19.));
#1187 = DIRECTION('',(0.,0.,1.));
#1188 = DIRECTION('',(1.110223024625E-16,1.,-0.));
#1189 = ORIENTED_EDGE('',*,*,#1175,.F.);
#1190 = CYLINDRICAL_SURFACE('',#1191,2.75);
#1191 = AXIS2_PLACEMENT_3D('',#1192,#1193,#1194);
#1192 = CARTESIAN_POINT('',(12.5,230.,-1.));
#1193 = DIRECTION('',(0.,0.,1.));
#1194 = DIRECTION('',(1.110223024625E-16,1.,0.));
#1195 = ADVANCED_FACE('',(#1196),#1223,.F.);
#1196 = FACE_BOUND('',#1197,.F.);
#1197 = EDGE_LOOP('',(#1198,#1199,#1208,#1216));
#1198 = ORIENTED_EDGE('',*,*,#708,.T.);
#1199 = ORIENTED_EDGE('',*,*,#1200,.F.);
#1200 = EDGE_CURVE('',#1201,#709,#1203,.T.);
#1201 = VERTEX_POINT('',#1202);
#1202 = CARTESIAN_POINT('',(195.,192.,2.));
#1203 = CIRCLE('',#1204,3.);
#1204 = AXIS2_PLACEMENT_3D('',#1205,#1206,#1207);
#1205 = CARTESIAN_POINT('',(192.,192.,2.));
#1206 = DIRECTION('',(0.,0.,1.));
#1207 = DIRECTION('',(1.,0.,-0.));
#1208 = ORIENTED_EDGE('',*,*,#1209,.F.);
#1209 = EDGE_CURVE('',#1210,#1201,#1212,.T.);
#1210 = VERTEX_POINT('',#1211);
#1211 = CARTESIAN_POINT('',(195.,192.,-22.));
#1212 = LINE('',#1213,#1214);
#1213 = CARTESIAN_POINT('',(195.,192.,-23.));
#1214 = VECTOR('',#1215,1.);
#1215 = DIRECTION('',(0.,0.,1.));
#1216 = ORIENTED_EDGE('',*,*,#1217,.T.);
#1217 = EDGE_CURVE('',#1210,#701,#1218,.T.);
#1218 = CIRCLE('',#1219,3.);
#1219 = AXIS2_PLACEMENT_3D('',#1220,#1221,#1222);
#1220 = CARTESIAN_POINT('',(192.,192.,-22.));
#1221 = DIRECTION('',(0.,0.,1.));
#1222 = DIRECTION('',(1.,0.,-0.));
#1223 = CYLINDRICAL_SURFACE('',#1224,3.);
#1224 = AXIS2_PLACEMENT_3D('',#1225,#1226,#1227);
#1225 = CARTESIAN_POINT('',(192.,192.,-23.));
#1226 = DIRECTION('',(0.,0.,1.));
#1227 = DIRECTION('',(1.,0.,-0.));
#1228 = ADVANCED_FACE('',(#1229),#1240,.F.);
#1229 = FACE_BOUND('',#1230,.F.);
#1230 = EDGE_LOOP('',(#1231,#1232,#1238,#1239));
#1231 = ORIENTED_EDGE('',*,*,#977,.F.);
#1232 = ORIENTED_EDGE('',*,*,#1233,.F.);
#1233 = EDGE_CURVE('',#726,#978,#1234,.T.);
#1234 = LINE('',#1235,#1236);
#1235 = CARTESIAN_POINT('',(140.,193.,-11.));
#1236 = VECTOR('',#1237,1.);
#1237 = DIRECTION('',(0.,1.,0.));
#1238 = ORIENTED_EDGE('',*,*,#725,.T.);
#1239 = ORIENTED_EDGE('',*,*,#1233,.T.);
#1240 = CYLINDRICAL_SURFACE('',#1241,2.);
#1241 = AXIS2_PLACEMENT_3D('',#1242,#1243,#1244);
#1242 = CARTESIAN_POINT('',(140.,193.,-13.));
#1243 = DIRECTION('',(0.,1.,0.));
#1244 = DIRECTION('',(0.,0.,1.));
#1245 = ADVANCED_FACE('',(#1246),#1273,.F.);
#1246 = FACE_BOUND('',#1247,.T.);
#1247 = EDGE_LOOP('',(#1248,#1258,#1265,#1266));
#1248 = ORIENTED_EDGE('',*,*,#1249,.F.);
#1249 = EDGE_CURVE('',#1250,#1252,#1254,.T.);
#1250 = VERTEX_POINT('',#1251);
#1251 = CARTESIAN_POINT('',(198.,192.,3.5));
#1252 = VERTEX_POINT('',#1253);
#1253 = CARTESIAN_POINT('',(196.5,192.,2.));
#1254 = LINE('',#1255,#1256);
#1255 = CARTESIAN_POINT('',(196.5,192.,2.));
#1256 = VECTOR('',#1257,1.);
#1257 = DIRECTION('',(-0.707106781187,-1.751797515196E-35,
    -0.707106781187));
#1258 = ORIENTED_EDGE('',*,*,#1259,.T.);
#1259 = EDGE_CURVE('',#1250,#743,#1260,.T.);
#1260 = CIRCLE('',#1261,6.);
#1261 = AXIS2_PLACEMENT_3D('',#1262,#1263,#1264);
#1262 = CARTESIAN_POINT('',(192.,192.,3.5));
#1263 = DIRECTION('',(0.,0.,1.));
#1264 = DIRECTION('',(1.,0.,-0.));
#1265 = ORIENTED_EDGE('',*,*,#742,.T.);
#1266 = ORIENTED_EDGE('',*,*,#1267,.T.);
#1267 = EDGE_CURVE('',#745,#1252,#1268,.T.);
#1268 = CIRCLE('',#1269,4.5);
#1269 = AXIS2_PLACEMENT_3D('',#1270,#1271,#1272);
#1270 = CARTESIAN_POINT('',(192.,192.,2.));
#1271 = DIRECTION('',(0.,-0.,-1.));
#1272 = DIRECTION('',(1.,0.,-0.));
#1273 = CONICAL_SURFACE('',#1274,3.,0.785398163397);
#1274 = AXIS2_PLACEMENT_3D('',#1275,#1276,#1277);
#1275 = CARTESIAN_POINT('',(192.,192.,0.5));
#1276 = DIRECTION('',(0.,0.,1.));
#1277 = DIRECTION('',(1.,0.,-0.));
#1278 = ADVANCED_FACE('',(#1279),#1298,.F.);
#1279 = FACE_BOUND('',#1280,.F.);
#1280 = EDGE_LOOP('',(#1281,#1290,#1296,#1297));
#1281 = ORIENTED_EDGE('',*,*,#1282,.F.);
#1282 = EDGE_CURVE('',#1283,#1283,#1285,.T.);
#1283 = VERTEX_POINT('',#1284);
#1284 = CARTESIAN_POINT('',(76.5,208.,19.));
#1285 = CIRCLE('',#1286,2.);
#1286 = AXIS2_PLACEMENT_3D('',#1287,#1288,#1289);
#1287 = CARTESIAN_POINT('',(76.5,208.,17.));
#1288 = DIRECTION('',(1.110223024625E-16,1.,0.));
#1289 = DIRECTION('',(0.,-0.,1.));
#1290 = ORIENTED_EDGE('',*,*,#1291,.F.);
#1291 = EDGE_CURVE('',#794,#1283,#1292,.T.);
#1292 = LINE('',#1293,#1294);
#1293 = CARTESIAN_POINT('',(76.5,199.,19.));
#1294 = VECTOR('',#1295,1.);
#1295 = DIRECTION('',(1.110223024625E-16,1.,0.));
#1296 = ORIENTED_EDGE('',*,*,#793,.T.);
#1297 = ORIENTED_EDGE('',*,*,#1291,.T.);
#1298 = CYLINDRICAL_SURFACE('',#1299,2.);
#1299 = AXIS2_PLACEMENT_3D('',#1300,#1301,#1302);
#1300 = CARTESIAN_POINT('',(76.5,199.,17.));
#1301 = DIRECTION('',(1.110223024625E-16,1.,0.));
#1302 = DIRECTION('',(0.,0.,1.));
#1303 = ADVANCED_FACE('',(#1304),#1323,.F.);
#1304 = FACE_BOUND('',#1305,.F.);
#1305 = EDGE_LOOP('',(#1306,#1315,#1321,#1322));
#1306 = ORIENTED_EDGE('',*,*,#1307,.F.);
#1307 = EDGE_CURVE('',#1308,#1308,#1310,.T.);
#1308 = VERTEX_POINT('',#1309);
#1309 = CARTESIAN_POINT('',(122.5,208.,19.));
#1310 = CIRCLE('',#1311,2.);
#1311 = AXIS2_PLACEMENT_3D('',#1312,#1313,#1314);
#1312 = CARTESIAN_POINT('',(122.5,208.,17.));
#1313 = DIRECTION('',(1.110223024625E-16,1.,0.));
#1314 = DIRECTION('',(0.,-0.,1.));
#1315 = ORIENTED_EDGE('',*,*,#1316,.F.);
#1316 = EDGE_CURVE('',#805,#1308,#1317,.T.);
#1317 = LINE('',#1318,#1319);
#1318 = CARTESIAN_POINT('',(122.5,199.,19.));
#1319 = VECTOR('',#1320,1.);
#1320 = DIRECTION('',(1.110223024625E-16,1.,0.));
#1321 = ORIENTED_EDGE('',*,*,#804,.T.);
#1322 = ORIENTED_EDGE('',*,*,#1316,.T.);
#1323 = CYLINDRICAL_SURFACE('',#1324,2.);
#1324 = AXIS2_PLACEMENT_3D('',#1325,#1326,#1327);
#1325 = CARTESIAN_POINT('',(122.5,199.,17.));
#1326 = DIRECTION('',(1.110223024625E-16,1.,0.));
#1327 = DIRECTION('',(0.,0.,1.));
#1328 = ADVANCED_FACE('',(#1329),#1348,.F.);
#1329 = FACE_BOUND('',#1330,.F.);
#1330 = EDGE_LOOP('',(#1331,#1340,#1346,#1347));
#1331 = ORIENTED_EDGE('',*,*,#1332,.F.);
#1332 = EDGE_CURVE('',#1333,#1333,#1335,.T.);
#1333 = VERTEX_POINT('',#1334);
#1334 = CARTESIAN_POINT('',(173.,208.,19.));
#1335 = CIRCLE('',#1336,2.);
#1336 = AXIS2_PLACEMENT_3D('',#1337,#1338,#1339);
#1337 = CARTESIAN_POINT('',(173.,208.,17.));
#1338 = DIRECTION('',(1.110223024625E-16,1.,0.));
#1339 = DIRECTION('',(0.,-0.,1.));
#1340 = ORIENTED_EDGE('',*,*,#1341,.F.);
#1341 = EDGE_CURVE('',#816,#1333,#1342,.T.);
#1342 = LINE('',#1343,#1344);
#1343 = CARTESIAN_POINT('',(173.,199.,19.));
#1344 = VECTOR('',#1345,1.);
#1345 = DIRECTION('',(1.110223024625E-16,1.,0.));
#1346 = ORIENTED_EDGE('',*,*,#815,.T.);
#1347 = ORIENTED_EDGE('',*,*,#1341,.T.);
#1348 = CYLINDRICAL_SURFACE('',#1349,2.);
#1349 = AXIS2_PLACEMENT_3D('',#1350,#1351,#1352);
#1350 = CARTESIAN_POINT('',(173.,199.,17.));
#1351 = DIRECTION('',(1.110223024625E-16,1.,0.));
#1352 = DIRECTION('',(0.,0.,1.));
#1353 = ADVANCED_FACE('',(#1354),#1381,.F.);
#1354 = FACE_BOUND('',#1355,.F.);
#1355 = EDGE_LOOP('',(#1356,#1366,#1373,#1374));
#1356 = ORIENTED_EDGE('',*,*,#1357,.F.);
#1357 = EDGE_CURVE('',#1358,#1360,#1362,.T.);
#1358 = VERTEX_POINT('',#1359);
#1359 = CARTESIAN_POINT('',(223.,195.,0.));
#1360 = VERTEX_POINT('',#1361);
#1361 = CARTESIAN_POINT('',(223.,195.,2.));
#1362 = LINE('',#1363,#1364);
#1363 = CARTESIAN_POINT('',(223.,195.,-1.));
#1364 = VECTOR('',#1365,1.);
#1365 = DIRECTION('',(0.,0.,1.));
#1366 = ORIENTED_EDGE('',*,*,#1367,.T.);
#1367 = EDGE_CURVE('',#1358,#833,#1368,.T.);
#1368 = CIRCLE('',#1369,28.);
#1369 = AXIS2_PLACEMENT_3D('',#1370,#1371,#1372);
#1370 = CARTESIAN_POINT('',(195.,195.,0.));
#1371 = DIRECTION('',(0.,0.,1.));
#1372 = DIRECTION('',(1.,0.,-0.));
#1373 = ORIENTED_EDGE('',*,*,#832,.T.);
#1374 = ORIENTED_EDGE('',*,*,#1375,.F.);
#1375 = EDGE_CURVE('',#1360,#835,#1376,.T.);
#1376 = CIRCLE('',#1377,28.);
#1377 = AXIS2_PLACEMENT_3D('',#1378,#1379,#1380);
#1378 = CARTESIAN_POINT('',(195.,195.,2.));
#1379 = DIRECTION('',(0.,0.,1.));
#1380 = DIRECTION('',(0.,-1.,0.));
#1381 = CYLINDRICAL_SURFACE('',#1382,28.);
#1382 = AXIS2_PLACEMENT_3D('',#1383,#1384,#1385);
#1383 = CARTESIAN_POINT('',(195.,195.,-1.));
#1384 = DIRECTION('',(0.,0.,1.));
#1385 = DIRECTION('',(1.,0.,-0.));
#1386 = ADVANCED_FACE('',(#1387),#1414,.T.);
#1387 = FACE_BOUND('',#1388,.T.);
#1388 = EDGE_LOOP('',(#1389,#1399,#1406,#1407));
#1389 = ORIENTED_EDGE('',*,*,#1390,.F.);
#1390 = EDGE_CURVE('',#1391,#1393,#1395,.T.);
#1391 = VERTEX_POINT('',#1392);
#1392 = CARTESIAN_POINT('',(215.,195.,0.));
#1393 = VERTEX_POINT('',#1394);
#1394 = CARTESIAN_POINT('',(215.,195.,2.));
#1395 = LINE('',#1396,#1397);
#1396 = CARTESIAN_POINT('',(215.,195.,-2.));
#1397 = VECTOR('',#1398,1.);
#1398 = DIRECTION('',(0.,0.,1.));
#1399 = ORIENTED_EDGE('',*,*,#1400,.T.);
#1400 = EDGE_CURVE('',#1391,#864,#1401,.T.);
#1401 = CIRCLE('',#1402,20.);
#1402 = AXIS2_PLACEMENT_3D('',#1403,#1404,#1405);
#1403 = CARTESIAN_POINT('',(195.,195.,0.));
#1404 = DIRECTION('',(0.,0.,1.));
#1405 = DIRECTION('',(1.,0.,-0.));
#1406 = ORIENTED_EDGE('',*,*,#863,.T.);
#1407 = ORIENTED_EDGE('',*,*,#1408,.F.);
#1408 = EDGE_CURVE('',#1393,#866,#1409,.T.);
#1409 = CIRCLE('',#1410,20.);
#1410 = AXIS2_PLACEMENT_3D('',#1411,#1412,#1413);
#1411 = CARTESIAN_POINT('',(195.,195.,2.));
#1412 = DIRECTION('',(0.,0.,1.));
#1413 = DIRECTION('',(1.,0.,-0.));
#1414 = CYLINDRICAL_SURFACE('',#1415,20.);
#1415 = AXIS2_PLACEMENT_3D('',#1416,#1417,#1418);
#1416 = CARTESIAN_POINT('',(195.,195.,-2.));
#1417 = DIRECTION('',(0.,0.,1.));
#1418 = DIRECTION('',(1.,0.,-0.));
#1419 = ADVANCED_FACE('',(#1420),#1447,.T.);
#1420 = FACE_BOUND('',#1421,.T.);
#1421 = EDGE_LOOP('',(#1422,#1432,#1439,#1440));
#1422 = ORIENTED_EDGE('',*,*,#1423,.F.);
#1423 = EDGE_CURVE('',#1424,#1426,#1428,.T.);
#1424 = VERTEX_POINT('',#1425);
#1425 = CARTESIAN_POINT('',(199.,195.,-22.));
#1426 = VERTEX_POINT('',#1427);
#1427 = CARTESIAN_POINT('',(199.,195.,0.));
#1428 = LINE('',#1429,#1430);
#1429 = CARTESIAN_POINT('',(199.,195.,-22.));
#1430 = VECTOR('',#1431,1.);
#1431 = DIRECTION('',(0.,0.,1.));
#1432 = ORIENTED_EDGE('',*,*,#1433,.T.);
#1433 = EDGE_CURVE('',#1424,#953,#1434,.T.);
#1434 = CIRCLE('',#1435,4.);
#1435 = AXIS2_PLACEMENT_3D('',#1436,#1437,#1438);
#1436 = CARTESIAN_POINT('',(195.,195.,-22.));
#1437 = DIRECTION('',(0.,0.,1.));
#1438 = DIRECTION('',(0.,-1.,0.));
#1439 = ORIENTED_EDGE('',*,*,#969,.T.);
#1440 = ORIENTED_EDGE('',*,*,#1441,.F.);
#1441 = EDGE_CURVE('',#1426,#962,#1442,.T.);
#1442 = CIRCLE('',#1443,4.);
#1443 = AXIS2_PLACEMENT_3D('',#1444,#1445,#1446);
#1444 = CARTESIAN_POINT('',(195.,195.,0.));
#1445 = DIRECTION('',(0.,0.,1.));
#1446 = DIRECTION('',(1.,0.,-0.));
#1447 = CYLINDRICAL_SURFACE('',#1448,4.);
#1448 = AXIS2_PLACEMENT_3D('',#1449,#1450,#1451);
#1449 = CARTESIAN_POINT('',(195.,195.,-22.));
#1450 = DIRECTION('',(0.,0.,1.));
#1451 = DIRECTION('',(1.,0.,-0.));
#1452 = ADVANCED_FACE('',(#1453,#1478),#1489,.T.);
#1453 = FACE_BOUND('',#1454,.T.);
#1454 = EDGE_LOOP('',(#1455,#1456,#1464,#1472));
#1455 = ORIENTED_EDGE('',*,*,#1002,.F.);
#1456 = ORIENTED_EDGE('',*,*,#1457,.T.);
#1457 = EDGE_CURVE('',#1003,#1458,#1460,.T.);
#1458 = VERTEX_POINT('',#1459);
#1459 = CARTESIAN_POINT('',(200.,-24.75,12.25));
#1460 = LINE('',#1461,#1462);
#1461 = CARTESIAN_POINT('',(200.,-112.375,12.25));
#1462 = VECTOR('',#1463,1.);
#1463 = DIRECTION('',(0.,-1.,0.));
#1464 = ORIENTED_EDGE('',*,*,#1465,.T.);
#1465 = EDGE_CURVE('',#1458,#1466,#1468,.T.);
#1466 = VERTEX_POINT('',#1467);
#1467 = CARTESIAN_POINT('',(248.88956734825,-24.75,12.25));
#1468 = LINE('',#1469,#1470);
#1469 = CARTESIAN_POINT('',(195.,-24.75,12.25));
#1470 = VECTOR('',#1471,1.);
#1471 = DIRECTION('',(1.,0.,0.));
#1472 = ORIENTED_EDGE('',*,*,#1473,.F.);
#1473 = EDGE_CURVE('',#995,#1466,#1474,.T.);
#1474 = LINE('',#1475,#1476);
#1475 = CARTESIAN_POINT('',(248.88956734825,-512.375,12.25));
#1476 = VECTOR('',#1477,1.);
#1477 = DIRECTION('',(0.,-1.,0.));
#1478 = FACE_BOUND('',#1479,.T.);
#1479 = EDGE_LOOP('',(#1480));
#1480 = ORIENTED_EDGE('',*,*,#1481,.F.);
#1481 = EDGE_CURVE('',#1482,#1482,#1484,.T.);
#1482 = VERTEX_POINT('',#1483);
#1483 = CARTESIAN_POINT('',(232.75,-12.5,12.25));
#1484 = CIRCLE('',#1485,2.75);
#1485 = AXIS2_PLACEMENT_3D('',#1486,#1487,#1488);
#1486 = CARTESIAN_POINT('',(230.,-12.5,12.25));
#1487 = DIRECTION('',(0.,0.,1.));
#1488 = DIRECTION('',(1.,0.,-0.));
#1489 = PLANE('',#1490);
#1490 = AXIS2_PLACEMENT_3D('',#1491,#1492,#1493);
#1491 = CARTESIAN_POINT('',(195.,-24.75,12.25));
#1492 = DIRECTION('',(0.,0.,1.));
#1493 = DIRECTION('',(1.,0.,0.));
#1494 = ADVANCED_FACE('',(#1495),#1666,.F.);
#1495 = FACE_BOUND('',#1496,.F.);
#1496 = EDGE_LOOP('',(#1497,#1507,#1515,#1523,#1531,#1539,#1545,#1546,
    #1554,#1562,#1570,#1578,#1586,#1594,#1602,#1610,#1619,#1627,#1635,
    #1643,#1652,#1660));
#1497 = ORIENTED_EDGE('',*,*,#1498,.T.);
#1498 = EDGE_CURVE('',#1499,#1501,#1503,.T.);
#1499 = VERTEX_POINT('',#1500);
#1500 = CARTESIAN_POINT('',(199.,-24.75,-22.));
#1501 = VERTEX_POINT('',#1502);
#1502 = CARTESIAN_POINT('',(195.,-24.75,-22.));
#1503 = LINE('',#1504,#1505);
#1504 = CARTESIAN_POINT('',(-2.,-24.75,-22.));
#1505 = VECTOR('',#1506,1.);
#1506 = DIRECTION('',(-1.,0.,0.));
#1507 = ORIENTED_EDGE('',*,*,#1508,.T.);
#1508 = EDGE_CURVE('',#1501,#1509,#1511,.T.);
#1509 = VERTEX_POINT('',#1510);
#1510 = CARTESIAN_POINT('',(195.,-24.75,2.));
#1511 = LINE('',#1512,#1513);
#1512 = CARTESIAN_POINT('',(195.,-24.75,-23.));
#1513 = VECTOR('',#1514,1.);
#1514 = DIRECTION('',(0.,0.,1.));
#1515 = ORIENTED_EDGE('',*,*,#1516,.F.);
#1516 = EDGE_CURVE('',#1517,#1509,#1519,.T.);
#1517 = VERTEX_POINT('',#1518);
#1518 = CARTESIAN_POINT('',(196.5,-24.75,2.));
#1519 = LINE('',#1520,#1521);
#1520 = CARTESIAN_POINT('',(-2.,-24.75,2.));
#1521 = VECTOR('',#1522,1.);
#1522 = DIRECTION('',(-1.,0.,0.));
#1523 = ORIENTED_EDGE('',*,*,#1524,.F.);
#1524 = EDGE_CURVE('',#1525,#1517,#1527,.T.);
#1525 = VERTEX_POINT('',#1526);
#1526 = CARTESIAN_POINT('',(198.,-24.75,3.5));
#1527 = LINE('',#1528,#1529);
#1528 = CARTESIAN_POINT('',(189.875,-24.75,-4.625));
#1529 = VECTOR('',#1530,1.);
#1530 = DIRECTION('',(-0.707106781187,0.,-0.707106781187));
#1531 = ORIENTED_EDGE('',*,*,#1532,.F.);
#1532 = EDGE_CURVE('',#1533,#1525,#1535,.T.);
#1533 = VERTEX_POINT('',#1534);
#1534 = CARTESIAN_POINT('',(200.,-24.75,3.5));
#1535 = LINE('',#1536,#1537);
#1536 = CARTESIAN_POINT('',(-3.5,-24.75,3.5));
#1537 = VECTOR('',#1538,1.);
#1538 = DIRECTION('',(-1.,0.,0.));
#1539 = ORIENTED_EDGE('',*,*,#1540,.T.);
#1540 = EDGE_CURVE('',#1533,#1458,#1541,.T.);
#1541 = LINE('',#1542,#1543);
#1542 = CARTESIAN_POINT('',(200.,-24.75,-12.));
#1543 = VECTOR('',#1544,1.);
#1544 = DIRECTION('',(0.,-0.,1.));
#1545 = ORIENTED_EDGE('',*,*,#1465,.T.);
#1546 = ORIENTED_EDGE('',*,*,#1547,.F.);
#1547 = EDGE_CURVE('',#1548,#1466,#1550,.T.);
#1548 = VERTEX_POINT('',#1549);
#1549 = CARTESIAN_POINT('',(250.,-24.75,11.059206769679));
#1550 = LINE('',#1551,#1552);
#1551 = CARTESIAN_POINT('',(246.70321157743,-24.75,14.594579517614));
#1552 = VECTOR('',#1553,1.);
#1553 = DIRECTION('',(-0.681998360062,0.,0.731353701619));
#1554 = ORIENTED_EDGE('',*,*,#1555,.F.);
#1555 = EDGE_CURVE('',#1556,#1548,#1558,.T.);
#1556 = VERTEX_POINT('',#1557);
#1557 = CARTESIAN_POINT('',(250.,-24.75,4.));
#1558 = LINE('',#1559,#1560);
#1559 = CARTESIAN_POINT('',(250.,-24.75,-11.5));
#1560 = VECTOR('',#1561,1.);
#1561 = DIRECTION('',(0.,-0.,1.));
#1562 = ORIENTED_EDGE('',*,*,#1563,.F.);
#1563 = EDGE_CURVE('',#1564,#1556,#1566,.T.);
#1564 = VERTEX_POINT('',#1565);
#1565 = CARTESIAN_POINT('',(246.,-24.75,0.));
#1566 = LINE('',#1567,#1568);
#1567 = CARTESIAN_POINT('',(228.5,-24.75,-17.5));
#1568 = VECTOR('',#1569,1.);
#1569 = DIRECTION('',(0.707106781187,-0.,0.707106781187));
#1570 = ORIENTED_EDGE('',*,*,#1571,.T.);
#1571 = EDGE_CURVE('',#1564,#1572,#1574,.T.);
#1572 = VERTEX_POINT('',#1573);
#1573 = CARTESIAN_POINT('',(223.,-24.75,0.));
#1574 = LINE('',#1575,#1576);
#1575 = CARTESIAN_POINT('',(-27.5,-24.75,0.));
#1576 = VECTOR('',#1577,1.);
#1577 = DIRECTION('',(-1.,0.,0.));
#1578 = ORIENTED_EDGE('',*,*,#1579,.T.);
#1579 = EDGE_CURVE('',#1572,#1580,#1582,.T.);
#1580 = VERTEX_POINT('',#1581);
#1581 = CARTESIAN_POINT('',(223.,-24.75,2.));
#1582 = LINE('',#1583,#1584);
#1583 = CARTESIAN_POINT('',(223.,-24.75,-12.));
#1584 = VECTOR('',#1585,1.);
#1585 = DIRECTION('',(0.,-0.,1.));
#1586 = ORIENTED_EDGE('',*,*,#1587,.T.);
#1587 = EDGE_CURVE('',#1580,#1588,#1590,.T.);
#1588 = VERTEX_POINT('',#1589);
#1589 = CARTESIAN_POINT('',(215.,-24.75,2.));
#1590 = LINE('',#1591,#1592);
#1591 = CARTESIAN_POINT('',(-14.,-24.75,2.));
#1592 = VECTOR('',#1593,1.);
#1593 = DIRECTION('',(-1.,0.,0.));
#1594 = ORIENTED_EDGE('',*,*,#1595,.F.);
#1595 = EDGE_CURVE('',#1596,#1588,#1598,.T.);
#1596 = VERTEX_POINT('',#1597);
#1597 = CARTESIAN_POINT('',(215.,-24.75,0.));
#1598 = LINE('',#1599,#1600);
#1599 = CARTESIAN_POINT('',(215.,-24.75,-12.5));
#1600 = VECTOR('',#1601,1.);
#1601 = DIRECTION('',(0.,-0.,1.));
#1602 = ORIENTED_EDGE('',*,*,#1603,.T.);
#1603 = EDGE_CURVE('',#1596,#1604,#1606,.T.);
#1604 = VERTEX_POINT('',#1605);
#1605 = CARTESIAN_POINT('',(212.60939011496,-24.75,0.));
#1606 = LINE('',#1607,#1608);
#1607 = CARTESIAN_POINT('',(-27.5,-24.75,0.));
#1608 = VECTOR('',#1609,1.);
#1609 = DIRECTION('',(-1.,0.,0.));
#1610 = ORIENTED_EDGE('',*,*,#1611,.F.);
#1611 = EDGE_CURVE('',#1612,#1604,#1614,.T.);
#1612 = VERTEX_POINT('',#1613);
#1613 = CARTESIAN_POINT('',(210.94323501186,-24.75,-1.5));
#1614 = HYPERBOLA('',#1615,2.035714285714,2.035714285714);
#1615 = AXIS2_PLACEMENT_3D('',#1616,#1617,#1618);
#1616 = CARTESIAN_POINT('',(207.5,-24.75,-5.5));
#1617 = DIRECTION('',(0.,1.,0.));
#1618 = DIRECTION('',(0.,-0.,1.));
#1619 = ORIENTED_EDGE('',*,*,#1620,.F.);
#1620 = EDGE_CURVE('',#1621,#1612,#1623,.T.);
#1621 = VERTEX_POINT('',#1622);
#1622 = CARTESIAN_POINT('',(210.94323501186,-24.75,-3.));
#1623 = LINE('',#1624,#1625);
#1624 = CARTESIAN_POINT('',(210.94323501186,-24.75,-3.));
#1625 = VECTOR('',#1626,1.);
#1626 = DIRECTION('',(0.,0.,1.));
#1627 = ORIENTED_EDGE('',*,*,#1628,.T.);
#1628 = EDGE_CURVE('',#1621,#1629,#1631,.T.);
#1629 = VERTEX_POINT('',#1630);
#1630 = CARTESIAN_POINT('',(204.05676498813,-24.75,-3.));
#1631 = LINE('',#1632,#1633);
#1632 = CARTESIAN_POINT('',(201.25,-24.75,-3.));
#1633 = VECTOR('',#1634,1.);
#1634 = DIRECTION('',(-1.,0.,0.));
#1635 = ORIENTED_EDGE('',*,*,#1636,.T.);
#1636 = EDGE_CURVE('',#1629,#1637,#1639,.T.);
#1637 = VERTEX_POINT('',#1638);
#1638 = CARTESIAN_POINT('',(204.05676498813,-24.75,-1.5));
#1639 = LINE('',#1640,#1641);
#1640 = CARTESIAN_POINT('',(204.05676498813,-24.75,-3.));
#1641 = VECTOR('',#1642,1.);
#1642 = DIRECTION('',(0.,0.,1.));
#1643 = ORIENTED_EDGE('',*,*,#1644,.F.);
#1644 = EDGE_CURVE('',#1645,#1637,#1647,.T.);
#1645 = VERTEX_POINT('',#1646);
#1646 = CARTESIAN_POINT('',(202.39060988503,-24.75,0.));
#1647 = HYPERBOLA('',#1648,2.035714285714,2.035714285714);
#1648 = AXIS2_PLACEMENT_3D('',#1649,#1650,#1651);
#1649 = CARTESIAN_POINT('',(207.5,-24.75,-5.5));
#1650 = DIRECTION('',(0.,1.,0.));
#1651 = DIRECTION('',(0.,-0.,1.));
#1652 = ORIENTED_EDGE('',*,*,#1653,.T.);
#1653 = EDGE_CURVE('',#1645,#1654,#1656,.T.);
#1654 = VERTEX_POINT('',#1655);
#1655 = CARTESIAN_POINT('',(199.,-24.75,0.));
#1656 = LINE('',#1657,#1658);
#1657 = CARTESIAN_POINT('',(-27.5,-24.75,0.));
#1658 = VECTOR('',#1659,1.);
#1659 = DIRECTION('',(-1.,0.,0.));
#1660 = ORIENTED_EDGE('',*,*,#1661,.F.);
#1661 = EDGE_CURVE('',#1499,#1654,#1662,.T.);
#1662 = LINE('',#1663,#1664);
#1663 = CARTESIAN_POINT('',(199.,-24.75,-22.5));
#1664 = VECTOR('',#1665,1.);
#1665 = DIRECTION('',(0.,-0.,1.));
#1666 = PLANE('',#1667);
#1667 = AXIS2_PLACEMENT_3D('',#1668,#1669,#1670);
#1668 = CARTESIAN_POINT('',(195.,-24.75,-23.));
#1669 = DIRECTION('',(0.,1.,0.));
#1670 = DIRECTION('',(0.,0.,1.));
#1671 = ADVANCED_FACE('',(#1672),#1754,.F.);
#1672 = FACE_BOUND('',#1673,.F.);
#1673 = EDGE_LOOP('',(#1674,#1685,#1693,#1703,#1709,#1710,#1711,#1748));
#1674 = ORIENTED_EDGE('',*,*,#1675,.F.);
#1675 = EDGE_CURVE('',#1676,#1678,#1680,.T.);
#1676 = VERTEX_POINT('',#1677);
#1677 = CARTESIAN_POINT('',(203.48723068198,206.31175919124,
    17.104973092657));
#1678 = VERTEX_POINT('',#1679);
#1679 = CARTESIAN_POINT('',(206.31175919124,203.48723068198,
    17.104973092657));
#1680 = CIRCLE('',#1681,2.);
#1681 = AXIS2_PLACEMENT_3D('',#1682,#1683,#1684);
#1682 = CARTESIAN_POINT('',(204.89949493661,204.89949493661,17.));
#1683 = DIRECTION('',(0.707106781187,0.707106781187,-0.));
#1684 = DIRECTION('',(-0.707106781187,0.707106781187,0.));
#1685 = ORIENTED_EDGE('',*,*,#1686,.F.);
#1686 = EDGE_CURVE('',#1687,#1676,#1689,.T.);
#1687 = VERTEX_POINT('',#1688);
#1688 = CARTESIAN_POINT('',(202.67099010022,205.49551860949,
    17.104973092657));
#1689 = LINE('',#1690,#1691);
#1690 = CARTESIAN_POINT('',(196.41616287011,199.24069137937,
    17.104973092657));
#1691 = VECTOR('',#1692,1.);
#1692 = DIRECTION('',(0.707106781187,0.707106781187,0.));
#1693 = ORIENTED_EDGE('',*,*,#1694,.F.);
#1694 = EDGE_CURVE('',#1695,#1687,#1697,.T.);
#1695 = VERTEX_POINT('',#1696);
#1696 = CARTESIAN_POINT('',(202.66873749991,205.49716462466,17.));
#1697 = B_SPLINE_CURVE_WITH_KNOTS('',4,(#1698,#1699,#1700,#1701,#1702),
  .UNSPECIFIED.,.F.,.F.,(5,5),(0.,1.),.PIECEWISE_BEZIER_KNOTS.);
#1698 = CARTESIAN_POINT('',(202.66873749991,205.49716462466,17.));
#1699 = CARTESIAN_POINT('',(202.66873749991,205.49716462466,
    17.026250419182));
#1700 = CARTESIAN_POINT('',(202.66911291459,205.49689036424,
    17.052500836525));
#1701 = CARTESIAN_POINT('',(202.66986374399,205.49634184347,
    17.078744268434));
#1702 = CARTESIAN_POINT('',(202.67099012599,205.49551859066,
    17.104973692657));
#1703 = ORIENTED_EDGE('',*,*,#1704,.F.);
#1704 = EDGE_CURVE('',#1045,#1695,#1705,.T.);
#1705 = LINE('',#1706,#1707);
#1706 = CARTESIAN_POINT('',(196.41421356237,199.24264068711,17.));
#1707 = VECTOR('',#1708,1.);
#1708 = DIRECTION('',(0.707106781187,0.707106781187,-1.101497328414E-32)
  );
#1709 = ORIENTED_EDGE('',*,*,#1044,.T.);
#1710 = ORIENTED_EDGE('',*,*,#1704,.T.);
#1711 = ORIENTED_EDGE('',*,*,#1712,.F.);
#1712 = EDGE_CURVE('',#1713,#1695,#1715,.T.);
#1713 = VERTEX_POINT('',#1714);
#1714 = CARTESIAN_POINT('',(205.49551860949,202.67099010022,
    17.104973092657));
#1715 = B_SPLINE_CURVE_WITH_KNOTS('',7,(#1716,#1717,#1718,#1719,#1720,
    #1721,#1722,#1723,#1724,#1725,#1726,#1727,#1728,#1729,#1730,#1731,
    #1732,#1733,#1734,#1735,#1736,#1737,#1738,#1739,#1740,#1741,#1742,
    #1743,#1744,#1745,#1746,#1747),.UNSPECIFIED.,.F.,.F.,(8,6,6,6,6,8),(
    0.,1.969733962903E-02,0.296767863798,0.543634895543,0.752867451342,
    1.),.UNSPECIFIED.);
#1716 = CARTESIAN_POINT('',(205.49551859066,202.67099012599,
    17.104973692657));
#1717 = CARTESIAN_POINT('',(205.49598166894,202.67035653806,
    17.09021968675));
#1718 = CARTESIAN_POINT('',(205.49636868663,202.66982692328,
    17.07546180274));
#1719 = CARTESIAN_POINT('',(205.49667969513,202.66940126662,
    17.060700806155));
#1720 = CARTESIAN_POINT('',(205.49691473322,202.66907955676,
    17.045937461471));
#1721 = CARTESIAN_POINT('',(205.49707382699,202.66886178605,
    17.031172532112));
#1722 = CARTESIAN_POINT('',(205.49715698991,202.66874795056,
    17.016406780448));
#1723 = CARTESIAN_POINT('',(205.49726596288,202.66859878558,
    16.793939241135));
#1724 = CARTESIAN_POINT('',(205.4823441403,202.68902408291,
    16.586415461757));
#1725 = CARTESIAN_POINT('',(205.45244831452,202.72994900789,
    16.380940463161));
#1726 = CARTESIAN_POINT('',(205.40703416199,202.79158649234,
    16.179568794073));
#1727 = CARTESIAN_POINT('',(205.34508083074,202.87428396337,
    15.98486869041));
#1728 = CARTESIAN_POINT('',(205.26510499374,202.97829856303,
    15.800307801946));
#1729 = CARTESIAN_POINT('',(205.07640193494,203.21501488477,
    15.479970309009));
#1730 = CARTESIAN_POINT('',(204.96963903309,203.34601300369,
    15.337469733674));
#1731 = CARTESIAN_POINT('',(204.84458545816,203.49507982249,
    15.211695441479));
#1732 = CARTESIAN_POINT('',(204.70192625217,203.65896248026,
    15.109797152338));
#1733 = CARTESIAN_POINT('',(204.54342753033,203.83314807305,
    15.037690855188));
#1734 = CARTESIAN_POINT('',(204.3721288129,204.01264749794,15.));
#1735 = CARTESIAN_POINT('',(204.04004866772,204.34472764312,15.));
#1736 = CARTESIAN_POINT('',(203.88477557993,204.49411036826,
    15.027075418043));
#1737 = CARTESIAN_POINT('',(203.72946434932,204.63764026335,
    15.081217388336));
#1738 = CARTESIAN_POINT('',(203.57730498776,204.77279353193,
    15.161644615857));
#1739 = CARTESIAN_POINT('',(203.43168044091,204.89748959885,
    15.266846651583));
#1740 = CARTESIAN_POINT('',(203.29595785604,205.01009558999,
    15.394615098037));
#1741 = CARTESIAN_POINT('',(203.02814655534,205.22661444796,
    15.71621878262));
#1742 = CARTESIAN_POINT('',(202.90743839725,205.32019006369,
    15.910299049942));
#1743 = CARTESIAN_POINT('',(202.81148332864,205.39235922033,
    16.117400056914));
#1744 = CARTESIAN_POINT('',(202.74000507997,205.44510036522,
    16.332901316684));
#1745 = CARTESIAN_POINT('',(202.69252610009,205.47978566605,
    16.553487377264));
#1746 = CARTESIAN_POINT('',(202.66873749991,205.49716462466,
    16.776607180564));
#1747 = CARTESIAN_POINT('',(202.66873749991,205.49716462466,17.));
#1748 = ORIENTED_EDGE('',*,*,#1749,.T.);
#1749 = EDGE_CURVE('',#1713,#1678,#1750,.T.);
#1750 = LINE('',#1751,#1752);
#1751 = CARTESIAN_POINT('',(199.24069137937,196.41616287011,
    17.104973092657));
#1752 = VECTOR('',#1753,1.);
#1753 = DIRECTION('',(0.707106781187,0.707106781187,0.));
#1754 = CYLINDRICAL_SURFACE('',#1755,2.);
#1755 = AXIS2_PLACEMENT_3D('',#1756,#1757,#1758);
#1756 = CARTESIAN_POINT('',(197.82842712474,197.82842712474,17.));
#1757 = DIRECTION('',(0.707106781187,0.707106781187,0.));
#1758 = DIRECTION('',(-0.707106781187,0.707106781187,0.));
#1759 = ADVANCED_FACE('',(#1760,#1763),#1766,.T.);
#1760 = FACE_BOUND('',#1761,.T.);
#1761 = EDGE_LOOP('',(#1762));
#1762 = ORIENTED_EDGE('',*,*,#1158,.T.);
#1763 = FACE_BOUND('',#1764,.T.);
#1764 = EDGE_LOOP('',(#1765));
#1765 = ORIENTED_EDGE('',*,*,#1183,.F.);
#1766 = PLANE('',#1767);
#1767 = AXIS2_PLACEMENT_3D('',#1768,#1769,#1770);
#1768 = CARTESIAN_POINT('',(12.5,230.,19.));
#1769 = DIRECTION('',(0.,0.,1.));
#1770 = DIRECTION('',(1.110223024625E-16,1.,0.));
#1771 = ADVANCED_FACE('',(#1772,#1806),#1809,.T.);
#1772 = FACE_BOUND('',#1773,.T.);
#1773 = EDGE_LOOP('',(#1774,#1784,#1792,#1800));
#1774 = ORIENTED_EDGE('',*,*,#1775,.T.);
#1775 = EDGE_CURVE('',#1776,#1778,#1780,.T.);
#1776 = VERTEX_POINT('',#1777);
#1777 = CARTESIAN_POINT('',(98.,208.,4.));
#1778 = VERTEX_POINT('',#1779);
#1779 = CARTESIAN_POINT('',(55.,208.,4.));
#1780 = LINE('',#1781,#1782);
#1781 = CARTESIAN_POINT('',(98.,208.,4.));
#1782 = VECTOR('',#1783,1.);
#1783 = DIRECTION('',(-1.,1.110223024625E-16,0.));
#1784 = ORIENTED_EDGE('',*,*,#1785,.T.);
#1785 = EDGE_CURVE('',#1778,#1786,#1788,.T.);
#1786 = VERTEX_POINT('',#1787);
#1787 = CARTESIAN_POINT('',(55.,208.,20.));
#1788 = LINE('',#1789,#1790);
#1789 = CARTESIAN_POINT('',(55.,208.,4.));
#1790 = VECTOR('',#1791,1.);
#1791 = DIRECTION('',(0.,0.,1.));
#1792 = ORIENTED_EDGE('',*,*,#1793,.F.);
#1793 = EDGE_CURVE('',#1794,#1786,#1796,.T.);
#1794 = VERTEX_POINT('',#1795);
#1795 = CARTESIAN_POINT('',(98.,208.,20.));
#1796 = LINE('',#1797,#1798);
#1797 = CARTESIAN_POINT('',(98.,208.,20.));
#1798 = VECTOR('',#1799,1.);
#1799 = DIRECTION('',(-1.,1.110223024625E-16,0.));
#1800 = ORIENTED_EDGE('',*,*,#1801,.F.);
#1801 = EDGE_CURVE('',#1776,#1794,#1802,.T.);
#1802 = LINE('',#1803,#1804);
#1803 = CARTESIAN_POINT('',(98.,208.,4.));
#1804 = VECTOR('',#1805,1.);
#1805 = DIRECTION('',(0.,0.,1.));
#1806 = FACE_BOUND('',#1807,.T.);
#1807 = EDGE_LOOP('',(#1808));
#1808 = ORIENTED_EDGE('',*,*,#1282,.F.);
#1809 = PLANE('',#1810);
#1810 = AXIS2_PLACEMENT_3D('',#1811,#1812,#1813);
#1811 = CARTESIAN_POINT('',(98.,208.,4.));
#1812 = DIRECTION('',(1.110223024625E-16,1.,0.));
#1813 = DIRECTION('',(0.,0.,1.));
#1814 = ADVANCED_FACE('',(#1815,#1873),#1876,.T.);
#1815 = FACE_BOUND('',#1816,.T.);
#1816 = EDGE_LOOP('',(#1817,#1827,#1835,#1843,#1851,#1859,#1867));
#1817 = ORIENTED_EDGE('',*,*,#1818,.F.);
#1818 = EDGE_CURVE('',#1819,#1821,#1823,.T.);
#1819 = VERTEX_POINT('',#1820);
#1820 = CARTESIAN_POINT('',(144.,208.,4.));
#1821 = VERTEX_POINT('',#1822);
#1822 = CARTESIAN_POINT('',(144.,208.,14.));
#1823 = LINE('',#1824,#1825);
#1824 = CARTESIAN_POINT('',(144.,208.,4.));
#1825 = VECTOR('',#1826,1.);
#1826 = DIRECTION('',(0.,0.,1.));
#1827 = ORIENTED_EDGE('',*,*,#1828,.T.);
#1828 = EDGE_CURVE('',#1819,#1829,#1831,.T.);
#1829 = VERTEX_POINT('',#1830);
#1830 = CARTESIAN_POINT('',(101.,208.,4.));
#1831 = LINE('',#1832,#1833);
#1832 = CARTESIAN_POINT('',(144.,208.,4.));
#1833 = VECTOR('',#1834,1.);
#1834 = DIRECTION('',(-1.,1.110223024625E-16,0.));
#1835 = ORIENTED_EDGE('',*,*,#1836,.T.);
#1836 = EDGE_CURVE('',#1829,#1837,#1839,.T.);
#1837 = VERTEX_POINT('',#1838);
#1838 = CARTESIAN_POINT('',(101.,208.,20.));
#1839 = LINE('',#1840,#1841);
#1840 = CARTESIAN_POINT('',(101.,208.,4.));
#1841 = VECTOR('',#1842,1.);
#1842 = DIRECTION('',(0.,0.,1.));
#1843 = ORIENTED_EDGE('',*,*,#1844,.F.);
#1844 = EDGE_CURVE('',#1845,#1837,#1847,.T.);
#1845 = VERTEX_POINT('',#1846);
#1846 = CARTESIAN_POINT('',(135.,208.,20.));
#1847 = LINE('',#1848,#1849);
#1848 = CARTESIAN_POINT('',(144.,208.,20.));
#1849 = VECTOR('',#1850,1.);
#1850 = DIRECTION('',(-1.,1.110223024625E-16,0.));
#1851 = ORIENTED_EDGE('',*,*,#1852,.F.);
#1852 = EDGE_CURVE('',#1853,#1845,#1855,.T.);
#1853 = VERTEX_POINT('',#1854);
#1854 = CARTESIAN_POINT('',(135.,208.,15.));
#1855 = LINE('',#1856,#1857);
#1856 = CARTESIAN_POINT('',(135.,208.,14.5));
#1857 = VECTOR('',#1858,1.);
#1858 = DIRECTION('',(0.,-0.,1.));
#1859 = ORIENTED_EDGE('',*,*,#1860,.F.);
#1860 = EDGE_CURVE('',#1861,#1853,#1863,.T.);
#1861 = VERTEX_POINT('',#1862);
#1862 = CARTESIAN_POINT('',(140.,208.,10.));
#1863 = LINE('',#1864,#1865);
#1864 = CARTESIAN_POINT('',(140.,208.,10.));
#1865 = VECTOR('',#1866,1.);
#1866 = DIRECTION('',(-0.707106781187,7.850462293419E-17,0.707106781187)
  );
#1867 = ORIENTED_EDGE('',*,*,#1868,.F.);
#1868 = EDGE_CURVE('',#1821,#1861,#1869,.T.);
#1869 = LINE('',#1870,#1871);
#1870 = CARTESIAN_POINT('',(139.5,208.,9.5));
#1871 = VECTOR('',#1872,1.);
#1872 = DIRECTION('',(-0.707106781187,7.850462293419E-17,-0.707106781187
    ));
#1873 = FACE_BOUND('',#1874,.T.);
#1874 = EDGE_LOOP('',(#1875));
#1875 = ORIENTED_EDGE('',*,*,#1307,.F.);
#1876 = PLANE('',#1877);
#1877 = AXIS2_PLACEMENT_3D('',#1878,#1879,#1880);
#1878 = CARTESIAN_POINT('',(144.,208.,4.));
#1879 = DIRECTION('',(1.110223024625E-16,1.,0.));
#1880 = DIRECTION('',(0.,0.,1.));
#1881 = ADVANCED_FACE('',(#1882,#1956),#1959,.T.);
#1882 = FACE_BOUND('',#1883,.T.);
#1883 = EDGE_LOOP('',(#1884,#1894,#1902,#1910,#1918,#1926,#1934,#1942,
    #1950));
#1884 = ORIENTED_EDGE('',*,*,#1885,.F.);
#1885 = EDGE_CURVE('',#1886,#1888,#1890,.T.);
#1886 = VERTEX_POINT('',#1887);
#1887 = CARTESIAN_POINT('',(190.,208.,4.));
#1888 = VERTEX_POINT('',#1889);
#1889 = CARTESIAN_POINT('',(190.,208.,20.));
#1890 = LINE('',#1891,#1892);
#1891 = CARTESIAN_POINT('',(190.,208.,4.));
#1892 = VECTOR('',#1893,1.);
#1893 = DIRECTION('',(0.,0.,1.));
#1894 = ORIENTED_EDGE('',*,*,#1895,.T.);
#1895 = EDGE_CURVE('',#1886,#1896,#1898,.T.);
#1896 = VERTEX_POINT('',#1897);
#1897 = CARTESIAN_POINT('',(147.,208.,4.));
#1898 = LINE('',#1899,#1900);
#1899 = CARTESIAN_POINT('',(190.,208.,4.));
#1900 = VECTOR('',#1901,1.);
#1901 = DIRECTION('',(-1.,1.110223024625E-16,0.));
#1902 = ORIENTED_EDGE('',*,*,#1903,.T.);
#1903 = EDGE_CURVE('',#1896,#1904,#1906,.T.);
#1904 = VERTEX_POINT('',#1905);
#1905 = CARTESIAN_POINT('',(147.,208.,20.));
#1906 = LINE('',#1907,#1908);
#1907 = CARTESIAN_POINT('',(147.,208.,4.));
#1908 = VECTOR('',#1909,1.);
#1909 = DIRECTION('',(0.,0.,1.));
#1910 = ORIENTED_EDGE('',*,*,#1911,.F.);
#1911 = EDGE_CURVE('',#1912,#1904,#1914,.T.);
#1912 = VERTEX_POINT('',#1913);
#1913 = CARTESIAN_POINT('',(160.,208.,20.));
#1914 = LINE('',#1915,#1916);
#1915 = CARTESIAN_POINT('',(190.,208.,20.));
#1916 = VECTOR('',#1917,1.);
#1917 = DIRECTION('',(-1.,1.110223024625E-16,0.));
#1918 = ORIENTED_EDGE('',*,*,#1919,.F.);
#1919 = EDGE_CURVE('',#1920,#1912,#1922,.T.);
#1920 = VERTEX_POINT('',#1921);
#1921 = CARTESIAN_POINT('',(160.,208.,15.));
#1922 = LINE('',#1923,#1924);
#1923 = CARTESIAN_POINT('',(160.,208.,14.5));
#1924 = VECTOR('',#1925,1.);
#1925 = DIRECTION('',(0.,-0.,1.));
#1926 = ORIENTED_EDGE('',*,*,#1927,.F.);
#1927 = EDGE_CURVE('',#1928,#1920,#1930,.T.);
#1928 = VERTEX_POINT('',#1929);
#1929 = CARTESIAN_POINT('',(165.,208.,10.));
#1930 = LINE('',#1931,#1932);
#1931 = CARTESIAN_POINT('',(170.25,208.,4.75));
#1932 = VECTOR('',#1933,1.);
#1933 = DIRECTION('',(-0.707106781187,7.850462293419E-17,0.707106781187)
  );
#1934 = ORIENTED_EDGE('',*,*,#1935,.F.);
#1935 = EDGE_CURVE('',#1936,#1928,#1938,.T.);
#1936 = VERTEX_POINT('',#1937);
#1937 = CARTESIAN_POINT('',(170.,208.,15.));
#1938 = LINE('',#1939,#1940);
#1939 = CARTESIAN_POINT('',(169.75,208.,14.75));
#1940 = VECTOR('',#1941,1.);
#1941 = DIRECTION('',(-0.707106781187,7.850462293419E-17,-0.707106781187
    ));
#1942 = ORIENTED_EDGE('',*,*,#1943,.F.);
#1943 = EDGE_CURVE('',#1944,#1936,#1946,.T.);
#1944 = VERTEX_POINT('',#1945);
#1945 = CARTESIAN_POINT('',(170.,208.,20.));
#1946 = LINE('',#1947,#1948);
#1947 = CARTESIAN_POINT('',(170.,208.,9.5));
#1948 = VECTOR('',#1949,1.);
#1949 = DIRECTION('',(0.,0.,-1.));
#1950 = ORIENTED_EDGE('',*,*,#1951,.F.);
#1951 = EDGE_CURVE('',#1888,#1944,#1952,.T.);
#1952 = LINE('',#1953,#1954);
#1953 = CARTESIAN_POINT('',(190.,208.,20.));
#1954 = VECTOR('',#1955,1.);
#1955 = DIRECTION('',(-1.,1.110223024625E-16,0.));
#1956 = FACE_BOUND('',#1957,.T.);
#1957 = EDGE_LOOP('',(#1958));
#1958 = ORIENTED_EDGE('',*,*,#1332,.F.);
#1959 = PLANE('',#1960);
#1960 = AXIS2_PLACEMENT_3D('',#1961,#1962,#1963);
#1961 = CARTESIAN_POINT('',(190.,208.,4.));
#1962 = DIRECTION('',(1.110223024625E-16,1.,0.));
#1963 = DIRECTION('',(0.,0.,1.));
#1964 = ADVANCED_FACE('',(#1965),#1983,.T.);
#1965 = FACE_BOUND('',#1966,.T.);
#1966 = EDGE_LOOP('',(#1967,#1968,#1975,#1976));
#1967 = ORIENTED_EDGE('',*,*,#1644,.F.);
#1968 = ORIENTED_EDGE('',*,*,#1969,.T.);
#1969 = EDGE_CURVE('',#1645,#1604,#1970,.T.);
#1970 = CIRCLE('',#1971,5.5);
#1971 = AXIS2_PLACEMENT_3D('',#1972,#1973,#1974);
#1972 = CARTESIAN_POINT('',(207.5,-26.78571428571,0.));
#1973 = DIRECTION('',(0.,0.,-1.));
#1974 = DIRECTION('',(-1.,0.,-0.));
#1975 = ORIENTED_EDGE('',*,*,#1611,.F.);
#1976 = ORIENTED_EDGE('',*,*,#1977,.F.);
#1977 = EDGE_CURVE('',#1637,#1612,#1978,.T.);
#1978 = CIRCLE('',#1979,4.);
#1979 = AXIS2_PLACEMENT_3D('',#1980,#1981,#1982);
#1980 = CARTESIAN_POINT('',(207.5,-26.78571428571,-1.5));
#1981 = DIRECTION('',(0.,0.,-1.));
#1982 = DIRECTION('',(-1.,0.,-0.));
#1983 = CONICAL_SURFACE('',#1984,5.5,0.785398163397);
#1984 = AXIS2_PLACEMENT_3D('',#1985,#1986,#1987);
#1985 = CARTESIAN_POINT('',(207.5,-26.78571428571,0.));
#1986 = DIRECTION('',(-0.,-0.,1.));
#1987 = DIRECTION('',(-1.,0.,-0.));
#1988 = ADVANCED_FACE('',(#1989),#2001,.T.);
#1989 = FACE_BOUND('',#1990,.T.);
#1990 = EDGE_LOOP('',(#1991,#1992,#1993,#1994));
#1991 = ORIENTED_EDGE('',*,*,#1636,.T.);
#1992 = ORIENTED_EDGE('',*,*,#1977,.T.);
#1993 = ORIENTED_EDGE('',*,*,#1620,.F.);
#1994 = ORIENTED_EDGE('',*,*,#1995,.T.);
#1995 = EDGE_CURVE('',#1621,#1629,#1996,.T.);
#1996 = CIRCLE('',#1997,4.);
#1997 = AXIS2_PLACEMENT_3D('',#1998,#1999,#2000);
#1998 = CARTESIAN_POINT('',(207.5,-26.78571428571,-3.));
#1999 = DIRECTION('',(0.,0.,1.));
#2000 = DIRECTION('',(1.,0.,-0.));
#2001 = CYLINDRICAL_SURFACE('',#2002,4.);
#2002 = AXIS2_PLACEMENT_3D('',#2003,#2004,#2005);
#2003 = CARTESIAN_POINT('',(207.5,-26.78571428571,-3.));
#2004 = DIRECTION('',(0.,0.,1.));
#2005 = DIRECTION('',(1.,0.,-0.));
#2006 = ADVANCED_FACE('',(#2007),#2011,.F.);
#2007 = FACE_BOUND('',#2008,.F.);
#2008 = EDGE_LOOP('',(#2009,#2010));
#2009 = ORIENTED_EDGE('',*,*,#1628,.F.);
#2010 = ORIENTED_EDGE('',*,*,#1995,.T.);
#2011 = PLANE('',#2012);
#2012 = AXIS2_PLACEMENT_3D('',#2013,#2014,#2015);
#2013 = CARTESIAN_POINT('',(207.5,-26.78571428571,-3.));
#2014 = DIRECTION('',(0.,0.,1.));
#2015 = DIRECTION('',(1.,0.,-0.));
#2016 = ADVANCED_FACE('',(#2017),#2028,.F.);
#2017 = FACE_BOUND('',#2018,.F.);
#2018 = EDGE_LOOP('',(#2019,#2020,#2026,#2027));
#2019 = ORIENTED_EDGE('',*,*,#215,.T.);
#2020 = ORIENTED_EDGE('',*,*,#2021,.T.);
#2021 = EDGE_CURVE('',#216,#1482,#2022,.T.);
#2022 = LINE('',#2023,#2024);
#2023 = CARTESIAN_POINT('',(232.75,-12.5,-1.));
#2024 = VECTOR('',#2025,1.);
#2025 = DIRECTION('',(0.,0.,1.));
#2026 = ORIENTED_EDGE('',*,*,#1481,.F.);
#2027 = ORIENTED_EDGE('',*,*,#2021,.F.);
#2028 = CYLINDRICAL_SURFACE('',#2029,2.75);
#2029 = AXIS2_PLACEMENT_3D('',#2030,#2031,#2032);
#2030 = CARTESIAN_POINT('',(230.,-12.5,-1.));
#2031 = DIRECTION('',(0.,0.,1.));
#2032 = DIRECTION('',(1.,0.,0.));
#2033 = ADVANCED_FACE('',(#2034),#2043,.F.);
#2034 = FACE_BOUND('',#2035,.F.);
#2035 = EDGE_LOOP('',(#2036,#2042));
#2036 = ORIENTED_EDGE('',*,*,#2037,.F.);
#2037 = EDGE_CURVE('',#1676,#1678,#2038,.T.);
#2038 = LINE('',#2039,#2040);
#2039 = CARTESIAN_POINT('',(204.89949493661,204.89949493661,
    17.104973092657));
#2040 = VECTOR('',#2041,1.);
#2041 = DIRECTION('',(0.707106781187,-0.707106781187,0.));
#2042 = ORIENTED_EDGE('',*,*,#1675,.T.);
#2043 = PLANE('',#2044);
#2044 = AXIS2_PLACEMENT_3D('',#2045,#2046,#2047);
#2045 = CARTESIAN_POINT('',(204.89949493661,204.89949493661,17.));
#2046 = DIRECTION('',(0.707106781187,0.707106781187,0.));
#2047 = DIRECTION('',(-0.707106781187,0.707106781187,0.));
#2048 = ADVANCED_FACE('',(#2049),#2128,.F.);
#2049 = FACE_BOUND('',#2050,.T.);
#2050 = EDGE_LOOP('',(#2051,#2061,#2068,#2069,#2070,#2071,#2080,#2088,
    #2097,#2105,#2113,#2121));
#2051 = ORIENTED_EDGE('',*,*,#2052,.F.);
#2052 = EDGE_CURVE('',#2053,#2055,#2057,.T.);
#2053 = VERTEX_POINT('',#2054);
#2054 = CARTESIAN_POINT('',(207.36373471183,199.01722092687,
    17.104973092657));
#2055 = VERTEX_POINT('',#2056);
#2056 = CARTESIAN_POINT('',(221.62958245626,203.65247584249,
    17.104973092657));
#2057 = LINE('',#2058,#2059);
#2058 = CARTESIAN_POINT('',(207.36373471183,199.01722092687,
    17.104973092657));
#2059 = VECTOR('',#2060,1.);
#2060 = DIRECTION('',(0.951056516295,0.309016994375,0.));
#2061 = ORIENTED_EDGE('',*,*,#2062,.T.);
#2062 = EDGE_CURVE('',#2053,#1713,#2063,.T.);
#2063 = CIRCLE('',#2064,13.);
#2064 = AXIS2_PLACEMENT_3D('',#2065,#2066,#2067);
#2065 = CARTESIAN_POINT('',(195.,195.,17.104973092657));
#2066 = DIRECTION('',(0.,-0.,1.));
#2067 = DIRECTION('',(0.951056516295,0.309016994375,0.));
#2068 = ORIENTED_EDGE('',*,*,#1749,.T.);
#2069 = ORIENTED_EDGE('',*,*,#2037,.F.);
#2070 = ORIENTED_EDGE('',*,*,#1686,.F.);
#2071 = ORIENTED_EDGE('',*,*,#2072,.T.);
#2072 = EDGE_CURVE('',#1687,#2073,#2075,.T.);
#2073 = VERTEX_POINT('',#2074);
#2074 = CARTESIAN_POINT('',(199.01722092687,207.36373471183,
    17.104973092657));
#2075 = CIRCLE('',#2076,13.);
#2076 = AXIS2_PLACEMENT_3D('',#2077,#2078,#2079);
#2077 = CARTESIAN_POINT('',(195.,195.,17.104973092657));
#2078 = DIRECTION('',(0.,-0.,1.));
#2079 = DIRECTION('',(0.951056516295,0.309016994375,0.));
#2080 = ORIENTED_EDGE('',*,*,#2081,.T.);
#2081 = EDGE_CURVE('',#2073,#2082,#2084,.T.);
#2082 = VERTEX_POINT('',#2083);
#2083 = CARTESIAN_POINT('',(203.65247584249,221.62958245626,
    17.104973092657));
#2084 = LINE('',#2085,#2086);
#2085 = CARTESIAN_POINT('',(199.01722092687,207.36373471183,
    17.104973092657));
#2086 = VECTOR('',#2087,1.);
#2087 = DIRECTION('',(0.309016994375,0.951056516295,0.));
#2088 = ORIENTED_EDGE('',*,*,#2089,.F.);
#2089 = EDGE_CURVE('',#2090,#2082,#2092,.T.);
#2090 = VERTEX_POINT('',#2091);
#2091 = CARTESIAN_POINT('',(213.33629289962,216.16082140889,
    17.104973092657));
#2092 = CIRCLE('',#2093,28.);
#2093 = AXIS2_PLACEMENT_3D('',#2094,#2095,#2096);
#2094 = CARTESIAN_POINT('',(195.,195.,17.104973092657));
#2095 = DIRECTION('',(0.,-0.,1.));
#2096 = DIRECTION('',(0.951056516295,0.309016994375,0.));
#2097 = ORIENTED_EDGE('',*,*,#2098,.F.);
#2098 = EDGE_CURVE('',#2099,#2090,#2101,.T.);
#2099 = VERTEX_POINT('',#2100);
#2100 = CARTESIAN_POINT('',(212.6796188374,215.50414734666,
    17.104973092657));
#2101 = LINE('',#2102,#2103);
#2102 = CARTESIAN_POINT('',(212.6796188374,215.50414734666,
    17.104973092657));
#2103 = VECTOR('',#2104,1.);
#2104 = DIRECTION('',(0.707106781187,0.707106781187,0.));
#2105 = ORIENTED_EDGE('',*,*,#2106,.T.);
#2106 = EDGE_CURVE('',#2099,#2107,#2109,.T.);
#2107 = VERTEX_POINT('',#2108);
#2108 = CARTESIAN_POINT('',(215.50414734666,212.6796188374,
    17.104973092657));
#2109 = LINE('',#2110,#2111);
#2110 = CARTESIAN_POINT('',(214.09188309203,214.09188309203,
    17.104973092657));
#2111 = VECTOR('',#2112,1.);
#2112 = DIRECTION('',(0.707106781187,-0.707106781187,0.));
#2113 = ORIENTED_EDGE('',*,*,#2114,.T.);
#2114 = EDGE_CURVE('',#2107,#2115,#2117,.T.);
#2115 = VERTEX_POINT('',#2116);
#2116 = CARTESIAN_POINT('',(216.16082140889,213.33629289962,
    17.104973092657));
#2117 = LINE('',#2118,#2119);
#2118 = CARTESIAN_POINT('',(215.50414734666,212.6796188374,
    17.104973092657));
#2119 = VECTOR('',#2120,1.);
#2120 = DIRECTION('',(0.707106781187,0.707106781187,0.));
#2121 = ORIENTED_EDGE('',*,*,#2122,.F.);
#2122 = EDGE_CURVE('',#2055,#2115,#2123,.T.);
#2123 = CIRCLE('',#2124,28.);
#2124 = AXIS2_PLACEMENT_3D('',#2125,#2126,#2127);
#2125 = CARTESIAN_POINT('',(195.,195.,17.104973092657));
#2126 = DIRECTION('',(0.,-0.,1.));
#2127 = DIRECTION('',(0.951056516295,0.309016994375,0.));
#2128 = PLANE('',#2129);
#2129 = AXIS2_PLACEMENT_3D('',#2130,#2131,#2132);
#2130 = CARTESIAN_POINT('',(195.,195.,17.104973092657));
#2131 = DIRECTION('',(0.,0.,1.));
#2132 = DIRECTION('',(0.951056516295,0.309016994375,0.));
#2133 = ADVANCED_FACE('',(#2134),#2163,.T.);
#2134 = FACE_BOUND('',#2135,.T.);
#2135 = EDGE_LOOP('',(#2136,#2144,#2153,#2159,#2160,#2161,#2162));
#2136 = ORIENTED_EDGE('',*,*,#2137,.F.);
#2137 = EDGE_CURVE('',#2138,#2053,#2140,.T.);
#2138 = VERTEX_POINT('',#2139);
#2139 = CARTESIAN_POINT('',(207.36373471183,199.01722092687,4.));
#2140 = LINE('',#2141,#2142);
#2141 = CARTESIAN_POINT('',(207.36373471183,199.01722092687,4.));
#2142 = VECTOR('',#2143,1.);
#2143 = DIRECTION('',(0.,0.,1.));
#2144 = ORIENTED_EDGE('',*,*,#2145,.T.);
#2145 = EDGE_CURVE('',#2138,#2146,#2148,.T.);
#2146 = VERTEX_POINT('',#2147);
#2147 = CARTESIAN_POINT('',(199.01722092687,207.36373471183,4.));
#2148 = CIRCLE('',#2149,13.);
#2149 = AXIS2_PLACEMENT_3D('',#2150,#2151,#2152);
#2150 = CARTESIAN_POINT('',(195.,195.,4.));
#2151 = DIRECTION('',(0.,-0.,1.));
#2152 = DIRECTION('',(0.951056516295,0.309016994375,0.));
#2153 = ORIENTED_EDGE('',*,*,#2154,.T.);
#2154 = EDGE_CURVE('',#2146,#2073,#2155,.T.);
#2155 = LINE('',#2156,#2157);
#2156 = CARTESIAN_POINT('',(199.01722092687,207.36373471183,4.));
#2157 = VECTOR('',#2158,1.);
#2158 = DIRECTION('',(0.,0.,1.));
#2159 = ORIENTED_EDGE('',*,*,#2072,.F.);
#2160 = ORIENTED_EDGE('',*,*,#1694,.F.);
#2161 = ORIENTED_EDGE('',*,*,#1712,.F.);
#2162 = ORIENTED_EDGE('',*,*,#2062,.F.);
#2163 = CYLINDRICAL_SURFACE('',#2164,13.);
#2164 = AXIS2_PLACEMENT_3D('',#2165,#2166,#2167);
#2165 = CARTESIAN_POINT('',(195.,195.,4.));
#2166 = DIRECTION('',(0.,0.,1.));
#2167 = DIRECTION('',(0.951056516295,0.309016994375,0.));
#2168 = ADVANCED_FACE('',(#2169),#2194,.T.);
#2169 = FACE_BOUND('',#2170,.T.);
#2170 = EDGE_LOOP('',(#2171,#2181,#2187,#2188));
#2171 = ORIENTED_EDGE('',*,*,#2172,.T.);
#2172 = EDGE_CURVE('',#2173,#2175,#2177,.T.);
#2173 = VERTEX_POINT('',#2174);
#2174 = CARTESIAN_POINT('',(98.,215.5,12.042765325185));
#2175 = VERTEX_POINT('',#2176);
#2176 = CARTESIAN_POINT('',(55.,215.5,12.042765325185));
#2177 = LINE('',#2178,#2179);
#2178 = CARTESIAN_POINT('',(98.,215.5,12.042765325185));
#2179 = VECTOR('',#2180,1.);
#2180 = DIRECTION('',(-1.,1.110223024625E-16,0.));
#2181 = ORIENTED_EDGE('',*,*,#2182,.T.);
#2182 = EDGE_CURVE('',#2175,#1778,#2183,.T.);
#2183 = LINE('',#2184,#2185);
#2184 = CARTESIAN_POINT('',(55.,215.5,12.042765325185));
#2185 = VECTOR('',#2186,1.);
#2186 = DIRECTION('',(-7.57170282098E-17,-0.681998360062,-0.731353701619
    ));
#2187 = ORIENTED_EDGE('',*,*,#1775,.F.);
#2188 = ORIENTED_EDGE('',*,*,#2189,.F.);
#2189 = EDGE_CURVE('',#2173,#1776,#2190,.T.);
#2190 = LINE('',#2191,#2192);
#2191 = CARTESIAN_POINT('',(98.,215.5,12.042765325185));
#2192 = VECTOR('',#2193,1.);
#2193 = DIRECTION('',(-7.57170282098E-17,-0.681998360062,-0.731353701619
    ));
#2194 = PLANE('',#2195);
#2195 = AXIS2_PLACEMENT_3D('',#2196,#2197,#2198);
#2196 = CARTESIAN_POINT('',(98.,215.5,12.042765325185));
#2197 = DIRECTION('',(-8.119657186824E-17,-0.731353701619,0.681998360062
    ));
#2198 = DIRECTION('',(-7.57170282098E-17,-0.681998360062,-0.731353701619
    ));
#2199 = ADVANCED_FACE('',(#2200),#2226,.T.);
#2200 = FACE_BOUND('',#2201,.T.);
#2201 = EDGE_LOOP('',(#2202,#2203,#2211,#2219,#2225));
#2202 = ORIENTED_EDGE('',*,*,#1801,.T.);
#2203 = ORIENTED_EDGE('',*,*,#2204,.T.);
#2204 = EDGE_CURVE('',#1794,#2205,#2207,.T.);
#2205 = VERTEX_POINT('',#2206);
#2206 = CARTESIAN_POINT('',(98.,223.,20.));
#2207 = LINE('',#2208,#2209);
#2208 = CARTESIAN_POINT('',(98.,208.,20.));
#2209 = VECTOR('',#2210,1.);
#2210 = DIRECTION('',(1.110223024625E-16,1.,0.));
#2211 = ORIENTED_EDGE('',*,*,#2212,.T.);
#2212 = EDGE_CURVE('',#2205,#2213,#2215,.T.);
#2213 = VERTEX_POINT('',#2214);
#2214 = CARTESIAN_POINT('',(98.,223.,4.));
#2215 = LINE('',#2216,#2217);
#2216 = CARTESIAN_POINT('',(98.,223.,20.));
#2217 = VECTOR('',#2218,1.);
#2218 = DIRECTION('',(0.,0.,-1.));
#2219 = ORIENTED_EDGE('',*,*,#2220,.T.);
#2220 = EDGE_CURVE('',#2213,#2173,#2221,.T.);
#2221 = LINE('',#2222,#2223);
#2222 = CARTESIAN_POINT('',(98.,223.,4.));
#2223 = VECTOR('',#2224,1.);
#2224 = DIRECTION('',(-7.57170282098E-17,-0.681998360062,0.731353701619)
  );
#2225 = ORIENTED_EDGE('',*,*,#2189,.T.);
#2226 = PLANE('',#2227);
#2227 = AXIS2_PLACEMENT_3D('',#2228,#2229,#2230);
#2228 = CARTESIAN_POINT('',(98.,215.5,12.470960586701));
#2229 = DIRECTION('',(-1.,1.110223024625E-16,0.));
#2230 = DIRECTION('',(0.,0.,1.));
#2231 = ADVANCED_FACE('',(#2232),#2258,.F.);
#2232 = FACE_BOUND('',#2233,.F.);
#2233 = EDGE_LOOP('',(#2234,#2235,#2243,#2251,#2257));
#2234 = ORIENTED_EDGE('',*,*,#1785,.T.);
#2235 = ORIENTED_EDGE('',*,*,#2236,.T.);
#2236 = EDGE_CURVE('',#1786,#2237,#2239,.T.);
#2237 = VERTEX_POINT('',#2238);
#2238 = CARTESIAN_POINT('',(55.,223.,20.));
#2239 = LINE('',#2240,#2241);
#2240 = CARTESIAN_POINT('',(55.,208.,20.));
#2241 = VECTOR('',#2242,1.);
#2242 = DIRECTION('',(1.110223024625E-16,1.,0.));
#2243 = ORIENTED_EDGE('',*,*,#2244,.T.);
#2244 = EDGE_CURVE('',#2237,#2245,#2247,.T.);
#2245 = VERTEX_POINT('',#2246);
#2246 = CARTESIAN_POINT('',(55.,223.,4.));
#2247 = LINE('',#2248,#2249);
#2248 = CARTESIAN_POINT('',(55.,223.,20.));
#2249 = VECTOR('',#2250,1.);
#2250 = DIRECTION('',(0.,0.,-1.));
#2251 = ORIENTED_EDGE('',*,*,#2252,.T.);
#2252 = EDGE_CURVE('',#2245,#2175,#2253,.T.);
#2253 = LINE('',#2254,#2255);
#2254 = CARTESIAN_POINT('',(55.,223.,4.));
#2255 = VECTOR('',#2256,1.);
#2256 = DIRECTION('',(-7.57170282098E-17,-0.681998360062,0.731353701619)
  );
#2257 = ORIENTED_EDGE('',*,*,#2182,.T.);
#2258 = PLANE('',#2259);
#2259 = AXIS2_PLACEMENT_3D('',#2260,#2261,#2262);
#2260 = CARTESIAN_POINT('',(55.,215.5,12.470960586701));
#2261 = DIRECTION('',(-1.,1.110223024625E-16,0.));
#2262 = DIRECTION('',(0.,0.,1.));
#2263 = ADVANCED_FACE('',(#2264),#2275,.T.);
#2264 = FACE_BOUND('',#2265,.T.);
#2265 = EDGE_LOOP('',(#2266,#2267,#2268,#2274));
#2266 = ORIENTED_EDGE('',*,*,#1793,.T.);
#2267 = ORIENTED_EDGE('',*,*,#2236,.T.);
#2268 = ORIENTED_EDGE('',*,*,#2269,.F.);
#2269 = EDGE_CURVE('',#2205,#2237,#2270,.T.);
#2270 = LINE('',#2271,#2272);
#2271 = CARTESIAN_POINT('',(98.,223.,20.));
#2272 = VECTOR('',#2273,1.);
#2273 = DIRECTION('',(-1.,1.110223024625E-16,0.));
#2274 = ORIENTED_EDGE('',*,*,#2204,.F.);
#2275 = PLANE('',#2276);
#2276 = AXIS2_PLACEMENT_3D('',#2277,#2278,#2279);
#2277 = CARTESIAN_POINT('',(98.,208.,20.));
#2278 = DIRECTION('',(0.,0.,-1.));
#2279 = DIRECTION('',(1.110223024625E-16,1.,0.));
#2280 = ADVANCED_FACE('',(#2281),#2314,.T.);
#2281 = FACE_BOUND('',#2282,.T.);
#2282 = EDGE_LOOP('',(#2283,#2291,#2292,#2300,#2308));
#2283 = ORIENTED_EDGE('',*,*,#2284,.T.);
#2284 = EDGE_CURVE('',#2285,#1819,#2287,.T.);
#2285 = VERTEX_POINT('',#2286);
#2286 = CARTESIAN_POINT('',(144.,215.5,12.042765325185));
#2287 = LINE('',#2288,#2289);
#2288 = CARTESIAN_POINT('',(144.,215.5,12.042765325185));
#2289 = VECTOR('',#2290,1.);
#2290 = DIRECTION('',(-7.57170282098E-17,-0.681998360062,-0.731353701619
    ));
#2291 = ORIENTED_EDGE('',*,*,#1818,.T.);
#2292 = ORIENTED_EDGE('',*,*,#2293,.F.);
#2293 = EDGE_CURVE('',#2294,#1821,#2296,.T.);
#2294 = VERTEX_POINT('',#2295);
#2295 = CARTESIAN_POINT('',(144.,223.,14.));
#2296 = LINE('',#2297,#2298);
#2297 = CARTESIAN_POINT('',(144.,207.75,14.));
#2298 = VECTOR('',#2299,1.);
#2299 = DIRECTION('',(-1.110223024625E-16,-1.,0.));
#2300 = ORIENTED_EDGE('',*,*,#2301,.T.);
#2301 = EDGE_CURVE('',#2294,#2302,#2304,.T.);
#2302 = VERTEX_POINT('',#2303);
#2303 = CARTESIAN_POINT('',(144.,223.,4.));
#2304 = LINE('',#2305,#2306);
#2305 = CARTESIAN_POINT('',(144.,223.,20.));
#2306 = VECTOR('',#2307,1.);
#2307 = DIRECTION('',(0.,0.,-1.));
#2308 = ORIENTED_EDGE('',*,*,#2309,.T.);
#2309 = EDGE_CURVE('',#2302,#2285,#2310,.T.);
#2310 = LINE('',#2311,#2312);
#2311 = CARTESIAN_POINT('',(144.,223.,4.));
#2312 = VECTOR('',#2313,1.);
#2313 = DIRECTION('',(-7.57170282098E-17,-0.681998360062,0.731353701619)
  );
#2314 = PLANE('',#2315);
#2315 = AXIS2_PLACEMENT_3D('',#2316,#2317,#2318);
#2316 = CARTESIAN_POINT('',(144.,215.5,12.470960586701));
#2317 = DIRECTION('',(-1.,1.110223024625E-16,0.));
#2318 = DIRECTION('',(0.,0.,1.));
#2319 = ADVANCED_FACE('',(#2320),#2362,.T.);
#2320 = FACE_BOUND('',#2321,.T.);
#2321 = EDGE_LOOP('',(#2322,#2323,#2331,#2339,#2347,#2355,#2361));
#2322 = ORIENTED_EDGE('',*,*,#1868,.T.);
#2323 = ORIENTED_EDGE('',*,*,#2324,.T.);
#2324 = EDGE_CURVE('',#1861,#2325,#2327,.T.);
#2325 = VERTEX_POINT('',#2326);
#2326 = CARTESIAN_POINT('',(140.,213.59509051682,10.));
#2327 = LINE('',#2328,#2329);
#2328 = CARTESIAN_POINT('',(140.,200.,10.));
#2329 = VECTOR('',#2330,1.);
#2330 = DIRECTION('',(1.110223024625E-16,1.,0.));
#2331 = ORIENTED_EDGE('',*,*,#2332,.T.);
#2332 = EDGE_CURVE('',#2325,#2333,#2335,.T.);
#2333 = VERTEX_POINT('',#2334);
#2334 = CARTESIAN_POINT('',(142.04276532518,215.5,12.042765325185));
#2335 = LINE('',#2336,#2337);
#2336 = CARTESIAN_POINT('',(139.15344799193,212.8056679981,9.15344799193
    ));
#2337 = VECTOR('',#2338,1.);
#2338 = DIRECTION('',(0.590324081033,0.550486111274,0.590324081033));
#2339 = ORIENTED_EDGE('',*,*,#2340,.T.);
#2340 = EDGE_CURVE('',#2333,#2341,#2343,.T.);
#2341 = VERTEX_POINT('',#2342);
#2342 = CARTESIAN_POINT('',(140.,217.40490948317,10.));
#2343 = LINE('',#2344,#2345);
#2344 = CARTESIAN_POINT('',(141.57040761635,215.94048068954,
    11.57040761635));
#2345 = VECTOR('',#2346,1.);
#2346 = DIRECTION('',(-0.590324081033,0.550486111274,-0.590324081033));
#2347 = ORIENTED_EDGE('',*,*,#2348,.T.);
#2348 = EDGE_CURVE('',#2341,#2349,#2351,.T.);
#2349 = VERTEX_POINT('',#2350);
#2350 = CARTESIAN_POINT('',(140.,223.,10.));
#2351 = LINE('',#2352,#2353);
#2352 = CARTESIAN_POINT('',(140.,200.,10.));
#2353 = VECTOR('',#2354,1.);
#2354 = DIRECTION('',(1.110223024625E-16,1.,0.));
#2355 = ORIENTED_EDGE('',*,*,#2356,.T.);
#2356 = EDGE_CURVE('',#2349,#2294,#2357,.T.);
#2357 = LINE('',#2358,#2359);
#2358 = CARTESIAN_POINT('',(143.5,223.,13.5));
#2359 = VECTOR('',#2360,1.);
#2360 = DIRECTION('',(0.707106781187,-7.850462293419E-17,0.707106781187)
  );
#2361 = ORIENTED_EDGE('',*,*,#2293,.T.);
#2362 = PLANE('',#2363);
#2363 = AXIS2_PLACEMENT_3D('',#2364,#2365,#2366);
#2364 = CARTESIAN_POINT('',(140.,200.,10.));
#2365 = DIRECTION('',(0.707106781187,-7.850462293419E-17,-0.707106781187
    ));
#2366 = DIRECTION('',(0.707106781187,-7.850462293419E-17,0.707106781187)
  );
#2367 = ADVANCED_FACE('',(#2368),#2401,.T.);
#2368 = FACE_BOUND('',#2369,.T.);
#2369 = EDGE_LOOP('',(#2370,#2371,#2379,#2385,#2386,#2394,#2400));
#2370 = ORIENTED_EDGE('',*,*,#1860,.T.);
#2371 = ORIENTED_EDGE('',*,*,#2372,.T.);
#2372 = EDGE_CURVE('',#1853,#2373,#2375,.T.);
#2373 = VERTEX_POINT('',#2374);
#2374 = CARTESIAN_POINT('',(135.,223.,15.));
#2375 = LINE('',#2376,#2377);
#2376 = CARTESIAN_POINT('',(135.,200.,15.));
#2377 = VECTOR('',#2378,1.);
#2378 = DIRECTION('',(1.110223024625E-16,1.,0.));
#2379 = ORIENTED_EDGE('',*,*,#2380,.T.);
#2380 = EDGE_CURVE('',#2373,#2349,#2381,.T.);
#2381 = LINE('',#2382,#2383);
#2382 = CARTESIAN_POINT('',(136.,223.,14.));
#2383 = VECTOR('',#2384,1.);
#2384 = DIRECTION('',(0.707106781187,-7.850462293419E-17,-0.707106781187
    ));
#2385 = ORIENTED_EDGE('',*,*,#2348,.F.);
#2386 = ORIENTED_EDGE('',*,*,#2387,.T.);
#2387 = EDGE_CURVE('',#2341,#2388,#2390,.T.);
#2388 = VERTEX_POINT('',#2389);
#2389 = CARTESIAN_POINT('',(137.95723467481,215.5,12.042765325185));
#2390 = LINE('',#2391,#2392);
#2391 = CARTESIAN_POINT('',(138.081109863,215.61551548178,
    11.918890136998));
#2392 = VECTOR('',#2393,1.);
#2393 = DIRECTION('',(-0.590324081033,-0.550486111274,0.590324081033));
#2394 = ORIENTED_EDGE('',*,*,#2395,.T.);
#2395 = EDGE_CURVE('',#2388,#2325,#2396,.T.);
#2396 = LINE('',#2397,#2398);
#2397 = CARTESIAN_POINT('',(140.49806948742,213.13063320586,
    9.501930512578));
#2398 = VECTOR('',#2399,1.);
#2399 = DIRECTION('',(0.590324081033,-0.550486111274,-0.590324081033));
#2400 = ORIENTED_EDGE('',*,*,#2324,.F.);
#2401 = PLANE('',#2402);
#2402 = AXIS2_PLACEMENT_3D('',#2403,#2404,#2405);
#2403 = CARTESIAN_POINT('',(135.,200.,15.));
#2404 = DIRECTION('',(-0.707106781187,7.850462293419E-17,-0.707106781187
    ));
#2405 = DIRECTION('',(0.707106781187,-7.850462293419E-17,-0.707106781187
    ));
#2406 = ADVANCED_FACE('',(#2407),#2425,.T.);
#2407 = FACE_BOUND('',#2408,.T.);
#2408 = EDGE_LOOP('',(#2409,#2410,#2411,#2419));
#2409 = ORIENTED_EDGE('',*,*,#2372,.F.);
#2410 = ORIENTED_EDGE('',*,*,#1852,.T.);
#2411 = ORIENTED_EDGE('',*,*,#2412,.T.);
#2412 = EDGE_CURVE('',#1845,#2413,#2415,.T.);
#2413 = VERTEX_POINT('',#2414);
#2414 = CARTESIAN_POINT('',(135.,223.,20.));
#2415 = LINE('',#2416,#2417);
#2416 = CARTESIAN_POINT('',(135.,204.,20.));
#2417 = VECTOR('',#2418,1.);
#2418 = DIRECTION('',(1.110223024625E-16,1.,0.));
#2419 = ORIENTED_EDGE('',*,*,#2420,.T.);
#2420 = EDGE_CURVE('',#2413,#2373,#2421,.T.);
#2421 = LINE('',#2422,#2423);
#2422 = CARTESIAN_POINT('',(135.,223.,22.5));
#2423 = VECTOR('',#2424,1.);
#2424 = DIRECTION('',(-0.,0.,-1.));
#2425 = PLANE('',#2426);
#2426 = AXIS2_PLACEMENT_3D('',#2427,#2428,#2429);
#2427 = CARTESIAN_POINT('',(135.,200.,25.));
#2428 = DIRECTION('',(-1.,1.110223024625E-16,0.));
#2429 = DIRECTION('',(0.,0.,-1.));
#2430 = ADVANCED_FACE('',(#2431),#2449,.T.);
#2431 = FACE_BOUND('',#2432,.T.);
#2432 = EDGE_LOOP('',(#2433,#2434,#2435,#2443));
#2433 = ORIENTED_EDGE('',*,*,#2412,.F.);
#2434 = ORIENTED_EDGE('',*,*,#1844,.T.);
#2435 = ORIENTED_EDGE('',*,*,#2436,.T.);
#2436 = EDGE_CURVE('',#1837,#2437,#2439,.T.);
#2437 = VERTEX_POINT('',#2438);
#2438 = CARTESIAN_POINT('',(101.,223.,20.));
#2439 = LINE('',#2440,#2441);
#2440 = CARTESIAN_POINT('',(101.,208.,20.));
#2441 = VECTOR('',#2442,1.);
#2442 = DIRECTION('',(1.110223024625E-16,1.,0.));
#2443 = ORIENTED_EDGE('',*,*,#2444,.F.);
#2444 = EDGE_CURVE('',#2413,#2437,#2445,.T.);
#2445 = LINE('',#2446,#2447);
#2446 = CARTESIAN_POINT('',(144.,223.,20.));
#2447 = VECTOR('',#2448,1.);
#2448 = DIRECTION('',(-1.,1.110223024625E-16,0.));
#2449 = PLANE('',#2450);
#2450 = AXIS2_PLACEMENT_3D('',#2451,#2452,#2453);
#2451 = CARTESIAN_POINT('',(144.,208.,20.));
#2452 = DIRECTION('',(0.,0.,-1.));
#2453 = DIRECTION('',(1.110223024625E-16,1.,0.));
#2454 = ADVANCED_FACE('',(#2455),#2481,.F.);
#2455 = FACE_BOUND('',#2456,.F.);
#2456 = EDGE_LOOP('',(#2457,#2458,#2459,#2467,#2475));
#2457 = ORIENTED_EDGE('',*,*,#1836,.T.);
#2458 = ORIENTED_EDGE('',*,*,#2436,.T.);
#2459 = ORIENTED_EDGE('',*,*,#2460,.T.);
#2460 = EDGE_CURVE('',#2437,#2461,#2463,.T.);
#2461 = VERTEX_POINT('',#2462);
#2462 = CARTESIAN_POINT('',(101.,223.,4.));
#2463 = LINE('',#2464,#2465);
#2464 = CARTESIAN_POINT('',(101.,223.,20.));
#2465 = VECTOR('',#2466,1.);
#2466 = DIRECTION('',(0.,0.,-1.));
#2467 = ORIENTED_EDGE('',*,*,#2468,.T.);
#2468 = EDGE_CURVE('',#2461,#2469,#2471,.T.);
#2469 = VERTEX_POINT('',#2470);
#2470 = CARTESIAN_POINT('',(101.,215.5,12.042765325185));
#2471 = LINE('',#2472,#2473);
#2472 = CARTESIAN_POINT('',(101.,223.,4.));
#2473 = VECTOR('',#2474,1.);
#2474 = DIRECTION('',(-7.57170282098E-17,-0.681998360062,0.731353701619)
  );
#2475 = ORIENTED_EDGE('',*,*,#2476,.T.);
#2476 = EDGE_CURVE('',#2469,#1829,#2477,.T.);
#2477 = LINE('',#2478,#2479);
#2478 = CARTESIAN_POINT('',(101.,215.5,12.042765325185));
#2479 = VECTOR('',#2480,1.);
#2480 = DIRECTION('',(-7.57170282098E-17,-0.681998360062,-0.731353701619
    ));
#2481 = PLANE('',#2482);
#2482 = AXIS2_PLACEMENT_3D('',#2483,#2484,#2485);
#2483 = CARTESIAN_POINT('',(101.,215.5,12.470960586701));
#2484 = DIRECTION('',(-1.,1.110223024625E-16,0.));
#2485 = DIRECTION('',(0.,0.,1.));
#2486 = ADVANCED_FACE('',(#2487),#2506,.T.);
#2487 = FACE_BOUND('',#2488,.T.);
#2488 = EDGE_LOOP('',(#2489,#2490,#2496,#2497,#2498,#2504,#2505));
#2489 = ORIENTED_EDGE('',*,*,#2284,.F.);
#2490 = ORIENTED_EDGE('',*,*,#2491,.T.);
#2491 = EDGE_CURVE('',#2285,#2333,#2492,.T.);
#2492 = LINE('',#2493,#2494);
#2493 = CARTESIAN_POINT('',(144.,215.5,12.042765325185));
#2494 = VECTOR('',#2495,1.);
#2495 = DIRECTION('',(-1.,1.110223024625E-16,0.));
#2496 = ORIENTED_EDGE('',*,*,#2332,.F.);
#2497 = ORIENTED_EDGE('',*,*,#2395,.F.);
#2498 = ORIENTED_EDGE('',*,*,#2499,.T.);
#2499 = EDGE_CURVE('',#2388,#2469,#2500,.T.);
#2500 = LINE('',#2501,#2502);
#2501 = CARTESIAN_POINT('',(144.,215.5,12.042765325185));
#2502 = VECTOR('',#2503,1.);
#2503 = DIRECTION('',(-1.,1.110223024625E-16,0.));
#2504 = ORIENTED_EDGE('',*,*,#2476,.T.);
#2505 = ORIENTED_EDGE('',*,*,#1828,.F.);
#2506 = PLANE('',#2507);
#2507 = AXIS2_PLACEMENT_3D('',#2508,#2509,#2510);
#2508 = CARTESIAN_POINT('',(144.,215.5,12.042765325185));
#2509 = DIRECTION('',(-8.119657186824E-17,-0.731353701619,0.681998360062
    ));
#2510 = DIRECTION('',(-7.57170282098E-17,-0.681998360062,-0.731353701619
    ));
#2511 = ADVANCED_FACE('',(#2512),#2545,.T.);
#2512 = FACE_BOUND('',#2513,.T.);
#2513 = EDGE_LOOP('',(#2514,#2515,#2523,#2531,#2539));
#2514 = ORIENTED_EDGE('',*,*,#1885,.T.);
#2515 = ORIENTED_EDGE('',*,*,#2516,.T.);
#2516 = EDGE_CURVE('',#1888,#2517,#2519,.T.);
#2517 = VERTEX_POINT('',#2518);
#2518 = CARTESIAN_POINT('',(190.,223.,20.));
#2519 = LINE('',#2520,#2521);
#2520 = CARTESIAN_POINT('',(190.,208.,20.));
#2521 = VECTOR('',#2522,1.);
#2522 = DIRECTION('',(1.110223024625E-16,1.,0.));
#2523 = ORIENTED_EDGE('',*,*,#2524,.T.);
#2524 = EDGE_CURVE('',#2517,#2525,#2527,.T.);
#2525 = VERTEX_POINT('',#2526);
#2526 = CARTESIAN_POINT('',(190.,223.,4.));
#2527 = LINE('',#2528,#2529);
#2528 = CARTESIAN_POINT('',(190.,223.,20.));
#2529 = VECTOR('',#2530,1.);
#2530 = DIRECTION('',(0.,0.,-1.));
#2531 = ORIENTED_EDGE('',*,*,#2532,.T.);
#2532 = EDGE_CURVE('',#2525,#2533,#2535,.T.);
#2533 = VERTEX_POINT('',#2534);
#2534 = CARTESIAN_POINT('',(190.,215.5,12.042765325185));
#2535 = LINE('',#2536,#2537);
#2536 = CARTESIAN_POINT('',(190.,223.,4.));
#2537 = VECTOR('',#2538,1.);
#2538 = DIRECTION('',(-7.57170282098E-17,-0.681998360062,0.731353701619)
  );
#2539 = ORIENTED_EDGE('',*,*,#2540,.T.);
#2540 = EDGE_CURVE('',#2533,#1886,#2541,.T.);
#2541 = LINE('',#2542,#2543);
#2542 = CARTESIAN_POINT('',(190.,215.5,12.042765325185));
#2543 = VECTOR('',#2544,1.);
#2544 = DIRECTION('',(-7.57170282098E-17,-0.681998360062,-0.731353701619
    ));
#2545 = PLANE('',#2546);
#2546 = AXIS2_PLACEMENT_3D('',#2547,#2548,#2549);
#2547 = CARTESIAN_POINT('',(190.,215.5,12.470960586701));
#2548 = DIRECTION('',(-1.,1.110223024625E-16,0.));
#2549 = DIRECTION('',(0.,0.,1.));
#2550 = ADVANCED_FACE('',(#2551),#2569,.T.);
#2551 = FACE_BOUND('',#2552,.T.);
#2552 = EDGE_LOOP('',(#2553,#2554,#2555,#2563));
#2553 = ORIENTED_EDGE('',*,*,#2516,.F.);
#2554 = ORIENTED_EDGE('',*,*,#1951,.T.);
#2555 = ORIENTED_EDGE('',*,*,#2556,.F.);
#2556 = EDGE_CURVE('',#2557,#1944,#2559,.T.);
#2557 = VERTEX_POINT('',#2558);
#2558 = CARTESIAN_POINT('',(170.,223.,20.));
#2559 = LINE('',#2560,#2561);
#2560 = CARTESIAN_POINT('',(170.,204.,20.));
#2561 = VECTOR('',#2562,1.);
#2562 = DIRECTION('',(-1.110223024625E-16,-1.,-0.));
#2563 = ORIENTED_EDGE('',*,*,#2564,.F.);
#2564 = EDGE_CURVE('',#2517,#2557,#2565,.T.);
#2565 = LINE('',#2566,#2567);
#2566 = CARTESIAN_POINT('',(190.,223.,20.));
#2567 = VECTOR('',#2568,1.);
#2568 = DIRECTION('',(-1.,1.110223024625E-16,0.));
#2569 = PLANE('',#2570);
#2570 = AXIS2_PLACEMENT_3D('',#2571,#2572,#2573);
#2571 = CARTESIAN_POINT('',(190.,208.,20.));
#2572 = DIRECTION('',(0.,0.,-1.));
#2573 = DIRECTION('',(1.110223024625E-16,1.,0.));
#2574 = ADVANCED_FACE('',(#2575),#2593,.T.);
#2575 = FACE_BOUND('',#2576,.T.);
#2576 = EDGE_LOOP('',(#2577,#2578,#2586,#2592));
#2577 = ORIENTED_EDGE('',*,*,#1943,.T.);
#2578 = ORIENTED_EDGE('',*,*,#2579,.T.);
#2579 = EDGE_CURVE('',#1936,#2580,#2582,.T.);
#2580 = VERTEX_POINT('',#2581);
#2581 = CARTESIAN_POINT('',(170.,223.,15.));
#2582 = LINE('',#2583,#2584);
#2583 = CARTESIAN_POINT('',(170.,200.,15.));
#2584 = VECTOR('',#2585,1.);
#2585 = DIRECTION('',(1.110223024625E-16,1.,0.));
#2586 = ORIENTED_EDGE('',*,*,#2587,.T.);
#2587 = EDGE_CURVE('',#2580,#2557,#2588,.T.);
#2588 = LINE('',#2589,#2590);
#2589 = CARTESIAN_POINT('',(170.,223.,17.5));
#2590 = VECTOR('',#2591,1.);
#2591 = DIRECTION('',(0.,0.,1.));
#2592 = ORIENTED_EDGE('',*,*,#2556,.T.);
#2593 = PLANE('',#2594);
#2594 = AXIS2_PLACEMENT_3D('',#2595,#2596,#2597);
#2595 = CARTESIAN_POINT('',(170.,200.,15.));
#2596 = DIRECTION('',(1.,-1.110223024625E-16,0.));
#2597 = DIRECTION('',(0.,0.,1.));
#2598 = ADVANCED_FACE('',(#2599),#2641,.T.);
#2599 = FACE_BOUND('',#2600,.T.);
#2600 = EDGE_LOOP('',(#2601,#2602,#2610,#2618,#2626,#2634,#2640));
#2601 = ORIENTED_EDGE('',*,*,#1935,.T.);
#2602 = ORIENTED_EDGE('',*,*,#2603,.T.);
#2603 = EDGE_CURVE('',#1928,#2604,#2606,.T.);
#2604 = VERTEX_POINT('',#2605);
#2605 = CARTESIAN_POINT('',(165.,213.59509051682,10.));
#2606 = LINE('',#2607,#2608);
#2607 = CARTESIAN_POINT('',(165.,200.,10.));
#2608 = VECTOR('',#2609,1.);
#2609 = DIRECTION('',(1.110223024625E-16,1.,0.));
#2610 = ORIENTED_EDGE('',*,*,#2611,.T.);
#2611 = EDGE_CURVE('',#2604,#2612,#2614,.T.);
#2612 = VERTEX_POINT('',#2613);
#2613 = CARTESIAN_POINT('',(167.04276532518,215.5,12.042765325185));
#2614 = LINE('',#2615,#2616);
#2615 = CARTESIAN_POINT('',(167.81251445872,216.21780267957,
    12.812514458728));
#2616 = VECTOR('',#2617,1.);
#2617 = DIRECTION('',(0.590324081033,0.550486111274,0.590324081033));
#2618 = ORIENTED_EDGE('',*,*,#2619,.T.);
#2619 = EDGE_CURVE('',#2612,#2620,#2622,.T.);
#2620 = VERTEX_POINT('',#2621);
#2621 = CARTESIAN_POINT('',(165.,217.40490948317,10.));
#2622 = LINE('',#2623,#2624);
#2623 = CARTESIAN_POINT('',(170.22947408314,212.52834600807,
    15.229474083148));
#2624 = VECTOR('',#2625,1.);
#2625 = DIRECTION('',(-0.590324081033,0.550486111274,-0.590324081033));
#2626 = ORIENTED_EDGE('',*,*,#2627,.T.);
#2627 = EDGE_CURVE('',#2620,#2628,#2630,.T.);
#2628 = VERTEX_POINT('',#2629);
#2629 = CARTESIAN_POINT('',(165.,223.,10.));
#2630 = LINE('',#2631,#2632);
#2631 = CARTESIAN_POINT('',(165.,200.,10.));
#2632 = VECTOR('',#2633,1.);
#2633 = DIRECTION('',(1.110223024625E-16,1.,0.));
#2634 = ORIENTED_EDGE('',*,*,#2635,.T.);
#2635 = EDGE_CURVE('',#2628,#2580,#2636,.T.);
#2636 = LINE('',#2637,#2638);
#2637 = CARTESIAN_POINT('',(173.75,223.,18.75));
#2638 = VECTOR('',#2639,1.);
#2639 = DIRECTION('',(0.707106781187,-7.850462293419E-17,0.707106781187)
  );
#2640 = ORIENTED_EDGE('',*,*,#2579,.F.);
#2641 = PLANE('',#2642);
#2642 = AXIS2_PLACEMENT_3D('',#2643,#2644,#2645);
#2643 = CARTESIAN_POINT('',(165.,200.,10.));
#2644 = DIRECTION('',(0.707106781187,-7.850462293419E-17,-0.707106781187
    ));
#2645 = DIRECTION('',(0.707106781187,-7.850462293419E-17,0.707106781187)
  );
#2646 = ADVANCED_FACE('',(#2647),#2680,.T.);
#2647 = FACE_BOUND('',#2648,.T.);
#2648 = EDGE_LOOP('',(#2649,#2650,#2658,#2664,#2665,#2673,#2679));
#2649 = ORIENTED_EDGE('',*,*,#1927,.T.);
#2650 = ORIENTED_EDGE('',*,*,#2651,.T.);
#2651 = EDGE_CURVE('',#1920,#2652,#2654,.T.);
#2652 = VERTEX_POINT('',#2653);
#2653 = CARTESIAN_POINT('',(160.,223.,15.));
#2654 = LINE('',#2655,#2656);
#2655 = CARTESIAN_POINT('',(160.,200.,15.));
#2656 = VECTOR('',#2657,1.);
#2657 = DIRECTION('',(1.110223024625E-16,1.,0.));
#2658 = ORIENTED_EDGE('',*,*,#2659,.T.);
#2659 = EDGE_CURVE('',#2652,#2628,#2660,.T.);
#2660 = LINE('',#2661,#2662);
#2661 = CARTESIAN_POINT('',(166.25,223.,8.75));
#2662 = VECTOR('',#2663,1.);
#2663 = DIRECTION('',(0.707106781187,-7.850462293419E-17,-0.707106781187
    ));
#2664 = ORIENTED_EDGE('',*,*,#2627,.F.);
#2665 = ORIENTED_EDGE('',*,*,#2666,.T.);
#2666 = EDGE_CURVE('',#2620,#2667,#2669,.T.);
#2667 = VERTEX_POINT('',#2668);
#2668 = CARTESIAN_POINT('',(162.95723467481,215.5,12.042765325185));
#2669 = LINE('',#2670,#2671);
#2670 = CARTESIAN_POINT('',(166.7401763298,219.02765016325,8.2598236702)
  );
#2671 = VECTOR('',#2672,1.);
#2672 = DIRECTION('',(-0.590324081033,-0.550486111274,0.590324081033));
#2673 = ORIENTED_EDGE('',*,*,#2674,.T.);
#2674 = EDGE_CURVE('',#2667,#2604,#2675,.T.);
#2675 = LINE('',#2676,#2677);
#2676 = CARTESIAN_POINT('',(169.15713595422,209.71849852439,
    5.84286404578));
#2677 = VECTOR('',#2678,1.);
#2678 = DIRECTION('',(0.590324081033,-0.550486111274,-0.590324081033));
#2679 = ORIENTED_EDGE('',*,*,#2603,.F.);
#2680 = PLANE('',#2681);
#2681 = AXIS2_PLACEMENT_3D('',#2682,#2683,#2684);
#2682 = CARTESIAN_POINT('',(160.,200.,15.));
#2683 = DIRECTION('',(-0.707106781187,7.850462293419E-17,-0.707106781187
    ));
#2684 = DIRECTION('',(0.707106781187,-7.850462293419E-17,-0.707106781187
    ));
#2685 = ADVANCED_FACE('',(#2686),#2704,.T.);
#2686 = FACE_BOUND('',#2687,.T.);
#2687 = EDGE_LOOP('',(#2688,#2689,#2690,#2698));
#2688 = ORIENTED_EDGE('',*,*,#2651,.F.);
#2689 = ORIENTED_EDGE('',*,*,#1919,.T.);
#2690 = ORIENTED_EDGE('',*,*,#2691,.T.);
#2691 = EDGE_CURVE('',#1912,#2692,#2694,.T.);
#2692 = VERTEX_POINT('',#2693);
#2693 = CARTESIAN_POINT('',(160.,223.,20.));
#2694 = LINE('',#2695,#2696);
#2695 = CARTESIAN_POINT('',(160.,204.,20.));
#2696 = VECTOR('',#2697,1.);
#2697 = DIRECTION('',(1.110223024625E-16,1.,0.));
#2698 = ORIENTED_EDGE('',*,*,#2699,.T.);
#2699 = EDGE_CURVE('',#2692,#2652,#2700,.T.);
#2700 = LINE('',#2701,#2702);
#2701 = CARTESIAN_POINT('',(160.,223.,22.5));
#2702 = VECTOR('',#2703,1.);
#2703 = DIRECTION('',(-0.,0.,-1.));
#2704 = PLANE('',#2705);
#2705 = AXIS2_PLACEMENT_3D('',#2706,#2707,#2708);
#2706 = CARTESIAN_POINT('',(160.,200.,25.));
#2707 = DIRECTION('',(-1.,1.110223024625E-16,0.));
#2708 = DIRECTION('',(0.,0.,-1.));
#2709 = ADVANCED_FACE('',(#2710),#2728,.T.);
#2710 = FACE_BOUND('',#2711,.T.);
#2711 = EDGE_LOOP('',(#2712,#2713,#2714,#2722));
#2712 = ORIENTED_EDGE('',*,*,#2691,.F.);
#2713 = ORIENTED_EDGE('',*,*,#1911,.T.);
#2714 = ORIENTED_EDGE('',*,*,#2715,.T.);
#2715 = EDGE_CURVE('',#1904,#2716,#2718,.T.);
#2716 = VERTEX_POINT('',#2717);
#2717 = CARTESIAN_POINT('',(147.,223.,20.));
#2718 = LINE('',#2719,#2720);
#2719 = CARTESIAN_POINT('',(147.,208.,20.));
#2720 = VECTOR('',#2721,1.);
#2721 = DIRECTION('',(1.110223024625E-16,1.,0.));
#2722 = ORIENTED_EDGE('',*,*,#2723,.F.);
#2723 = EDGE_CURVE('',#2692,#2716,#2724,.T.);
#2724 = LINE('',#2725,#2726);
#2725 = CARTESIAN_POINT('',(190.,223.,20.));
#2726 = VECTOR('',#2727,1.);
#2727 = DIRECTION('',(-1.,1.110223024625E-16,0.));
#2728 = PLANE('',#2729);
#2729 = AXIS2_PLACEMENT_3D('',#2730,#2731,#2732);
#2730 = CARTESIAN_POINT('',(190.,208.,20.));
#2731 = DIRECTION('',(0.,0.,-1.));
#2732 = DIRECTION('',(1.110223024625E-16,1.,0.));
#2733 = ADVANCED_FACE('',(#2734),#2760,.F.);
#2734 = FACE_BOUND('',#2735,.F.);
#2735 = EDGE_LOOP('',(#2736,#2737,#2738,#2746,#2754));
#2736 = ORIENTED_EDGE('',*,*,#1903,.T.);
#2737 = ORIENTED_EDGE('',*,*,#2715,.T.);
#2738 = ORIENTED_EDGE('',*,*,#2739,.T.);
#2739 = EDGE_CURVE('',#2716,#2740,#2742,.T.);
#2740 = VERTEX_POINT('',#2741);
#2741 = CARTESIAN_POINT('',(147.,223.,4.));
#2742 = LINE('',#2743,#2744);
#2743 = CARTESIAN_POINT('',(147.,223.,20.));
#2744 = VECTOR('',#2745,1.);
#2745 = DIRECTION('',(0.,0.,-1.));
#2746 = ORIENTED_EDGE('',*,*,#2747,.T.);
#2747 = EDGE_CURVE('',#2740,#2748,#2750,.T.);
#2748 = VERTEX_POINT('',#2749);
#2749 = CARTESIAN_POINT('',(147.,215.5,12.042765325185));
#2750 = LINE('',#2751,#2752);
#2751 = CARTESIAN_POINT('',(147.,223.,4.));
#2752 = VECTOR('',#2753,1.);
#2753 = DIRECTION('',(-7.57170282098E-17,-0.681998360062,0.731353701619)
  );
#2754 = ORIENTED_EDGE('',*,*,#2755,.T.);
#2755 = EDGE_CURVE('',#2748,#1896,#2756,.T.);
#2756 = LINE('',#2757,#2758);
#2757 = CARTESIAN_POINT('',(147.,215.5,12.042765325185));
#2758 = VECTOR('',#2759,1.);
#2759 = DIRECTION('',(-7.57170282098E-17,-0.681998360062,-0.731353701619
    ));
#2760 = PLANE('',#2761);
#2761 = AXIS2_PLACEMENT_3D('',#2762,#2763,#2764);
#2762 = CARTESIAN_POINT('',(147.,215.5,12.470960586701));
#2763 = DIRECTION('',(-1.,1.110223024625E-16,0.));
#2764 = DIRECTION('',(0.,0.,1.));
#2765 = ADVANCED_FACE('',(#2766),#2785,.T.);
#2766 = FACE_BOUND('',#2767,.T.);
#2767 = EDGE_LOOP('',(#2768,#2769,#2775,#2776,#2777,#2783,#2784));
#2768 = ORIENTED_EDGE('',*,*,#2540,.F.);
#2769 = ORIENTED_EDGE('',*,*,#2770,.T.);
#2770 = EDGE_CURVE('',#2533,#2612,#2771,.T.);
#2771 = LINE('',#2772,#2773);
#2772 = CARTESIAN_POINT('',(190.,215.5,12.042765325185));
#2773 = VECTOR('',#2774,1.);
#2774 = DIRECTION('',(-1.,1.110223024625E-16,0.));
#2775 = ORIENTED_EDGE('',*,*,#2611,.F.);
#2776 = ORIENTED_EDGE('',*,*,#2674,.F.);
#2777 = ORIENTED_EDGE('',*,*,#2778,.T.);
#2778 = EDGE_CURVE('',#2667,#2748,#2779,.T.);
#2779 = LINE('',#2780,#2781);
#2780 = CARTESIAN_POINT('',(190.,215.5,12.042765325185));
#2781 = VECTOR('',#2782,1.);
#2782 = DIRECTION('',(-1.,1.110223024625E-16,0.));
#2783 = ORIENTED_EDGE('',*,*,#2755,.T.);
#2784 = ORIENTED_EDGE('',*,*,#1895,.F.);
#2785 = PLANE('',#2786);
#2786 = AXIS2_PLACEMENT_3D('',#2787,#2788,#2789);
#2787 = CARTESIAN_POINT('',(190.,215.5,12.042765325185));
#2788 = DIRECTION('',(-8.119657186824E-17,-0.731353701619,0.681998360062
    ));
#2789 = DIRECTION('',(-7.57170282098E-17,-0.681998360062,-0.731353701619
    ));
#2790 = ADVANCED_FACE('',(#2791),#2817,.T.);
#2791 = FACE_BOUND('',#2792,.T.);
#2792 = EDGE_LOOP('',(#2793,#2794,#2795,#2803,#2811));
#2793 = ORIENTED_EDGE('',*,*,#2137,.T.);
#2794 = ORIENTED_EDGE('',*,*,#2052,.T.);
#2795 = ORIENTED_EDGE('',*,*,#2796,.T.);
#2796 = EDGE_CURVE('',#2055,#2797,#2799,.T.);
#2797 = VERTEX_POINT('',#2798);
#2798 = CARTESIAN_POINT('',(221.62958245626,203.65247584249,4.));
#2799 = LINE('',#2800,#2801);
#2800 = CARTESIAN_POINT('',(221.62958245626,203.65247584249,
    17.104973092657));
#2801 = VECTOR('',#2802,1.);
#2802 = DIRECTION('',(0.,0.,-1.));
#2803 = ORIENTED_EDGE('',*,*,#2804,.T.);
#2804 = EDGE_CURVE('',#2797,#2805,#2807,.T.);
#2805 = VERTEX_POINT('',#2806);
#2806 = CARTESIAN_POINT('',(214.49665858405,201.33484838468,
    12.042765325185));
#2807 = LINE('',#2808,#2809);
#2808 = CARTESIAN_POINT('',(221.62958245626,203.65247584249,4.));
#2809 = VECTOR('',#2810,1.);
#2810 = DIRECTION('',(-0.64861898444,-0.210749083395,0.731353701619));
#2811 = ORIENTED_EDGE('',*,*,#2812,.T.);
#2812 = EDGE_CURVE('',#2805,#2138,#2813,.T.);
#2813 = LINE('',#2814,#2815);
#2814 = CARTESIAN_POINT('',(214.49665858405,201.33484838468,
    12.042765325185));
#2815 = VECTOR('',#2816,1.);
#2816 = DIRECTION('',(-0.64861898444,-0.210749083395,-0.731353701619));
#2817 = PLANE('',#2818);
#2818 = AXIS2_PLACEMENT_3D('',#2819,#2820,#2821);
#2819 = CARTESIAN_POINT('',(214.49665858405,201.33484838468,
    11.226773517716));
#2820 = DIRECTION('',(-0.309016994375,0.951056516295,0.));
#2821 = DIRECTION('',(0.,0.,1.));
#2822 = ADVANCED_FACE('',(#2823),#2888,.F.);
#2823 = FACE_BOUND('',#2824,.T.);
#2824 = EDGE_LOOP('',(#2825,#2826,#2827,#2864,#2872,#2873,#2881));
#2825 = ORIENTED_EDGE('',*,*,#2796,.F.);
#2826 = ORIENTED_EDGE('',*,*,#2122,.T.);
#2827 = ORIENTED_EDGE('',*,*,#2828,.T.);
#2828 = EDGE_CURVE('',#2115,#2829,#2831,.T.);
#2829 = VERTEX_POINT('',#2830);
#2830 = CARTESIAN_POINT('',(213.33420409575,216.1626312205,17.));
#2831 = B_SPLINE_CURVE_WITH_KNOTS('',7,(#2832,#2833,#2834,#2835,#2836,
    #2837,#2838,#2839,#2840,#2841,#2842,#2843,#2844,#2845,#2846,#2847,
    #2848,#2849,#2850,#2851,#2852,#2853,#2854,#2855,#2856,#2857,#2858,
    #2859,#2860,#2861,#2862,#2863),.UNSPECIFIED.,.F.,.F.,(8,6,6,6,6,8),(
    0.,2.014078267055E-02,0.324686626709,0.607091355979,0.803536496293,
    1.),.UNSPECIFIED.);
#2832 = CARTESIAN_POINT('',(216.16082138818,213.33629292352,
    17.104973692657));
#2833 = CARTESIAN_POINT('',(216.1613305176,213.33570536764,
    17.090219430262));
#2834 = CARTESIAN_POINT('',(216.1617560423,213.33521425653,
    17.075461416738));
#2835 = CARTESIAN_POINT('',(216.16209800714,213.33481956112,
    17.060700392847));
#2836 = CARTESIAN_POINT('',(216.16235644594,213.33452125953,
    17.045937098178));
#2837 = CARTESIAN_POINT('',(216.16253138145,213.334319337,
    17.031172271146));
#2838 = CARTESIAN_POINT('',(216.16262282543,213.33421378593,
    17.016406648995));
#2839 = CARTESIAN_POINT('',(216.1627510368,213.33406579534,
    16.778371250943));
#2840 = CARTESIAN_POINT('',(216.1437824531,213.35596058853,
    16.555348052631));
#2841 = CARTESIAN_POINT('',(216.10580288146,213.39980092337,
    16.334709046284));
#2842 = CARTESIAN_POINT('',(216.04812398078,213.46608855933,
    16.118935745167));
#2843 = CARTESIAN_POINT('',(215.96954252504,213.55564042597,
    15.91136655709));
#2844 = CARTESIAN_POINT('',(215.86848678473,213.66925114486,
    15.716728580196));
#2845 = CARTESIAN_POINT('',(215.6274138318,213.9351424192,
    15.380095478742));
#2846 = CARTESIAN_POINT('',(215.48599350396,214.08927123514,
    15.228641437111));
#2847 = CARTESIAN_POINT('',(215.32035504086,214.2668594895,
    15.103576533344));
#2848 = CARTESIAN_POINT('',(215.13471471126,214.46156647202,
    15.016628765818));
#2849 = CARTESIAN_POINT('',(214.93578987936,214.66478030843,
    14.975240678335));
#2850 = CARTESIAN_POINT('',(214.73204233765,214.86766926359,
    14.982230125696));
#2851 = CARTESIAN_POINT('',(214.39321908056,215.19754164267,
    15.072429030707));
#2852 = CARTESIAN_POINT('',(214.25616596878,215.3287858522,
    15.131777771916));
#2853 = CARTESIAN_POINT('',(214.12336999353,215.45386807211,
    15.212878282699));
#2854 = CARTESIAN_POINT('',(213.99714842608,215.5709114454,
    15.314603035479));
#2855 = CARTESIAN_POINT('',(213.87974360684,215.67827129813,
    15.435334808223));
#2856 = CARTESIAN_POINT('',(213.77321579794,215.77455796036,
    15.573008736007));
#2857 = CARTESIAN_POINT('',(213.58539731868,215.94275290697,
    15.877309527122));
#2858 = CARTESIAN_POINT('',(213.50408905376,216.01467728414,
    16.043973261287));
#2859 = CARTESIAN_POINT('',(213.43713015017,216.07330616026,
    16.222692992661));
#2860 = CARTESIAN_POINT('',(213.3859184607,216.11782910404,
    16.41071730221));
#2861 = CARTESIAN_POINT('',(213.35143882327,216.14769973699,
    16.605048326162));
#2862 = CARTESIAN_POINT('',(213.33420409575,216.1626312205,
    16.802534313933));
#2863 = CARTESIAN_POINT('',(213.33420409575,216.1626312205,17.));
#2864 = ORIENTED_EDGE('',*,*,#2865,.T.);
#2865 = EDGE_CURVE('',#2829,#2090,#2866,.T.);
#2866 = B_SPLINE_CURVE_WITH_KNOTS('',4,(#2867,#2868,#2869,#2870,#2871),
  .UNSPECIFIED.,.F.,.F.,(5,5),(0.,1.),.PIECEWISE_BEZIER_KNOTS.);
#2867 = CARTESIAN_POINT('',(213.33420409575,216.1626312205,17.));
#2868 = CARTESIAN_POINT('',(213.33420409575,216.1626312205,
    17.026250188975));
#2869 = CARTESIAN_POINT('',(213.33455218929,216.16232965034,
    17.052500375899));
#2870 = CARTESIAN_POINT('',(213.3352483764,216.16172651004,17.0787438088
    ));
#2871 = CARTESIAN_POINT('',(213.33629292352,216.16082138818,
    17.104973692657));
#2872 = ORIENTED_EDGE('',*,*,#2089,.T.);
#2873 = ORIENTED_EDGE('',*,*,#2874,.T.);
#2874 = EDGE_CURVE('',#2082,#2875,#2877,.T.);
#2875 = VERTEX_POINT('',#2876);
#2876 = CARTESIAN_POINT('',(203.65247584249,221.62958245626,4.));
#2877 = LINE('',#2878,#2879);
#2878 = CARTESIAN_POINT('',(203.65247584249,221.62958245626,
    17.104973092657));
#2879 = VECTOR('',#2880,1.);
#2880 = DIRECTION('',(0.,0.,-1.));
#2881 = ORIENTED_EDGE('',*,*,#2882,.F.);
#2882 = EDGE_CURVE('',#2797,#2875,#2883,.T.);
#2883 = CIRCLE('',#2884,28.);
#2884 = AXIS2_PLACEMENT_3D('',#2885,#2886,#2887);
#2885 = CARTESIAN_POINT('',(195.,195.,4.));
#2886 = DIRECTION('',(0.,-0.,1.));
#2887 = DIRECTION('',(0.951056516295,0.309016994375,0.));
#2888 = CYLINDRICAL_SURFACE('',#2889,28.);
#2889 = AXIS2_PLACEMENT_3D('',#2890,#2891,#2892);
#2890 = CARTESIAN_POINT('',(195.,195.,17.104973092657));
#2891 = DIRECTION('',(-0.,-0.,-1.));
#2892 = DIRECTION('',(0.951056516295,0.309016994375,0.));
#2893 = ADVANCED_FACE('',(#2894),#2986,.F.);
#2894 = FACE_BOUND('',#2895,.F.);
#2895 = EDGE_LOOP('',(#2896,#2907,#2915,#2925,#2931,#2932,#2933,#2940,
    #2941,#2942,#2943,#2980));
#2896 = ORIENTED_EDGE('',*,*,#2897,.F.);
#2897 = EDGE_CURVE('',#2898,#2900,#2902,.T.);
#2898 = VERTEX_POINT('',#2899);
#2899 = CARTESIAN_POINT('',(216.92225952452,219.74678803378,
    17.104973092657));
#2900 = VERTEX_POINT('',#2901);
#2901 = CARTESIAN_POINT('',(219.74678803378,216.92225952452,
    17.104973092657));
#2902 = CIRCLE('',#2903,2.);
#2903 = AXIS2_PLACEMENT_3D('',#2904,#2905,#2906);
#2904 = CARTESIAN_POINT('',(218.33452377915,218.33452377915,17.));
#2905 = DIRECTION('',(0.707106781187,0.707106781187,-0.));
#2906 = DIRECTION('',(-0.707106781187,0.707106781187,0.));
#2907 = ORIENTED_EDGE('',*,*,#2908,.F.);
#2908 = EDGE_CURVE('',#2909,#2898,#2911,.T.);
#2909 = VERTEX_POINT('',#2910);
#2910 = CARTESIAN_POINT('',(216.17103731256,218.99556582183,
    17.104973092657));
#2911 = LINE('',#2912,#2913);
#2912 = CARTESIAN_POINT('',(212.6796188374,215.50414734666,
    17.104973092657));
#2913 = VECTOR('',#2914,1.);
#2914 = DIRECTION('',(0.707106781187,0.707106781187,0.));
#2915 = ORIENTED_EDGE('',*,*,#2916,.F.);
#2916 = EDGE_CURVE('',#2917,#2909,#2919,.T.);
#2917 = VERTEX_POINT('',#2918);
#2918 = CARTESIAN_POINT('',(216.16896601889,218.99739314364,17.));
#2919 = B_SPLINE_CURVE_WITH_KNOTS('',4,(#2920,#2921,#2922,#2923,#2924),
  .UNSPECIFIED.,.F.,.F.,(5,5),(0.,1.),.PIECEWISE_BEZIER_KNOTS.);
#2920 = CARTESIAN_POINT('',(216.16896601889,218.99739314364,17.));
#2921 = CARTESIAN_POINT('',(216.16896601889,218.99739314364,
    17.026250174442));
#2922 = CARTESIAN_POINT('',(216.16931119211,218.99708865388,
    17.05250034682));
#2923 = CARTESIAN_POINT('',(216.17000153859,218.99647967439,
    17.078743779781));
#2924 = CARTESIAN_POINT('',(216.17103733626,218.99556580092,
    17.104973692657));
#2925 = ORIENTED_EDGE('',*,*,#2926,.F.);
#2926 = EDGE_CURVE('',#2829,#2917,#2927,.T.);
#2927 = LINE('',#2928,#2929);
#2928 = CARTESIAN_POINT('',(212.67766952966,215.50609665441,17.));
#2929 = VECTOR('',#2930,1.);
#2930 = DIRECTION('',(0.707106781187,0.707106781187,-1.101497328414E-32)
  );
#2931 = ORIENTED_EDGE('',*,*,#2865,.T.);
#2932 = ORIENTED_EDGE('',*,*,#2098,.F.);
#2933 = ORIENTED_EDGE('',*,*,#2934,.T.);
#2934 = EDGE_CURVE('',#2099,#2107,#2935,.T.);
#2935 = CIRCLE('',#2936,2.);
#2936 = AXIS2_PLACEMENT_3D('',#2937,#2938,#2939);
#2937 = CARTESIAN_POINT('',(214.09188309203,214.09188309203,17.));
#2938 = DIRECTION('',(0.707106781187,0.707106781187,-0.));
#2939 = DIRECTION('',(-0.707106781187,0.707106781187,0.));
#2940 = ORIENTED_EDGE('',*,*,#2114,.T.);
#2941 = ORIENTED_EDGE('',*,*,#2828,.T.);
#2942 = ORIENTED_EDGE('',*,*,#2926,.T.);
#2943 = ORIENTED_EDGE('',*,*,#2944,.F.);
#2944 = EDGE_CURVE('',#2945,#2917,#2947,.T.);
#2945 = VERTEX_POINT('',#2946);
#2946 = CARTESIAN_POINT('',(218.99556582183,216.17103731256,
    17.104973092657));
#2947 = B_SPLINE_CURVE_WITH_KNOTS('',7,(#2948,#2949,#2950,#2951,#2952,
    #2953,#2954,#2955,#2956,#2957,#2958,#2959,#2960,#2961,#2962,#2963,
    #2964,#2965,#2966,#2967,#2968,#2969,#2970,#2971,#2972,#2973,#2974,
    #2975,#2976,#2977,#2978,#2979),.UNSPECIFIED.,.F.,.F.,(8,6,6,6,6,8),(
    0.,2.014228687521E-02,0.324671790643,0.607069443087,0.803527106016,
    1.),.UNSPECIFIED.);
#2948 = CARTESIAN_POINT('',(218.99556580092,216.17103733626,
    17.104973692657));
#2949 = CARTESIAN_POINT('',(218.9960798531,216.17045470194,
    17.090219414069));
#2950 = CARTESIAN_POINT('',(218.99650949425,216.16996770706,
    17.075461392369));
#2951 = CARTESIAN_POINT('',(218.99685476845,216.16957632132,
    17.060700366754));
#2952 = CARTESIAN_POINT('',(218.99711570891,216.16928052188,
    17.045937075243));
#2953 = CARTESIAN_POINT('',(218.99729233801,216.16908029334,
    17.031172254671));
#2954 = CARTESIAN_POINT('',(218.99738466729,216.16897562778,
    17.016406640696));
#2955 = CARTESIAN_POINT('',(218.9975141044,216.16882889634,
    16.778400028497));
#2956 = CARTESIAN_POINT('',(218.97836681999,216.19053441434,
    16.55540152061));
#2957 = CARTESIAN_POINT('',(218.94002805045,216.23399711744,
    16.334772052884));
#2958 = CARTESIAN_POINT('',(218.88181518131,216.29973768831,
    16.118989685092));
#2959 = CARTESIAN_POINT('',(218.80254419512,216.38860377546,
    15.911399417844));
#2960 = CARTESIAN_POINT('',(218.70069246826,216.5014381143,
    15.716741006688));
#2961 = CARTESIAN_POINT('',(218.45804472195,216.76579763877,
    15.380079323587));
#2962 = CARTESIAN_POINT('',(218.31582206305,216.91913827109,
    15.228624848053));
#2963 = CARTESIAN_POINT('',(218.14943213029,217.09598307345,
    15.103562754241));
#2964 = CARTESIAN_POINT('',(217.96322208233,217.29012658634,
    15.016619171179));
#2965 = CARTESIAN_POINT('',(217.76402892107,217.49307191566,
    14.975239021121));
#2966 = CARTESIAN_POINT('',(217.56034295269,217.69600592956,
    14.982234988529));
#2967 = CARTESIAN_POINT('',(217.22209780719,218.02641965187,
    15.072428933936));
#2968 = CARTESIAN_POINT('',(217.08540760805,218.15802725829,
    15.131777616369));
#2969 = CARTESIAN_POINT('',(216.9530936367,218.28359213615,
    15.21287833953));
#2970 = CARTESIAN_POINT('',(216.82744619798,218.40120970265,
    15.314603300148));
#2971 = CARTESIAN_POINT('',(216.71067036454,218.50919806658,
    15.435334943571));
#2972 = CARTESIAN_POINT('',(216.60478410011,218.60612595451,
    15.573008472731));
#2973 = CARTESIAN_POINT('',(216.41819631184,218.77554936909,
    15.877307363726));
#2974 = CARTESIAN_POINT('',(216.3374757284,218.84806252381,
    16.043971016315));
#2975 = CARTESIAN_POINT('',(216.27103834178,218.90721471074,
    16.222692375102));
#2976 = CARTESIAN_POINT('',(216.22024601677,218.95215766006,
    16.410718629924));
#2977 = CARTESIAN_POINT('',(216.18605593685,218.98231732774,
    16.605050531136));
#2978 = CARTESIAN_POINT('',(216.16896601889,218.99739314364,
    16.80253577401));
#2979 = CARTESIAN_POINT('',(216.16896601889,218.99739314364,17.));
#2980 = ORIENTED_EDGE('',*,*,#2981,.T.);
#2981 = EDGE_CURVE('',#2945,#2900,#2982,.T.);
#2982 = LINE('',#2983,#2984);
#2983 = CARTESIAN_POINT('',(215.50414734666,212.6796188374,
    17.104973092657));
#2984 = VECTOR('',#2985,1.);
#2985 = DIRECTION('',(0.707106781187,0.707106781187,0.));
#2986 = CYLINDRICAL_SURFACE('',#2987,2.);
#2987 = AXIS2_PLACEMENT_3D('',#2988,#2989,#2990);
#2988 = CARTESIAN_POINT('',(214.09188309203,214.09188309203,17.));
#2989 = DIRECTION('',(0.707106781187,0.707106781187,0.));
#2990 = DIRECTION('',(-0.707106781187,0.707106781187,0.));
#2991 = ADVANCED_FACE('',(#2992),#2996,.T.);
#2992 = FACE_BOUND('',#2993,.T.);
#2993 = EDGE_LOOP('',(#2994,#2995));
#2994 = ORIENTED_EDGE('',*,*,#2106,.F.);
#2995 = ORIENTED_EDGE('',*,*,#2934,.T.);
#2996 = PLANE('',#2997);
#2997 = AXIS2_PLACEMENT_3D('',#2998,#2999,#3000);
#2998 = CARTESIAN_POINT('',(214.09188309203,214.09188309203,17.));
#2999 = DIRECTION('',(0.707106781187,0.707106781187,0.));
#3000 = DIRECTION('',(-0.707106781187,0.707106781187,0.));
#3001 = ADVANCED_FACE('',(#3002),#3021,.F.);
#3002 = FACE_BOUND('',#3003,.F.);
#3003 = EDGE_LOOP('',(#3004,#3005,#3006,#3007,#3015));
#3004 = ORIENTED_EDGE('',*,*,#2154,.T.);
#3005 = ORIENTED_EDGE('',*,*,#2081,.T.);
#3006 = ORIENTED_EDGE('',*,*,#2874,.T.);
#3007 = ORIENTED_EDGE('',*,*,#3008,.T.);
#3008 = EDGE_CURVE('',#2875,#3009,#3011,.T.);
#3009 = VERTEX_POINT('',#3010);
#3010 = CARTESIAN_POINT('',(201.33484838468,214.49665858405,
    12.042765325185));
#3011 = LINE('',#3012,#3013);
#3012 = CARTESIAN_POINT('',(203.65247584249,221.62958245626,4.));
#3013 = VECTOR('',#3014,1.);
#3014 = DIRECTION('',(-0.210749083395,-0.64861898444,0.731353701619));
#3015 = ORIENTED_EDGE('',*,*,#3016,.T.);
#3016 = EDGE_CURVE('',#3009,#2146,#3017,.T.);
#3017 = LINE('',#3018,#3019);
#3018 = CARTESIAN_POINT('',(201.33484838468,214.49665858405,
    12.042765325185));
#3019 = VECTOR('',#3020,1.);
#3020 = DIRECTION('',(-0.210749083395,-0.64861898444,-0.731353701619));
#3021 = PLANE('',#3022);
#3022 = AXIS2_PLACEMENT_3D('',#3023,#3024,#3025);
#3023 = CARTESIAN_POINT('',(201.33484838468,214.49665858405,
    11.226773517716));
#3024 = DIRECTION('',(-0.951056516295,0.309016994375,0.));
#3025 = DIRECTION('',(0.,0.,1.));
#3026 = ADVANCED_FACE('',(#3027),#3039,.F.);
#3027 = FACE_BOUND('',#3028,.T.);
#3028 = EDGE_LOOP('',(#3029,#3036,#3037,#3038));
#3029 = ORIENTED_EDGE('',*,*,#3030,.T.);
#3030 = EDGE_CURVE('',#2805,#3009,#3031,.T.);
#3031 = CIRCLE('',#3032,20.5);
#3032 = AXIS2_PLACEMENT_3D('',#3033,#3034,#3035);
#3033 = CARTESIAN_POINT('',(195.,195.,12.042765325185));
#3034 = DIRECTION('',(0.,-0.,1.));
#3035 = DIRECTION('',(0.951056516295,0.309016994375,0.));
#3036 = ORIENTED_EDGE('',*,*,#3016,.T.);
#3037 = ORIENTED_EDGE('',*,*,#2145,.F.);
#3038 = ORIENTED_EDGE('',*,*,#2812,.F.);
#3039 = CONICAL_SURFACE('',#3040,20.5,0.750491578358);
#3040 = AXIS2_PLACEMENT_3D('',#3041,#3042,#3043);
#3041 = CARTESIAN_POINT('',(195.,195.,12.042765325185));
#3042 = DIRECTION('',(0.,0.,1.));
#3043 = DIRECTION('',(0.951056516295,0.309016994375,0.));
#3044 = ADVANCED_FACE('',(#3045),#3056,.T.);
#3045 = FACE_BOUND('',#3046,.T.);
#3046 = EDGE_LOOP('',(#3047,#3053,#3054,#3055));
#3047 = ORIENTED_EDGE('',*,*,#3048,.T.);
#3048 = EDGE_CURVE('',#2213,#2245,#3049,.T.);
#3049 = LINE('',#3050,#3051);
#3050 = CARTESIAN_POINT('',(98.,223.,4.));
#3051 = VECTOR('',#3052,1.);
#3052 = DIRECTION('',(-1.,1.110223024625E-16,0.));
#3053 = ORIENTED_EDGE('',*,*,#2252,.T.);
#3054 = ORIENTED_EDGE('',*,*,#2172,.F.);
#3055 = ORIENTED_EDGE('',*,*,#2220,.F.);
#3056 = PLANE('',#3057);
#3057 = AXIS2_PLACEMENT_3D('',#3058,#3059,#3060);
#3058 = CARTESIAN_POINT('',(98.,223.,4.));
#3059 = DIRECTION('',(8.119657186824E-17,0.731353701619,0.681998360062)
  );
#3060 = DIRECTION('',(-7.57170282098E-17,-0.681998360062,0.731353701619)
  );
#3061 = ADVANCED_FACE('',(#3062,#3068),#3079,.T.);
#3062 = FACE_BOUND('',#3063,.T.);
#3063 = EDGE_LOOP('',(#3064,#3065,#3066,#3067));
#3064 = ORIENTED_EDGE('',*,*,#2269,.T.);
#3065 = ORIENTED_EDGE('',*,*,#2244,.T.);
#3066 = ORIENTED_EDGE('',*,*,#3048,.F.);
#3067 = ORIENTED_EDGE('',*,*,#2212,.F.);
#3068 = FACE_BOUND('',#3069,.T.);
#3069 = EDGE_LOOP('',(#3070));
#3070 = ORIENTED_EDGE('',*,*,#3071,.T.);
#3071 = EDGE_CURVE('',#3072,#3072,#3074,.T.);
#3072 = VERTEX_POINT('',#3073);
#3073 = CARTESIAN_POINT('',(76.5,223.,19.));
#3074 = CIRCLE('',#3075,2.);
#3075 = AXIS2_PLACEMENT_3D('',#3076,#3077,#3078);
#3076 = CARTESIAN_POINT('',(76.5,223.,17.));
#3077 = DIRECTION('',(1.110223024625E-16,1.,0.));
#3078 = DIRECTION('',(0.,-0.,1.));
#3079 = PLANE('',#3080);
#3080 = AXIS2_PLACEMENT_3D('',#3081,#3082,#3083);
#3081 = CARTESIAN_POINT('',(98.,223.,20.));
#3082 = DIRECTION('',(-1.110223024625E-16,-1.,0.));
#3083 = DIRECTION('',(0.,0.,-1.));
#3084 = ADVANCED_FACE('',(#3085),#3099,.T.);
#3085 = FACE_BOUND('',#3086,.T.);
#3086 = EDGE_LOOP('',(#3087,#3088,#3094,#3095,#3096,#3097,#3098));
#3087 = ORIENTED_EDGE('',*,*,#2309,.F.);
#3088 = ORIENTED_EDGE('',*,*,#3089,.T.);
#3089 = EDGE_CURVE('',#2302,#2461,#3090,.T.);
#3090 = LINE('',#3091,#3092);
#3091 = CARTESIAN_POINT('',(144.,223.,4.));
#3092 = VECTOR('',#3093,1.);
#3093 = DIRECTION('',(-1.,1.110223024625E-16,0.));
#3094 = ORIENTED_EDGE('',*,*,#2468,.T.);
#3095 = ORIENTED_EDGE('',*,*,#2499,.F.);
#3096 = ORIENTED_EDGE('',*,*,#2387,.F.);
#3097 = ORIENTED_EDGE('',*,*,#2340,.F.);
#3098 = ORIENTED_EDGE('',*,*,#2491,.F.);
#3099 = PLANE('',#3100);
#3100 = AXIS2_PLACEMENT_3D('',#3101,#3102,#3103);
#3101 = CARTESIAN_POINT('',(144.,223.,4.));
#3102 = DIRECTION('',(8.119657186824E-17,0.731353701619,0.681998360062)
  );
#3103 = DIRECTION('',(-7.57170282098E-17,-0.681998360062,0.731353701619)
  );
#3104 = ADVANCED_FACE('',(#3105,#3114),#3125,.T.);
#3105 = FACE_BOUND('',#3106,.T.);
#3106 = EDGE_LOOP('',(#3107,#3108,#3109,#3110,#3111,#3112,#3113));
#3107 = ORIENTED_EDGE('',*,*,#2420,.F.);
#3108 = ORIENTED_EDGE('',*,*,#2444,.T.);
#3109 = ORIENTED_EDGE('',*,*,#2460,.T.);
#3110 = ORIENTED_EDGE('',*,*,#3089,.F.);
#3111 = ORIENTED_EDGE('',*,*,#2301,.F.);
#3112 = ORIENTED_EDGE('',*,*,#2356,.F.);
#3113 = ORIENTED_EDGE('',*,*,#2380,.F.);
#3114 = FACE_BOUND('',#3115,.T.);
#3115 = EDGE_LOOP('',(#3116));
#3116 = ORIENTED_EDGE('',*,*,#3117,.T.);
#3117 = EDGE_CURVE('',#3118,#3118,#3120,.T.);
#3118 = VERTEX_POINT('',#3119);
#3119 = CARTESIAN_POINT('',(122.5,223.,19.));
#3120 = CIRCLE('',#3121,2.);
#3121 = AXIS2_PLACEMENT_3D('',#3122,#3123,#3124);
#3122 = CARTESIAN_POINT('',(122.5,223.,17.));
#3123 = DIRECTION('',(1.110223024625E-16,1.,0.));
#3124 = DIRECTION('',(0.,-0.,1.));
#3125 = PLANE('',#3126);
#3126 = AXIS2_PLACEMENT_3D('',#3127,#3128,#3129);
#3127 = CARTESIAN_POINT('',(144.,223.,20.));
#3128 = DIRECTION('',(-1.110223024625E-16,-1.,0.));
#3129 = DIRECTION('',(0.,0.,-1.));
#3130 = ADVANCED_FACE('',(#3131,#3147),#3158,.T.);
#3131 = FACE_BOUND('',#3132,.T.);
#3132 = EDGE_LOOP('',(#3133,#3134,#3135,#3136,#3137,#3138,#3139,#3140,
    #3141));
#3133 = ORIENTED_EDGE('',*,*,#2524,.F.);
#3134 = ORIENTED_EDGE('',*,*,#2564,.T.);
#3135 = ORIENTED_EDGE('',*,*,#2587,.F.);
#3136 = ORIENTED_EDGE('',*,*,#2635,.F.);
#3137 = ORIENTED_EDGE('',*,*,#2659,.F.);
#3138 = ORIENTED_EDGE('',*,*,#2699,.F.);
#3139 = ORIENTED_EDGE('',*,*,#2723,.T.);
#3140 = ORIENTED_EDGE('',*,*,#2739,.T.);
#3141 = ORIENTED_EDGE('',*,*,#3142,.F.);
#3142 = EDGE_CURVE('',#2525,#2740,#3143,.T.);
#3143 = LINE('',#3144,#3145);
#3144 = CARTESIAN_POINT('',(190.,223.,4.));
#3145 = VECTOR('',#3146,1.);
#3146 = DIRECTION('',(-1.,1.110223024625E-16,0.));
#3147 = FACE_BOUND('',#3148,.T.);
#3148 = EDGE_LOOP('',(#3149));
#3149 = ORIENTED_EDGE('',*,*,#3150,.T.);
#3150 = EDGE_CURVE('',#3151,#3151,#3153,.T.);
#3151 = VERTEX_POINT('',#3152);
#3152 = CARTESIAN_POINT('',(173.,223.,19.));
#3153 = CIRCLE('',#3154,2.);
#3154 = AXIS2_PLACEMENT_3D('',#3155,#3156,#3157);
#3155 = CARTESIAN_POINT('',(173.,223.,17.));
#3156 = DIRECTION('',(1.110223024625E-16,1.,0.));
#3157 = DIRECTION('',(0.,-0.,1.));
#3158 = PLANE('',#3159);
#3159 = AXIS2_PLACEMENT_3D('',#3160,#3161,#3162);
#3160 = CARTESIAN_POINT('',(190.,223.,20.));
#3161 = DIRECTION('',(-1.110223024625E-16,-1.,0.));
#3162 = DIRECTION('',(0.,0.,-1.));
#3163 = ADVANCED_FACE('',(#3164),#3173,.T.);
#3164 = FACE_BOUND('',#3165,.T.);
#3165 = EDGE_LOOP('',(#3166,#3167,#3168,#3169,#3170,#3171,#3172));
#3166 = ORIENTED_EDGE('',*,*,#2532,.F.);
#3167 = ORIENTED_EDGE('',*,*,#3142,.T.);
#3168 = ORIENTED_EDGE('',*,*,#2747,.T.);
#3169 = ORIENTED_EDGE('',*,*,#2778,.F.);
#3170 = ORIENTED_EDGE('',*,*,#2666,.F.);
#3171 = ORIENTED_EDGE('',*,*,#2619,.F.);
#3172 = ORIENTED_EDGE('',*,*,#2770,.F.);
#3173 = PLANE('',#3174);
#3174 = AXIS2_PLACEMENT_3D('',#3175,#3176,#3177);
#3175 = CARTESIAN_POINT('',(190.,223.,4.));
#3176 = DIRECTION('',(8.119657186824E-17,0.731353701619,0.681998360062)
  );
#3177 = DIRECTION('',(-7.57170282098E-17,-0.681998360062,0.731353701619)
  );
#3178 = ADVANCED_FACE('',(#3179),#3185,.T.);
#3179 = FACE_BOUND('',#3180,.T.);
#3180 = EDGE_LOOP('',(#3181,#3182,#3183,#3184));
#3181 = ORIENTED_EDGE('',*,*,#2882,.T.);
#3182 = ORIENTED_EDGE('',*,*,#3008,.T.);
#3183 = ORIENTED_EDGE('',*,*,#3030,.F.);
#3184 = ORIENTED_EDGE('',*,*,#2804,.F.);
#3185 = CONICAL_SURFACE('',#3186,28.,0.750491578358);
#3186 = AXIS2_PLACEMENT_3D('',#3187,#3188,#3189);
#3187 = CARTESIAN_POINT('',(195.,195.,4.));
#3188 = DIRECTION('',(-0.,-0.,-1.));
#3189 = DIRECTION('',(0.951056516295,0.309016994375,0.));
#3190 = ADVANCED_FACE('',(#3191),#3200,.F.);
#3191 = FACE_BOUND('',#3192,.F.);
#3192 = EDGE_LOOP('',(#3193,#3199));
#3193 = ORIENTED_EDGE('',*,*,#3194,.F.);
#3194 = EDGE_CURVE('',#2898,#2900,#3195,.T.);
#3195 = LINE('',#3196,#3197);
#3196 = CARTESIAN_POINT('',(218.33452377915,218.33452377915,
    17.104973092657));
#3197 = VECTOR('',#3198,1.);
#3198 = DIRECTION('',(0.707106781187,-0.707106781187,0.));
#3199 = ORIENTED_EDGE('',*,*,#2897,.T.);
#3200 = PLANE('',#3201);
#3201 = AXIS2_PLACEMENT_3D('',#3202,#3203,#3204);
#3202 = CARTESIAN_POINT('',(218.33452377915,218.33452377915,17.));
#3203 = DIRECTION('',(0.707106781187,0.707106781187,0.));
#3204 = DIRECTION('',(-0.707106781187,0.707106781187,0.));
#3205 = ADVANCED_FACE('',(#3206),#3252,.F.);
#3206 = FACE_BOUND('',#3207,.T.);
#3207 = EDGE_LOOP('',(#3208,#3218,#3225,#3226,#3227,#3228,#3237,#3245));
#3208 = ORIENTED_EDGE('',*,*,#3209,.F.);
#3209 = EDGE_CURVE('',#3210,#3212,#3214,.T.);
#3210 = VERTEX_POINT('',#3211);
#3211 = CARTESIAN_POINT('',(225.43380852144,204.88854381999,
    17.104973092657));
#3212 = VERTEX_POINT('',#3213);
#3213 = CARTESIAN_POINT('',(239.69965626587,209.52379873562,
    17.104973092657));
#3214 = LINE('',#3215,#3216);
#3215 = CARTESIAN_POINT('',(225.43380852144,204.88854381999,
    17.104973092657));
#3216 = VECTOR('',#3217,1.);
#3217 = DIRECTION('',(0.951056516295,0.309016994375,0.));
#3218 = ORIENTED_EDGE('',*,*,#3219,.T.);
#3219 = EDGE_CURVE('',#3210,#2945,#3220,.T.);
#3220 = CIRCLE('',#3221,32.);
#3221 = AXIS2_PLACEMENT_3D('',#3222,#3223,#3224);
#3222 = CARTESIAN_POINT('',(195.,195.,17.104973092657));
#3223 = DIRECTION('',(0.,-0.,1.));
#3224 = DIRECTION('',(0.951056516295,0.309016994375,0.));
#3225 = ORIENTED_EDGE('',*,*,#2981,.T.);
#3226 = ORIENTED_EDGE('',*,*,#3194,.F.);
#3227 = ORIENTED_EDGE('',*,*,#2908,.F.);
#3228 = ORIENTED_EDGE('',*,*,#3229,.T.);
#3229 = EDGE_CURVE('',#2909,#3230,#3232,.T.);
#3230 = VERTEX_POINT('',#3231);
#3231 = CARTESIAN_POINT('',(204.88854381999,225.43380852144,
    17.104973092657));
#3232 = CIRCLE('',#3233,32.);
#3233 = AXIS2_PLACEMENT_3D('',#3234,#3235,#3236);
#3234 = CARTESIAN_POINT('',(195.,195.,17.104973092657));
#3235 = DIRECTION('',(0.,-0.,1.));
#3236 = DIRECTION('',(0.951056516295,0.309016994375,0.));
#3237 = ORIENTED_EDGE('',*,*,#3238,.T.);
#3238 = EDGE_CURVE('',#3230,#3239,#3241,.T.);
#3239 = VERTEX_POINT('',#3240);
#3240 = CARTESIAN_POINT('',(209.52379873562,239.69965626587,
    17.104973092657));
#3241 = LINE('',#3242,#3243);
#3242 = CARTESIAN_POINT('',(204.88854381999,225.43380852144,
    17.104973092657));
#3243 = VECTOR('',#3244,1.);
#3244 = DIRECTION('',(0.309016994375,0.951056516295,0.));
#3245 = ORIENTED_EDGE('',*,*,#3246,.F.);
#3246 = EDGE_CURVE('',#3212,#3239,#3247,.T.);
#3247 = CIRCLE('',#3248,47.);
#3248 = AXIS2_PLACEMENT_3D('',#3249,#3250,#3251);
#3249 = CARTESIAN_POINT('',(195.,195.,17.104973092657));
#3250 = DIRECTION('',(0.,-0.,1.));
#3251 = DIRECTION('',(0.951056516295,0.309016994375,0.));
#3252 = PLANE('',#3253);
#3253 = AXIS2_PLACEMENT_3D('',#3254,#3255,#3256);
#3254 = CARTESIAN_POINT('',(195.,195.,17.104973092657));
#3255 = DIRECTION('',(0.,0.,1.));
#3256 = DIRECTION('',(0.951056516295,0.309016994375,0.));
#3257 = ADVANCED_FACE('',(#3258),#3287,.T.);
#3258 = FACE_BOUND('',#3259,.T.);
#3259 = EDGE_LOOP('',(#3260,#3268,#3277,#3283,#3284,#3285,#3286));
#3260 = ORIENTED_EDGE('',*,*,#3261,.F.);
#3261 = EDGE_CURVE('',#3262,#3210,#3264,.T.);
#3262 = VERTEX_POINT('',#3263);
#3263 = CARTESIAN_POINT('',(225.43380852144,204.88854381999,4.));
#3264 = LINE('',#3265,#3266);
#3265 = CARTESIAN_POINT('',(225.43380852144,204.88854381999,4.));
#3266 = VECTOR('',#3267,1.);
#3267 = DIRECTION('',(0.,0.,1.));
#3268 = ORIENTED_EDGE('',*,*,#3269,.T.);
#3269 = EDGE_CURVE('',#3262,#3270,#3272,.T.);
#3270 = VERTEX_POINT('',#3271);
#3271 = CARTESIAN_POINT('',(204.88854381999,225.43380852144,4.));
#3272 = CIRCLE('',#3273,32.);
#3273 = AXIS2_PLACEMENT_3D('',#3274,#3275,#3276);
#3274 = CARTESIAN_POINT('',(195.,195.,4.));
#3275 = DIRECTION('',(0.,-0.,1.));
#3276 = DIRECTION('',(0.951056516295,0.309016994375,0.));
#3277 = ORIENTED_EDGE('',*,*,#3278,.T.);
#3278 = EDGE_CURVE('',#3270,#3230,#3279,.T.);
#3279 = LINE('',#3280,#3281);
#3280 = CARTESIAN_POINT('',(204.88854381999,225.43380852144,4.));
#3281 = VECTOR('',#3282,1.);
#3282 = DIRECTION('',(0.,0.,1.));
#3283 = ORIENTED_EDGE('',*,*,#3229,.F.);
#3284 = ORIENTED_EDGE('',*,*,#2916,.F.);
#3285 = ORIENTED_EDGE('',*,*,#2944,.F.);
#3286 = ORIENTED_EDGE('',*,*,#3219,.F.);
#3287 = CYLINDRICAL_SURFACE('',#3288,32.);
#3288 = AXIS2_PLACEMENT_3D('',#3289,#3290,#3291);
#3289 = CARTESIAN_POINT('',(195.,195.,4.));
#3290 = DIRECTION('',(0.,0.,1.));
#3291 = DIRECTION('',(0.951056516295,0.309016994375,0.));
#3292 = ADVANCED_FACE('',(#3293),#3312,.F.);
#3293 = FACE_BOUND('',#3294,.F.);
#3294 = EDGE_LOOP('',(#3295,#3304,#3310,#3311));
#3295 = ORIENTED_EDGE('',*,*,#3296,.F.);
#3296 = EDGE_CURVE('',#3297,#3297,#3299,.T.);
#3297 = VERTEX_POINT('',#3298);
#3298 = CARTESIAN_POINT('',(76.5,227.,19.));
#3299 = CIRCLE('',#3300,2.);
#3300 = AXIS2_PLACEMENT_3D('',#3301,#3302,#3303);
#3301 = CARTESIAN_POINT('',(76.5,227.,17.));
#3302 = DIRECTION('',(1.110223024625E-16,1.,0.));
#3303 = DIRECTION('',(0.,-0.,1.));
#3304 = ORIENTED_EDGE('',*,*,#3305,.F.);
#3305 = EDGE_CURVE('',#3072,#3297,#3306,.T.);
#3306 = LINE('',#3307,#3308);
#3307 = CARTESIAN_POINT('',(76.5,222.,19.));
#3308 = VECTOR('',#3309,1.);
#3309 = DIRECTION('',(1.110223024625E-16,1.,0.));
#3310 = ORIENTED_EDGE('',*,*,#3071,.T.);
#3311 = ORIENTED_EDGE('',*,*,#3305,.T.);
#3312 = CYLINDRICAL_SURFACE('',#3313,2.);
#3313 = AXIS2_PLACEMENT_3D('',#3314,#3315,#3316);
#3314 = CARTESIAN_POINT('',(76.5,222.,17.));
#3315 = DIRECTION('',(1.110223024625E-16,1.,0.));
#3316 = DIRECTION('',(0.,0.,1.));
#3317 = ADVANCED_FACE('',(#3318),#3337,.F.);
#3318 = FACE_BOUND('',#3319,.F.);
#3319 = EDGE_LOOP('',(#3320,#3329,#3335,#3336));
#3320 = ORIENTED_EDGE('',*,*,#3321,.F.);
#3321 = EDGE_CURVE('',#3322,#3322,#3324,.T.);
#3322 = VERTEX_POINT('',#3323);
#3323 = CARTESIAN_POINT('',(122.5,227.,19.));
#3324 = CIRCLE('',#3325,2.);
#3325 = AXIS2_PLACEMENT_3D('',#3326,#3327,#3328);
#3326 = CARTESIAN_POINT('',(122.5,227.,17.));
#3327 = DIRECTION('',(1.110223024625E-16,1.,0.));
#3328 = DIRECTION('',(0.,-0.,1.));
#3329 = ORIENTED_EDGE('',*,*,#3330,.F.);
#3330 = EDGE_CURVE('',#3118,#3322,#3331,.T.);
#3331 = LINE('',#3332,#3333);
#3332 = CARTESIAN_POINT('',(122.5,222.,19.));
#3333 = VECTOR('',#3334,1.);
#3334 = DIRECTION('',(1.110223024625E-16,1.,0.));
#3335 = ORIENTED_EDGE('',*,*,#3117,.T.);
#3336 = ORIENTED_EDGE('',*,*,#3330,.T.);
#3337 = CYLINDRICAL_SURFACE('',#3338,2.);
#3338 = AXIS2_PLACEMENT_3D('',#3339,#3340,#3341);
#3339 = CARTESIAN_POINT('',(122.5,222.,17.));
#3340 = DIRECTION('',(1.110223024625E-16,1.,0.));
#3341 = DIRECTION('',(0.,0.,1.));
#3342 = ADVANCED_FACE('',(#3343),#3362,.F.);
#3343 = FACE_BOUND('',#3344,.F.);
#3344 = EDGE_LOOP('',(#3345,#3354,#3360,#3361));
#3345 = ORIENTED_EDGE('',*,*,#3346,.F.);
#3346 = EDGE_CURVE('',#3347,#3347,#3349,.T.);
#3347 = VERTEX_POINT('',#3348);
#3348 = CARTESIAN_POINT('',(173.,227.,19.));
#3349 = CIRCLE('',#3350,2.);
#3350 = AXIS2_PLACEMENT_3D('',#3351,#3352,#3353);
#3351 = CARTESIAN_POINT('',(173.,227.,17.));
#3352 = DIRECTION('',(1.110223024625E-16,1.,0.));
#3353 = DIRECTION('',(0.,-0.,1.));
#3354 = ORIENTED_EDGE('',*,*,#3355,.F.);
#3355 = EDGE_CURVE('',#3151,#3347,#3356,.T.);
#3356 = LINE('',#3357,#3358);
#3357 = CARTESIAN_POINT('',(173.,222.,19.));
#3358 = VECTOR('',#3359,1.);
#3359 = DIRECTION('',(1.110223024625E-16,1.,0.));
#3360 = ORIENTED_EDGE('',*,*,#3150,.T.);
#3361 = ORIENTED_EDGE('',*,*,#3355,.T.);
#3362 = CYLINDRICAL_SURFACE('',#3363,2.);
#3363 = AXIS2_PLACEMENT_3D('',#3364,#3365,#3366);
#3364 = CARTESIAN_POINT('',(173.,222.,17.));
#3365 = DIRECTION('',(1.110223024625E-16,1.,0.));
#3366 = DIRECTION('',(0.,0.,1.));
#3367 = ADVANCED_FACE('',(#3368),#3394,.T.);
#3368 = FACE_BOUND('',#3369,.T.);
#3369 = EDGE_LOOP('',(#3370,#3371,#3372,#3380,#3388));
#3370 = ORIENTED_EDGE('',*,*,#3261,.T.);
#3371 = ORIENTED_EDGE('',*,*,#3209,.T.);
#3372 = ORIENTED_EDGE('',*,*,#3373,.T.);
#3373 = EDGE_CURVE('',#3212,#3374,#3376,.T.);
#3374 = VERTEX_POINT('',#3375);
#3375 = CARTESIAN_POINT('',(239.69965626587,209.52379873562,4.));
#3376 = LINE('',#3377,#3378);
#3377 = CARTESIAN_POINT('',(239.69965626587,209.52379873562,
    17.104973092657));
#3378 = VECTOR('',#3379,1.);
#3379 = DIRECTION('',(0.,0.,-1.));
#3380 = ORIENTED_EDGE('',*,*,#3381,.T.);
#3381 = EDGE_CURVE('',#3374,#3382,#3384,.T.);
#3382 = VERTEX_POINT('',#3383);
#3383 = CARTESIAN_POINT('',(232.56673239365,207.20617127781,
    12.042765325185));
#3384 = LINE('',#3385,#3386);
#3385 = CARTESIAN_POINT('',(239.69965626587,209.52379873562,4.));
#3386 = VECTOR('',#3387,1.);
#3387 = DIRECTION('',(-0.64861898444,-0.210749083395,0.731353701619));
#3388 = ORIENTED_EDGE('',*,*,#3389,.T.);
#3389 = EDGE_CURVE('',#3382,#3262,#3390,.T.);
#3390 = LINE('',#3391,#3392);
#3391 = CARTESIAN_POINT('',(232.56673239365,207.20617127781,
    12.042765325185));
#3392 = VECTOR('',#3393,1.);
#3393 = DIRECTION('',(-0.64861898444,-0.210749083395,-0.731353701619));
#3394 = PLANE('',#3395);
#3395 = AXIS2_PLACEMENT_3D('',#3396,#3397,#3398);
#3396 = CARTESIAN_POINT('',(232.56673239365,207.20617127781,
    11.226773517716));
#3397 = DIRECTION('',(-0.309016994375,0.951056516295,0.));
#3398 = DIRECTION('',(0.,0.,1.));
#3399 = ADVANCED_FACE('',(#3400),#3419,.F.);
#3400 = FACE_BOUND('',#3401,.T.);
#3401 = EDGE_LOOP('',(#3402,#3403,#3411,#3418));
#3402 = ORIENTED_EDGE('',*,*,#3246,.T.);
#3403 = ORIENTED_EDGE('',*,*,#3404,.T.);
#3404 = EDGE_CURVE('',#3239,#3405,#3407,.T.);
#3405 = VERTEX_POINT('',#3406);
#3406 = CARTESIAN_POINT('',(209.52379873562,239.69965626587,4.));
#3407 = LINE('',#3408,#3409);
#3408 = CARTESIAN_POINT('',(209.52379873562,239.69965626587,
    17.104973092657));
#3409 = VECTOR('',#3410,1.);
#3410 = DIRECTION('',(0.,0.,-1.));
#3411 = ORIENTED_EDGE('',*,*,#3412,.F.);
#3412 = EDGE_CURVE('',#3374,#3405,#3413,.T.);
#3413 = CIRCLE('',#3414,47.);
#3414 = AXIS2_PLACEMENT_3D('',#3415,#3416,#3417);
#3415 = CARTESIAN_POINT('',(195.,195.,4.));
#3416 = DIRECTION('',(0.,-0.,1.));
#3417 = DIRECTION('',(0.951056516295,0.309016994375,0.));
#3418 = ORIENTED_EDGE('',*,*,#3373,.F.);
#3419 = CYLINDRICAL_SURFACE('',#3420,47.);
#3420 = AXIS2_PLACEMENT_3D('',#3421,#3422,#3423);
#3421 = CARTESIAN_POINT('',(195.,195.,17.104973092657));
#3422 = DIRECTION('',(-0.,-0.,-1.));
#3423 = DIRECTION('',(0.951056516295,0.309016994375,0.));
#3424 = ADVANCED_FACE('',(#3425),#3444,.F.);
#3425 = FACE_BOUND('',#3426,.F.);
#3426 = EDGE_LOOP('',(#3427,#3428,#3429,#3430,#3438));
#3427 = ORIENTED_EDGE('',*,*,#3278,.T.);
#3428 = ORIENTED_EDGE('',*,*,#3238,.T.);
#3429 = ORIENTED_EDGE('',*,*,#3404,.T.);
#3430 = ORIENTED_EDGE('',*,*,#3431,.T.);
#3431 = EDGE_CURVE('',#3405,#3432,#3434,.T.);
#3432 = VERTEX_POINT('',#3433);
#3433 = CARTESIAN_POINT('',(207.20617127781,232.56673239365,
    12.042765325185));
#3434 = LINE('',#3435,#3436);
#3435 = CARTESIAN_POINT('',(209.52379873562,239.69965626587,4.));
#3436 = VECTOR('',#3437,1.);
#3437 = DIRECTION('',(-0.210749083395,-0.64861898444,0.731353701619));
#3438 = ORIENTED_EDGE('',*,*,#3439,.T.);
#3439 = EDGE_CURVE('',#3432,#3270,#3440,.T.);
#3440 = LINE('',#3441,#3442);
#3441 = CARTESIAN_POINT('',(207.20617127781,232.56673239365,
    12.042765325185));
#3442 = VECTOR('',#3443,1.);
#3443 = DIRECTION('',(-0.210749083395,-0.64861898444,-0.731353701619));
#3444 = PLANE('',#3445);
#3445 = AXIS2_PLACEMENT_3D('',#3446,#3447,#3448);
#3446 = CARTESIAN_POINT('',(207.20617127781,232.56673239365,
    11.226773517716));
#3447 = DIRECTION('',(-0.951056516295,0.309016994375,0.));
#3448 = DIRECTION('',(0.,0.,1.));
#3449 = ADVANCED_FACE('',(#3450),#3462,.F.);
#3450 = FACE_BOUND('',#3451,.T.);
#3451 = EDGE_LOOP('',(#3452,#3459,#3460,#3461));
#3452 = ORIENTED_EDGE('',*,*,#3453,.T.);
#3453 = EDGE_CURVE('',#3382,#3432,#3454,.T.);
#3454 = CIRCLE('',#3455,39.5);
#3455 = AXIS2_PLACEMENT_3D('',#3456,#3457,#3458);
#3456 = CARTESIAN_POINT('',(195.,195.,12.042765325185));
#3457 = DIRECTION('',(0.,-0.,1.));
#3458 = DIRECTION('',(0.951056516295,0.309016994375,0.));
#3459 = ORIENTED_EDGE('',*,*,#3439,.T.);
#3460 = ORIENTED_EDGE('',*,*,#3269,.F.);
#3461 = ORIENTED_EDGE('',*,*,#3389,.F.);
#3462 = CONICAL_SURFACE('',#3463,39.5,0.750491578358);
#3463 = AXIS2_PLACEMENT_3D('',#3464,#3465,#3466);
#3464 = CARTESIAN_POINT('',(195.,195.,12.042765325185));
#3465 = DIRECTION('',(0.,0.,1.));
#3466 = DIRECTION('',(0.951056516295,0.309016994375,0.));
#3467 = ADVANCED_FACE('',(#3468,#3502),#3505,.T.);
#3468 = FACE_BOUND('',#3469,.T.);
#3469 = EDGE_LOOP('',(#3470,#3480,#3488,#3496));
#3470 = ORIENTED_EDGE('',*,*,#3471,.T.);
#3471 = EDGE_CURVE('',#3472,#3474,#3476,.T.);
#3472 = VERTEX_POINT('',#3473);
#3473 = CARTESIAN_POINT('',(98.,227.,4.));
#3474 = VERTEX_POINT('',#3475);
#3475 = CARTESIAN_POINT('',(55.,227.,4.));
#3476 = LINE('',#3477,#3478);
#3477 = CARTESIAN_POINT('',(98.,227.,4.));
#3478 = VECTOR('',#3479,1.);
#3479 = DIRECTION('',(-1.,1.110223024625E-16,0.));
#3480 = ORIENTED_EDGE('',*,*,#3481,.T.);
#3481 = EDGE_CURVE('',#3474,#3482,#3484,.T.);
#3482 = VERTEX_POINT('',#3483);
#3483 = CARTESIAN_POINT('',(55.,227.,20.));
#3484 = LINE('',#3485,#3486);
#3485 = CARTESIAN_POINT('',(55.,227.,4.));
#3486 = VECTOR('',#3487,1.);
#3487 = DIRECTION('',(0.,0.,1.));
#3488 = ORIENTED_EDGE('',*,*,#3489,.F.);
#3489 = EDGE_CURVE('',#3490,#3482,#3492,.T.);
#3490 = VERTEX_POINT('',#3491);
#3491 = CARTESIAN_POINT('',(98.,227.,20.));
#3492 = LINE('',#3493,#3494);
#3493 = CARTESIAN_POINT('',(98.,227.,20.));
#3494 = VECTOR('',#3495,1.);
#3495 = DIRECTION('',(-1.,1.110223024625E-16,0.));
#3496 = ORIENTED_EDGE('',*,*,#3497,.F.);
#3497 = EDGE_CURVE('',#3472,#3490,#3498,.T.);
#3498 = LINE('',#3499,#3500);
#3499 = CARTESIAN_POINT('',(98.,227.,4.));
#3500 = VECTOR('',#3501,1.);
#3501 = DIRECTION('',(0.,0.,1.));
#3502 = FACE_BOUND('',#3503,.T.);
#3503 = EDGE_LOOP('',(#3504));
#3504 = ORIENTED_EDGE('',*,*,#3296,.F.);
#3505 = PLANE('',#3506);
#3506 = AXIS2_PLACEMENT_3D('',#3507,#3508,#3509);
#3507 = CARTESIAN_POINT('',(98.,227.,4.));
#3508 = DIRECTION('',(1.110223024625E-16,1.,0.));
#3509 = DIRECTION('',(0.,0.,1.));
#3510 = ADVANCED_FACE('',(#3511,#3545),#3548,.T.);
#3511 = FACE_BOUND('',#3512,.T.);
#3512 = EDGE_LOOP('',(#3513,#3523,#3531,#3539));
#3513 = ORIENTED_EDGE('',*,*,#3514,.T.);
#3514 = EDGE_CURVE('',#3515,#3517,#3519,.T.);
#3515 = VERTEX_POINT('',#3516);
#3516 = CARTESIAN_POINT('',(144.,227.,4.));
#3517 = VERTEX_POINT('',#3518);
#3518 = CARTESIAN_POINT('',(101.,227.,4.));
#3519 = LINE('',#3520,#3521);
#3520 = CARTESIAN_POINT('',(144.,227.,4.));
#3521 = VECTOR('',#3522,1.);
#3522 = DIRECTION('',(-1.,1.110223024625E-16,0.));
#3523 = ORIENTED_EDGE('',*,*,#3524,.T.);
#3524 = EDGE_CURVE('',#3517,#3525,#3527,.T.);
#3525 = VERTEX_POINT('',#3526);
#3526 = CARTESIAN_POINT('',(101.,227.,20.));
#3527 = LINE('',#3528,#3529);
#3528 = CARTESIAN_POINT('',(101.,227.,4.));
#3529 = VECTOR('',#3530,1.);
#3530 = DIRECTION('',(0.,0.,1.));
#3531 = ORIENTED_EDGE('',*,*,#3532,.F.);
#3532 = EDGE_CURVE('',#3533,#3525,#3535,.T.);
#3533 = VERTEX_POINT('',#3534);
#3534 = CARTESIAN_POINT('',(144.,227.,20.));
#3535 = LINE('',#3536,#3537);
#3536 = CARTESIAN_POINT('',(144.,227.,20.));
#3537 = VECTOR('',#3538,1.);
#3538 = DIRECTION('',(-1.,1.110223024625E-16,0.));
#3539 = ORIENTED_EDGE('',*,*,#3540,.F.);
#3540 = EDGE_CURVE('',#3515,#3533,#3541,.T.);
#3541 = LINE('',#3542,#3543);
#3542 = CARTESIAN_POINT('',(144.,227.,4.));
#3543 = VECTOR('',#3544,1.);
#3544 = DIRECTION('',(0.,0.,1.));
#3545 = FACE_BOUND('',#3546,.T.);
#3546 = EDGE_LOOP('',(#3547));
#3547 = ORIENTED_EDGE('',*,*,#3321,.F.);
#3548 = PLANE('',#3549);
#3549 = AXIS2_PLACEMENT_3D('',#3550,#3551,#3552);
#3550 = CARTESIAN_POINT('',(144.,227.,4.));
#3551 = DIRECTION('',(1.110223024625E-16,1.,0.));
#3552 = DIRECTION('',(0.,0.,1.));
#3553 = ADVANCED_FACE('',(#3554,#3588),#3591,.T.);
#3554 = FACE_BOUND('',#3555,.T.);
#3555 = EDGE_LOOP('',(#3556,#3566,#3574,#3582));
#3556 = ORIENTED_EDGE('',*,*,#3557,.T.);
#3557 = EDGE_CURVE('',#3558,#3560,#3562,.T.);
#3558 = VERTEX_POINT('',#3559);
#3559 = CARTESIAN_POINT('',(190.,227.,4.));
#3560 = VERTEX_POINT('',#3561);
#3561 = CARTESIAN_POINT('',(147.,227.,4.));
#3562 = LINE('',#3563,#3564);
#3563 = CARTESIAN_POINT('',(190.,227.,4.));
#3564 = VECTOR('',#3565,1.);
#3565 = DIRECTION('',(-1.,1.110223024625E-16,0.));
#3566 = ORIENTED_EDGE('',*,*,#3567,.T.);
#3567 = EDGE_CURVE('',#3560,#3568,#3570,.T.);
#3568 = VERTEX_POINT('',#3569);
#3569 = CARTESIAN_POINT('',(147.,227.,20.));
#3570 = LINE('',#3571,#3572);
#3571 = CARTESIAN_POINT('',(147.,227.,4.));
#3572 = VECTOR('',#3573,1.);
#3573 = DIRECTION('',(0.,0.,1.));
#3574 = ORIENTED_EDGE('',*,*,#3575,.F.);
#3575 = EDGE_CURVE('',#3576,#3568,#3578,.T.);
#3576 = VERTEX_POINT('',#3577);
#3577 = CARTESIAN_POINT('',(190.,227.,20.));
#3578 = LINE('',#3579,#3580);
#3579 = CARTESIAN_POINT('',(190.,227.,20.));
#3580 = VECTOR('',#3581,1.);
#3581 = DIRECTION('',(-1.,1.110223024625E-16,0.));
#3582 = ORIENTED_EDGE('',*,*,#3583,.F.);
#3583 = EDGE_CURVE('',#3558,#3576,#3584,.T.);
#3584 = LINE('',#3585,#3586);
#3585 = CARTESIAN_POINT('',(190.,227.,4.));
#3586 = VECTOR('',#3587,1.);
#3587 = DIRECTION('',(0.,0.,1.));
#3588 = FACE_BOUND('',#3589,.T.);
#3589 = EDGE_LOOP('',(#3590));
#3590 = ORIENTED_EDGE('',*,*,#3346,.F.);
#3591 = PLANE('',#3592);
#3592 = AXIS2_PLACEMENT_3D('',#3593,#3594,#3595);
#3593 = CARTESIAN_POINT('',(190.,227.,4.));
#3594 = DIRECTION('',(1.110223024625E-16,1.,0.));
#3595 = DIRECTION('',(0.,0.,1.));
#3596 = ADVANCED_FACE('',(#3597),#3603,.T.);
#3597 = FACE_BOUND('',#3598,.T.);
#3598 = EDGE_LOOP('',(#3599,#3600,#3601,#3602));
#3599 = ORIENTED_EDGE('',*,*,#3412,.T.);
#3600 = ORIENTED_EDGE('',*,*,#3431,.T.);
#3601 = ORIENTED_EDGE('',*,*,#3453,.F.);
#3602 = ORIENTED_EDGE('',*,*,#3381,.F.);
#3603 = CONICAL_SURFACE('',#3604,47.,0.750491578358);
#3604 = AXIS2_PLACEMENT_3D('',#3605,#3606,#3607);
#3605 = CARTESIAN_POINT('',(195.,195.,4.));
#3606 = DIRECTION('',(-0.,-0.,-1.));
#3607 = DIRECTION('',(0.951056516295,0.309016994375,0.));
#3608 = ADVANCED_FACE('',(#3609),#3634,.T.);
#3609 = FACE_BOUND('',#3610,.T.);
#3610 = EDGE_LOOP('',(#3611,#3621,#3627,#3628));
#3611 = ORIENTED_EDGE('',*,*,#3612,.T.);
#3612 = EDGE_CURVE('',#3613,#3615,#3617,.T.);
#3613 = VERTEX_POINT('',#3614);
#3614 = CARTESIAN_POINT('',(98.,234.5,12.042765325185));
#3615 = VERTEX_POINT('',#3616);
#3616 = CARTESIAN_POINT('',(55.,234.5,12.042765325185));
#3617 = LINE('',#3618,#3619);
#3618 = CARTESIAN_POINT('',(98.,234.5,12.042765325185));
#3619 = VECTOR('',#3620,1.);
#3620 = DIRECTION('',(-1.,1.110223024625E-16,0.));
#3621 = ORIENTED_EDGE('',*,*,#3622,.T.);
#3622 = EDGE_CURVE('',#3615,#3474,#3623,.T.);
#3623 = LINE('',#3624,#3625);
#3624 = CARTESIAN_POINT('',(55.,234.5,12.042765325185));
#3625 = VECTOR('',#3626,1.);
#3626 = DIRECTION('',(-7.57170282098E-17,-0.681998360062,-0.731353701619
    ));
#3627 = ORIENTED_EDGE('',*,*,#3471,.F.);
#3628 = ORIENTED_EDGE('',*,*,#3629,.F.);
#3629 = EDGE_CURVE('',#3613,#3472,#3630,.T.);
#3630 = LINE('',#3631,#3632);
#3631 = CARTESIAN_POINT('',(98.,234.5,12.042765325185));
#3632 = VECTOR('',#3633,1.);
#3633 = DIRECTION('',(-7.57170282098E-17,-0.681998360062,-0.731353701619
    ));
#3634 = PLANE('',#3635);
#3635 = AXIS2_PLACEMENT_3D('',#3636,#3637,#3638);
#3636 = CARTESIAN_POINT('',(98.,234.5,12.042765325185));
#3637 = DIRECTION('',(-8.119657186824E-17,-0.731353701619,0.681998360062
    ));
#3638 = DIRECTION('',(-7.57170282098E-17,-0.681998360062,-0.731353701619
    ));
#3639 = ADVANCED_FACE('',(#3640),#3666,.T.);
#3640 = FACE_BOUND('',#3641,.T.);
#3641 = EDGE_LOOP('',(#3642,#3643,#3651,#3659,#3665));
#3642 = ORIENTED_EDGE('',*,*,#3497,.T.);
#3643 = ORIENTED_EDGE('',*,*,#3644,.T.);
#3644 = EDGE_CURVE('',#3490,#3645,#3647,.T.);
#3645 = VERTEX_POINT('',#3646);
#3646 = CARTESIAN_POINT('',(98.,242.,14.638156449877));
#3647 = LINE('',#3648,#3649);
#3648 = CARTESIAN_POINT('',(98.,227.,20.));
#3649 = VECTOR('',#3650,1.);
#3650 = DIRECTION('',(1.045439742278E-16,0.941648406752,-0.336598095748)
  );
#3651 = ORIENTED_EDGE('',*,*,#3652,.T.);
#3652 = EDGE_CURVE('',#3645,#3653,#3655,.T.);
#3653 = VERTEX_POINT('',#3654);
#3654 = CARTESIAN_POINT('',(98.,242.,4.));
#3655 = LINE('',#3656,#3657);
#3656 = CARTESIAN_POINT('',(98.,242.,14.638156449877));
#3657 = VECTOR('',#3658,1.);
#3658 = DIRECTION('',(0.,0.,-1.));
#3659 = ORIENTED_EDGE('',*,*,#3660,.T.);
#3660 = EDGE_CURVE('',#3653,#3613,#3661,.T.);
#3661 = LINE('',#3662,#3663);
#3662 = CARTESIAN_POINT('',(98.,242.,4.));
#3663 = VECTOR('',#3664,1.);
#3664 = DIRECTION('',(-7.57170282098E-17,-0.681998360062,0.731353701619)
  );
#3665 = ORIENTED_EDGE('',*,*,#3629,.T.);
#3666 = PLANE('',#3667);
#3667 = AXIS2_PLACEMENT_3D('',#3668,#3669,#3670);
#3668 = CARTESIAN_POINT('',(98.,233.87712716604,11.515252487586));
#3669 = DIRECTION('',(-1.,1.110223024625E-16,0.));
#3670 = DIRECTION('',(0.,0.,1.));
#3671 = ADVANCED_FACE('',(#3672),#3698,.F.);
#3672 = FACE_BOUND('',#3673,.F.);
#3673 = EDGE_LOOP('',(#3674,#3675,#3683,#3691,#3697));
#3674 = ORIENTED_EDGE('',*,*,#3481,.T.);
#3675 = ORIENTED_EDGE('',*,*,#3676,.T.);
#3676 = EDGE_CURVE('',#3482,#3677,#3679,.T.);
#3677 = VERTEX_POINT('',#3678);
#3678 = CARTESIAN_POINT('',(55.,242.,14.638156449877));
#3679 = LINE('',#3680,#3681);
#3680 = CARTESIAN_POINT('',(55.,227.,20.));
#3681 = VECTOR('',#3682,1.);
#3682 = DIRECTION('',(1.045439742278E-16,0.941648406752,-0.336598095748)
  );
#3683 = ORIENTED_EDGE('',*,*,#3684,.T.);
#3684 = EDGE_CURVE('',#3677,#3685,#3687,.T.);
#3685 = VERTEX_POINT('',#3686);
#3686 = CARTESIAN_POINT('',(55.,242.,4.));
#3687 = LINE('',#3688,#3689);
#3688 = CARTESIAN_POINT('',(55.,242.,14.638156449877));
#3689 = VECTOR('',#3690,1.);
#3690 = DIRECTION('',(0.,0.,-1.));
#3691 = ORIENTED_EDGE('',*,*,#3692,.T.);
#3692 = EDGE_CURVE('',#3685,#3615,#3693,.T.);
#3693 = LINE('',#3694,#3695);
#3694 = CARTESIAN_POINT('',(55.,242.,4.));
#3695 = VECTOR('',#3696,1.);
#3696 = DIRECTION('',(-7.57170282098E-17,-0.681998360062,0.731353701619)
  );
#3697 = ORIENTED_EDGE('',*,*,#3622,.T.);
#3698 = PLANE('',#3699);
#3699 = AXIS2_PLACEMENT_3D('',#3700,#3701,#3702);
#3700 = CARTESIAN_POINT('',(55.,233.87712716604,11.515252487586));
#3701 = DIRECTION('',(-1.,1.110223024625E-16,0.));
#3702 = DIRECTION('',(0.,0.,1.));
#3703 = ADVANCED_FACE('',(#3704),#3715,.T.);
#3704 = FACE_BOUND('',#3705,.T.);
#3705 = EDGE_LOOP('',(#3706,#3707,#3708,#3714));
#3706 = ORIENTED_EDGE('',*,*,#3489,.T.);
#3707 = ORIENTED_EDGE('',*,*,#3676,.T.);
#3708 = ORIENTED_EDGE('',*,*,#3709,.F.);
#3709 = EDGE_CURVE('',#3645,#3677,#3710,.T.);
#3710 = LINE('',#3711,#3712);
#3711 = CARTESIAN_POINT('',(98.,242.,14.638156449877));
#3712 = VECTOR('',#3713,1.);
#3713 = DIRECTION('',(-1.,1.110223024625E-16,0.));
#3714 = ORIENTED_EDGE('',*,*,#3644,.F.);
#3715 = PLANE('',#3716);
#3716 = AXIS2_PLACEMENT_3D('',#3717,#3718,#3719);
#3717 = CARTESIAN_POINT('',(98.,227.,20.));
#3718 = DIRECTION('',(-3.736989559449E-17,-0.336598095748,
    -0.941648406752));
#3719 = DIRECTION('',(1.045439742278E-16,0.941648406752,-0.336598095748)
  );
#3720 = ADVANCED_FACE('',(#3721),#3746,.T.);
#3721 = FACE_BOUND('',#3722,.T.);
#3722 = EDGE_LOOP('',(#3723,#3733,#3739,#3740));
#3723 = ORIENTED_EDGE('',*,*,#3724,.T.);
#3724 = EDGE_CURVE('',#3725,#3727,#3729,.T.);
#3725 = VERTEX_POINT('',#3726);
#3726 = CARTESIAN_POINT('',(144.,234.5,12.042765325185));
#3727 = VERTEX_POINT('',#3728);
#3728 = CARTESIAN_POINT('',(101.,234.5,12.042765325185));
#3729 = LINE('',#3730,#3731);
#3730 = CARTESIAN_POINT('',(144.,234.5,12.042765325185));
#3731 = VECTOR('',#3732,1.);
#3732 = DIRECTION('',(-1.,1.110223024625E-16,0.));
#3733 = ORIENTED_EDGE('',*,*,#3734,.T.);
#3734 = EDGE_CURVE('',#3727,#3517,#3735,.T.);
#3735 = LINE('',#3736,#3737);
#3736 = CARTESIAN_POINT('',(101.,234.5,12.042765325185));
#3737 = VECTOR('',#3738,1.);
#3738 = DIRECTION('',(-7.57170282098E-17,-0.681998360062,-0.731353701619
    ));
#3739 = ORIENTED_EDGE('',*,*,#3514,.F.);
#3740 = ORIENTED_EDGE('',*,*,#3741,.F.);
#3741 = EDGE_CURVE('',#3725,#3515,#3742,.T.);
#3742 = LINE('',#3743,#3744);
#3743 = CARTESIAN_POINT('',(144.,234.5,12.042765325185));
#3744 = VECTOR('',#3745,1.);
#3745 = DIRECTION('',(-7.57170282098E-17,-0.681998360062,-0.731353701619
    ));
#3746 = PLANE('',#3747);
#3747 = AXIS2_PLACEMENT_3D('',#3748,#3749,#3750);
#3748 = CARTESIAN_POINT('',(144.,234.5,12.042765325185));
#3749 = DIRECTION('',(-8.119657186824E-17,-0.731353701619,0.681998360062
    ));
#3750 = DIRECTION('',(-7.57170282098E-17,-0.681998360062,-0.731353701619
    ));
#3751 = ADVANCED_FACE('',(#3752),#3778,.T.);
#3752 = FACE_BOUND('',#3753,.T.);
#3753 = EDGE_LOOP('',(#3754,#3755,#3763,#3771,#3777));
#3754 = ORIENTED_EDGE('',*,*,#3540,.T.);
#3755 = ORIENTED_EDGE('',*,*,#3756,.T.);
#3756 = EDGE_CURVE('',#3533,#3757,#3759,.T.);
#3757 = VERTEX_POINT('',#3758);
#3758 = CARTESIAN_POINT('',(144.,242.,14.638156449877));
#3759 = LINE('',#3760,#3761);
#3760 = CARTESIAN_POINT('',(144.,227.,20.));
#3761 = VECTOR('',#3762,1.);
#3762 = DIRECTION('',(1.045439742278E-16,0.941648406752,-0.336598095748)
  );
#3763 = ORIENTED_EDGE('',*,*,#3764,.T.);
#3764 = EDGE_CURVE('',#3757,#3765,#3767,.T.);
#3765 = VERTEX_POINT('',#3766);
#3766 = CARTESIAN_POINT('',(144.,242.,4.));
#3767 = LINE('',#3768,#3769);
#3768 = CARTESIAN_POINT('',(144.,242.,14.638156449877));
#3769 = VECTOR('',#3770,1.);
#3770 = DIRECTION('',(0.,0.,-1.));
#3771 = ORIENTED_EDGE('',*,*,#3772,.T.);
#3772 = EDGE_CURVE('',#3765,#3725,#3773,.T.);
#3773 = LINE('',#3774,#3775);
#3774 = CARTESIAN_POINT('',(144.,242.,4.));
#3775 = VECTOR('',#3776,1.);
#3776 = DIRECTION('',(-7.57170282098E-17,-0.681998360062,0.731353701619)
  );
#3777 = ORIENTED_EDGE('',*,*,#3741,.T.);
#3778 = PLANE('',#3779);
#3779 = AXIS2_PLACEMENT_3D('',#3780,#3781,#3782);
#3780 = CARTESIAN_POINT('',(144.,233.87712716604,11.515252487586));
#3781 = DIRECTION('',(-1.,1.110223024625E-16,0.));
#3782 = DIRECTION('',(0.,0.,1.));
#3783 = ADVANCED_FACE('',(#3784),#3810,.F.);
#3784 = FACE_BOUND('',#3785,.F.);
#3785 = EDGE_LOOP('',(#3786,#3787,#3795,#3803,#3809));
#3786 = ORIENTED_EDGE('',*,*,#3524,.T.);
#3787 = ORIENTED_EDGE('',*,*,#3788,.T.);
#3788 = EDGE_CURVE('',#3525,#3789,#3791,.T.);
#3789 = VERTEX_POINT('',#3790);
#3790 = CARTESIAN_POINT('',(101.,242.,14.638156449877));
#3791 = LINE('',#3792,#3793);
#3792 = CARTESIAN_POINT('',(101.,227.,20.));
#3793 = VECTOR('',#3794,1.);
#3794 = DIRECTION('',(1.045439742278E-16,0.941648406752,-0.336598095748)
  );
#3795 = ORIENTED_EDGE('',*,*,#3796,.T.);
#3796 = EDGE_CURVE('',#3789,#3797,#3799,.T.);
#3797 = VERTEX_POINT('',#3798);
#3798 = CARTESIAN_POINT('',(101.,242.,4.));
#3799 = LINE('',#3800,#3801);
#3800 = CARTESIAN_POINT('',(101.,242.,14.638156449877));
#3801 = VECTOR('',#3802,1.);
#3802 = DIRECTION('',(0.,0.,-1.));
#3803 = ORIENTED_EDGE('',*,*,#3804,.T.);
#3804 = EDGE_CURVE('',#3797,#3727,#3805,.T.);
#3805 = LINE('',#3806,#3807);
#3806 = CARTESIAN_POINT('',(101.,242.,4.));
#3807 = VECTOR('',#3808,1.);
#3808 = DIRECTION('',(-7.57170282098E-17,-0.681998360062,0.731353701619)
  );
#3809 = ORIENTED_EDGE('',*,*,#3734,.T.);
#3810 = PLANE('',#3811);
#3811 = AXIS2_PLACEMENT_3D('',#3812,#3813,#3814);
#3812 = CARTESIAN_POINT('',(101.,233.87712716604,11.515252487586));
#3813 = DIRECTION('',(-1.,1.110223024625E-16,0.));
#3814 = DIRECTION('',(0.,0.,1.));
#3815 = ADVANCED_FACE('',(#3816),#3827,.T.);
#3816 = FACE_BOUND('',#3817,.T.);
#3817 = EDGE_LOOP('',(#3818,#3819,#3820,#3826));
#3818 = ORIENTED_EDGE('',*,*,#3532,.T.);
#3819 = ORIENTED_EDGE('',*,*,#3788,.T.);
#3820 = ORIENTED_EDGE('',*,*,#3821,.F.);
#3821 = EDGE_CURVE('',#3757,#3789,#3822,.T.);
#3822 = LINE('',#3823,#3824);
#3823 = CARTESIAN_POINT('',(144.,242.,14.638156449877));
#3824 = VECTOR('',#3825,1.);
#3825 = DIRECTION('',(-1.,1.110223024625E-16,0.));
#3826 = ORIENTED_EDGE('',*,*,#3756,.F.);
#3827 = PLANE('',#3828);
#3828 = AXIS2_PLACEMENT_3D('',#3829,#3830,#3831);
#3829 = CARTESIAN_POINT('',(144.,227.,20.));
#3830 = DIRECTION('',(-3.736989559449E-17,-0.336598095748,
    -0.941648406752));
#3831 = DIRECTION('',(1.045439742278E-16,0.941648406752,-0.336598095748)
  );
#3832 = ADVANCED_FACE('',(#3833),#3858,.T.);
#3833 = FACE_BOUND('',#3834,.T.);
#3834 = EDGE_LOOP('',(#3835,#3845,#3851,#3852));
#3835 = ORIENTED_EDGE('',*,*,#3836,.T.);
#3836 = EDGE_CURVE('',#3837,#3839,#3841,.T.);
#3837 = VERTEX_POINT('',#3838);
#3838 = CARTESIAN_POINT('',(190.,234.5,12.042765325185));
#3839 = VERTEX_POINT('',#3840);
#3840 = CARTESIAN_POINT('',(147.,234.5,12.042765325185));
#3841 = LINE('',#3842,#3843);
#3842 = CARTESIAN_POINT('',(190.,234.5,12.042765325185));
#3843 = VECTOR('',#3844,1.);
#3844 = DIRECTION('',(-1.,1.110223024625E-16,0.));
#3845 = ORIENTED_EDGE('',*,*,#3846,.T.);
#3846 = EDGE_CURVE('',#3839,#3560,#3847,.T.);
#3847 = LINE('',#3848,#3849);
#3848 = CARTESIAN_POINT('',(147.,234.5,12.042765325185));
#3849 = VECTOR('',#3850,1.);
#3850 = DIRECTION('',(-7.57170282098E-17,-0.681998360062,-0.731353701619
    ));
#3851 = ORIENTED_EDGE('',*,*,#3557,.F.);
#3852 = ORIENTED_EDGE('',*,*,#3853,.F.);
#3853 = EDGE_CURVE('',#3837,#3558,#3854,.T.);
#3854 = LINE('',#3855,#3856);
#3855 = CARTESIAN_POINT('',(190.,234.5,12.042765325185));
#3856 = VECTOR('',#3857,1.);
#3857 = DIRECTION('',(-7.57170282098E-17,-0.681998360062,-0.731353701619
    ));
#3858 = PLANE('',#3859);
#3859 = AXIS2_PLACEMENT_3D('',#3860,#3861,#3862);
#3860 = CARTESIAN_POINT('',(190.,234.5,12.042765325185));
#3861 = DIRECTION('',(-8.119657186824E-17,-0.731353701619,0.681998360062
    ));
#3862 = DIRECTION('',(-7.57170282098E-17,-0.681998360062,-0.731353701619
    ));
#3863 = ADVANCED_FACE('',(#3864),#3890,.T.);
#3864 = FACE_BOUND('',#3865,.T.);
#3865 = EDGE_LOOP('',(#3866,#3867,#3875,#3883,#3889));
#3866 = ORIENTED_EDGE('',*,*,#3583,.T.);
#3867 = ORIENTED_EDGE('',*,*,#3868,.T.);
#3868 = EDGE_CURVE('',#3576,#3869,#3871,.T.);
#3869 = VERTEX_POINT('',#3870);
#3870 = CARTESIAN_POINT('',(190.,242.,14.638156449877));
#3871 = LINE('',#3872,#3873);
#3872 = CARTESIAN_POINT('',(190.,227.,20.));
#3873 = VECTOR('',#3874,1.);
#3874 = DIRECTION('',(1.045439742278E-16,0.941648406752,-0.336598095748)
  );
#3875 = ORIENTED_EDGE('',*,*,#3876,.T.);
#3876 = EDGE_CURVE('',#3869,#3877,#3879,.T.);
#3877 = VERTEX_POINT('',#3878);
#3878 = CARTESIAN_POINT('',(190.,242.,4.));
#3879 = LINE('',#3880,#3881);
#3880 = CARTESIAN_POINT('',(190.,242.,14.638156449877));
#3881 = VECTOR('',#3882,1.);
#3882 = DIRECTION('',(0.,0.,-1.));
#3883 = ORIENTED_EDGE('',*,*,#3884,.T.);
#3884 = EDGE_CURVE('',#3877,#3837,#3885,.T.);
#3885 = LINE('',#3886,#3887);
#3886 = CARTESIAN_POINT('',(190.,242.,4.));
#3887 = VECTOR('',#3888,1.);
#3888 = DIRECTION('',(-7.57170282098E-17,-0.681998360062,0.731353701619)
  );
#3889 = ORIENTED_EDGE('',*,*,#3853,.T.);
#3890 = PLANE('',#3891);
#3891 = AXIS2_PLACEMENT_3D('',#3892,#3893,#3894);
#3892 = CARTESIAN_POINT('',(190.,233.87712716604,11.515252487586));
#3893 = DIRECTION('',(-1.,1.110223024625E-16,0.));
#3894 = DIRECTION('',(0.,0.,1.));
#3895 = ADVANCED_FACE('',(#3896),#3922,.F.);
#3896 = FACE_BOUND('',#3897,.F.);
#3897 = EDGE_LOOP('',(#3898,#3899,#3907,#3915,#3921));
#3898 = ORIENTED_EDGE('',*,*,#3567,.T.);
#3899 = ORIENTED_EDGE('',*,*,#3900,.T.);
#3900 = EDGE_CURVE('',#3568,#3901,#3903,.T.);
#3901 = VERTEX_POINT('',#3902);
#3902 = CARTESIAN_POINT('',(147.,242.,14.638156449877));
#3903 = LINE('',#3904,#3905);
#3904 = CARTESIAN_POINT('',(147.,227.,20.));
#3905 = VECTOR('',#3906,1.);
#3906 = DIRECTION('',(1.045439742278E-16,0.941648406752,-0.336598095748)
  );
#3907 = ORIENTED_EDGE('',*,*,#3908,.T.);
#3908 = EDGE_CURVE('',#3901,#3909,#3911,.T.);
#3909 = VERTEX_POINT('',#3910);
#3910 = CARTESIAN_POINT('',(147.,242.,4.));
#3911 = LINE('',#3912,#3913);
#3912 = CARTESIAN_POINT('',(147.,242.,14.638156449877));
#3913 = VECTOR('',#3914,1.);
#3914 = DIRECTION('',(0.,0.,-1.));
#3915 = ORIENTED_EDGE('',*,*,#3916,.T.);
#3916 = EDGE_CURVE('',#3909,#3839,#3917,.T.);
#3917 = LINE('',#3918,#3919);
#3918 = CARTESIAN_POINT('',(147.,242.,4.));
#3919 = VECTOR('',#3920,1.);
#3920 = DIRECTION('',(-7.57170282098E-17,-0.681998360062,0.731353701619)
  );
#3921 = ORIENTED_EDGE('',*,*,#3846,.T.);
#3922 = PLANE('',#3923);
#3923 = AXIS2_PLACEMENT_3D('',#3924,#3925,#3926);
#3924 = CARTESIAN_POINT('',(147.,233.87712716604,11.515252487586));
#3925 = DIRECTION('',(-1.,1.110223024625E-16,0.));
#3926 = DIRECTION('',(0.,0.,1.));
#3927 = ADVANCED_FACE('',(#3928),#3939,.T.);
#3928 = FACE_BOUND('',#3929,.T.);
#3929 = EDGE_LOOP('',(#3930,#3931,#3932,#3938));
#3930 = ORIENTED_EDGE('',*,*,#3575,.T.);
#3931 = ORIENTED_EDGE('',*,*,#3900,.T.);
#3932 = ORIENTED_EDGE('',*,*,#3933,.F.);
#3933 = EDGE_CURVE('',#3869,#3901,#3934,.T.);
#3934 = LINE('',#3935,#3936);
#3935 = CARTESIAN_POINT('',(190.,242.,14.638156449877));
#3936 = VECTOR('',#3937,1.);
#3937 = DIRECTION('',(-1.,1.110223024625E-16,0.));
#3938 = ORIENTED_EDGE('',*,*,#3868,.F.);
#3939 = PLANE('',#3940);
#3940 = AXIS2_PLACEMENT_3D('',#3941,#3942,#3943);
#3941 = CARTESIAN_POINT('',(190.,227.,20.));
#3942 = DIRECTION('',(-3.736989559449E-17,-0.336598095748,
    -0.941648406752));
#3943 = DIRECTION('',(1.045439742278E-16,0.941648406752,-0.336598095748)
  );
#3944 = ADVANCED_FACE('',(#3945),#3956,.T.);
#3945 = FACE_BOUND('',#3946,.T.);
#3946 = EDGE_LOOP('',(#3947,#3953,#3954,#3955));
#3947 = ORIENTED_EDGE('',*,*,#3948,.T.);
#3948 = EDGE_CURVE('',#3653,#3685,#3949,.T.);
#3949 = LINE('',#3950,#3951);
#3950 = CARTESIAN_POINT('',(98.,242.,4.));
#3951 = VECTOR('',#3952,1.);
#3952 = DIRECTION('',(-1.,1.110223024625E-16,0.));
#3953 = ORIENTED_EDGE('',*,*,#3692,.T.);
#3954 = ORIENTED_EDGE('',*,*,#3612,.F.);
#3955 = ORIENTED_EDGE('',*,*,#3660,.F.);
#3956 = PLANE('',#3957);
#3957 = AXIS2_PLACEMENT_3D('',#3958,#3959,#3960);
#3958 = CARTESIAN_POINT('',(98.,242.,4.));
#3959 = DIRECTION('',(8.119657186824E-17,0.731353701619,0.681998360062)
  );
#3960 = DIRECTION('',(-7.57170282098E-17,-0.681998360062,0.731353701619)
  );
#3961 = ADVANCED_FACE('',(#3962),#3968,.T.);
#3962 = FACE_BOUND('',#3963,.T.);
#3963 = EDGE_LOOP('',(#3964,#3965,#3966,#3967));
#3964 = ORIENTED_EDGE('',*,*,#3709,.T.);
#3965 = ORIENTED_EDGE('',*,*,#3684,.T.);
#3966 = ORIENTED_EDGE('',*,*,#3948,.F.);
#3967 = ORIENTED_EDGE('',*,*,#3652,.F.);
#3968 = PLANE('',#3969);
#3969 = AXIS2_PLACEMENT_3D('',#3970,#3971,#3972);
#3970 = CARTESIAN_POINT('',(98.,242.,14.638156449877));
#3971 = DIRECTION('',(-1.110223024625E-16,-1.,0.));
#3972 = DIRECTION('',(0.,0.,-1.));
#3973 = ADVANCED_FACE('',(#3974),#3985,.T.);
#3974 = FACE_BOUND('',#3975,.T.);
#3975 = EDGE_LOOP('',(#3976,#3982,#3983,#3984));
#3976 = ORIENTED_EDGE('',*,*,#3977,.T.);
#3977 = EDGE_CURVE('',#3765,#3797,#3978,.T.);
#3978 = LINE('',#3979,#3980);
#3979 = CARTESIAN_POINT('',(144.,242.,4.));
#3980 = VECTOR('',#3981,1.);
#3981 = DIRECTION('',(-1.,1.110223024625E-16,0.));
#3982 = ORIENTED_EDGE('',*,*,#3804,.T.);
#3983 = ORIENTED_EDGE('',*,*,#3724,.F.);
#3984 = ORIENTED_EDGE('',*,*,#3772,.F.);
#3985 = PLANE('',#3986);
#3986 = AXIS2_PLACEMENT_3D('',#3987,#3988,#3989);
#3987 = CARTESIAN_POINT('',(144.,242.,4.));
#3988 = DIRECTION('',(8.119657186824E-17,0.731353701619,0.681998360062)
  );
#3989 = DIRECTION('',(-7.57170282098E-17,-0.681998360062,0.731353701619)
  );
#3990 = ADVANCED_FACE('',(#3991),#3997,.T.);
#3991 = FACE_BOUND('',#3992,.T.);
#3992 = EDGE_LOOP('',(#3993,#3994,#3995,#3996));
#3993 = ORIENTED_EDGE('',*,*,#3821,.T.);
#3994 = ORIENTED_EDGE('',*,*,#3796,.T.);
#3995 = ORIENTED_EDGE('',*,*,#3977,.F.);
#3996 = ORIENTED_EDGE('',*,*,#3764,.F.);
#3997 = PLANE('',#3998);
#3998 = AXIS2_PLACEMENT_3D('',#3999,#4000,#4001);
#3999 = CARTESIAN_POINT('',(144.,242.,14.638156449877));
#4000 = DIRECTION('',(-1.110223024625E-16,-1.,0.));
#4001 = DIRECTION('',(0.,0.,-1.));
#4002 = ADVANCED_FACE('',(#4003),#4014,.T.);
#4003 = FACE_BOUND('',#4004,.T.);
#4004 = EDGE_LOOP('',(#4005,#4011,#4012,#4013));
#4005 = ORIENTED_EDGE('',*,*,#4006,.T.);
#4006 = EDGE_CURVE('',#3877,#3909,#4007,.T.);
#4007 = LINE('',#4008,#4009);
#4008 = CARTESIAN_POINT('',(190.,242.,4.));
#4009 = VECTOR('',#4010,1.);
#4010 = DIRECTION('',(-1.,1.110223024625E-16,0.));
#4011 = ORIENTED_EDGE('',*,*,#3916,.T.);
#4012 = ORIENTED_EDGE('',*,*,#3836,.F.);
#4013 = ORIENTED_EDGE('',*,*,#3884,.F.);
#4014 = PLANE('',#4015);
#4015 = AXIS2_PLACEMENT_3D('',#4016,#4017,#4018);
#4016 = CARTESIAN_POINT('',(190.,242.,4.));
#4017 = DIRECTION('',(8.119657186824E-17,0.731353701619,0.681998360062)
  );
#4018 = DIRECTION('',(-7.57170282098E-17,-0.681998360062,0.731353701619)
  );
#4019 = ADVANCED_FACE('',(#4020),#4026,.T.);
#4020 = FACE_BOUND('',#4021,.T.);
#4021 = EDGE_LOOP('',(#4022,#4023,#4024,#4025));
#4022 = ORIENTED_EDGE('',*,*,#3933,.T.);
#4023 = ORIENTED_EDGE('',*,*,#3908,.T.);
#4024 = ORIENTED_EDGE('',*,*,#4006,.F.);
#4025 = ORIENTED_EDGE('',*,*,#3876,.F.);
#4026 = PLANE('',#4027);
#4027 = AXIS2_PLACEMENT_3D('',#4028,#4029,#4030);
#4028 = CARTESIAN_POINT('',(190.,242.,14.638156449877));
#4029 = DIRECTION('',(-1.110223024625E-16,-1.,0.));
#4030 = DIRECTION('',(0.,0.,-1.));
#4031 = ADVANCED_FACE('',(#4032),#4048,.T.);
#4032 = FACE_BOUND('',#4033,.T.);
#4033 = EDGE_LOOP('',(#4034,#4035,#4041,#4042));
#4034 = ORIENTED_EDGE('',*,*,#272,.T.);
#4035 = ORIENTED_EDGE('',*,*,#4036,.T.);
#4036 = EDGE_CURVE('',#275,#1548,#4037,.T.);
#4037 = LINE('',#4038,#4039);
#4038 = CARTESIAN_POINT('',(250.,-625.,11.059206769679));
#4039 = VECTOR('',#4040,1.);
#4040 = DIRECTION('',(0.,-1.,0.));
#4041 = ORIENTED_EDGE('',*,*,#1555,.F.);
#4042 = ORIENTED_EDGE('',*,*,#4043,.F.);
#4043 = EDGE_CURVE('',#273,#1556,#4044,.T.);
#4044 = LINE('',#4045,#4046);
#4045 = CARTESIAN_POINT('',(250.,238.,4.));
#4046 = VECTOR('',#4047,1.);
#4047 = DIRECTION('',(0.,-1.,-0.));
#4048 = PLANE('',#4049);
#4049 = AXIS2_PLACEMENT_3D('',#4050,#4051,#4052);
#4050 = CARTESIAN_POINT('',(250.,-250.,0.));
#4051 = DIRECTION('',(1.,0.,-0.));
#4052 = DIRECTION('',(0.,0.,1.));
#4053 = ADVANCED_FACE('',(#4054),#4063,.T.);
#4054 = FACE_BOUND('',#4055,.T.);
#4055 = EDGE_LOOP('',(#4056,#4057,#4058,#4059,#4060,#4061,#4062));
#4056 = ORIENTED_EDGE('',*,*,#623,.F.);
#4057 = ORIENTED_EDGE('',*,*,#994,.F.);
#4058 = ORIENTED_EDGE('',*,*,#1473,.T.);
#4059 = ORIENTED_EDGE('',*,*,#1547,.F.);
#4060 = ORIENTED_EDGE('',*,*,#4036,.F.);
#4061 = ORIENTED_EDGE('',*,*,#299,.T.);
#4062 = ORIENTED_EDGE('',*,*,#314,.T.);
#4063 = PLANE('',#4064);
#4064 = AXIS2_PLACEMENT_3D('',#4065,#4066,#4067);
#4065 = CARTESIAN_POINT('',(252.,-1.E+03,8.91446934963));
#4066 = DIRECTION('',(0.731353701619,0.,0.681998360062));
#4067 = DIRECTION('',(-0.681998360062,0.,0.731353701619));
#4068 = ADVANCED_FACE('',(#4069),#4089,.T.);
#4069 = FACE_BOUND('',#4070,.T.);
#4070 = EDGE_LOOP('',(#4071,#4077,#4078,#4084,#4085,#4086,#4087,#4088));
#4071 = ORIENTED_EDGE('',*,*,#4072,.F.);
#4072 = EDGE_CURVE('',#1509,#1201,#4073,.T.);
#4073 = LINE('',#4074,#4075);
#4074 = CARTESIAN_POINT('',(195.,-197.,2.));
#4075 = VECTOR('',#4076,1.);
#4076 = DIRECTION('',(-0.,1.,0.));
#4077 = ORIENTED_EDGE('',*,*,#1516,.F.);
#4078 = ORIENTED_EDGE('',*,*,#4079,.T.);
#4079 = EDGE_CURVE('',#1517,#1252,#4080,.T.);
#4080 = LINE('',#4081,#4082);
#4081 = CARTESIAN_POINT('',(196.5,-195.5,2.));
#4082 = VECTOR('',#4083,1.);
#4083 = DIRECTION('',(8.307270137913E-19,1.,-0.));
#4084 = ORIENTED_EDGE('',*,*,#1267,.F.);
#4085 = ORIENTED_EDGE('',*,*,#759,.T.);
#4086 = ORIENTED_EDGE('',*,*,#518,.F.);
#4087 = ORIENTED_EDGE('',*,*,#716,.F.);
#4088 = ORIENTED_EDGE('',*,*,#1200,.F.);
#4089 = PLANE('',#4090);
#4090 = AXIS2_PLACEMENT_3D('',#4091,#4092,#4093);
#4091 = CARTESIAN_POINT('',(-199.,-199.,2.));
#4092 = DIRECTION('',(0.,0.,1.));
#4093 = DIRECTION('',(1.,0.,-0.));
#4094 = ADVANCED_FACE('',(#4095),#4115,.F.);
#4095 = FACE_BOUND('',#4096,.T.);
#4096 = EDGE_LOOP('',(#4097,#4098,#4099,#4105,#4106,#4112,#4113,#4114));
#4097 = ORIENTED_EDGE('',*,*,#849,.T.);
#4098 = ORIENTED_EDGE('',*,*,#1375,.F.);
#4099 = ORIENTED_EDGE('',*,*,#4100,.F.);
#4100 = EDGE_CURVE('',#1580,#1360,#4101,.T.);
#4101 = LINE('',#4102,#4103);
#4102 = CARTESIAN_POINT('',(223.,-223.,2.));
#4103 = VECTOR('',#4104,1.);
#4104 = DIRECTION('',(-0.,1.,0.));
#4105 = ORIENTED_EDGE('',*,*,#1587,.T.);
#4106 = ORIENTED_EDGE('',*,*,#4107,.T.);
#4107 = EDGE_CURVE('',#1588,#1393,#4108,.T.);
#4108 = LINE('',#4109,#4110);
#4109 = CARTESIAN_POINT('',(215.,-219.,2.));
#4110 = VECTOR('',#4111,1.);
#4111 = DIRECTION('',(-0.,1.,0.));
#4112 = ORIENTED_EDGE('',*,*,#1408,.T.);
#4113 = ORIENTED_EDGE('',*,*,#880,.T.);
#4114 = ORIENTED_EDGE('',*,*,#454,.T.);
#4115 = PLANE('',#4116);
#4116 = AXIS2_PLACEMENT_3D('',#4117,#4118,#4119);
#4117 = CARTESIAN_POINT('',(-223.,-223.,2.));
#4118 = DIRECTION('',(0.,0.,1.));
#4119 = DIRECTION('',(1.,0.,-0.));
#4120 = ADVANCED_FACE('',(#4121),#4141,.T.);
#4121 = FACE_BOUND('',#4122,.T.);
#4122 = EDGE_LOOP('',(#4123,#4124,#4125,#4126,#4127,#4133,#4134,#4140));
#4123 = ORIENTED_EDGE('',*,*,#781,.F.);
#4124 = ORIENTED_EDGE('',*,*,#502,.F.);
#4125 = ORIENTED_EDGE('',*,*,#752,.F.);
#4126 = ORIENTED_EDGE('',*,*,#1259,.F.);
#4127 = ORIENTED_EDGE('',*,*,#4128,.F.);
#4128 = EDGE_CURVE('',#1525,#1250,#4129,.T.);
#4129 = LINE('',#4130,#4131);
#4130 = CARTESIAN_POINT('',(198.,-192.,3.5));
#4131 = VECTOR('',#4132,1.);
#4132 = DIRECTION('',(-0.,1.,0.));
#4133 = ORIENTED_EDGE('',*,*,#1532,.F.);
#4134 = ORIENTED_EDGE('',*,*,#4135,.F.);
#4135 = EDGE_CURVE('',#1026,#1533,#4136,.T.);
#4136 = LINE('',#4137,#4138);
#4137 = CARTESIAN_POINT('',(200.,-201.,3.5));
#4138 = VECTOR('',#4139,1.);
#4139 = DIRECTION('',(0.,-1.,0.));
#4140 = ORIENTED_EDGE('',*,*,#1033,.T.);
#4141 = PLANE('',#4142);
#4142 = AXIS2_PLACEMENT_3D('',#4143,#4144,#4145);
#4143 = CARTESIAN_POINT('',(-202.,-202.,3.5));
#4144 = DIRECTION('',(0.,0.,1.));
#4145 = DIRECTION('',(1.,0.,-0.));
#4146 = ADVANCED_FACE('',(#4147,#4167,#4187,#4198,#4209,#4220,#4231,
    #4242,#4253,#4264,#4275),#4283,.F.);
#4147 = FACE_BOUND('',#4148,.T.);
#4148 = EDGE_LOOP('',(#4149,#4150,#4151,#4157,#4158,#4164,#4165,#4166));
#4149 = ORIENTED_EDGE('',*,*,#542,.T.);
#4150 = ORIENTED_EDGE('',*,*,#566,.T.);
#4151 = ORIENTED_EDGE('',*,*,#4152,.T.);
#4152 = EDGE_CURVE('',#559,#1564,#4153,.T.);
#4153 = LINE('',#4154,#4155);
#4154 = CARTESIAN_POINT('',(246.,238.,0.));
#4155 = VECTOR('',#4156,1.);
#4156 = DIRECTION('',(0.,-1.,-0.));
#4157 = ORIENTED_EDGE('',*,*,#1571,.T.);
#4158 = ORIENTED_EDGE('',*,*,#4159,.T.);
#4159 = EDGE_CURVE('',#1572,#1358,#4160,.T.);
#4160 = LINE('',#4161,#4162);
#4161 = CARTESIAN_POINT('',(223.,-236.5,0.));
#4162 = VECTOR('',#4163,1.);
#4163 = DIRECTION('',(-0.,1.,0.));
#4164 = ORIENTED_EDGE('',*,*,#1367,.T.);
#4165 = ORIENTED_EDGE('',*,*,#842,.T.);
#4166 = ORIENTED_EDGE('',*,*,#470,.T.);
#4167 = FACE_BOUND('',#4168,.F.);
#4168 = EDGE_LOOP('',(#4169,#4180));
#4169 = ORIENTED_EDGE('',*,*,#4170,.T.);
#4170 = EDGE_CURVE('',#4171,#4173,#4175,.T.);
#4171 = VERTEX_POINT('',#4172);
#4172 = CARTESIAN_POINT('',(240.5,6.73555739531E-16,0.));
#4173 = VERTEX_POINT('',#4174);
#4174 = CARTESIAN_POINT('',(229.5,-1.347111479062E-15,0.));
#4175 = CIRCLE('',#4176,5.5);
#4176 = AXIS2_PLACEMENT_3D('',#4177,#4178,#4179);
#4177 = CARTESIAN_POINT('',(235.,0.,0.));
#4178 = DIRECTION('',(0.,0.,-1.));
#4179 = DIRECTION('',(-1.,0.,-0.));
#4180 = ORIENTED_EDGE('',*,*,#4181,.T.);
#4181 = EDGE_CURVE('',#4173,#4171,#4182,.T.);
#4182 = CIRCLE('',#4183,5.5);
#4183 = AXIS2_PLACEMENT_3D('',#4184,#4185,#4186);
#4184 = CARTESIAN_POINT('',(235.,0.,0.));
#4185 = DIRECTION('',(0.,0.,-1.));
#4186 = DIRECTION('',(-1.,0.,-0.));
#4187 = FACE_BOUND('',#4188,.F.);
#4188 = EDGE_LOOP('',(#4189));
#4189 = ORIENTED_EDGE('',*,*,#4190,.T.);
#4190 = EDGE_CURVE('',#4191,#4191,#4193,.T.);
#4191 = VERTEX_POINT('',#4192);
#4192 = CARTESIAN_POINT('',(229.5,53.75,0.));
#4193 = CIRCLE('',#4194,5.5);
#4194 = AXIS2_PLACEMENT_3D('',#4195,#4196,#4197);
#4195 = CARTESIAN_POINT('',(235.,53.75,0.));
#4196 = DIRECTION('',(0.,0.,-1.));
#4197 = DIRECTION('',(-1.,0.,-0.));
#4198 = FACE_BOUND('',#4199,.F.);
#4199 = EDGE_LOOP('',(#4200));
#4200 = ORIENTED_EDGE('',*,*,#4201,.T.);
#4201 = EDGE_CURVE('',#4202,#4202,#4204,.T.);
#4202 = VERTEX_POINT('',#4203);
#4203 = CARTESIAN_POINT('',(229.5,107.5,0.));
#4204 = CIRCLE('',#4205,5.5);
#4205 = AXIS2_PLACEMENT_3D('',#4206,#4207,#4208);
#4206 = CARTESIAN_POINT('',(235.,107.5,0.));
#4207 = DIRECTION('',(0.,0.,-1.));
#4208 = DIRECTION('',(-1.,0.,-0.));
#4209 = FACE_BOUND('',#4210,.F.);
#4210 = EDGE_LOOP('',(#4211));
#4211 = ORIENTED_EDGE('',*,*,#4212,.T.);
#4212 = EDGE_CURVE('',#4213,#4213,#4215,.T.);
#4213 = VERTEX_POINT('',#4214);
#4214 = CARTESIAN_POINT('',(48.25,235.,0.));
#4215 = CIRCLE('',#4216,5.5);
#4216 = AXIS2_PLACEMENT_3D('',#4217,#4218,#4219);
#4217 = CARTESIAN_POINT('',(53.75,235.,0.));
#4218 = DIRECTION('',(0.,0.,-1.));
#4219 = DIRECTION('',(-1.,0.,-0.));
#4220 = FACE_BOUND('',#4221,.F.);
#4221 = EDGE_LOOP('',(#4222));
#4222 = ORIENTED_EDGE('',*,*,#4223,.T.);
#4223 = EDGE_CURVE('',#4224,#4224,#4226,.T.);
#4224 = VERTEX_POINT('',#4225);
#4225 = CARTESIAN_POINT('',(102.,235.,0.));
#4226 = CIRCLE('',#4227,5.5);
#4227 = AXIS2_PLACEMENT_3D('',#4228,#4229,#4230);
#4228 = CARTESIAN_POINT('',(107.5,235.,0.));
#4229 = DIRECTION('',(0.,0.,-1.));
#4230 = DIRECTION('',(-1.,0.,-0.));
#4231 = FACE_BOUND('',#4232,.F.);
#4232 = EDGE_LOOP('',(#4233));
#4233 = ORIENTED_EDGE('',*,*,#4234,.T.);
#4234 = EDGE_CURVE('',#4235,#4235,#4237,.T.);
#4235 = VERTEX_POINT('',#4236);
#4236 = CARTESIAN_POINT('',(229.5,161.25,0.));
#4237 = CIRCLE('',#4238,5.5);
#4238 = AXIS2_PLACEMENT_3D('',#4239,#4240,#4241);
#4239 = CARTESIAN_POINT('',(235.,161.25,0.));
#4240 = DIRECTION('',(0.,0.,-1.));
#4241 = DIRECTION('',(-1.,0.,-0.));
#4242 = FACE_BOUND('',#4243,.F.);
#4243 = EDGE_LOOP('',(#4244));
#4244 = ORIENTED_EDGE('',*,*,#4245,.T.);
#4245 = EDGE_CURVE('',#4246,#4246,#4248,.T.);
#4246 = VERTEX_POINT('',#4247);
#4247 = CARTESIAN_POINT('',(155.75,235.,0.));
#4248 = CIRCLE('',#4249,5.5);
#4249 = AXIS2_PLACEMENT_3D('',#4250,#4251,#4252);
#4250 = CARTESIAN_POINT('',(161.25,235.,0.));
#4251 = DIRECTION('',(0.,0.,-1.));
#4252 = DIRECTION('',(-1.,0.,-0.));
#4253 = FACE_BOUND('',#4254,.F.);
#4254 = EDGE_LOOP('',(#4255));
#4255 = ORIENTED_EDGE('',*,*,#4256,.T.);
#4256 = EDGE_CURVE('',#4257,#4257,#4259,.T.);
#4257 = VERTEX_POINT('',#4258);
#4258 = CARTESIAN_POINT('',(229.5,215.,0.));
#4259 = CIRCLE('',#4260,5.5);
#4260 = AXIS2_PLACEMENT_3D('',#4261,#4262,#4263);
#4261 = CARTESIAN_POINT('',(235.,215.,0.));
#4262 = DIRECTION('',(0.,0.,-1.));
#4263 = DIRECTION('',(-1.,0.,-0.));
#4264 = FACE_BOUND('',#4265,.F.);
#4265 = EDGE_LOOP('',(#4266));
#4266 = ORIENTED_EDGE('',*,*,#4267,.T.);
#4267 = EDGE_CURVE('',#4268,#4268,#4270,.T.);
#4268 = VERTEX_POINT('',#4269);
#4269 = CARTESIAN_POINT('',(209.5,235.,0.));
#4270 = CIRCLE('',#4271,5.5);
#4271 = AXIS2_PLACEMENT_3D('',#4272,#4273,#4274);
#4272 = CARTESIAN_POINT('',(215.,235.,0.));
#4273 = DIRECTION('',(0.,0.,-1.));
#4274 = DIRECTION('',(-1.,0.,-0.));
#4275 = FACE_BOUND('',#4276,.F.);
#4276 = EDGE_LOOP('',(#4277,#4278,#4279,#4280,#4281,#4282));
#4277 = ORIENTED_EDGE('',*,*,#92,.T.);
#4278 = ORIENTED_EDGE('',*,*,#154,.T.);
#4279 = ORIENTED_EDGE('',*,*,#185,.T.);
#4280 = ORIENTED_EDGE('',*,*,#123,.T.);
#4281 = ORIENTED_EDGE('',*,*,#61,.T.);
#4282 = ORIENTED_EDGE('',*,*,#21,.T.);
#4283 = PLANE('',#4284);
#4284 = AXIS2_PLACEMENT_3D('',#4285,#4286,#4287);
#4285 = CARTESIAN_POINT('',(-250.,-250.,0.));
#4286 = DIRECTION('',(0.,0.,1.));
#4287 = DIRECTION('',(1.,0.,-0.));
#4288 = ADVANCED_FACE('',(#4289),#4315,.T.);
#4289 = FACE_BOUND('',#4290,.T.);
#4290 = EDGE_LOOP('',(#4291,#4299,#4300,#4308));
#4291 = ORIENTED_EDGE('',*,*,#4292,.F.);
#4292 = EDGE_CURVE('',#4173,#4293,#4295,.T.);
#4293 = VERTEX_POINT('',#4294);
#4294 = CARTESIAN_POINT('',(231.,-9.797174393179E-16,-1.5));
#4295 = LINE('',#4296,#4297);
#4296 = CARTESIAN_POINT('',(229.5,-1.347111479062E-15,0.));
#4297 = VECTOR('',#4298,1.);
#4298 = DIRECTION('',(0.707106781187,1.731912112471E-16,-0.707106781187)
  );
#4299 = ORIENTED_EDGE('',*,*,#4181,.T.);
#4300 = ORIENTED_EDGE('',*,*,#4301,.F.);
#4301 = EDGE_CURVE('',#4302,#4171,#4304,.T.);
#4302 = VERTEX_POINT('',#4303);
#4303 = CARTESIAN_POINT('',(239.,7.969112841318E-14,-1.5));
#4304 = LINE('',#4305,#4306);
#4305 = CARTESIAN_POINT('',(235.,0.,-5.5));
#4306 = VECTOR('',#4307,1.);
#4307 = DIRECTION('',(0.707106781187,-0.,0.707106781187));
#4308 = ORIENTED_EDGE('',*,*,#4309,.F.);
#4309 = EDGE_CURVE('',#4293,#4302,#4310,.T.);
#4310 = CIRCLE('',#4311,4.);
#4311 = AXIS2_PLACEMENT_3D('',#4312,#4313,#4314);
#4312 = CARTESIAN_POINT('',(235.,0.,-1.5));
#4313 = DIRECTION('',(0.,0.,-1.));
#4314 = DIRECTION('',(-1.,0.,-0.));
#4315 = CONICAL_SURFACE('',#4316,5.5,0.785398163397);
#4316 = AXIS2_PLACEMENT_3D('',#4317,#4318,#4319);
#4317 = CARTESIAN_POINT('',(235.,0.,0.));
#4318 = DIRECTION('',(-0.,-0.,1.));
#4319 = DIRECTION('',(-1.,0.,-0.));
#4320 = ADVANCED_FACE('',(#4321),#4333,.T.);
#4321 = FACE_BOUND('',#4322,.T.);
#4322 = EDGE_LOOP('',(#4323,#4324,#4325,#4332));
#4323 = ORIENTED_EDGE('',*,*,#4170,.T.);
#4324 = ORIENTED_EDGE('',*,*,#4292,.T.);
#4325 = ORIENTED_EDGE('',*,*,#4326,.F.);
#4326 = EDGE_CURVE('',#4302,#4293,#4327,.T.);
#4327 = CIRCLE('',#4328,4.);
#4328 = AXIS2_PLACEMENT_3D('',#4329,#4330,#4331);
#4329 = CARTESIAN_POINT('',(235.,0.,-1.5));
#4330 = DIRECTION('',(0.,0.,-1.));
#4331 = DIRECTION('',(-1.,0.,-0.));
#4332 = ORIENTED_EDGE('',*,*,#4301,.T.);
#4333 = CONICAL_SURFACE('',#4334,5.5,0.785398163397);
#4334 = AXIS2_PLACEMENT_3D('',#4335,#4336,#4337);
#4335 = CARTESIAN_POINT('',(235.,0.,0.));
#4336 = DIRECTION('',(-0.,-0.,1.));
#4337 = DIRECTION('',(-1.,0.,-0.));
#4338 = ADVANCED_FACE('',(#4339),#4367,.T.);
#4339 = FACE_BOUND('',#4340,.T.);
#4340 = EDGE_LOOP('',(#4341,#4349,#4358,#4365,#4366));
#4341 = ORIENTED_EDGE('',*,*,#4342,.T.);
#4342 = EDGE_CURVE('',#4191,#4343,#4345,.T.);
#4343 = VERTEX_POINT('',#4344);
#4344 = CARTESIAN_POINT('',(231.,53.75,-1.5));
#4345 = LINE('',#4346,#4347);
#4346 = CARTESIAN_POINT('',(229.5,53.75,0.));
#4347 = VECTOR('',#4348,1.);
#4348 = DIRECTION('',(0.707106781187,1.731912112471E-16,-0.707106781187)
  );
#4349 = ORIENTED_EDGE('',*,*,#4350,.F.);
#4350 = EDGE_CURVE('',#4351,#4343,#4353,.T.);
#4351 = VERTEX_POINT('',#4352);
#4352 = CARTESIAN_POINT('',(239.,53.75,-1.5));
#4353 = CIRCLE('',#4354,4.);
#4354 = AXIS2_PLACEMENT_3D('',#4355,#4356,#4357);
#4355 = CARTESIAN_POINT('',(235.,53.75,-1.5));
#4356 = DIRECTION('',(0.,0.,-1.));
#4357 = DIRECTION('',(-1.,0.,-0.));
#4358 = ORIENTED_EDGE('',*,*,#4359,.F.);
#4359 = EDGE_CURVE('',#4343,#4351,#4360,.T.);
#4360 = CIRCLE('',#4361,4.);
#4361 = AXIS2_PLACEMENT_3D('',#4362,#4363,#4364);
#4362 = CARTESIAN_POINT('',(235.,53.75,-1.5));
#4363 = DIRECTION('',(0.,0.,-1.));
#4364 = DIRECTION('',(-1.,0.,-0.));
#4365 = ORIENTED_EDGE('',*,*,#4342,.F.);
#4366 = ORIENTED_EDGE('',*,*,#4190,.T.);
#4367 = CONICAL_SURFACE('',#4368,5.5,0.785398163397);
#4368 = AXIS2_PLACEMENT_3D('',#4369,#4370,#4371);
#4369 = CARTESIAN_POINT('',(235.,53.75,0.));
#4370 = DIRECTION('',(-0.,-0.,1.));
#4371 = DIRECTION('',(-1.,0.,-0.));
#4372 = ADVANCED_FACE('',(#4373),#4393,.T.);
#4373 = FACE_BOUND('',#4374,.T.);
#4374 = EDGE_LOOP('',(#4375,#4376,#4384,#4391,#4392));
#4375 = ORIENTED_EDGE('',*,*,#4359,.T.);
#4376 = ORIENTED_EDGE('',*,*,#4377,.F.);
#4377 = EDGE_CURVE('',#4378,#4351,#4380,.T.);
#4378 = VERTEX_POINT('',#4379);
#4379 = CARTESIAN_POINT('',(239.,53.75,-3.));
#4380 = LINE('',#4381,#4382);
#4381 = CARTESIAN_POINT('',(239.,53.75,-3.));
#4382 = VECTOR('',#4383,1.);
#4383 = DIRECTION('',(0.,0.,1.));
#4384 = ORIENTED_EDGE('',*,*,#4385,.T.);
#4385 = EDGE_CURVE('',#4378,#4378,#4386,.T.);
#4386 = CIRCLE('',#4387,4.);
#4387 = AXIS2_PLACEMENT_3D('',#4388,#4389,#4390);
#4388 = CARTESIAN_POINT('',(235.,53.75,-3.));
#4389 = DIRECTION('',(0.,0.,1.));
#4390 = DIRECTION('',(1.,0.,-0.));
#4391 = ORIENTED_EDGE('',*,*,#4377,.T.);
#4392 = ORIENTED_EDGE('',*,*,#4350,.T.);
#4393 = CYLINDRICAL_SURFACE('',#4394,4.);
#4394 = AXIS2_PLACEMENT_3D('',#4395,#4396,#4397);
#4395 = CARTESIAN_POINT('',(235.,53.75,-3.));
#4396 = DIRECTION('',(0.,0.,1.));
#4397 = DIRECTION('',(1.,0.,-0.));
#4398 = ADVANCED_FACE('',(#4399),#4402,.F.);
#4399 = FACE_BOUND('',#4400,.T.);
#4400 = EDGE_LOOP('',(#4401));
#4401 = ORIENTED_EDGE('',*,*,#4385,.F.);
#4402 = PLANE('',#4403);
#4403 = AXIS2_PLACEMENT_3D('',#4404,#4405,#4406);
#4404 = CARTESIAN_POINT('',(235.,53.75,-3.));
#4405 = DIRECTION('',(0.,0.,1.));
#4406 = DIRECTION('',(1.,0.,-0.));
#4407 = ADVANCED_FACE('',(#4408),#4436,.T.);
#4408 = FACE_BOUND('',#4409,.T.);
#4409 = EDGE_LOOP('',(#4410,#4418,#4427,#4434,#4435));
#4410 = ORIENTED_EDGE('',*,*,#4411,.T.);
#4411 = EDGE_CURVE('',#4202,#4412,#4414,.T.);
#4412 = VERTEX_POINT('',#4413);
#4413 = CARTESIAN_POINT('',(231.,107.5,-1.5));
#4414 = LINE('',#4415,#4416);
#4415 = CARTESIAN_POINT('',(229.5,107.5,0.));
#4416 = VECTOR('',#4417,1.);
#4417 = DIRECTION('',(0.707106781187,1.731912112471E-16,-0.707106781187)
  );
#4418 = ORIENTED_EDGE('',*,*,#4419,.F.);
#4419 = EDGE_CURVE('',#4420,#4412,#4422,.T.);
#4420 = VERTEX_POINT('',#4421);
#4421 = CARTESIAN_POINT('',(239.,107.5,-1.5));
#4422 = CIRCLE('',#4423,4.);
#4423 = AXIS2_PLACEMENT_3D('',#4424,#4425,#4426);
#4424 = CARTESIAN_POINT('',(235.,107.5,-1.5));
#4425 = DIRECTION('',(0.,0.,-1.));
#4426 = DIRECTION('',(-1.,0.,-0.));
#4427 = ORIENTED_EDGE('',*,*,#4428,.F.);
#4428 = EDGE_CURVE('',#4412,#4420,#4429,.T.);
#4429 = CIRCLE('',#4430,4.);
#4430 = AXIS2_PLACEMENT_3D('',#4431,#4432,#4433);
#4431 = CARTESIAN_POINT('',(235.,107.5,-1.5));
#4432 = DIRECTION('',(0.,0.,-1.));
#4433 = DIRECTION('',(-1.,0.,-0.));
#4434 = ORIENTED_EDGE('',*,*,#4411,.F.);
#4435 = ORIENTED_EDGE('',*,*,#4201,.T.);
#4436 = CONICAL_SURFACE('',#4437,5.5,0.785398163397);
#4437 = AXIS2_PLACEMENT_3D('',#4438,#4439,#4440);
#4438 = CARTESIAN_POINT('',(235.,107.5,0.));
#4439 = DIRECTION('',(-0.,-0.,1.));
#4440 = DIRECTION('',(-1.,0.,-0.));
#4441 = ADVANCED_FACE('',(#4442),#4462,.T.);
#4442 = FACE_BOUND('',#4443,.T.);
#4443 = EDGE_LOOP('',(#4444,#4445,#4453,#4460,#4461));
#4444 = ORIENTED_EDGE('',*,*,#4428,.T.);
#4445 = ORIENTED_EDGE('',*,*,#4446,.F.);
#4446 = EDGE_CURVE('',#4447,#4420,#4449,.T.);
#4447 = VERTEX_POINT('',#4448);
#4448 = CARTESIAN_POINT('',(239.,107.5,-3.));
#4449 = LINE('',#4450,#4451);
#4450 = CARTESIAN_POINT('',(239.,107.5,-3.));
#4451 = VECTOR('',#4452,1.);
#4452 = DIRECTION('',(0.,0.,1.));
#4453 = ORIENTED_EDGE('',*,*,#4454,.T.);
#4454 = EDGE_CURVE('',#4447,#4447,#4455,.T.);
#4455 = CIRCLE('',#4456,4.);
#4456 = AXIS2_PLACEMENT_3D('',#4457,#4458,#4459);
#4457 = CARTESIAN_POINT('',(235.,107.5,-3.));
#4458 = DIRECTION('',(0.,0.,1.));
#4459 = DIRECTION('',(1.,0.,-0.));
#4460 = ORIENTED_EDGE('',*,*,#4446,.T.);
#4461 = ORIENTED_EDGE('',*,*,#4419,.T.);
#4462 = CYLINDRICAL_SURFACE('',#4463,4.);
#4463 = AXIS2_PLACEMENT_3D('',#4464,#4465,#4466);
#4464 = CARTESIAN_POINT('',(235.,107.5,-3.));
#4465 = DIRECTION('',(0.,0.,1.));
#4466 = DIRECTION('',(1.,0.,-0.));
#4467 = ADVANCED_FACE('',(#4468),#4471,.F.);
#4468 = FACE_BOUND('',#4469,.T.);
#4469 = EDGE_LOOP('',(#4470));
#4470 = ORIENTED_EDGE('',*,*,#4454,.F.);
#4471 = PLANE('',#4472);
#4472 = AXIS2_PLACEMENT_3D('',#4473,#4474,#4475);
#4473 = CARTESIAN_POINT('',(235.,107.5,-3.));
#4474 = DIRECTION('',(0.,0.,1.));
#4475 = DIRECTION('',(1.,0.,-0.));
#4476 = ADVANCED_FACE('',(#4477),#4505,.T.);
#4477 = FACE_BOUND('',#4478,.T.);
#4478 = EDGE_LOOP('',(#4479,#4487,#4496,#4503,#4504));
#4479 = ORIENTED_EDGE('',*,*,#4480,.T.);
#4480 = EDGE_CURVE('',#4213,#4481,#4483,.T.);
#4481 = VERTEX_POINT('',#4482);
#4482 = CARTESIAN_POINT('',(49.75,235.,-1.5));
#4483 = LINE('',#4484,#4485);
#4484 = CARTESIAN_POINT('',(48.25,235.,0.));
#4485 = VECTOR('',#4486,1.);
#4486 = DIRECTION('',(0.707106781187,1.731912112471E-16,-0.707106781187)
  );
#4487 = ORIENTED_EDGE('',*,*,#4488,.F.);
#4488 = EDGE_CURVE('',#4489,#4481,#4491,.T.);
#4489 = VERTEX_POINT('',#4490);
#4490 = CARTESIAN_POINT('',(57.75,235.,-1.5));
#4491 = CIRCLE('',#4492,4.);
#4492 = AXIS2_PLACEMENT_3D('',#4493,#4494,#4495);
#4493 = CARTESIAN_POINT('',(53.75,235.,-1.5));
#4494 = DIRECTION('',(0.,0.,-1.));
#4495 = DIRECTION('',(-1.,0.,-0.));
#4496 = ORIENTED_EDGE('',*,*,#4497,.F.);
#4497 = EDGE_CURVE('',#4481,#4489,#4498,.T.);
#4498 = CIRCLE('',#4499,4.);
#4499 = AXIS2_PLACEMENT_3D('',#4500,#4501,#4502);
#4500 = CARTESIAN_POINT('',(53.75,235.,-1.5));
#4501 = DIRECTION('',(0.,0.,-1.));
#4502 = DIRECTION('',(-1.,0.,-0.));
#4503 = ORIENTED_EDGE('',*,*,#4480,.F.);
#4504 = ORIENTED_EDGE('',*,*,#4212,.T.);
#4505 = CONICAL_SURFACE('',#4506,5.5,0.785398163397);
#4506 = AXIS2_PLACEMENT_3D('',#4507,#4508,#4509);
#4507 = CARTESIAN_POINT('',(53.75,235.,0.));
#4508 = DIRECTION('',(-0.,-0.,1.));
#4509 = DIRECTION('',(-1.,0.,-0.));
#4510 = ADVANCED_FACE('',(#4511),#4531,.T.);
#4511 = FACE_BOUND('',#4512,.T.);
#4512 = EDGE_LOOP('',(#4513,#4514,#4522,#4529,#4530));
#4513 = ORIENTED_EDGE('',*,*,#4497,.T.);
#4514 = ORIENTED_EDGE('',*,*,#4515,.F.);
#4515 = EDGE_CURVE('',#4516,#4489,#4518,.T.);
#4516 = VERTEX_POINT('',#4517);
#4517 = CARTESIAN_POINT('',(57.75,235.,-3.));
#4518 = LINE('',#4519,#4520);
#4519 = CARTESIAN_POINT('',(57.75,235.,-3.));
#4520 = VECTOR('',#4521,1.);
#4521 = DIRECTION('',(0.,0.,1.));
#4522 = ORIENTED_EDGE('',*,*,#4523,.T.);
#4523 = EDGE_CURVE('',#4516,#4516,#4524,.T.);
#4524 = CIRCLE('',#4525,4.);
#4525 = AXIS2_PLACEMENT_3D('',#4526,#4527,#4528);
#4526 = CARTESIAN_POINT('',(53.75,235.,-3.));
#4527 = DIRECTION('',(0.,0.,1.));
#4528 = DIRECTION('',(1.,0.,-0.));
#4529 = ORIENTED_EDGE('',*,*,#4515,.T.);
#4530 = ORIENTED_EDGE('',*,*,#4488,.T.);
#4531 = CYLINDRICAL_SURFACE('',#4532,4.);
#4532 = AXIS2_PLACEMENT_3D('',#4533,#4534,#4535);
#4533 = CARTESIAN_POINT('',(53.75,235.,-3.));
#4534 = DIRECTION('',(0.,0.,1.));
#4535 = DIRECTION('',(1.,0.,-0.));
#4536 = ADVANCED_FACE('',(#4537),#4540,.F.);
#4537 = FACE_BOUND('',#4538,.T.);
#4538 = EDGE_LOOP('',(#4539));
#4539 = ORIENTED_EDGE('',*,*,#4523,.F.);
#4540 = PLANE('',#4541);
#4541 = AXIS2_PLACEMENT_3D('',#4542,#4543,#4544);
#4542 = CARTESIAN_POINT('',(53.75,235.,-3.));
#4543 = DIRECTION('',(0.,0.,1.));
#4544 = DIRECTION('',(1.,0.,-0.));
#4545 = ADVANCED_FACE('',(#4546),#4574,.T.);
#4546 = FACE_BOUND('',#4547,.T.);
#4547 = EDGE_LOOP('',(#4548,#4556,#4565,#4572,#4573));
#4548 = ORIENTED_EDGE('',*,*,#4549,.T.);
#4549 = EDGE_CURVE('',#4224,#4550,#4552,.T.);
#4550 = VERTEX_POINT('',#4551);
#4551 = CARTESIAN_POINT('',(103.5,235.,-1.5));
#4552 = LINE('',#4553,#4554);
#4553 = CARTESIAN_POINT('',(102.,235.,0.));
#4554 = VECTOR('',#4555,1.);
#4555 = DIRECTION('',(0.707106781187,1.731912112471E-16,-0.707106781187)
  );
#4556 = ORIENTED_EDGE('',*,*,#4557,.F.);
#4557 = EDGE_CURVE('',#4558,#4550,#4560,.T.);
#4558 = VERTEX_POINT('',#4559);
#4559 = CARTESIAN_POINT('',(111.5,235.,-1.5));
#4560 = CIRCLE('',#4561,4.);
#4561 = AXIS2_PLACEMENT_3D('',#4562,#4563,#4564);
#4562 = CARTESIAN_POINT('',(107.5,235.,-1.5));
#4563 = DIRECTION('',(0.,0.,-1.));
#4564 = DIRECTION('',(-1.,0.,-0.));
#4565 = ORIENTED_EDGE('',*,*,#4566,.F.);
#4566 = EDGE_CURVE('',#4550,#4558,#4567,.T.);
#4567 = CIRCLE('',#4568,4.);
#4568 = AXIS2_PLACEMENT_3D('',#4569,#4570,#4571);
#4569 = CARTESIAN_POINT('',(107.5,235.,-1.5));
#4570 = DIRECTION('',(0.,0.,-1.));
#4571 = DIRECTION('',(-1.,0.,-0.));
#4572 = ORIENTED_EDGE('',*,*,#4549,.F.);
#4573 = ORIENTED_EDGE('',*,*,#4223,.T.);
#4574 = CONICAL_SURFACE('',#4575,5.5,0.785398163397);
#4575 = AXIS2_PLACEMENT_3D('',#4576,#4577,#4578);
#4576 = CARTESIAN_POINT('',(107.5,235.,0.));
#4577 = DIRECTION('',(-0.,-0.,1.));
#4578 = DIRECTION('',(-1.,0.,-0.));
#4579 = ADVANCED_FACE('',(#4580),#4600,.T.);
#4580 = FACE_BOUND('',#4581,.T.);
#4581 = EDGE_LOOP('',(#4582,#4583,#4591,#4598,#4599));
#4582 = ORIENTED_EDGE('',*,*,#4566,.T.);
#4583 = ORIENTED_EDGE('',*,*,#4584,.F.);
#4584 = EDGE_CURVE('',#4585,#4558,#4587,.T.);
#4585 = VERTEX_POINT('',#4586);
#4586 = CARTESIAN_POINT('',(111.5,235.,-3.));
#4587 = LINE('',#4588,#4589);
#4588 = CARTESIAN_POINT('',(111.5,235.,-3.));
#4589 = VECTOR('',#4590,1.);
#4590 = DIRECTION('',(0.,0.,1.));
#4591 = ORIENTED_EDGE('',*,*,#4592,.T.);
#4592 = EDGE_CURVE('',#4585,#4585,#4593,.T.);
#4593 = CIRCLE('',#4594,4.);
#4594 = AXIS2_PLACEMENT_3D('',#4595,#4596,#4597);
#4595 = CARTESIAN_POINT('',(107.5,235.,-3.));
#4596 = DIRECTION('',(0.,0.,1.));
#4597 = DIRECTION('',(1.,0.,-0.));
#4598 = ORIENTED_EDGE('',*,*,#4584,.T.);
#4599 = ORIENTED_EDGE('',*,*,#4557,.T.);
#4600 = CYLINDRICAL_SURFACE('',#4601,4.);
#4601 = AXIS2_PLACEMENT_3D('',#4602,#4603,#4604);
#4602 = CARTESIAN_POINT('',(107.5,235.,-3.));
#4603 = DIRECTION('',(0.,0.,1.));
#4604 = DIRECTION('',(1.,0.,-0.));
#4605 = ADVANCED_FACE('',(#4606),#4609,.F.);
#4606 = FACE_BOUND('',#4607,.T.);
#4607 = EDGE_LOOP('',(#4608));
#4608 = ORIENTED_EDGE('',*,*,#4592,.F.);
#4609 = PLANE('',#4610);
#4610 = AXIS2_PLACEMENT_3D('',#4611,#4612,#4613);
#4611 = CARTESIAN_POINT('',(107.5,235.,-3.));
#4612 = DIRECTION('',(0.,0.,1.));
#4613 = DIRECTION('',(1.,0.,-0.));
#4614 = ADVANCED_FACE('',(#4615),#4643,.T.);
#4615 = FACE_BOUND('',#4616,.T.);
#4616 = EDGE_LOOP('',(#4617,#4625,#4634,#4641,#4642));
#4617 = ORIENTED_EDGE('',*,*,#4618,.T.);
#4618 = EDGE_CURVE('',#4235,#4619,#4621,.T.);
#4619 = VERTEX_POINT('',#4620);
#4620 = CARTESIAN_POINT('',(231.,161.25,-1.5));
#4621 = LINE('',#4622,#4623);
#4622 = CARTESIAN_POINT('',(229.5,161.25,0.));
#4623 = VECTOR('',#4624,1.);
#4624 = DIRECTION('',(0.707106781187,1.731912112471E-16,-0.707106781187)
  );
#4625 = ORIENTED_EDGE('',*,*,#4626,.F.);
#4626 = EDGE_CURVE('',#4627,#4619,#4629,.T.);
#4627 = VERTEX_POINT('',#4628);
#4628 = CARTESIAN_POINT('',(239.,161.25,-1.5));
#4629 = CIRCLE('',#4630,4.);
#4630 = AXIS2_PLACEMENT_3D('',#4631,#4632,#4633);
#4631 = CARTESIAN_POINT('',(235.,161.25,-1.5));
#4632 = DIRECTION('',(0.,0.,-1.));
#4633 = DIRECTION('',(-1.,0.,-0.));
#4634 = ORIENTED_EDGE('',*,*,#4635,.F.);
#4635 = EDGE_CURVE('',#4619,#4627,#4636,.T.);
#4636 = CIRCLE('',#4637,4.);
#4637 = AXIS2_PLACEMENT_3D('',#4638,#4639,#4640);
#4638 = CARTESIAN_POINT('',(235.,161.25,-1.5));
#4639 = DIRECTION('',(0.,0.,-1.));
#4640 = DIRECTION('',(-1.,0.,-0.));
#4641 = ORIENTED_EDGE('',*,*,#4618,.F.);
#4642 = ORIENTED_EDGE('',*,*,#4234,.T.);
#4643 = CONICAL_SURFACE('',#4644,5.5,0.785398163397);
#4644 = AXIS2_PLACEMENT_3D('',#4645,#4646,#4647);
#4645 = CARTESIAN_POINT('',(235.,161.25,0.));
#4646 = DIRECTION('',(-0.,-0.,1.));
#4647 = DIRECTION('',(-1.,0.,-0.));
#4648 = ADVANCED_FACE('',(#4649),#4669,.T.);
#4649 = FACE_BOUND('',#4650,.T.);
#4650 = EDGE_LOOP('',(#4651,#4652,#4660,#4667,#4668));
#4651 = ORIENTED_EDGE('',*,*,#4635,.T.);
#4652 = ORIENTED_EDGE('',*,*,#4653,.F.);
#4653 = EDGE_CURVE('',#4654,#4627,#4656,.T.);
#4654 = VERTEX_POINT('',#4655);
#4655 = CARTESIAN_POINT('',(239.,161.25,-3.));
#4656 = LINE('',#4657,#4658);
#4657 = CARTESIAN_POINT('',(239.,161.25,-3.));
#4658 = VECTOR('',#4659,1.);
#4659 = DIRECTION('',(0.,0.,1.));
#4660 = ORIENTED_EDGE('',*,*,#4661,.T.);
#4661 = EDGE_CURVE('',#4654,#4654,#4662,.T.);
#4662 = CIRCLE('',#4663,4.);
#4663 = AXIS2_PLACEMENT_3D('',#4664,#4665,#4666);
#4664 = CARTESIAN_POINT('',(235.,161.25,-3.));
#4665 = DIRECTION('',(0.,0.,1.));
#4666 = DIRECTION('',(1.,0.,-0.));
#4667 = ORIENTED_EDGE('',*,*,#4653,.T.);
#4668 = ORIENTED_EDGE('',*,*,#4626,.T.);
#4669 = CYLINDRICAL_SURFACE('',#4670,4.);
#4670 = AXIS2_PLACEMENT_3D('',#4671,#4672,#4673);
#4671 = CARTESIAN_POINT('',(235.,161.25,-3.));
#4672 = DIRECTION('',(0.,0.,1.));
#4673 = DIRECTION('',(1.,0.,-0.));
#4674 = ADVANCED_FACE('',(#4675),#4678,.F.);
#4675 = FACE_BOUND('',#4676,.T.);
#4676 = EDGE_LOOP('',(#4677));
#4677 = ORIENTED_EDGE('',*,*,#4661,.F.);
#4678 = PLANE('',#4679);
#4679 = AXIS2_PLACEMENT_3D('',#4680,#4681,#4682);
#4680 = CARTESIAN_POINT('',(235.,161.25,-3.));
#4681 = DIRECTION('',(0.,0.,1.));
#4682 = DIRECTION('',(1.,0.,-0.));
#4683 = ADVANCED_FACE('',(#4684),#4712,.T.);
#4684 = FACE_BOUND('',#4685,.T.);
#4685 = EDGE_LOOP('',(#4686,#4694,#4703,#4710,#4711));
#4686 = ORIENTED_EDGE('',*,*,#4687,.T.);
#4687 = EDGE_CURVE('',#4246,#4688,#4690,.T.);
#4688 = VERTEX_POINT('',#4689);
#4689 = CARTESIAN_POINT('',(157.25,235.,-1.5));
#4690 = LINE('',#4691,#4692);
#4691 = CARTESIAN_POINT('',(155.75,235.,0.));
#4692 = VECTOR('',#4693,1.);
#4693 = DIRECTION('',(0.707106781187,1.731912112471E-16,-0.707106781187)
  );
#4694 = ORIENTED_EDGE('',*,*,#4695,.F.);
#4695 = EDGE_CURVE('',#4696,#4688,#4698,.T.);
#4696 = VERTEX_POINT('',#4697);
#4697 = CARTESIAN_POINT('',(165.25,235.,-1.5));
#4698 = CIRCLE('',#4699,4.);
#4699 = AXIS2_PLACEMENT_3D('',#4700,#4701,#4702);
#4700 = CARTESIAN_POINT('',(161.25,235.,-1.5));
#4701 = DIRECTION('',(0.,0.,-1.));
#4702 = DIRECTION('',(-1.,0.,-0.));
#4703 = ORIENTED_EDGE('',*,*,#4704,.F.);
#4704 = EDGE_CURVE('',#4688,#4696,#4705,.T.);
#4705 = CIRCLE('',#4706,4.);
#4706 = AXIS2_PLACEMENT_3D('',#4707,#4708,#4709);
#4707 = CARTESIAN_POINT('',(161.25,235.,-1.5));
#4708 = DIRECTION('',(0.,0.,-1.));
#4709 = DIRECTION('',(-1.,0.,-0.));
#4710 = ORIENTED_EDGE('',*,*,#4687,.F.);
#4711 = ORIENTED_EDGE('',*,*,#4245,.T.);
#4712 = CONICAL_SURFACE('',#4713,5.5,0.785398163397);
#4713 = AXIS2_PLACEMENT_3D('',#4714,#4715,#4716);
#4714 = CARTESIAN_POINT('',(161.25,235.,0.));
#4715 = DIRECTION('',(-0.,-0.,1.));
#4716 = DIRECTION('',(-1.,0.,-0.));
#4717 = ADVANCED_FACE('',(#4718),#4738,.T.);
#4718 = FACE_BOUND('',#4719,.T.);
#4719 = EDGE_LOOP('',(#4720,#4721,#4729,#4736,#4737));
#4720 = ORIENTED_EDGE('',*,*,#4704,.T.);
#4721 = ORIENTED_EDGE('',*,*,#4722,.F.);
#4722 = EDGE_CURVE('',#4723,#4696,#4725,.T.);
#4723 = VERTEX_POINT('',#4724);
#4724 = CARTESIAN_POINT('',(165.25,235.,-3.));
#4725 = LINE('',#4726,#4727);
#4726 = CARTESIAN_POINT('',(165.25,235.,-3.));
#4727 = VECTOR('',#4728,1.);
#4728 = DIRECTION('',(0.,0.,1.));
#4729 = ORIENTED_EDGE('',*,*,#4730,.T.);
#4730 = EDGE_CURVE('',#4723,#4723,#4731,.T.);
#4731 = CIRCLE('',#4732,4.);
#4732 = AXIS2_PLACEMENT_3D('',#4733,#4734,#4735);
#4733 = CARTESIAN_POINT('',(161.25,235.,-3.));
#4734 = DIRECTION('',(0.,0.,1.));
#4735 = DIRECTION('',(1.,0.,-0.));
#4736 = ORIENTED_EDGE('',*,*,#4722,.T.);
#4737 = ORIENTED_EDGE('',*,*,#4695,.T.);
#4738 = CYLINDRICAL_SURFACE('',#4739,4.);
#4739 = AXIS2_PLACEMENT_3D('',#4740,#4741,#4742);
#4740 = CARTESIAN_POINT('',(161.25,235.,-3.));
#4741 = DIRECTION('',(0.,0.,1.));
#4742 = DIRECTION('',(1.,0.,-0.));
#4743 = ADVANCED_FACE('',(#4744),#4747,.F.);
#4744 = FACE_BOUND('',#4745,.T.);
#4745 = EDGE_LOOP('',(#4746));
#4746 = ORIENTED_EDGE('',*,*,#4730,.F.);
#4747 = PLANE('',#4748);
#4748 = AXIS2_PLACEMENT_3D('',#4749,#4750,#4751);
#4749 = CARTESIAN_POINT('',(161.25,235.,-3.));
#4750 = DIRECTION('',(0.,0.,1.));
#4751 = DIRECTION('',(1.,0.,-0.));
#4752 = ADVANCED_FACE('',(#4753),#4781,.T.);
#4753 = FACE_BOUND('',#4754,.T.);
#4754 = EDGE_LOOP('',(#4755,#4763,#4772,#4779,#4780));
#4755 = ORIENTED_EDGE('',*,*,#4756,.T.);
#4756 = EDGE_CURVE('',#4257,#4757,#4759,.T.);
#4757 = VERTEX_POINT('',#4758);
#4758 = CARTESIAN_POINT('',(231.,215.,-1.5));
#4759 = LINE('',#4760,#4761);
#4760 = CARTESIAN_POINT('',(229.5,215.,0.));
#4761 = VECTOR('',#4762,1.);
#4762 = DIRECTION('',(0.707106781187,1.731912112471E-16,-0.707106781187)
  );
#4763 = ORIENTED_EDGE('',*,*,#4764,.F.);
#4764 = EDGE_CURVE('',#4765,#4757,#4767,.T.);
#4765 = VERTEX_POINT('',#4766);
#4766 = CARTESIAN_POINT('',(239.,215.,-1.5));
#4767 = CIRCLE('',#4768,4.);
#4768 = AXIS2_PLACEMENT_3D('',#4769,#4770,#4771);
#4769 = CARTESIAN_POINT('',(235.,215.,-1.5));
#4770 = DIRECTION('',(0.,0.,-1.));
#4771 = DIRECTION('',(-1.,0.,-0.));
#4772 = ORIENTED_EDGE('',*,*,#4773,.F.);
#4773 = EDGE_CURVE('',#4757,#4765,#4774,.T.);
#4774 = CIRCLE('',#4775,4.);
#4775 = AXIS2_PLACEMENT_3D('',#4776,#4777,#4778);
#4776 = CARTESIAN_POINT('',(235.,215.,-1.5));
#4777 = DIRECTION('',(0.,0.,-1.));
#4778 = DIRECTION('',(-1.,0.,-0.));
#4779 = ORIENTED_EDGE('',*,*,#4756,.F.);
#4780 = ORIENTED_EDGE('',*,*,#4256,.T.);
#4781 = CONICAL_SURFACE('',#4782,5.5,0.785398163397);
#4782 = AXIS2_PLACEMENT_3D('',#4783,#4784,#4785);
#4783 = CARTESIAN_POINT('',(235.,215.,0.));
#4784 = DIRECTION('',(-0.,-0.,1.));
#4785 = DIRECTION('',(-1.,0.,-0.));
#4786 = ADVANCED_FACE('',(#4787),#4807,.T.);
#4787 = FACE_BOUND('',#4788,.T.);
#4788 = EDGE_LOOP('',(#4789,#4790,#4798,#4805,#4806));
#4789 = ORIENTED_EDGE('',*,*,#4773,.T.);
#4790 = ORIENTED_EDGE('',*,*,#4791,.F.);
#4791 = EDGE_CURVE('',#4792,#4765,#4794,.T.);
#4792 = VERTEX_POINT('',#4793);
#4793 = CARTESIAN_POINT('',(239.,215.,-3.));
#4794 = LINE('',#4795,#4796);
#4795 = CARTESIAN_POINT('',(239.,215.,-3.));
#4796 = VECTOR('',#4797,1.);
#4797 = DIRECTION('',(0.,0.,1.));
#4798 = ORIENTED_EDGE('',*,*,#4799,.T.);
#4799 = EDGE_CURVE('',#4792,#4792,#4800,.T.);
#4800 = CIRCLE('',#4801,4.);
#4801 = AXIS2_PLACEMENT_3D('',#4802,#4803,#4804);
#4802 = CARTESIAN_POINT('',(235.,215.,-3.));
#4803 = DIRECTION('',(0.,0.,1.));
#4804 = DIRECTION('',(1.,0.,-0.));
#4805 = ORIENTED_EDGE('',*,*,#4791,.T.);
#4806 = ORIENTED_EDGE('',*,*,#4764,.T.);
#4807 = CYLINDRICAL_SURFACE('',#4808,4.);
#4808 = AXIS2_PLACEMENT_3D('',#4809,#4810,#4811);
#4809 = CARTESIAN_POINT('',(235.,215.,-3.));
#4810 = DIRECTION('',(0.,0.,1.));
#4811 = DIRECTION('',(1.,0.,-0.));
#4812 = ADVANCED_FACE('',(#4813),#4816,.F.);
#4813 = FACE_BOUND('',#4814,.T.);
#4814 = EDGE_LOOP('',(#4815));
#4815 = ORIENTED_EDGE('',*,*,#4799,.F.);
#4816 = PLANE('',#4817);
#4817 = AXIS2_PLACEMENT_3D('',#4818,#4819,#4820);
#4818 = CARTESIAN_POINT('',(235.,215.,-3.));
#4819 = DIRECTION('',(0.,0.,1.));
#4820 = DIRECTION('',(1.,0.,-0.));
#4821 = ADVANCED_FACE('',(#4822),#4850,.T.);
#4822 = FACE_BOUND('',#4823,.T.);
#4823 = EDGE_LOOP('',(#4824,#4832,#4841,#4848,#4849));
#4824 = ORIENTED_EDGE('',*,*,#4825,.T.);
#4825 = EDGE_CURVE('',#4268,#4826,#4828,.T.);
#4826 = VERTEX_POINT('',#4827);
#4827 = CARTESIAN_POINT('',(211.,235.,-1.5));
#4828 = LINE('',#4829,#4830);
#4829 = CARTESIAN_POINT('',(209.5,235.,0.));
#4830 = VECTOR('',#4831,1.);
#4831 = DIRECTION('',(0.707106781187,1.731912112471E-16,-0.707106781187)
  );
#4832 = ORIENTED_EDGE('',*,*,#4833,.F.);
#4833 = EDGE_CURVE('',#4834,#4826,#4836,.T.);
#4834 = VERTEX_POINT('',#4835);
#4835 = CARTESIAN_POINT('',(219.,235.,-1.5));
#4836 = CIRCLE('',#4837,4.);
#4837 = AXIS2_PLACEMENT_3D('',#4838,#4839,#4840);
#4838 = CARTESIAN_POINT('',(215.,235.,-1.5));
#4839 = DIRECTION('',(0.,0.,-1.));
#4840 = DIRECTION('',(-1.,0.,-0.));
#4841 = ORIENTED_EDGE('',*,*,#4842,.F.);
#4842 = EDGE_CURVE('',#4826,#4834,#4843,.T.);
#4843 = CIRCLE('',#4844,4.);
#4844 = AXIS2_PLACEMENT_3D('',#4845,#4846,#4847);
#4845 = CARTESIAN_POINT('',(215.,235.,-1.5));
#4846 = DIRECTION('',(0.,0.,-1.));
#4847 = DIRECTION('',(-1.,0.,-0.));
#4848 = ORIENTED_EDGE('',*,*,#4825,.F.);
#4849 = ORIENTED_EDGE('',*,*,#4267,.T.);
#4850 = CONICAL_SURFACE('',#4851,5.5,0.785398163397);
#4851 = AXIS2_PLACEMENT_3D('',#4852,#4853,#4854);
#4852 = CARTESIAN_POINT('',(215.,235.,0.));
#4853 = DIRECTION('',(-0.,-0.,1.));
#4854 = DIRECTION('',(-1.,0.,-0.));
#4855 = ADVANCED_FACE('',(#4856),#4876,.T.);
#4856 = FACE_BOUND('',#4857,.T.);
#4857 = EDGE_LOOP('',(#4858,#4859,#4867,#4874,#4875));
#4858 = ORIENTED_EDGE('',*,*,#4842,.T.);
#4859 = ORIENTED_EDGE('',*,*,#4860,.F.);
#4860 = EDGE_CURVE('',#4861,#4834,#4863,.T.);
#4861 = VERTEX_POINT('',#4862);
#4862 = CARTESIAN_POINT('',(219.,235.,-3.));
#4863 = LINE('',#4864,#4865);
#4864 = CARTESIAN_POINT('',(219.,235.,-3.));
#4865 = VECTOR('',#4866,1.);
#4866 = DIRECTION('',(0.,0.,1.));
#4867 = ORIENTED_EDGE('',*,*,#4868,.T.);
#4868 = EDGE_CURVE('',#4861,#4861,#4869,.T.);
#4869 = CIRCLE('',#4870,4.);
#4870 = AXIS2_PLACEMENT_3D('',#4871,#4872,#4873);
#4871 = CARTESIAN_POINT('',(215.,235.,-3.));
#4872 = DIRECTION('',(0.,0.,1.));
#4873 = DIRECTION('',(1.,0.,-0.));
#4874 = ORIENTED_EDGE('',*,*,#4860,.T.);
#4875 = ORIENTED_EDGE('',*,*,#4833,.T.);
#4876 = CYLINDRICAL_SURFACE('',#4877,4.);
#4877 = AXIS2_PLACEMENT_3D('',#4878,#4879,#4880);
#4878 = CARTESIAN_POINT('',(215.,235.,-3.));
#4879 = DIRECTION('',(0.,0.,1.));
#4880 = DIRECTION('',(1.,0.,-0.));
#4881 = ADVANCED_FACE('',(#4882),#4885,.F.);
#4882 = FACE_BOUND('',#4883,.T.);
#4883 = EDGE_LOOP('',(#4884));
#4884 = ORIENTED_EDGE('',*,*,#4868,.F.);
#4885 = PLANE('',#4886);
#4886 = AXIS2_PLACEMENT_3D('',#4887,#4888,#4889);
#4887 = CARTESIAN_POINT('',(215.,235.,-3.));
#4888 = DIRECTION('',(0.,0.,1.));
#4889 = DIRECTION('',(1.,0.,-0.));
#4890 = ADVANCED_FACE('',(#4891,#4915,#4926,#4937,#4948,#4959,#4970,
    #4981),#4992,.T.);
#4891 = FACE_BOUND('',#4892,.T.);
#4892 = EDGE_LOOP('',(#4893,#4894,#4900,#4901,#4902,#4903,#4909,#4910,
    #4911,#4912,#4913,#4914));
#4893 = ORIENTED_EDGE('',*,*,#1400,.F.);
#4894 = ORIENTED_EDGE('',*,*,#4895,.F.);
#4895 = EDGE_CURVE('',#1596,#1391,#4896,.T.);
#4896 = LINE('',#4897,#4898);
#4897 = CARTESIAN_POINT('',(215.,-232.5,0.));
#4898 = VECTOR('',#4899,1.);
#4899 = DIRECTION('',(-0.,1.,0.));
#4900 = ORIENTED_EDGE('',*,*,#1603,.T.);
#4901 = ORIENTED_EDGE('',*,*,#1969,.F.);
#4902 = ORIENTED_EDGE('',*,*,#1653,.T.);
#4903 = ORIENTED_EDGE('',*,*,#4904,.T.);
#4904 = EDGE_CURVE('',#1654,#1426,#4905,.T.);
#4905 = LINE('',#4906,#4907);
#4906 = CARTESIAN_POINT('',(199.,-200.5,0.));
#4907 = VECTOR('',#4908,1.);
#4908 = DIRECTION('',(-0.,1.,0.));
#4909 = ORIENTED_EDGE('',*,*,#1441,.T.);
#4910 = ORIENTED_EDGE('',*,*,#961,.T.);
#4911 = ORIENTED_EDGE('',*,*,#388,.T.);
#4912 = ORIENTED_EDGE('',*,*,#895,.F.);
#4913 = ORIENTED_EDGE('',*,*,#438,.T.);
#4914 = ORIENTED_EDGE('',*,*,#873,.F.);
#4915 = FACE_BOUND('',#4916,.T.);
#4916 = EDGE_LOOP('',(#4917));
#4917 = ORIENTED_EDGE('',*,*,#4918,.F.);
#4918 = EDGE_CURVE('',#4919,#4919,#4921,.T.);
#4919 = VERTEX_POINT('',#4920);
#4920 = CARTESIAN_POINT('',(202.,26.785714285714,0.));
#4921 = CIRCLE('',#4922,5.5);
#4922 = AXIS2_PLACEMENT_3D('',#4923,#4924,#4925);
#4923 = CARTESIAN_POINT('',(207.5,26.785714285714,0.));
#4924 = DIRECTION('',(0.,0.,-1.));
#4925 = DIRECTION('',(-1.,0.,-0.));
#4926 = FACE_BOUND('',#4927,.T.);
#4927 = EDGE_LOOP('',(#4928));
#4928 = ORIENTED_EDGE('',*,*,#4929,.F.);
#4929 = EDGE_CURVE('',#4930,#4930,#4932,.T.);
#4930 = VERTEX_POINT('',#4931);
#4931 = CARTESIAN_POINT('',(202.,80.357142857143,0.));
#4932 = CIRCLE('',#4933,5.5);
#4933 = AXIS2_PLACEMENT_3D('',#4934,#4935,#4936);
#4934 = CARTESIAN_POINT('',(207.5,80.357142857143,0.));
#4935 = DIRECTION('',(0.,0.,-1.));
#4936 = DIRECTION('',(-1.,0.,-0.));
#4937 = FACE_BOUND('',#4938,.T.);
#4938 = EDGE_LOOP('',(#4939));
#4939 = ORIENTED_EDGE('',*,*,#4940,.F.);
#4940 = EDGE_CURVE('',#4941,#4941,#4943,.T.);
#4941 = VERTEX_POINT('',#4942);
#4942 = CARTESIAN_POINT('',(74.857142857143,207.5,0.));
#4943 = CIRCLE('',#4944,5.5);
#4944 = AXIS2_PLACEMENT_3D('',#4945,#4946,#4947);
#4945 = CARTESIAN_POINT('',(80.357142857143,207.5,0.));
#4946 = DIRECTION('',(0.,0.,-1.));
#4947 = DIRECTION('',(-1.,0.,-0.));
#4948 = FACE_BOUND('',#4949,.T.);
#4949 = EDGE_LOOP('',(#4950));
#4950 = ORIENTED_EDGE('',*,*,#4951,.F.);
#4951 = EDGE_CURVE('',#4952,#4952,#4954,.T.);
#4952 = VERTEX_POINT('',#4953);
#4953 = CARTESIAN_POINT('',(128.42857142857,207.5,0.));
#4954 = CIRCLE('',#4955,5.5);
#4955 = AXIS2_PLACEMENT_3D('',#4956,#4957,#4958);
#4956 = CARTESIAN_POINT('',(133.92857142857,207.5,0.));
#4957 = DIRECTION('',(0.,0.,-1.));
#4958 = DIRECTION('',(-1.,0.,-0.));
#4959 = FACE_BOUND('',#4960,.T.);
#4960 = EDGE_LOOP('',(#4961));
#4961 = ORIENTED_EDGE('',*,*,#4962,.F.);
#4962 = EDGE_CURVE('',#4963,#4963,#4965,.T.);
#4963 = VERTEX_POINT('',#4964);
#4964 = CARTESIAN_POINT('',(202.,133.92857142857,0.));
#4965 = CIRCLE('',#4966,5.5);
#4966 = AXIS2_PLACEMENT_3D('',#4967,#4968,#4969);
#4967 = CARTESIAN_POINT('',(207.5,133.92857142857,0.));
#4968 = DIRECTION('',(0.,0.,-1.));
#4969 = DIRECTION('',(-1.,0.,-0.));
#4970 = FACE_BOUND('',#4971,.T.);
#4971 = EDGE_LOOP('',(#4972));
#4972 = ORIENTED_EDGE('',*,*,#4973,.F.);
#4973 = EDGE_CURVE('',#4974,#4974,#4976,.T.);
#4974 = VERTEX_POINT('',#4975);
#4975 = CARTESIAN_POINT('',(202.,187.5,0.));
#4976 = CIRCLE('',#4977,5.5);
#4977 = AXIS2_PLACEMENT_3D('',#4978,#4979,#4980);
#4978 = CARTESIAN_POINT('',(207.5,187.5,0.));
#4979 = DIRECTION('',(0.,0.,-1.));
#4980 = DIRECTION('',(-1.,0.,-0.));
#4981 = FACE_BOUND('',#4982,.T.);
#4982 = EDGE_LOOP('',(#4983));
#4983 = ORIENTED_EDGE('',*,*,#4984,.F.);
#4984 = EDGE_CURVE('',#4985,#4985,#4987,.T.);
#4985 = VERTEX_POINT('',#4986);
#4986 = CARTESIAN_POINT('',(182.,207.5,0.));
#4987 = CIRCLE('',#4988,5.5);
#4988 = AXIS2_PLACEMENT_3D('',#4989,#4990,#4991);
#4989 = CARTESIAN_POINT('',(187.5,207.5,0.));
#4990 = DIRECTION('',(0.,0.,-1.));
#4991 = DIRECTION('',(-1.,0.,-0.));
#4992 = PLANE('',#4993);
#4993 = AXIS2_PLACEMENT_3D('',#4994,#4995,#4996);
#4994 = CARTESIAN_POINT('',(163.39697841784,139.73640272839,0.));
#4995 = DIRECTION('',(-0.,-0.,-1.));
#4996 = DIRECTION('',(-1.,0.,0.));
#4997 = ADVANCED_FACE('',(#4998),#5026,.T.);
#4998 = FACE_BOUND('',#4999,.T.);
#4999 = EDGE_LOOP('',(#5000,#5008,#5017,#5024,#5025));
#5000 = ORIENTED_EDGE('',*,*,#5001,.T.);
#5001 = EDGE_CURVE('',#4919,#5002,#5004,.T.);
#5002 = VERTEX_POINT('',#5003);
#5003 = CARTESIAN_POINT('',(203.5,26.785714285714,-1.5));
#5004 = LINE('',#5005,#5006);
#5005 = CARTESIAN_POINT('',(202.,26.785714285714,0.));
#5006 = VECTOR('',#5007,1.);
#5007 = DIRECTION('',(0.707106781187,1.731912112471E-16,-0.707106781187)
  );
#5008 = ORIENTED_EDGE('',*,*,#5009,.F.);
#5009 = EDGE_CURVE('',#5010,#5002,#5012,.T.);
#5010 = VERTEX_POINT('',#5011);
#5011 = CARTESIAN_POINT('',(211.5,26.785714285714,-1.5));
#5012 = CIRCLE('',#5013,4.);
#5013 = AXIS2_PLACEMENT_3D('',#5014,#5015,#5016);
#5014 = CARTESIAN_POINT('',(207.5,26.785714285714,-1.5));
#5015 = DIRECTION('',(0.,0.,-1.));
#5016 = DIRECTION('',(-1.,0.,-0.));
#5017 = ORIENTED_EDGE('',*,*,#5018,.F.);
#5018 = EDGE_CURVE('',#5002,#5010,#5019,.T.);
#5019 = CIRCLE('',#5020,4.);
#5020 = AXIS2_PLACEMENT_3D('',#5021,#5022,#5023);
#5021 = CARTESIAN_POINT('',(207.5,26.785714285714,-1.5));
#5022 = DIRECTION('',(0.,0.,-1.));
#5023 = DIRECTION('',(-1.,0.,-0.));
#5024 = ORIENTED_EDGE('',*,*,#5001,.F.);
#5025 = ORIENTED_EDGE('',*,*,#4918,.T.);
#5026 = CONICAL_SURFACE('',#5027,5.5,0.785398163397);
#5027 = AXIS2_PLACEMENT_3D('',#5028,#5029,#5030);
#5028 = CARTESIAN_POINT('',(207.5,26.785714285714,0.));
#5029 = DIRECTION('',(-0.,-0.,1.));
#5030 = DIRECTION('',(-1.,0.,-0.));
#5031 = ADVANCED_FACE('',(#5032),#5052,.T.);
#5032 = FACE_BOUND('',#5033,.T.);
#5033 = EDGE_LOOP('',(#5034,#5035,#5043,#5050,#5051));
#5034 = ORIENTED_EDGE('',*,*,#5018,.T.);
#5035 = ORIENTED_EDGE('',*,*,#5036,.F.);
#5036 = EDGE_CURVE('',#5037,#5010,#5039,.T.);
#5037 = VERTEX_POINT('',#5038);
#5038 = CARTESIAN_POINT('',(211.5,26.785714285714,-3.));
#5039 = LINE('',#5040,#5041);
#5040 = CARTESIAN_POINT('',(211.5,26.785714285714,-3.));
#5041 = VECTOR('',#5042,1.);
#5042 = DIRECTION('',(0.,0.,1.));
#5043 = ORIENTED_EDGE('',*,*,#5044,.T.);
#5044 = EDGE_CURVE('',#5037,#5037,#5045,.T.);
#5045 = CIRCLE('',#5046,4.);
#5046 = AXIS2_PLACEMENT_3D('',#5047,#5048,#5049);
#5047 = CARTESIAN_POINT('',(207.5,26.785714285714,-3.));
#5048 = DIRECTION('',(0.,0.,1.));
#5049 = DIRECTION('',(1.,0.,-0.));
#5050 = ORIENTED_EDGE('',*,*,#5036,.T.);
#5051 = ORIENTED_EDGE('',*,*,#5009,.T.);
#5052 = CYLINDRICAL_SURFACE('',#5053,4.);
#5053 = AXIS2_PLACEMENT_3D('',#5054,#5055,#5056);
#5054 = CARTESIAN_POINT('',(207.5,26.785714285714,-3.));
#5055 = DIRECTION('',(0.,0.,1.));
#5056 = DIRECTION('',(1.,0.,-0.));
#5057 = ADVANCED_FACE('',(#5058),#5061,.F.);
#5058 = FACE_BOUND('',#5059,.T.);
#5059 = EDGE_LOOP('',(#5060));
#5060 = ORIENTED_EDGE('',*,*,#5044,.F.);
#5061 = PLANE('',#5062);
#5062 = AXIS2_PLACEMENT_3D('',#5063,#5064,#5065);
#5063 = CARTESIAN_POINT('',(207.5,26.785714285714,-3.));
#5064 = DIRECTION('',(0.,0.,1.));
#5065 = DIRECTION('',(1.,0.,-0.));
#5066 = ADVANCED_FACE('',(#5067),#5095,.T.);
#5067 = FACE_BOUND('',#5068,.T.);
#5068 = EDGE_LOOP('',(#5069,#5077,#5086,#5093,#5094));
#5069 = ORIENTED_EDGE('',*,*,#5070,.T.);
#5070 = EDGE_CURVE('',#4930,#5071,#5073,.T.);
#5071 = VERTEX_POINT('',#5072);
#5072 = CARTESIAN_POINT('',(203.5,80.357142857143,-1.5));
#5073 = LINE('',#5074,#5075);
#5074 = CARTESIAN_POINT('',(202.,80.357142857143,0.));
#5075 = VECTOR('',#5076,1.);
#5076 = DIRECTION('',(0.707106781187,1.731912112471E-16,-0.707106781187)
  );
#5077 = ORIENTED_EDGE('',*,*,#5078,.F.);
#5078 = EDGE_CURVE('',#5079,#5071,#5081,.T.);
#5079 = VERTEX_POINT('',#5080);
#5080 = CARTESIAN_POINT('',(211.5,80.357142857143,-1.5));
#5081 = CIRCLE('',#5082,4.);
#5082 = AXIS2_PLACEMENT_3D('',#5083,#5084,#5085);
#5083 = CARTESIAN_POINT('',(207.5,80.357142857143,-1.5));
#5084 = DIRECTION('',(0.,0.,-1.));
#5085 = DIRECTION('',(-1.,0.,-0.));
#5086 = ORIENTED_EDGE('',*,*,#5087,.F.);
#5087 = EDGE_CURVE('',#5071,#5079,#5088,.T.);
#5088 = CIRCLE('',#5089,4.);
#5089 = AXIS2_PLACEMENT_3D('',#5090,#5091,#5092);
#5090 = CARTESIAN_POINT('',(207.5,80.357142857143,-1.5));
#5091 = DIRECTION('',(0.,0.,-1.));
#5092 = DIRECTION('',(-1.,0.,-0.));
#5093 = ORIENTED_EDGE('',*,*,#5070,.F.);
#5094 = ORIENTED_EDGE('',*,*,#4929,.T.);
#5095 = CONICAL_SURFACE('',#5096,5.5,0.785398163397);
#5096 = AXIS2_PLACEMENT_3D('',#5097,#5098,#5099);
#5097 = CARTESIAN_POINT('',(207.5,80.357142857143,0.));
#5098 = DIRECTION('',(-0.,-0.,1.));
#5099 = DIRECTION('',(-1.,0.,-0.));
#5100 = ADVANCED_FACE('',(#5101),#5121,.T.);
#5101 = FACE_BOUND('',#5102,.T.);
#5102 = EDGE_LOOP('',(#5103,#5104,#5112,#5119,#5120));
#5103 = ORIENTED_EDGE('',*,*,#5087,.T.);
#5104 = ORIENTED_EDGE('',*,*,#5105,.F.);
#5105 = EDGE_CURVE('',#5106,#5079,#5108,.T.);
#5106 = VERTEX_POINT('',#5107);
#5107 = CARTESIAN_POINT('',(211.5,80.357142857143,-3.));
#5108 = LINE('',#5109,#5110);
#5109 = CARTESIAN_POINT('',(211.5,80.357142857143,-3.));
#5110 = VECTOR('',#5111,1.);
#5111 = DIRECTION('',(0.,0.,1.));
#5112 = ORIENTED_EDGE('',*,*,#5113,.T.);
#5113 = EDGE_CURVE('',#5106,#5106,#5114,.T.);
#5114 = CIRCLE('',#5115,4.);
#5115 = AXIS2_PLACEMENT_3D('',#5116,#5117,#5118);
#5116 = CARTESIAN_POINT('',(207.5,80.357142857143,-3.));
#5117 = DIRECTION('',(0.,0.,1.));
#5118 = DIRECTION('',(1.,0.,-0.));
#5119 = ORIENTED_EDGE('',*,*,#5105,.T.);
#5120 = ORIENTED_EDGE('',*,*,#5078,.T.);
#5121 = CYLINDRICAL_SURFACE('',#5122,4.);
#5122 = AXIS2_PLACEMENT_3D('',#5123,#5124,#5125);
#5123 = CARTESIAN_POINT('',(207.5,80.357142857143,-3.));
#5124 = DIRECTION('',(0.,0.,1.));
#5125 = DIRECTION('',(1.,0.,-0.));
#5126 = ADVANCED_FACE('',(#5127),#5130,.F.);
#5127 = FACE_BOUND('',#5128,.T.);
#5128 = EDGE_LOOP('',(#5129));
#5129 = ORIENTED_EDGE('',*,*,#5113,.F.);
#5130 = PLANE('',#5131);
#5131 = AXIS2_PLACEMENT_3D('',#5132,#5133,#5134);
#5132 = CARTESIAN_POINT('',(207.5,80.357142857143,-3.));
#5133 = DIRECTION('',(0.,0.,1.));
#5134 = DIRECTION('',(1.,0.,-0.));
#5135 = ADVANCED_FACE('',(#5136),#5164,.T.);
#5136 = FACE_BOUND('',#5137,.T.);
#5137 = EDGE_LOOP('',(#5138,#5146,#5155,#5162,#5163));
#5138 = ORIENTED_EDGE('',*,*,#5139,.T.);
#5139 = EDGE_CURVE('',#4941,#5140,#5142,.T.);
#5140 = VERTEX_POINT('',#5141);
#5141 = CARTESIAN_POINT('',(76.357142857143,207.5,-1.5));
#5142 = LINE('',#5143,#5144);
#5143 = CARTESIAN_POINT('',(74.857142857143,207.5,0.));
#5144 = VECTOR('',#5145,1.);
#5145 = DIRECTION('',(0.707106781187,1.731912112471E-16,-0.707106781187)
  );
#5146 = ORIENTED_EDGE('',*,*,#5147,.F.);
#5147 = EDGE_CURVE('',#5148,#5140,#5150,.T.);
#5148 = VERTEX_POINT('',#5149);
#5149 = CARTESIAN_POINT('',(84.357142857143,207.5,-1.5));
#5150 = CIRCLE('',#5151,4.);
#5151 = AXIS2_PLACEMENT_3D('',#5152,#5153,#5154);
#5152 = CARTESIAN_POINT('',(80.357142857143,207.5,-1.5));
#5153 = DIRECTION('',(0.,0.,-1.));
#5154 = DIRECTION('',(-1.,0.,-0.));
#5155 = ORIENTED_EDGE('',*,*,#5156,.F.);
#5156 = EDGE_CURVE('',#5140,#5148,#5157,.T.);
#5157 = CIRCLE('',#5158,4.);
#5158 = AXIS2_PLACEMENT_3D('',#5159,#5160,#5161);
#5159 = CARTESIAN_POINT('',(80.357142857143,207.5,-1.5));
#5160 = DIRECTION('',(0.,0.,-1.));
#5161 = DIRECTION('',(-1.,0.,-0.));
#5162 = ORIENTED_EDGE('',*,*,#5139,.F.);
#5163 = ORIENTED_EDGE('',*,*,#4940,.T.);
#5164 = CONICAL_SURFACE('',#5165,5.5,0.785398163397);
#5165 = AXIS2_PLACEMENT_3D('',#5166,#5167,#5168);
#5166 = CARTESIAN_POINT('',(80.357142857143,207.5,0.));
#5167 = DIRECTION('',(-0.,-0.,1.));
#5168 = DIRECTION('',(-1.,0.,-0.));
#5169 = ADVANCED_FACE('',(#5170),#5190,.T.);
#5170 = FACE_BOUND('',#5171,.T.);
#5171 = EDGE_LOOP('',(#5172,#5173,#5181,#5188,#5189));
#5172 = ORIENTED_EDGE('',*,*,#5156,.T.);
#5173 = ORIENTED_EDGE('',*,*,#5174,.F.);
#5174 = EDGE_CURVE('',#5175,#5148,#5177,.T.);
#5175 = VERTEX_POINT('',#5176);
#5176 = CARTESIAN_POINT('',(84.357142857143,207.5,-3.));
#5177 = LINE('',#5178,#5179);
#5178 = CARTESIAN_POINT('',(84.357142857143,207.5,-3.));
#5179 = VECTOR('',#5180,1.);
#5180 = DIRECTION('',(0.,0.,1.));
#5181 = ORIENTED_EDGE('',*,*,#5182,.T.);
#5182 = EDGE_CURVE('',#5175,#5175,#5183,.T.);
#5183 = CIRCLE('',#5184,4.);
#5184 = AXIS2_PLACEMENT_3D('',#5185,#5186,#5187);
#5185 = CARTESIAN_POINT('',(80.357142857143,207.5,-3.));
#5186 = DIRECTION('',(0.,0.,1.));
#5187 = DIRECTION('',(1.,0.,-0.));
#5188 = ORIENTED_EDGE('',*,*,#5174,.T.);
#5189 = ORIENTED_EDGE('',*,*,#5147,.T.);
#5190 = CYLINDRICAL_SURFACE('',#5191,4.);
#5191 = AXIS2_PLACEMENT_3D('',#5192,#5193,#5194);
#5192 = CARTESIAN_POINT('',(80.357142857143,207.5,-3.));
#5193 = DIRECTION('',(0.,0.,1.));
#5194 = DIRECTION('',(1.,0.,-0.));
#5195 = ADVANCED_FACE('',(#5196),#5199,.F.);
#5196 = FACE_BOUND('',#5197,.T.);
#5197 = EDGE_LOOP('',(#5198));
#5198 = ORIENTED_EDGE('',*,*,#5182,.F.);
#5199 = PLANE('',#5200);
#5200 = AXIS2_PLACEMENT_3D('',#5201,#5202,#5203);
#5201 = CARTESIAN_POINT('',(80.357142857143,207.5,-3.));
#5202 = DIRECTION('',(0.,0.,1.));
#5203 = DIRECTION('',(1.,0.,-0.));
#5204 = ADVANCED_FACE('',(#5205),#5233,.T.);
#5205 = FACE_BOUND('',#5206,.T.);
#5206 = EDGE_LOOP('',(#5207,#5215,#5224,#5231,#5232));
#5207 = ORIENTED_EDGE('',*,*,#5208,.T.);
#5208 = EDGE_CURVE('',#4952,#5209,#5211,.T.);
#5209 = VERTEX_POINT('',#5210);
#5210 = CARTESIAN_POINT('',(129.92857142857,207.5,-1.5));
#5211 = LINE('',#5212,#5213);
#5212 = CARTESIAN_POINT('',(128.42857142857,207.5,0.));
#5213 = VECTOR('',#5214,1.);
#5214 = DIRECTION('',(0.707106781187,1.731912112471E-16,-0.707106781187)
  );
#5215 = ORIENTED_EDGE('',*,*,#5216,.F.);
#5216 = EDGE_CURVE('',#5217,#5209,#5219,.T.);
#5217 = VERTEX_POINT('',#5218);
#5218 = CARTESIAN_POINT('',(137.92857142857,207.5,-1.5));
#5219 = CIRCLE('',#5220,4.);
#5220 = AXIS2_PLACEMENT_3D('',#5221,#5222,#5223);
#5221 = CARTESIAN_POINT('',(133.92857142857,207.5,-1.5));
#5222 = DIRECTION('',(0.,0.,-1.));
#5223 = DIRECTION('',(-1.,0.,-0.));
#5224 = ORIENTED_EDGE('',*,*,#5225,.F.);
#5225 = EDGE_CURVE('',#5209,#5217,#5226,.T.);
#5226 = CIRCLE('',#5227,4.);
#5227 = AXIS2_PLACEMENT_3D('',#5228,#5229,#5230);
#5228 = CARTESIAN_POINT('',(133.92857142857,207.5,-1.5));
#5229 = DIRECTION('',(0.,0.,-1.));
#5230 = DIRECTION('',(-1.,0.,-0.));
#5231 = ORIENTED_EDGE('',*,*,#5208,.F.);
#5232 = ORIENTED_EDGE('',*,*,#4951,.T.);
#5233 = CONICAL_SURFACE('',#5234,5.5,0.785398163397);
#5234 = AXIS2_PLACEMENT_3D('',#5235,#5236,#5237);
#5235 = CARTESIAN_POINT('',(133.92857142857,207.5,0.));
#5236 = DIRECTION('',(-0.,-0.,1.));
#5237 = DIRECTION('',(-1.,0.,-0.));
#5238 = ADVANCED_FACE('',(#5239),#5259,.T.);
#5239 = FACE_BOUND('',#5240,.T.);
#5240 = EDGE_LOOP('',(#5241,#5242,#5250,#5257,#5258));
#5241 = ORIENTED_EDGE('',*,*,#5225,.T.);
#5242 = ORIENTED_EDGE('',*,*,#5243,.F.);
#5243 = EDGE_CURVE('',#5244,#5217,#5246,.T.);
#5244 = VERTEX_POINT('',#5245);
#5245 = CARTESIAN_POINT('',(137.92857142857,207.5,-3.));
#5246 = LINE('',#5247,#5248);
#5247 = CARTESIAN_POINT('',(137.92857142857,207.5,-3.));
#5248 = VECTOR('',#5249,1.);
#5249 = DIRECTION('',(0.,0.,1.));
#5250 = ORIENTED_EDGE('',*,*,#5251,.T.);
#5251 = EDGE_CURVE('',#5244,#5244,#5252,.T.);
#5252 = CIRCLE('',#5253,4.);
#5253 = AXIS2_PLACEMENT_3D('',#5254,#5255,#5256);
#5254 = CARTESIAN_POINT('',(133.92857142857,207.5,-3.));
#5255 = DIRECTION('',(0.,0.,1.));
#5256 = DIRECTION('',(1.,0.,-0.));
#5257 = ORIENTED_EDGE('',*,*,#5243,.T.);
#5258 = ORIENTED_EDGE('',*,*,#5216,.T.);
#5259 = CYLINDRICAL_SURFACE('',#5260,4.);
#5260 = AXIS2_PLACEMENT_3D('',#5261,#5262,#5263);
#5261 = CARTESIAN_POINT('',(133.92857142857,207.5,-3.));
#5262 = DIRECTION('',(0.,0.,1.));
#5263 = DIRECTION('',(1.,0.,-0.));
#5264 = ADVANCED_FACE('',(#5265),#5268,.F.);
#5265 = FACE_BOUND('',#5266,.T.);
#5266 = EDGE_LOOP('',(#5267));
#5267 = ORIENTED_EDGE('',*,*,#5251,.F.);
#5268 = PLANE('',#5269);
#5269 = AXIS2_PLACEMENT_3D('',#5270,#5271,#5272);
#5270 = CARTESIAN_POINT('',(133.92857142857,207.5,-3.));
#5271 = DIRECTION('',(0.,0.,1.));
#5272 = DIRECTION('',(1.,0.,-0.));
#5273 = ADVANCED_FACE('',(#5274),#5302,.T.);
#5274 = FACE_BOUND('',#5275,.T.);
#5275 = EDGE_LOOP('',(#5276,#5284,#5293,#5300,#5301));
#5276 = ORIENTED_EDGE('',*,*,#5277,.T.);
#5277 = EDGE_CURVE('',#4963,#5278,#5280,.T.);
#5278 = VERTEX_POINT('',#5279);
#5279 = CARTESIAN_POINT('',(203.5,133.92857142857,-1.5));
#5280 = LINE('',#5281,#5282);
#5281 = CARTESIAN_POINT('',(202.,133.92857142857,0.));
#5282 = VECTOR('',#5283,1.);
#5283 = DIRECTION('',(0.707106781187,1.731912112471E-16,-0.707106781187)
  );
#5284 = ORIENTED_EDGE('',*,*,#5285,.F.);
#5285 = EDGE_CURVE('',#5286,#5278,#5288,.T.);
#5286 = VERTEX_POINT('',#5287);
#5287 = CARTESIAN_POINT('',(211.5,133.92857142857,-1.5));
#5288 = CIRCLE('',#5289,4.);
#5289 = AXIS2_PLACEMENT_3D('',#5290,#5291,#5292);
#5290 = CARTESIAN_POINT('',(207.5,133.92857142857,-1.5));
#5291 = DIRECTION('',(0.,0.,-1.));
#5292 = DIRECTION('',(-1.,0.,-0.));
#5293 = ORIENTED_EDGE('',*,*,#5294,.F.);
#5294 = EDGE_CURVE('',#5278,#5286,#5295,.T.);
#5295 = CIRCLE('',#5296,4.);
#5296 = AXIS2_PLACEMENT_3D('',#5297,#5298,#5299);
#5297 = CARTESIAN_POINT('',(207.5,133.92857142857,-1.5));
#5298 = DIRECTION('',(0.,0.,-1.));
#5299 = DIRECTION('',(-1.,0.,-0.));
#5300 = ORIENTED_EDGE('',*,*,#5277,.F.);
#5301 = ORIENTED_EDGE('',*,*,#4962,.T.);
#5302 = CONICAL_SURFACE('',#5303,5.5,0.785398163397);
#5303 = AXIS2_PLACEMENT_3D('',#5304,#5305,#5306);
#5304 = CARTESIAN_POINT('',(207.5,133.92857142857,0.));
#5305 = DIRECTION('',(-0.,-0.,1.));
#5306 = DIRECTION('',(-1.,0.,-0.));
#5307 = ADVANCED_FACE('',(#5308),#5328,.T.);
#5308 = FACE_BOUND('',#5309,.T.);
#5309 = EDGE_LOOP('',(#5310,#5311,#5319,#5326,#5327));
#5310 = ORIENTED_EDGE('',*,*,#5294,.T.);
#5311 = ORIENTED_EDGE('',*,*,#5312,.F.);
#5312 = EDGE_CURVE('',#5313,#5286,#5315,.T.);
#5313 = VERTEX_POINT('',#5314);
#5314 = CARTESIAN_POINT('',(211.5,133.92857142857,-3.));
#5315 = LINE('',#5316,#5317);
#5316 = CARTESIAN_POINT('',(211.5,133.92857142857,-3.));
#5317 = VECTOR('',#5318,1.);
#5318 = DIRECTION('',(0.,0.,1.));
#5319 = ORIENTED_EDGE('',*,*,#5320,.T.);
#5320 = EDGE_CURVE('',#5313,#5313,#5321,.T.);
#5321 = CIRCLE('',#5322,4.);
#5322 = AXIS2_PLACEMENT_3D('',#5323,#5324,#5325);
#5323 = CARTESIAN_POINT('',(207.5,133.92857142857,-3.));
#5324 = DIRECTION('',(0.,0.,1.));
#5325 = DIRECTION('',(1.,0.,-0.));
#5326 = ORIENTED_EDGE('',*,*,#5312,.T.);
#5327 = ORIENTED_EDGE('',*,*,#5285,.T.);
#5328 = CYLINDRICAL_SURFACE('',#5329,4.);
#5329 = AXIS2_PLACEMENT_3D('',#5330,#5331,#5332);
#5330 = CARTESIAN_POINT('',(207.5,133.92857142857,-3.));
#5331 = DIRECTION('',(0.,0.,1.));
#5332 = DIRECTION('',(1.,0.,-0.));
#5333 = ADVANCED_FACE('',(#5334),#5337,.F.);
#5334 = FACE_BOUND('',#5335,.T.);
#5335 = EDGE_LOOP('',(#5336));
#5336 = ORIENTED_EDGE('',*,*,#5320,.F.);
#5337 = PLANE('',#5338);
#5338 = AXIS2_PLACEMENT_3D('',#5339,#5340,#5341);
#5339 = CARTESIAN_POINT('',(207.5,133.92857142857,-3.));
#5340 = DIRECTION('',(0.,0.,1.));
#5341 = DIRECTION('',(1.,0.,-0.));
#5342 = ADVANCED_FACE('',(#5343),#5371,.T.);
#5343 = FACE_BOUND('',#5344,.T.);
#5344 = EDGE_LOOP('',(#5345,#5353,#5362,#5369,#5370));
#5345 = ORIENTED_EDGE('',*,*,#5346,.T.);
#5346 = EDGE_CURVE('',#4974,#5347,#5349,.T.);
#5347 = VERTEX_POINT('',#5348);
#5348 = CARTESIAN_POINT('',(203.5,187.5,-1.5));
#5349 = LINE('',#5350,#5351);
#5350 = CARTESIAN_POINT('',(202.,187.5,0.));
#5351 = VECTOR('',#5352,1.);
#5352 = DIRECTION('',(0.707106781187,1.731912112471E-16,-0.707106781187)
  );
#5353 = ORIENTED_EDGE('',*,*,#5354,.F.);
#5354 = EDGE_CURVE('',#5355,#5347,#5357,.T.);
#5355 = VERTEX_POINT('',#5356);
#5356 = CARTESIAN_POINT('',(211.5,187.5,-1.5));
#5357 = CIRCLE('',#5358,4.);
#5358 = AXIS2_PLACEMENT_3D('',#5359,#5360,#5361);
#5359 = CARTESIAN_POINT('',(207.5,187.5,-1.5));
#5360 = DIRECTION('',(0.,0.,-1.));
#5361 = DIRECTION('',(-1.,0.,-0.));
#5362 = ORIENTED_EDGE('',*,*,#5363,.F.);
#5363 = EDGE_CURVE('',#5347,#5355,#5364,.T.);
#5364 = CIRCLE('',#5365,4.);
#5365 = AXIS2_PLACEMENT_3D('',#5366,#5367,#5368);
#5366 = CARTESIAN_POINT('',(207.5,187.5,-1.5));
#5367 = DIRECTION('',(0.,0.,-1.));
#5368 = DIRECTION('',(-1.,0.,-0.));
#5369 = ORIENTED_EDGE('',*,*,#5346,.F.);
#5370 = ORIENTED_EDGE('',*,*,#4973,.T.);
#5371 = CONICAL_SURFACE('',#5372,5.5,0.785398163397);
#5372 = AXIS2_PLACEMENT_3D('',#5373,#5374,#5375);
#5373 = CARTESIAN_POINT('',(207.5,187.5,0.));
#5374 = DIRECTION('',(-0.,-0.,1.));
#5375 = DIRECTION('',(-1.,0.,-0.));
#5376 = ADVANCED_FACE('',(#5377),#5397,.T.);
#5377 = FACE_BOUND('',#5378,.T.);
#5378 = EDGE_LOOP('',(#5379,#5380,#5388,#5395,#5396));
#5379 = ORIENTED_EDGE('',*,*,#5363,.T.);
#5380 = ORIENTED_EDGE('',*,*,#5381,.F.);
#5381 = EDGE_CURVE('',#5382,#5355,#5384,.T.);
#5382 = VERTEX_POINT('',#5383);
#5383 = CARTESIAN_POINT('',(211.5,187.5,-3.));
#5384 = LINE('',#5385,#5386);
#5385 = CARTESIAN_POINT('',(211.5,187.5,-3.));
#5386 = VECTOR('',#5387,1.);
#5387 = DIRECTION('',(0.,0.,1.));
#5388 = ORIENTED_EDGE('',*,*,#5389,.T.);
#5389 = EDGE_CURVE('',#5382,#5382,#5390,.T.);
#5390 = CIRCLE('',#5391,4.);
#5391 = AXIS2_PLACEMENT_3D('',#5392,#5393,#5394);
#5392 = CARTESIAN_POINT('',(207.5,187.5,-3.));
#5393 = DIRECTION('',(0.,0.,1.));
#5394 = DIRECTION('',(1.,0.,-0.));
#5395 = ORIENTED_EDGE('',*,*,#5381,.T.);
#5396 = ORIENTED_EDGE('',*,*,#5354,.T.);
#5397 = CYLINDRICAL_SURFACE('',#5398,4.);
#5398 = AXIS2_PLACEMENT_3D('',#5399,#5400,#5401);
#5399 = CARTESIAN_POINT('',(207.5,187.5,-3.));
#5400 = DIRECTION('',(0.,0.,1.));
#5401 = DIRECTION('',(1.,0.,-0.));
#5402 = ADVANCED_FACE('',(#5403),#5406,.F.);
#5403 = FACE_BOUND('',#5404,.T.);
#5404 = EDGE_LOOP('',(#5405));
#5405 = ORIENTED_EDGE('',*,*,#5389,.F.);
#5406 = PLANE('',#5407);
#5407 = AXIS2_PLACEMENT_3D('',#5408,#5409,#5410);
#5408 = CARTESIAN_POINT('',(207.5,187.5,-3.));
#5409 = DIRECTION('',(0.,0.,1.));
#5410 = DIRECTION('',(1.,0.,-0.));
#5411 = ADVANCED_FACE('',(#5412),#5440,.T.);
#5412 = FACE_BOUND('',#5413,.T.);
#5413 = EDGE_LOOP('',(#5414,#5422,#5431,#5438,#5439));
#5414 = ORIENTED_EDGE('',*,*,#5415,.T.);
#5415 = EDGE_CURVE('',#4985,#5416,#5418,.T.);
#5416 = VERTEX_POINT('',#5417);
#5417 = CARTESIAN_POINT('',(183.5,207.5,-1.5));
#5418 = LINE('',#5419,#5420);
#5419 = CARTESIAN_POINT('',(182.,207.5,0.));
#5420 = VECTOR('',#5421,1.);
#5421 = DIRECTION('',(0.707106781187,1.731912112471E-16,-0.707106781187)
  );
#5422 = ORIENTED_EDGE('',*,*,#5423,.F.);
#5423 = EDGE_CURVE('',#5424,#5416,#5426,.T.);
#5424 = VERTEX_POINT('',#5425);
#5425 = CARTESIAN_POINT('',(191.5,207.5,-1.5));
#5426 = CIRCLE('',#5427,4.);
#5427 = AXIS2_PLACEMENT_3D('',#5428,#5429,#5430);
#5428 = CARTESIAN_POINT('',(187.5,207.5,-1.5));
#5429 = DIRECTION('',(0.,0.,-1.));
#5430 = DIRECTION('',(-1.,0.,-0.));
#5431 = ORIENTED_EDGE('',*,*,#5432,.F.);
#5432 = EDGE_CURVE('',#5416,#5424,#5433,.T.);
#5433 = CIRCLE('',#5434,4.);
#5434 = AXIS2_PLACEMENT_3D('',#5435,#5436,#5437);
#5435 = CARTESIAN_POINT('',(187.5,207.5,-1.5));
#5436 = DIRECTION('',(0.,0.,-1.));
#5437 = DIRECTION('',(-1.,0.,-0.));
#5438 = ORIENTED_EDGE('',*,*,#5415,.F.);
#5439 = ORIENTED_EDGE('',*,*,#4984,.T.);
#5440 = CONICAL_SURFACE('',#5441,5.5,0.785398163397);
#5441 = AXIS2_PLACEMENT_3D('',#5442,#5443,#5444);
#5442 = CARTESIAN_POINT('',(187.5,207.5,0.));
#5443 = DIRECTION('',(-0.,-0.,1.));
#5444 = DIRECTION('',(-1.,0.,-0.));
#5445 = ADVANCED_FACE('',(#5446),#5466,.T.);
#5446 = FACE_BOUND('',#5447,.T.);
#5447 = EDGE_LOOP('',(#5448,#5449,#5457,#5464,#5465));
#5448 = ORIENTED_EDGE('',*,*,#5432,.T.);
#5449 = ORIENTED_EDGE('',*,*,#5450,.F.);
#5450 = EDGE_CURVE('',#5451,#5424,#5453,.T.);
#5451 = VERTEX_POINT('',#5452);
#5452 = CARTESIAN_POINT('',(191.5,207.5,-3.));
#5453 = LINE('',#5454,#5455);
#5454 = CARTESIAN_POINT('',(191.5,207.5,-3.));
#5455 = VECTOR('',#5456,1.);
#5456 = DIRECTION('',(0.,0.,1.));
#5457 = ORIENTED_EDGE('',*,*,#5458,.T.);
#5458 = EDGE_CURVE('',#5451,#5451,#5459,.T.);
#5459 = CIRCLE('',#5460,4.);
#5460 = AXIS2_PLACEMENT_3D('',#5461,#5462,#5463);
#5461 = CARTESIAN_POINT('',(187.5,207.5,-3.));
#5462 = DIRECTION('',(0.,0.,1.));
#5463 = DIRECTION('',(1.,0.,-0.));
#5464 = ORIENTED_EDGE('',*,*,#5450,.T.);
#5465 = ORIENTED_EDGE('',*,*,#5423,.T.);
#5466 = CYLINDRICAL_SURFACE('',#5467,4.);
#5467 = AXIS2_PLACEMENT_3D('',#5468,#5469,#5470);
#5468 = CARTESIAN_POINT('',(187.5,207.5,-3.));
#5469 = DIRECTION('',(0.,0.,1.));
#5470 = DIRECTION('',(1.,0.,-0.));
#5471 = ADVANCED_FACE('',(#5472),#5475,.F.);
#5472 = FACE_BOUND('',#5473,.T.);
#5473 = EDGE_LOOP('',(#5474));
#5474 = ORIENTED_EDGE('',*,*,#5458,.F.);
#5475 = PLANE('',#5476);
#5476 = AXIS2_PLACEMENT_3D('',#5477,#5478,#5479);
#5477 = CARTESIAN_POINT('',(187.5,207.5,-3.));
#5478 = DIRECTION('',(0.,0.,1.));
#5479 = DIRECTION('',(1.,0.,-0.));
#5480 = ADVANCED_FACE('',(#5481),#5501,.F.);
#5481 = FACE_BOUND('',#5482,.T.);
#5482 = EDGE_LOOP('',(#5483,#5484,#5485,#5491,#5492,#5498,#5499,#5500));
#5483 = ORIENTED_EDGE('',*,*,#952,.T.);
#5484 = ORIENTED_EDGE('',*,*,#1433,.F.);
#5485 = ORIENTED_EDGE('',*,*,#5486,.F.);
#5486 = EDGE_CURVE('',#1499,#1424,#5487,.T.);
#5487 = LINE('',#5488,#5489);
#5488 = CARTESIAN_POINT('',(199.,-199.,-22.));
#5489 = VECTOR('',#5490,1.);
#5490 = DIRECTION('',(-0.,1.,0.));
#5491 = ORIENTED_EDGE('',*,*,#1498,.T.);
#5492 = ORIENTED_EDGE('',*,*,#5493,.T.);
#5493 = EDGE_CURVE('',#1501,#1210,#5494,.T.);
#5494 = LINE('',#5495,#5496);
#5495 = CARTESIAN_POINT('',(195.,-197.,-22.));
#5496 = VECTOR('',#5497,1.);
#5497 = DIRECTION('',(-0.,1.,0.));
#5498 = ORIENTED_EDGE('',*,*,#1217,.T.);
#5499 = ORIENTED_EDGE('',*,*,#700,.T.);
#5500 = ORIENTED_EDGE('',*,*,#372,.T.);
#5501 = PLANE('',#5502);
#5502 = AXIS2_PLACEMENT_3D('',#5503,#5504,#5505);
#5503 = CARTESIAN_POINT('',(-199.,-199.,-22.));
#5504 = DIRECTION('',(0.,0.,1.));
#5505 = DIRECTION('',(1.,0.,-0.));
#5506 = ADVANCED_FACE('',(#5507),#5513,.F.);
#5507 = FACE_BOUND('',#5508,.T.);
#5508 = EDGE_LOOP('',(#5509,#5510,#5511,#5512));
#5509 = ORIENTED_EDGE('',*,*,#558,.F.);
#5510 = ORIENTED_EDGE('',*,*,#4043,.T.);
#5511 = ORIENTED_EDGE('',*,*,#1563,.F.);
#5512 = ORIENTED_EDGE('',*,*,#4152,.F.);
#5513 = PLANE('',#5514);
#5514 = AXIS2_PLACEMENT_3D('',#5515,#5516,#5517);
#5515 = CARTESIAN_POINT('',(248.,238.,2.));
#5516 = DIRECTION('',(-0.707106781187,-1.415442289654E-17,0.707106781187
    ));
#5517 = DIRECTION('',(-1.000868841393E-17,1.,1.000868841393E-17));
#5518 = ADVANCED_FACE('',(#5519,#5527,#5538,#5549),#5560,.F.);
#5519 = FACE_BOUND('',#5520,.T.);
#5520 = EDGE_LOOP('',(#5521,#5522,#5523,#5524,#5525,#5526));
#5521 = ORIENTED_EDGE('',*,*,#607,.T.);
#5522 = ORIENTED_EDGE('',*,*,#1025,.F.);
#5523 = ORIENTED_EDGE('',*,*,#4135,.T.);
#5524 = ORIENTED_EDGE('',*,*,#1540,.T.);
#5525 = ORIENTED_EDGE('',*,*,#1457,.F.);
#5526 = ORIENTED_EDGE('',*,*,#1010,.T.);
#5527 = FACE_BOUND('',#5528,.F.);
#5528 = EDGE_LOOP('',(#5529));
#5529 = ORIENTED_EDGE('',*,*,#5530,.F.);
#5530 = EDGE_CURVE('',#5531,#5531,#5533,.T.);
#5531 = VERTEX_POINT('',#5532);
#5532 = CARTESIAN_POINT('',(200.,173.,19.));
#5533 = CIRCLE('',#5534,2.);
#5534 = AXIS2_PLACEMENT_3D('',#5535,#5536,#5537);
#5535 = CARTESIAN_POINT('',(200.,173.,17.));
#5536 = DIRECTION('',(1.,0.,-0.));
#5537 = DIRECTION('',(0.,0.,1.));
#5538 = FACE_BOUND('',#5539,.F.);
#5539 = EDGE_LOOP('',(#5540));
#5540 = ORIENTED_EDGE('',*,*,#5541,.F.);
#5541 = EDGE_CURVE('',#5542,#5542,#5544,.T.);
#5542 = VERTEX_POINT('',#5543);
#5543 = CARTESIAN_POINT('',(200.,122.5,19.));
#5544 = CIRCLE('',#5545,2.);
#5545 = AXIS2_PLACEMENT_3D('',#5546,#5547,#5548);
#5546 = CARTESIAN_POINT('',(200.,122.5,17.));
#5547 = DIRECTION('',(1.,0.,-0.));
#5548 = DIRECTION('',(0.,0.,1.));
#5549 = FACE_BOUND('',#5550,.F.);
#5550 = EDGE_LOOP('',(#5551));
#5551 = ORIENTED_EDGE('',*,*,#5552,.F.);
#5552 = EDGE_CURVE('',#5553,#5553,#5555,.T.);
#5553 = VERTEX_POINT('',#5554);
#5554 = CARTESIAN_POINT('',(200.,76.5,19.));
#5555 = CIRCLE('',#5556,2.);
#5556 = AXIS2_PLACEMENT_3D('',#5557,#5558,#5559);
#5557 = CARTESIAN_POINT('',(200.,76.5,17.));
#5558 = DIRECTION('',(1.,0.,-0.));
#5559 = DIRECTION('',(0.,0.,1.));
#5560 = PLANE('',#5561);
#5561 = AXIS2_PLACEMENT_3D('',#5562,#5563,#5564);
#5562 = CARTESIAN_POINT('',(200.,-200.,-1.));
#5563 = DIRECTION('',(1.,0.,-0.));
#5564 = DIRECTION('',(0.,0.,1.));
#5565 = ADVANCED_FACE('',(#5566),#5585,.F.);
#5566 = FACE_BOUND('',#5567,.F.);
#5567 = EDGE_LOOP('',(#5568,#5577,#5583,#5584));
#5568 = ORIENTED_EDGE('',*,*,#5569,.F.);
#5569 = EDGE_CURVE('',#5570,#5570,#5572,.T.);
#5570 = VERTEX_POINT('',#5571);
#5571 = CARTESIAN_POINT('',(208.,173.,19.));
#5572 = CIRCLE('',#5573,2.);
#5573 = AXIS2_PLACEMENT_3D('',#5574,#5575,#5576);
#5574 = CARTESIAN_POINT('',(208.,173.,17.));
#5575 = DIRECTION('',(1.,0.,-0.));
#5576 = DIRECTION('',(0.,0.,1.));
#5577 = ORIENTED_EDGE('',*,*,#5578,.F.);
#5578 = EDGE_CURVE('',#5531,#5570,#5579,.T.);
#5579 = LINE('',#5580,#5581);
#5580 = CARTESIAN_POINT('',(199.,173.,19.));
#5581 = VECTOR('',#5582,1.);
#5582 = DIRECTION('',(1.,0.,0.));
#5583 = ORIENTED_EDGE('',*,*,#5530,.T.);
#5584 = ORIENTED_EDGE('',*,*,#5578,.T.);
#5585 = CYLINDRICAL_SURFACE('',#5586,2.);
#5586 = AXIS2_PLACEMENT_3D('',#5587,#5588,#5589);
#5587 = CARTESIAN_POINT('',(199.,173.,17.));
#5588 = DIRECTION('',(1.,0.,0.));
#5589 = DIRECTION('',(0.,0.,1.));
#5590 = ADVANCED_FACE('',(#5591,#5665),#5668,.T.);
#5591 = FACE_BOUND('',#5592,.T.);
#5592 = EDGE_LOOP('',(#5593,#5603,#5611,#5619,#5627,#5635,#5643,#5651,
    #5659));
#5593 = ORIENTED_EDGE('',*,*,#5594,.F.);
#5594 = EDGE_CURVE('',#5595,#5597,#5599,.T.);
#5595 = VERTEX_POINT('',#5596);
#5596 = CARTESIAN_POINT('',(208.,147.,4.));
#5597 = VERTEX_POINT('',#5598);
#5598 = CARTESIAN_POINT('',(208.,147.,20.));
#5599 = LINE('',#5600,#5601);
#5600 = CARTESIAN_POINT('',(208.,147.,4.));
#5601 = VECTOR('',#5602,1.);
#5602 = DIRECTION('',(0.,0.,1.));
#5603 = ORIENTED_EDGE('',*,*,#5604,.T.);
#5604 = EDGE_CURVE('',#5595,#5605,#5607,.T.);
#5605 = VERTEX_POINT('',#5606);
#5606 = CARTESIAN_POINT('',(208.,190.,4.));
#5607 = LINE('',#5608,#5609);
#5608 = CARTESIAN_POINT('',(208.,147.,4.));
#5609 = VECTOR('',#5610,1.);
#5610 = DIRECTION('',(0.,1.,0.));
#5611 = ORIENTED_EDGE('',*,*,#5612,.T.);
#5612 = EDGE_CURVE('',#5605,#5613,#5615,.T.);
#5613 = VERTEX_POINT('',#5614);
#5614 = CARTESIAN_POINT('',(208.,190.,20.));
#5615 = LINE('',#5616,#5617);
#5616 = CARTESIAN_POINT('',(208.,190.,4.));
#5617 = VECTOR('',#5618,1.);
#5618 = DIRECTION('',(0.,0.,1.));
#5619 = ORIENTED_EDGE('',*,*,#5620,.F.);
#5620 = EDGE_CURVE('',#5621,#5613,#5623,.T.);
#5621 = VERTEX_POINT('',#5622);
#5622 = CARTESIAN_POINT('',(208.,170.,20.));
#5623 = LINE('',#5624,#5625);
#5624 = CARTESIAN_POINT('',(208.,147.,20.));
#5625 = VECTOR('',#5626,1.);
#5626 = DIRECTION('',(0.,1.,0.));
#5627 = ORIENTED_EDGE('',*,*,#5628,.F.);
#5628 = EDGE_CURVE('',#5629,#5621,#5631,.T.);
#5629 = VERTEX_POINT('',#5630);
#5630 = CARTESIAN_POINT('',(208.,170.,15.));
#5631 = LINE('',#5632,#5633);
#5632 = CARTESIAN_POINT('',(208.,170.,14.5));
#5633 = VECTOR('',#5634,1.);
#5634 = DIRECTION('',(0.,0.,1.));
#5635 = ORIENTED_EDGE('',*,*,#5636,.F.);
#5636 = EDGE_CURVE('',#5637,#5629,#5639,.T.);
#5637 = VERTEX_POINT('',#5638);
#5638 = CARTESIAN_POINT('',(208.,165.,10.));
#5639 = LINE('',#5640,#5641);
#5640 = CARTESIAN_POINT('',(208.,161.5,6.5));
#5641 = VECTOR('',#5642,1.);
#5642 = DIRECTION('',(-0.,0.707106781187,0.707106781187));
#5643 = ORIENTED_EDGE('',*,*,#5644,.F.);
#5644 = EDGE_CURVE('',#5645,#5637,#5647,.T.);
#5645 = VERTEX_POINT('',#5646);
#5646 = CARTESIAN_POINT('',(208.,160.,15.));
#5647 = LINE('',#5648,#5649);
#5648 = CARTESIAN_POINT('',(208.,162.,13.));
#5649 = VECTOR('',#5650,1.);
#5650 = DIRECTION('',(0.,0.707106781187,-0.707106781187));
#5651 = ORIENTED_EDGE('',*,*,#5652,.F.);
#5652 = EDGE_CURVE('',#5653,#5645,#5655,.T.);
#5653 = VERTEX_POINT('',#5654);
#5654 = CARTESIAN_POINT('',(208.,160.,20.));
#5655 = LINE('',#5656,#5657);
#5656 = CARTESIAN_POINT('',(208.,160.,9.5));
#5657 = VECTOR('',#5658,1.);
#5658 = DIRECTION('',(0.,0.,-1.));
#5659 = ORIENTED_EDGE('',*,*,#5660,.F.);
#5660 = EDGE_CURVE('',#5597,#5653,#5661,.T.);
#5661 = LINE('',#5662,#5663);
#5662 = CARTESIAN_POINT('',(208.,147.,20.));
#5663 = VECTOR('',#5664,1.);
#5664 = DIRECTION('',(0.,1.,0.));
#5665 = FACE_BOUND('',#5666,.T.);
#5666 = EDGE_LOOP('',(#5667));
#5667 = ORIENTED_EDGE('',*,*,#5569,.F.);
#5668 = PLANE('',#5669);
#5669 = AXIS2_PLACEMENT_3D('',#5670,#5671,#5672);
#5670 = CARTESIAN_POINT('',(208.,147.,4.));
#5671 = DIRECTION('',(1.,0.,0.));
#5672 = DIRECTION('',(0.,0.,1.));
#5673 = ADVANCED_FACE('',(#5674),#5707,.T.);
#5674 = FACE_BOUND('',#5675,.T.);
#5675 = EDGE_LOOP('',(#5676,#5677,#5685,#5693,#5701));
#5676 = ORIENTED_EDGE('',*,*,#5594,.T.);
#5677 = ORIENTED_EDGE('',*,*,#5678,.T.);
#5678 = EDGE_CURVE('',#5597,#5679,#5681,.T.);
#5679 = VERTEX_POINT('',#5680);
#5680 = CARTESIAN_POINT('',(223.,147.,20.));
#5681 = LINE('',#5682,#5683);
#5682 = CARTESIAN_POINT('',(208.,147.,20.));
#5683 = VECTOR('',#5684,1.);
#5684 = DIRECTION('',(1.,0.,0.));
#5685 = ORIENTED_EDGE('',*,*,#5686,.T.);
#5686 = EDGE_CURVE('',#5679,#5687,#5689,.T.);
#5687 = VERTEX_POINT('',#5688);
#5688 = CARTESIAN_POINT('',(223.,147.,4.));
#5689 = LINE('',#5690,#5691);
#5690 = CARTESIAN_POINT('',(223.,147.,20.));
#5691 = VECTOR('',#5692,1.);
#5692 = DIRECTION('',(0.,0.,-1.));
#5693 = ORIENTED_EDGE('',*,*,#5694,.T.);
#5694 = EDGE_CURVE('',#5687,#5695,#5697,.T.);
#5695 = VERTEX_POINT('',#5696);
#5696 = CARTESIAN_POINT('',(215.5,147.,12.042765325185));
#5697 = LINE('',#5698,#5699);
#5698 = CARTESIAN_POINT('',(223.,147.,4.));
#5699 = VECTOR('',#5700,1.);
#5700 = DIRECTION('',(-0.681998360062,0.,0.731353701619));
#5701 = ORIENTED_EDGE('',*,*,#5702,.T.);
#5702 = EDGE_CURVE('',#5695,#5595,#5703,.T.);
#5703 = LINE('',#5704,#5705);
#5704 = CARTESIAN_POINT('',(215.5,147.,12.042765325185));
#5705 = VECTOR('',#5706,1.);
#5706 = DIRECTION('',(-0.681998360062,0.,-0.731353701619));
#5707 = PLANE('',#5708);
#5708 = AXIS2_PLACEMENT_3D('',#5709,#5710,#5711);
#5709 = CARTESIAN_POINT('',(215.5,147.,12.470960586701));
#5710 = DIRECTION('',(0.,1.,0.));
#5711 = DIRECTION('',(0.,0.,1.));
#5712 = ADVANCED_FACE('',(#5713),#5731,.T.);
#5713 = FACE_BOUND('',#5714,.T.);
#5714 = EDGE_LOOP('',(#5715,#5716,#5717,#5725));
#5715 = ORIENTED_EDGE('',*,*,#5678,.F.);
#5716 = ORIENTED_EDGE('',*,*,#5660,.T.);
#5717 = ORIENTED_EDGE('',*,*,#5718,.F.);
#5718 = EDGE_CURVE('',#5719,#5653,#5721,.T.);
#5719 = VERTEX_POINT('',#5720);
#5720 = CARTESIAN_POINT('',(223.,160.,20.));
#5721 = LINE('',#5722,#5723);
#5722 = CARTESIAN_POINT('',(204.,160.,20.));
#5723 = VECTOR('',#5724,1.);
#5724 = DIRECTION('',(-1.,-0.,-0.));
#5725 = ORIENTED_EDGE('',*,*,#5726,.F.);
#5726 = EDGE_CURVE('',#5679,#5719,#5727,.T.);
#5727 = LINE('',#5728,#5729);
#5728 = CARTESIAN_POINT('',(223.,147.,20.));
#5729 = VECTOR('',#5730,1.);
#5730 = DIRECTION('',(0.,1.,0.));
#5731 = PLANE('',#5732);
#5732 = AXIS2_PLACEMENT_3D('',#5733,#5734,#5735);
#5733 = CARTESIAN_POINT('',(208.,147.,20.));
#5734 = DIRECTION('',(0.,0.,-1.));
#5735 = DIRECTION('',(1.,0.,0.));
#5736 = ADVANCED_FACE('',(#5737),#5755,.T.);
#5737 = FACE_BOUND('',#5738,.T.);
#5738 = EDGE_LOOP('',(#5739,#5740,#5748,#5754));
#5739 = ORIENTED_EDGE('',*,*,#5652,.T.);
#5740 = ORIENTED_EDGE('',*,*,#5741,.T.);
#5741 = EDGE_CURVE('',#5645,#5742,#5744,.T.);
#5742 = VERTEX_POINT('',#5743);
#5743 = CARTESIAN_POINT('',(223.,160.,15.));
#5744 = LINE('',#5745,#5746);
#5745 = CARTESIAN_POINT('',(200.,160.,15.));
#5746 = VECTOR('',#5747,1.);
#5747 = DIRECTION('',(1.,0.,0.));
#5748 = ORIENTED_EDGE('',*,*,#5749,.T.);
#5749 = EDGE_CURVE('',#5742,#5719,#5750,.T.);
#5750 = LINE('',#5751,#5752);
#5751 = CARTESIAN_POINT('',(223.,160.,17.5));
#5752 = VECTOR('',#5753,1.);
#5753 = DIRECTION('',(0.,0.,1.));
#5754 = ORIENTED_EDGE('',*,*,#5718,.T.);
#5755 = PLANE('',#5756);
#5756 = AXIS2_PLACEMENT_3D('',#5757,#5758,#5759);
#5757 = CARTESIAN_POINT('',(200.,160.,15.));
#5758 = DIRECTION('',(0.,-1.,0.));
#5759 = DIRECTION('',(0.,0.,1.));
#5760 = ADVANCED_FACE('',(#5761),#5803,.T.);
#5761 = FACE_BOUND('',#5762,.T.);
#5762 = EDGE_LOOP('',(#5763,#5764,#5772,#5780,#5788,#5796,#5802));
#5763 = ORIENTED_EDGE('',*,*,#5644,.T.);
#5764 = ORIENTED_EDGE('',*,*,#5765,.T.);
#5765 = EDGE_CURVE('',#5637,#5766,#5768,.T.);
#5766 = VERTEX_POINT('',#5767);
#5767 = CARTESIAN_POINT('',(213.59509051682,165.,10.));
#5768 = LINE('',#5769,#5770);
#5769 = CARTESIAN_POINT('',(200.,165.,10.));
#5770 = VECTOR('',#5771,1.);
#5771 = DIRECTION('',(1.,0.,0.));
#5772 = ORIENTED_EDGE('',*,*,#5773,.T.);
#5773 = EDGE_CURVE('',#5766,#5774,#5776,.T.);
#5774 = VERTEX_POINT('',#5775);
#5775 = CARTESIAN_POINT('',(215.5,162.95723467481,12.042765325185));
#5776 = LINE('',#5777,#5778);
#5777 = CARTESIAN_POINT('',(215.08042445241,163.40717436353,
    11.592825636462));
#5778 = VECTOR('',#5779,1.);
#5779 = DIRECTION('',(0.550486111274,-0.590324081033,0.590324081033));
#5780 = ORIENTED_EDGE('',*,*,#5781,.T.);
#5781 = EDGE_CURVE('',#5774,#5782,#5784,.T.);
#5782 = VERTEX_POINT('',#5783);
#5783 = CARTESIAN_POINT('',(217.40490948317,165.,10.));
#5784 = LINE('',#5785,#5786);
#5785 = CARTESIAN_POINT('',(213.66572423522,160.99021473911,
    14.009785260882));
#5786 = VECTOR('',#5787,1.);
#5787 = DIRECTION('',(0.550486111274,0.590324081033,-0.590324081033));
#5788 = ORIENTED_EDGE('',*,*,#5789,.T.);
#5789 = EDGE_CURVE('',#5782,#5790,#5792,.T.);
#5790 = VERTEX_POINT('',#5791);
#5791 = CARTESIAN_POINT('',(223.,165.,10.));
#5792 = LINE('',#5793,#5794);
#5793 = CARTESIAN_POINT('',(200.,165.,10.));
#5794 = VECTOR('',#5795,1.);
#5795 = DIRECTION('',(1.,0.,0.));
#5796 = ORIENTED_EDGE('',*,*,#5797,.T.);
#5797 = EDGE_CURVE('',#5790,#5742,#5798,.T.);
#5798 = LINE('',#5799,#5800);
#5799 = CARTESIAN_POINT('',(223.,158.,17.));
#5800 = VECTOR('',#5801,1.);
#5801 = DIRECTION('',(0.,-0.707106781187,0.707106781187));
#5802 = ORIENTED_EDGE('',*,*,#5741,.F.);
#5803 = PLANE('',#5804);
#5804 = AXIS2_PLACEMENT_3D('',#5805,#5806,#5807);
#5805 = CARTESIAN_POINT('',(200.,165.,10.));
#5806 = DIRECTION('',(0.,-0.707106781187,-0.707106781187));
#5807 = DIRECTION('',(0.,-0.707106781187,0.707106781187));
#5808 = ADVANCED_FACE('',(#5809),#5842,.T.);
#5809 = FACE_BOUND('',#5810,.T.);
#5810 = EDGE_LOOP('',(#5811,#5812,#5820,#5826,#5827,#5835,#5841));
#5811 = ORIENTED_EDGE('',*,*,#5636,.T.);
#5812 = ORIENTED_EDGE('',*,*,#5813,.T.);
#5813 = EDGE_CURVE('',#5629,#5814,#5816,.T.);
#5814 = VERTEX_POINT('',#5815);
#5815 = CARTESIAN_POINT('',(223.,170.,15.));
#5816 = LINE('',#5817,#5818);
#5817 = CARTESIAN_POINT('',(200.,170.,15.));
#5818 = VECTOR('',#5819,1.);
#5819 = DIRECTION('',(1.,0.,0.));
#5820 = ORIENTED_EDGE('',*,*,#5821,.T.);
#5821 = EDGE_CURVE('',#5814,#5790,#5822,.T.);
#5822 = LINE('',#5823,#5824);
#5823 = CARTESIAN_POINT('',(223.,165.5,10.5));
#5824 = VECTOR('',#5825,1.);
#5825 = DIRECTION('',(-0.,-0.707106781187,-0.707106781187));
#5826 = ORIENTED_EDGE('',*,*,#5789,.F.);
#5827 = ORIENTED_EDGE('',*,*,#5828,.T.);
#5828 = EDGE_CURVE('',#5782,#5829,#5831,.T.);
#5829 = VERTEX_POINT('',#5830);
#5830 = CARTESIAN_POINT('',(215.5,167.04276532518,12.042765325185));
#5831 = LINE('',#5832,#5833);
#5832 = CARTESIAN_POINT('',(217.89027193609,164.47951249246,
    9.479512492466));
#5833 = VECTOR('',#5834,1.);
#5834 = DIRECTION('',(-0.550486111274,0.590324081033,0.590324081033));
#5835 = ORIENTED_EDGE('',*,*,#5836,.T.);
#5836 = EDGE_CURVE('',#5829,#5766,#5837,.T.);
#5837 = LINE('',#5838,#5839);
#5838 = CARTESIAN_POINT('',(210.85587675154,162.06255286804,
    7.062552868046));
#5839 = VECTOR('',#5840,1.);
#5840 = DIRECTION('',(-0.550486111274,-0.590324081033,-0.590324081033));
#5841 = ORIENTED_EDGE('',*,*,#5765,.F.);
#5842 = PLANE('',#5843);
#5843 = AXIS2_PLACEMENT_3D('',#5844,#5845,#5846);
#5844 = CARTESIAN_POINT('',(200.,170.,15.));
#5845 = DIRECTION('',(0.,0.707106781187,-0.707106781187));
#5846 = DIRECTION('',(0.,-0.707106781187,-0.707106781187));
#5847 = ADVANCED_FACE('',(#5848),#5866,.T.);
#5848 = FACE_BOUND('',#5849,.T.);
#5849 = EDGE_LOOP('',(#5850,#5851,#5852,#5860));
#5850 = ORIENTED_EDGE('',*,*,#5813,.F.);
#5851 = ORIENTED_EDGE('',*,*,#5628,.T.);
#5852 = ORIENTED_EDGE('',*,*,#5853,.T.);
#5853 = EDGE_CURVE('',#5621,#5854,#5856,.T.);
#5854 = VERTEX_POINT('',#5855);
#5855 = CARTESIAN_POINT('',(223.,170.,20.));
#5856 = LINE('',#5857,#5858);
#5857 = CARTESIAN_POINT('',(204.,170.,20.));
#5858 = VECTOR('',#5859,1.);
#5859 = DIRECTION('',(1.,-0.,0.));
#5860 = ORIENTED_EDGE('',*,*,#5861,.T.);
#5861 = EDGE_CURVE('',#5854,#5814,#5862,.T.);
#5862 = LINE('',#5863,#5864);
#5863 = CARTESIAN_POINT('',(223.,170.,22.5));
#5864 = VECTOR('',#5865,1.);
#5865 = DIRECTION('',(0.,0.,-1.));
#5866 = PLANE('',#5867);
#5867 = AXIS2_PLACEMENT_3D('',#5868,#5869,#5870);
#5868 = CARTESIAN_POINT('',(200.,170.,25.));
#5869 = DIRECTION('',(0.,1.,0.));
#5870 = DIRECTION('',(0.,0.,-1.));
#5871 = ADVANCED_FACE('',(#5872),#5890,.T.);
#5872 = FACE_BOUND('',#5873,.T.);
#5873 = EDGE_LOOP('',(#5874,#5875,#5876,#5884));
#5874 = ORIENTED_EDGE('',*,*,#5853,.F.);
#5875 = ORIENTED_EDGE('',*,*,#5620,.T.);
#5876 = ORIENTED_EDGE('',*,*,#5877,.T.);
#5877 = EDGE_CURVE('',#5613,#5878,#5880,.T.);
#5878 = VERTEX_POINT('',#5879);
#5879 = CARTESIAN_POINT('',(223.,190.,20.));
#5880 = LINE('',#5881,#5882);
#5881 = CARTESIAN_POINT('',(208.,190.,20.));
#5882 = VECTOR('',#5883,1.);
#5883 = DIRECTION('',(1.,0.,0.));
#5884 = ORIENTED_EDGE('',*,*,#5885,.F.);
#5885 = EDGE_CURVE('',#5854,#5878,#5886,.T.);
#5886 = LINE('',#5887,#5888);
#5887 = CARTESIAN_POINT('',(223.,147.,20.));
#5888 = VECTOR('',#5889,1.);
#5889 = DIRECTION('',(0.,1.,0.));
#5890 = PLANE('',#5891);
#5891 = AXIS2_PLACEMENT_3D('',#5892,#5893,#5894);
#5892 = CARTESIAN_POINT('',(208.,147.,20.));
#5893 = DIRECTION('',(0.,0.,-1.));
#5894 = DIRECTION('',(1.,0.,0.));
#5895 = ADVANCED_FACE('',(#5896),#5922,.F.);
#5896 = FACE_BOUND('',#5897,.F.);
#5897 = EDGE_LOOP('',(#5898,#5899,#5900,#5908,#5916));
#5898 = ORIENTED_EDGE('',*,*,#5612,.T.);
#5899 = ORIENTED_EDGE('',*,*,#5877,.T.);
#5900 = ORIENTED_EDGE('',*,*,#5901,.T.);
#5901 = EDGE_CURVE('',#5878,#5902,#5904,.T.);
#5902 = VERTEX_POINT('',#5903);
#5903 = CARTESIAN_POINT('',(223.,190.,4.));
#5904 = LINE('',#5905,#5906);
#5905 = CARTESIAN_POINT('',(223.,190.,20.));
#5906 = VECTOR('',#5907,1.);
#5907 = DIRECTION('',(0.,0.,-1.));
#5908 = ORIENTED_EDGE('',*,*,#5909,.T.);
#5909 = EDGE_CURVE('',#5902,#5910,#5912,.T.);
#5910 = VERTEX_POINT('',#5911);
#5911 = CARTESIAN_POINT('',(215.5,190.,12.042765325185));
#5912 = LINE('',#5913,#5914);
#5913 = CARTESIAN_POINT('',(223.,190.,4.));
#5914 = VECTOR('',#5915,1.);
#5915 = DIRECTION('',(-0.681998360062,0.,0.731353701619));
#5916 = ORIENTED_EDGE('',*,*,#5917,.T.);
#5917 = EDGE_CURVE('',#5910,#5605,#5918,.T.);
#5918 = LINE('',#5919,#5920);
#5919 = CARTESIAN_POINT('',(215.5,190.,12.042765325185));
#5920 = VECTOR('',#5921,1.);
#5921 = DIRECTION('',(-0.681998360062,0.,-0.731353701619));
#5922 = PLANE('',#5923);
#5923 = AXIS2_PLACEMENT_3D('',#5924,#5925,#5926);
#5924 = CARTESIAN_POINT('',(215.5,190.,12.470960586701));
#5925 = DIRECTION('',(0.,1.,0.));
#5926 = DIRECTION('',(0.,0.,1.));
#5927 = ADVANCED_FACE('',(#5928),#5947,.T.);
#5928 = FACE_BOUND('',#5929,.T.);
#5929 = EDGE_LOOP('',(#5930,#5931,#5937,#5938,#5939,#5945,#5946));
#5930 = ORIENTED_EDGE('',*,*,#5702,.F.);
#5931 = ORIENTED_EDGE('',*,*,#5932,.T.);
#5932 = EDGE_CURVE('',#5695,#5774,#5933,.T.);
#5933 = LINE('',#5934,#5935);
#5934 = CARTESIAN_POINT('',(215.5,147.,12.042765325185));
#5935 = VECTOR('',#5936,1.);
#5936 = DIRECTION('',(0.,1.,0.));
#5937 = ORIENTED_EDGE('',*,*,#5773,.F.);
#5938 = ORIENTED_EDGE('',*,*,#5836,.F.);
#5939 = ORIENTED_EDGE('',*,*,#5940,.T.);
#5940 = EDGE_CURVE('',#5829,#5910,#5941,.T.);
#5941 = LINE('',#5942,#5943);
#5942 = CARTESIAN_POINT('',(215.5,147.,12.042765325185));
#5943 = VECTOR('',#5944,1.);
#5944 = DIRECTION('',(0.,1.,0.));
#5945 = ORIENTED_EDGE('',*,*,#5917,.T.);
#5946 = ORIENTED_EDGE('',*,*,#5604,.F.);
#5947 = PLANE('',#5948);
#5948 = AXIS2_PLACEMENT_3D('',#5949,#5950,#5951);
#5949 = CARTESIAN_POINT('',(215.5,147.,12.042765325185));
#5950 = DIRECTION('',(-0.731353701619,0.,0.681998360062));
#5951 = DIRECTION('',(-0.681998360062,0.,-0.731353701619));
#5952 = ADVANCED_FACE('',(#5953,#5969),#5980,.T.);
#5953 = FACE_BOUND('',#5954,.T.);
#5954 = EDGE_LOOP('',(#5955,#5956,#5957,#5958,#5959,#5960,#5961,#5962,
    #5963));
#5955 = ORIENTED_EDGE('',*,*,#5686,.F.);
#5956 = ORIENTED_EDGE('',*,*,#5726,.T.);
#5957 = ORIENTED_EDGE('',*,*,#5749,.F.);
#5958 = ORIENTED_EDGE('',*,*,#5797,.F.);
#5959 = ORIENTED_EDGE('',*,*,#5821,.F.);
#5960 = ORIENTED_EDGE('',*,*,#5861,.F.);
#5961 = ORIENTED_EDGE('',*,*,#5885,.T.);
#5962 = ORIENTED_EDGE('',*,*,#5901,.T.);
#5963 = ORIENTED_EDGE('',*,*,#5964,.F.);
#5964 = EDGE_CURVE('',#5687,#5902,#5965,.T.);
#5965 = LINE('',#5966,#5967);
#5966 = CARTESIAN_POINT('',(223.,147.,4.));
#5967 = VECTOR('',#5968,1.);
#5968 = DIRECTION('',(0.,1.,0.));
#5969 = FACE_BOUND('',#5970,.T.);
#5970 = EDGE_LOOP('',(#5971));
#5971 = ORIENTED_EDGE('',*,*,#5972,.T.);
#5972 = EDGE_CURVE('',#5973,#5973,#5975,.T.);
#5973 = VERTEX_POINT('',#5974);
#5974 = CARTESIAN_POINT('',(223.,173.,19.));
#5975 = CIRCLE('',#5976,2.);
#5976 = AXIS2_PLACEMENT_3D('',#5977,#5978,#5979);
#5977 = CARTESIAN_POINT('',(223.,173.,17.));
#5978 = DIRECTION('',(1.,0.,-0.));
#5979 = DIRECTION('',(0.,0.,1.));
#5980 = PLANE('',#5981);
#5981 = AXIS2_PLACEMENT_3D('',#5982,#5983,#5984);
#5982 = CARTESIAN_POINT('',(223.,147.,20.));
#5983 = DIRECTION('',(-1.,0.,0.));
#5984 = DIRECTION('',(0.,0.,-1.));
#5985 = ADVANCED_FACE('',(#5986),#5995,.T.);
#5986 = FACE_BOUND('',#5987,.T.);
#5987 = EDGE_LOOP('',(#5988,#5989,#5990,#5991,#5992,#5993,#5994));
#5988 = ORIENTED_EDGE('',*,*,#5694,.F.);
#5989 = ORIENTED_EDGE('',*,*,#5964,.T.);
#5990 = ORIENTED_EDGE('',*,*,#5909,.T.);
#5991 = ORIENTED_EDGE('',*,*,#5940,.F.);
#5992 = ORIENTED_EDGE('',*,*,#5828,.F.);
#5993 = ORIENTED_EDGE('',*,*,#5781,.F.);
#5994 = ORIENTED_EDGE('',*,*,#5932,.F.);
#5995 = PLANE('',#5996);
#5996 = AXIS2_PLACEMENT_3D('',#5997,#5998,#5999);
#5997 = CARTESIAN_POINT('',(223.,147.,4.));
#5998 = DIRECTION('',(0.731353701619,0.,0.681998360062));
#5999 = DIRECTION('',(-0.681998360062,0.,0.731353701619));
#6000 = ADVANCED_FACE('',(#6001),#6020,.F.);
#6001 = FACE_BOUND('',#6002,.F.);
#6002 = EDGE_LOOP('',(#6003,#6012,#6018,#6019));
#6003 = ORIENTED_EDGE('',*,*,#6004,.F.);
#6004 = EDGE_CURVE('',#6005,#6005,#6007,.T.);
#6005 = VERTEX_POINT('',#6006);
#6006 = CARTESIAN_POINT('',(227.,173.,19.));
#6007 = CIRCLE('',#6008,2.);
#6008 = AXIS2_PLACEMENT_3D('',#6009,#6010,#6011);
#6009 = CARTESIAN_POINT('',(227.,173.,17.));
#6010 = DIRECTION('',(1.,0.,-0.));
#6011 = DIRECTION('',(0.,0.,1.));
#6012 = ORIENTED_EDGE('',*,*,#6013,.F.);
#6013 = EDGE_CURVE('',#5973,#6005,#6014,.T.);
#6014 = LINE('',#6015,#6016);
#6015 = CARTESIAN_POINT('',(222.,173.,19.));
#6016 = VECTOR('',#6017,1.);
#6017 = DIRECTION('',(1.,0.,0.));
#6018 = ORIENTED_EDGE('',*,*,#5972,.T.);
#6019 = ORIENTED_EDGE('',*,*,#6013,.T.);
#6020 = CYLINDRICAL_SURFACE('',#6021,2.);
#6021 = AXIS2_PLACEMENT_3D('',#6022,#6023,#6024);
#6022 = CARTESIAN_POINT('',(222.,173.,17.));
#6023 = DIRECTION('',(1.,0.,0.));
#6024 = DIRECTION('',(0.,0.,1.));
#6025 = ADVANCED_FACE('',(#6026,#6060),#6063,.T.);
#6026 = FACE_BOUND('',#6027,.T.);
#6027 = EDGE_LOOP('',(#6028,#6038,#6046,#6054));
#6028 = ORIENTED_EDGE('',*,*,#6029,.T.);
#6029 = EDGE_CURVE('',#6030,#6032,#6034,.T.);
#6030 = VERTEX_POINT('',#6031);
#6031 = CARTESIAN_POINT('',(227.,147.,4.));
#6032 = VERTEX_POINT('',#6033);
#6033 = CARTESIAN_POINT('',(227.,190.,4.));
#6034 = LINE('',#6035,#6036);
#6035 = CARTESIAN_POINT('',(227.,147.,4.));
#6036 = VECTOR('',#6037,1.);
#6037 = DIRECTION('',(0.,1.,0.));
#6038 = ORIENTED_EDGE('',*,*,#6039,.T.);
#6039 = EDGE_CURVE('',#6032,#6040,#6042,.T.);
#6040 = VERTEX_POINT('',#6041);
#6041 = CARTESIAN_POINT('',(227.,190.,20.));
#6042 = LINE('',#6043,#6044);
#6043 = CARTESIAN_POINT('',(227.,190.,4.));
#6044 = VECTOR('',#6045,1.);
#6045 = DIRECTION('',(0.,0.,1.));
#6046 = ORIENTED_EDGE('',*,*,#6047,.F.);
#6047 = EDGE_CURVE('',#6048,#6040,#6050,.T.);
#6048 = VERTEX_POINT('',#6049);
#6049 = CARTESIAN_POINT('',(227.,147.,20.));
#6050 = LINE('',#6051,#6052);
#6051 = CARTESIAN_POINT('',(227.,147.,20.));
#6052 = VECTOR('',#6053,1.);
#6053 = DIRECTION('',(0.,1.,0.));
#6054 = ORIENTED_EDGE('',*,*,#6055,.F.);
#6055 = EDGE_CURVE('',#6030,#6048,#6056,.T.);
#6056 = LINE('',#6057,#6058);
#6057 = CARTESIAN_POINT('',(227.,147.,4.));
#6058 = VECTOR('',#6059,1.);
#6059 = DIRECTION('',(0.,0.,1.));
#6060 = FACE_BOUND('',#6061,.T.);
#6061 = EDGE_LOOP('',(#6062));
#6062 = ORIENTED_EDGE('',*,*,#6004,.F.);
#6063 = PLANE('',#6064);
#6064 = AXIS2_PLACEMENT_3D('',#6065,#6066,#6067);
#6065 = CARTESIAN_POINT('',(227.,147.,4.));
#6066 = DIRECTION('',(1.,0.,0.));
#6067 = DIRECTION('',(0.,0.,1.));
#6068 = ADVANCED_FACE('',(#6069),#6094,.T.);
#6069 = FACE_BOUND('',#6070,.T.);
#6070 = EDGE_LOOP('',(#6071,#6081,#6087,#6088));
#6071 = ORIENTED_EDGE('',*,*,#6072,.T.);
#6072 = EDGE_CURVE('',#6073,#6075,#6077,.T.);
#6073 = VERTEX_POINT('',#6074);
#6074 = CARTESIAN_POINT('',(234.5,147.,12.042765325185));
#6075 = VERTEX_POINT('',#6076);
#6076 = CARTESIAN_POINT('',(234.5,190.,12.042765325185));
#6077 = LINE('',#6078,#6079);
#6078 = CARTESIAN_POINT('',(234.5,147.,12.042765325185));
#6079 = VECTOR('',#6080,1.);
#6080 = DIRECTION('',(0.,1.,0.));
#6081 = ORIENTED_EDGE('',*,*,#6082,.T.);
#6082 = EDGE_CURVE('',#6075,#6032,#6083,.T.);
#6083 = LINE('',#6084,#6085);
#6084 = CARTESIAN_POINT('',(234.5,190.,12.042765325185));
#6085 = VECTOR('',#6086,1.);
#6086 = DIRECTION('',(-0.681998360062,0.,-0.731353701619));
#6087 = ORIENTED_EDGE('',*,*,#6029,.F.);
#6088 = ORIENTED_EDGE('',*,*,#6089,.F.);
#6089 = EDGE_CURVE('',#6073,#6030,#6090,.T.);
#6090 = LINE('',#6091,#6092);
#6091 = CARTESIAN_POINT('',(234.5,147.,12.042765325185));
#6092 = VECTOR('',#6093,1.);
#6093 = DIRECTION('',(-0.681998360062,0.,-0.731353701619));
#6094 = PLANE('',#6095);
#6095 = AXIS2_PLACEMENT_3D('',#6096,#6097,#6098);
#6096 = CARTESIAN_POINT('',(234.5,147.,12.042765325185));
#6097 = DIRECTION('',(-0.731353701619,0.,0.681998360062));
#6098 = DIRECTION('',(-0.681998360062,0.,-0.731353701619));
#6099 = ADVANCED_FACE('',(#6100),#6126,.T.);
#6100 = FACE_BOUND('',#6101,.T.);
#6101 = EDGE_LOOP('',(#6102,#6103,#6111,#6119,#6125));
#6102 = ORIENTED_EDGE('',*,*,#6055,.T.);
#6103 = ORIENTED_EDGE('',*,*,#6104,.T.);
#6104 = EDGE_CURVE('',#6048,#6105,#6107,.T.);
#6105 = VERTEX_POINT('',#6106);
#6106 = CARTESIAN_POINT('',(242.,147.,14.638156449877));
#6107 = LINE('',#6108,#6109);
#6108 = CARTESIAN_POINT('',(227.,147.,20.));
#6109 = VECTOR('',#6110,1.);
#6110 = DIRECTION('',(0.941648406752,0.,-0.336598095748));
#6111 = ORIENTED_EDGE('',*,*,#6112,.T.);
#6112 = EDGE_CURVE('',#6105,#6113,#6115,.T.);
#6113 = VERTEX_POINT('',#6114);
#6114 = CARTESIAN_POINT('',(242.,147.,4.));
#6115 = LINE('',#6116,#6117);
#6116 = CARTESIAN_POINT('',(242.,147.,14.638156449877));
#6117 = VECTOR('',#6118,1.);
#6118 = DIRECTION('',(0.,0.,-1.));
#6119 = ORIENTED_EDGE('',*,*,#6120,.T.);
#6120 = EDGE_CURVE('',#6113,#6073,#6121,.T.);
#6121 = LINE('',#6122,#6123);
#6122 = CARTESIAN_POINT('',(242.,147.,4.));
#6123 = VECTOR('',#6124,1.);
#6124 = DIRECTION('',(-0.681998360062,0.,0.731353701619));
#6125 = ORIENTED_EDGE('',*,*,#6089,.T.);
#6126 = PLANE('',#6127);
#6127 = AXIS2_PLACEMENT_3D('',#6128,#6129,#6130);
#6128 = CARTESIAN_POINT('',(233.87712716604,147.,11.515252487586));
#6129 = DIRECTION('',(0.,1.,0.));
#6130 = DIRECTION('',(0.,0.,1.));
#6131 = ADVANCED_FACE('',(#6132),#6158,.F.);
#6132 = FACE_BOUND('',#6133,.F.);
#6133 = EDGE_LOOP('',(#6134,#6135,#6143,#6151,#6157));
#6134 = ORIENTED_EDGE('',*,*,#6039,.T.);
#6135 = ORIENTED_EDGE('',*,*,#6136,.T.);
#6136 = EDGE_CURVE('',#6040,#6137,#6139,.T.);
#6137 = VERTEX_POINT('',#6138);
#6138 = CARTESIAN_POINT('',(242.,190.,14.638156449877));
#6139 = LINE('',#6140,#6141);
#6140 = CARTESIAN_POINT('',(227.,190.,20.));
#6141 = VECTOR('',#6142,1.);
#6142 = DIRECTION('',(0.941648406752,0.,-0.336598095748));
#6143 = ORIENTED_EDGE('',*,*,#6144,.T.);
#6144 = EDGE_CURVE('',#6137,#6145,#6147,.T.);
#6145 = VERTEX_POINT('',#6146);
#6146 = CARTESIAN_POINT('',(242.,190.,4.));
#6147 = LINE('',#6148,#6149);
#6148 = CARTESIAN_POINT('',(242.,190.,14.638156449877));
#6149 = VECTOR('',#6150,1.);
#6150 = DIRECTION('',(0.,0.,-1.));
#6151 = ORIENTED_EDGE('',*,*,#6152,.T.);
#6152 = EDGE_CURVE('',#6145,#6075,#6153,.T.);
#6153 = LINE('',#6154,#6155);
#6154 = CARTESIAN_POINT('',(242.,190.,4.));
#6155 = VECTOR('',#6156,1.);
#6156 = DIRECTION('',(-0.681998360062,0.,0.731353701619));
#6157 = ORIENTED_EDGE('',*,*,#6082,.T.);
#6158 = PLANE('',#6159);
#6159 = AXIS2_PLACEMENT_3D('',#6160,#6161,#6162);
#6160 = CARTESIAN_POINT('',(233.87712716604,190.,11.515252487586));
#6161 = DIRECTION('',(0.,1.,0.));
#6162 = DIRECTION('',(0.,0.,1.));
#6163 = ADVANCED_FACE('',(#6164),#6175,.T.);
#6164 = FACE_BOUND('',#6165,.T.);
#6165 = EDGE_LOOP('',(#6166,#6167,#6168,#6174));
#6166 = ORIENTED_EDGE('',*,*,#6047,.T.);
#6167 = ORIENTED_EDGE('',*,*,#6136,.T.);
#6168 = ORIENTED_EDGE('',*,*,#6169,.F.);
#6169 = EDGE_CURVE('',#6105,#6137,#6170,.T.);
#6170 = LINE('',#6171,#6172);
#6171 = CARTESIAN_POINT('',(242.,147.,14.638156449877));
#6172 = VECTOR('',#6173,1.);
#6173 = DIRECTION('',(0.,1.,0.));
#6174 = ORIENTED_EDGE('',*,*,#6104,.F.);
#6175 = PLANE('',#6176);
#6176 = AXIS2_PLACEMENT_3D('',#6177,#6178,#6179);
#6177 = CARTESIAN_POINT('',(227.,147.,20.));
#6178 = DIRECTION('',(-0.336598095748,0.,-0.941648406752));
#6179 = DIRECTION('',(0.941648406752,0.,-0.336598095748));
#6180 = ADVANCED_FACE('',(#6181),#6192,.T.);
#6181 = FACE_BOUND('',#6182,.T.);
#6182 = EDGE_LOOP('',(#6183,#6189,#6190,#6191));
#6183 = ORIENTED_EDGE('',*,*,#6184,.T.);
#6184 = EDGE_CURVE('',#6113,#6145,#6185,.T.);
#6185 = LINE('',#6186,#6187);
#6186 = CARTESIAN_POINT('',(242.,147.,4.));
#6187 = VECTOR('',#6188,1.);
#6188 = DIRECTION('',(0.,1.,0.));
#6189 = ORIENTED_EDGE('',*,*,#6152,.T.);
#6190 = ORIENTED_EDGE('',*,*,#6072,.F.);
#6191 = ORIENTED_EDGE('',*,*,#6120,.F.);
#6192 = PLANE('',#6193);
#6193 = AXIS2_PLACEMENT_3D('',#6194,#6195,#6196);
#6194 = CARTESIAN_POINT('',(242.,147.,4.));
#6195 = DIRECTION('',(0.731353701619,0.,0.681998360062));
#6196 = DIRECTION('',(-0.681998360062,0.,0.731353701619));
#6197 = ADVANCED_FACE('',(#6198),#6204,.T.);
#6198 = FACE_BOUND('',#6199,.T.);
#6199 = EDGE_LOOP('',(#6200,#6201,#6202,#6203));
#6200 = ORIENTED_EDGE('',*,*,#6169,.T.);
#6201 = ORIENTED_EDGE('',*,*,#6144,.T.);
#6202 = ORIENTED_EDGE('',*,*,#6184,.F.);
#6203 = ORIENTED_EDGE('',*,*,#6112,.F.);
#6204 = PLANE('',#6205);
#6205 = AXIS2_PLACEMENT_3D('',#6206,#6207,#6208);
#6206 = CARTESIAN_POINT('',(242.,147.,14.638156449877));
#6207 = DIRECTION('',(-1.,0.,0.));
#6208 = DIRECTION('',(0.,0.,-1.));
#6209 = ADVANCED_FACE('',(#6210),#6229,.F.);
#6210 = FACE_BOUND('',#6211,.F.);
#6211 = EDGE_LOOP('',(#6212,#6221,#6227,#6228));
#6212 = ORIENTED_EDGE('',*,*,#6213,.F.);
#6213 = EDGE_CURVE('',#6214,#6214,#6216,.T.);
#6214 = VERTEX_POINT('',#6215);
#6215 = CARTESIAN_POINT('',(208.,122.5,19.));
#6216 = CIRCLE('',#6217,2.);
#6217 = AXIS2_PLACEMENT_3D('',#6218,#6219,#6220);
#6218 = CARTESIAN_POINT('',(208.,122.5,17.));
#6219 = DIRECTION('',(1.,0.,-0.));
#6220 = DIRECTION('',(0.,0.,1.));
#6221 = ORIENTED_EDGE('',*,*,#6222,.F.);
#6222 = EDGE_CURVE('',#5542,#6214,#6223,.T.);
#6223 = LINE('',#6224,#6225);
#6224 = CARTESIAN_POINT('',(199.,122.5,19.));
#6225 = VECTOR('',#6226,1.);
#6226 = DIRECTION('',(1.,0.,0.));
#6227 = ORIENTED_EDGE('',*,*,#5541,.T.);
#6228 = ORIENTED_EDGE('',*,*,#6222,.T.);
#6229 = CYLINDRICAL_SURFACE('',#6230,2.);
#6230 = AXIS2_PLACEMENT_3D('',#6231,#6232,#6233);
#6231 = CARTESIAN_POINT('',(199.,122.5,17.));
#6232 = DIRECTION('',(1.,0.,0.));
#6233 = DIRECTION('',(0.,0.,1.));
#6234 = ADVANCED_FACE('',(#6235,#6293),#6296,.T.);
#6235 = FACE_BOUND('',#6236,.T.);
#6236 = EDGE_LOOP('',(#6237,#6247,#6255,#6263,#6271,#6279,#6287));
#6237 = ORIENTED_EDGE('',*,*,#6238,.F.);
#6238 = EDGE_CURVE('',#6239,#6241,#6243,.T.);
#6239 = VERTEX_POINT('',#6240);
#6240 = CARTESIAN_POINT('',(208.,101.,4.));
#6241 = VERTEX_POINT('',#6242);
#6242 = CARTESIAN_POINT('',(208.,101.,20.));
#6243 = LINE('',#6244,#6245);
#6244 = CARTESIAN_POINT('',(208.,101.,4.));
#6245 = VECTOR('',#6246,1.);
#6246 = DIRECTION('',(0.,0.,1.));
#6247 = ORIENTED_EDGE('',*,*,#6248,.T.);
#6248 = EDGE_CURVE('',#6239,#6249,#6251,.T.);
#6249 = VERTEX_POINT('',#6250);
#6250 = CARTESIAN_POINT('',(208.,144.,4.));
#6251 = LINE('',#6252,#6253);
#6252 = CARTESIAN_POINT('',(208.,101.,4.));
#6253 = VECTOR('',#6254,1.);
#6254 = DIRECTION('',(0.,1.,0.));
#6255 = ORIENTED_EDGE('',*,*,#6256,.T.);
#6256 = EDGE_CURVE('',#6249,#6257,#6259,.T.);
#6257 = VERTEX_POINT('',#6258);
#6258 = CARTESIAN_POINT('',(208.,144.,14.));
#6259 = LINE('',#6260,#6261);
#6260 = CARTESIAN_POINT('',(208.,144.,4.));
#6261 = VECTOR('',#6262,1.);
#6262 = DIRECTION('',(0.,0.,1.));
#6263 = ORIENTED_EDGE('',*,*,#6264,.F.);
#6264 = EDGE_CURVE('',#6265,#6257,#6267,.T.);
#6265 = VERTEX_POINT('',#6266);
#6266 = CARTESIAN_POINT('',(208.,140.,10.));
#6267 = LINE('',#6268,#6269);
#6268 = CARTESIAN_POINT('',(208.,131.25,1.25));
#6269 = VECTOR('',#6270,1.);
#6270 = DIRECTION('',(-0.,0.707106781187,0.707106781187));
#6271 = ORIENTED_EDGE('',*,*,#6272,.F.);
#6272 = EDGE_CURVE('',#6273,#6265,#6275,.T.);
#6273 = VERTEX_POINT('',#6274);
#6274 = CARTESIAN_POINT('',(208.,135.,15.));
#6275 = LINE('',#6276,#6277);
#6276 = CARTESIAN_POINT('',(208.,131.75,18.25));
#6277 = VECTOR('',#6278,1.);
#6278 = DIRECTION('',(0.,0.707106781187,-0.707106781187));
#6279 = ORIENTED_EDGE('',*,*,#6280,.F.);
#6280 = EDGE_CURVE('',#6281,#6273,#6283,.T.);
#6281 = VERTEX_POINT('',#6282);
#6282 = CARTESIAN_POINT('',(208.,135.,20.));
#6283 = LINE('',#6284,#6285);
#6284 = CARTESIAN_POINT('',(208.,135.,9.5));
#6285 = VECTOR('',#6286,1.);
#6286 = DIRECTION('',(0.,0.,-1.));
#6287 = ORIENTED_EDGE('',*,*,#6288,.F.);
#6288 = EDGE_CURVE('',#6241,#6281,#6289,.T.);
#6289 = LINE('',#6290,#6291);
#6290 = CARTESIAN_POINT('',(208.,101.,20.));
#6291 = VECTOR('',#6292,1.);
#6292 = DIRECTION('',(0.,1.,0.));
#6293 = FACE_BOUND('',#6294,.T.);
#6294 = EDGE_LOOP('',(#6295));
#6295 = ORIENTED_EDGE('',*,*,#6213,.F.);
#6296 = PLANE('',#6297);
#6297 = AXIS2_PLACEMENT_3D('',#6298,#6299,#6300);
#6298 = CARTESIAN_POINT('',(208.,101.,4.));
#6299 = DIRECTION('',(1.,0.,0.));
#6300 = DIRECTION('',(0.,0.,1.));
#6301 = ADVANCED_FACE('',(#6302),#6335,.T.);
#6302 = FACE_BOUND('',#6303,.T.);
#6303 = EDGE_LOOP('',(#6304,#6305,#6313,#6321,#6329));
#6304 = ORIENTED_EDGE('',*,*,#6238,.T.);
#6305 = ORIENTED_EDGE('',*,*,#6306,.T.);
#6306 = EDGE_CURVE('',#6241,#6307,#6309,.T.);
#6307 = VERTEX_POINT('',#6308);
#6308 = CARTESIAN_POINT('',(223.,101.,20.));
#6309 = LINE('',#6310,#6311);
#6310 = CARTESIAN_POINT('',(208.,101.,20.));
#6311 = VECTOR('',#6312,1.);
#6312 = DIRECTION('',(1.,0.,0.));
#6313 = ORIENTED_EDGE('',*,*,#6314,.T.);
#6314 = EDGE_CURVE('',#6307,#6315,#6317,.T.);
#6315 = VERTEX_POINT('',#6316);
#6316 = CARTESIAN_POINT('',(223.,101.,4.));
#6317 = LINE('',#6318,#6319);
#6318 = CARTESIAN_POINT('',(223.,101.,20.));
#6319 = VECTOR('',#6320,1.);
#6320 = DIRECTION('',(0.,0.,-1.));
#6321 = ORIENTED_EDGE('',*,*,#6322,.T.);
#6322 = EDGE_CURVE('',#6315,#6323,#6325,.T.);
#6323 = VERTEX_POINT('',#6324);
#6324 = CARTESIAN_POINT('',(215.5,101.,12.042765325185));
#6325 = LINE('',#6326,#6327);
#6326 = CARTESIAN_POINT('',(223.,101.,4.));
#6327 = VECTOR('',#6328,1.);
#6328 = DIRECTION('',(-0.681998360062,0.,0.731353701619));
#6329 = ORIENTED_EDGE('',*,*,#6330,.T.);
#6330 = EDGE_CURVE('',#6323,#6239,#6331,.T.);
#6331 = LINE('',#6332,#6333);
#6332 = CARTESIAN_POINT('',(215.5,101.,12.042765325185));
#6333 = VECTOR('',#6334,1.);
#6334 = DIRECTION('',(-0.681998360062,0.,-0.731353701619));
#6335 = PLANE('',#6336);
#6336 = AXIS2_PLACEMENT_3D('',#6337,#6338,#6339);
#6337 = CARTESIAN_POINT('',(215.5,101.,12.470960586701));
#6338 = DIRECTION('',(0.,1.,0.));
#6339 = DIRECTION('',(0.,0.,1.));
#6340 = ADVANCED_FACE('',(#6341),#6359,.T.);
#6341 = FACE_BOUND('',#6342,.T.);
#6342 = EDGE_LOOP('',(#6343,#6344,#6345,#6353));
#6343 = ORIENTED_EDGE('',*,*,#6306,.F.);
#6344 = ORIENTED_EDGE('',*,*,#6288,.T.);
#6345 = ORIENTED_EDGE('',*,*,#6346,.F.);
#6346 = EDGE_CURVE('',#6347,#6281,#6349,.T.);
#6347 = VERTEX_POINT('',#6348);
#6348 = CARTESIAN_POINT('',(223.,135.,20.));
#6349 = LINE('',#6350,#6351);
#6350 = CARTESIAN_POINT('',(204.,135.,20.));
#6351 = VECTOR('',#6352,1.);
#6352 = DIRECTION('',(-1.,-0.,-0.));
#6353 = ORIENTED_EDGE('',*,*,#6354,.F.);
#6354 = EDGE_CURVE('',#6307,#6347,#6355,.T.);
#6355 = LINE('',#6356,#6357);
#6356 = CARTESIAN_POINT('',(223.,101.,20.));
#6357 = VECTOR('',#6358,1.);
#6358 = DIRECTION('',(0.,1.,0.));
#6359 = PLANE('',#6360);
#6360 = AXIS2_PLACEMENT_3D('',#6361,#6362,#6363);
#6361 = CARTESIAN_POINT('',(208.,101.,20.));
#6362 = DIRECTION('',(0.,0.,-1.));
#6363 = DIRECTION('',(1.,0.,0.));
#6364 = ADVANCED_FACE('',(#6365),#6383,.T.);
#6365 = FACE_BOUND('',#6366,.T.);
#6366 = EDGE_LOOP('',(#6367,#6368,#6376,#6382));
#6367 = ORIENTED_EDGE('',*,*,#6280,.T.);
#6368 = ORIENTED_EDGE('',*,*,#6369,.T.);
#6369 = EDGE_CURVE('',#6273,#6370,#6372,.T.);
#6370 = VERTEX_POINT('',#6371);
#6371 = CARTESIAN_POINT('',(223.,135.,15.));
#6372 = LINE('',#6373,#6374);
#6373 = CARTESIAN_POINT('',(200.,135.,15.));
#6374 = VECTOR('',#6375,1.);
#6375 = DIRECTION('',(1.,0.,0.));
#6376 = ORIENTED_EDGE('',*,*,#6377,.T.);
#6377 = EDGE_CURVE('',#6370,#6347,#6378,.T.);
#6378 = LINE('',#6379,#6380);
#6379 = CARTESIAN_POINT('',(223.,135.,17.5));
#6380 = VECTOR('',#6381,1.);
#6381 = DIRECTION('',(0.,0.,1.));
#6382 = ORIENTED_EDGE('',*,*,#6346,.T.);
#6383 = PLANE('',#6384);
#6384 = AXIS2_PLACEMENT_3D('',#6385,#6386,#6387);
#6385 = CARTESIAN_POINT('',(200.,135.,15.));
#6386 = DIRECTION('',(0.,-1.,0.));
#6387 = DIRECTION('',(0.,0.,1.));
#6388 = ADVANCED_FACE('',(#6389),#6431,.T.);
#6389 = FACE_BOUND('',#6390,.T.);
#6390 = EDGE_LOOP('',(#6391,#6392,#6400,#6408,#6416,#6424,#6430));
#6391 = ORIENTED_EDGE('',*,*,#6272,.T.);
#6392 = ORIENTED_EDGE('',*,*,#6393,.T.);
#6393 = EDGE_CURVE('',#6265,#6394,#6396,.T.);
#6394 = VERTEX_POINT('',#6395);
#6395 = CARTESIAN_POINT('',(213.59509051682,140.,10.));
#6396 = LINE('',#6397,#6398);
#6397 = CARTESIAN_POINT('',(200.,140.,10.));
#6398 = VECTOR('',#6399,1.);
#6399 = DIRECTION('',(1.,0.,0.));
#6400 = ORIENTED_EDGE('',*,*,#6401,.T.);
#6401 = EDGE_CURVE('',#6394,#6402,#6404,.T.);
#6402 = VERTEX_POINT('',#6403);
#6403 = CARTESIAN_POINT('',(215.5,137.95723467481,12.042765325185));
#6404 = LINE('',#6405,#6406);
#6405 = CARTESIAN_POINT('',(218.49255913388,134.74810789674,
    15.25189210326));
#6406 = VECTOR('',#6407,1.);
#6407 = DIRECTION('',(0.550486111274,-0.590324081033,0.590324081033));
#6408 = ORIENTED_EDGE('',*,*,#6409,.T.);
#6409 = EDGE_CURVE('',#6402,#6410,#6412,.T.);
#6410 = VERTEX_POINT('',#6411);
#6411 = CARTESIAN_POINT('',(217.40490948317,140.,10.));
#6412 = LINE('',#6413,#6414);
#6413 = CARTESIAN_POINT('',(210.25358955375,132.33114827232,
    17.66885172768));
#6414 = VECTOR('',#6415,1.);
#6415 = DIRECTION('',(0.550486111274,0.590324081033,-0.590324081033));
#6416 = ORIENTED_EDGE('',*,*,#6417,.T.);
#6417 = EDGE_CURVE('',#6410,#6418,#6420,.T.);
#6418 = VERTEX_POINT('',#6419);
#6419 = CARTESIAN_POINT('',(223.,140.,10.));
#6420 = LINE('',#6421,#6422);
#6421 = CARTESIAN_POINT('',(200.,140.,10.));
#6422 = VECTOR('',#6423,1.);
#6423 = DIRECTION('',(1.,0.,0.));
#6424 = ORIENTED_EDGE('',*,*,#6425,.T.);
#6425 = EDGE_CURVE('',#6418,#6370,#6426,.T.);
#6426 = LINE('',#6427,#6428);
#6427 = CARTESIAN_POINT('',(223.,127.75,22.25));
#6428 = VECTOR('',#6429,1.);
#6429 = DIRECTION('',(0.,-0.707106781187,0.707106781187));
#6430 = ORIENTED_EDGE('',*,*,#6369,.F.);
#6431 = PLANE('',#6432);
#6432 = AXIS2_PLACEMENT_3D('',#6433,#6434,#6435);
#6433 = CARTESIAN_POINT('',(200.,140.,10.));
#6434 = DIRECTION('',(0.,-0.707106781187,-0.707106781187));
#6435 = DIRECTION('',(0.,-0.707106781187,0.707106781187));
#6436 = ADVANCED_FACE('',(#6437),#6470,.T.);
#6437 = FACE_BOUND('',#6438,.T.);
#6438 = EDGE_LOOP('',(#6439,#6440,#6441,#6449,#6455,#6456,#6464));
#6439 = ORIENTED_EDGE('',*,*,#6393,.F.);
#6440 = ORIENTED_EDGE('',*,*,#6264,.T.);
#6441 = ORIENTED_EDGE('',*,*,#6442,.F.);
#6442 = EDGE_CURVE('',#6443,#6257,#6445,.T.);
#6443 = VERTEX_POINT('',#6444);
#6444 = CARTESIAN_POINT('',(223.,144.,14.));
#6445 = LINE('',#6446,#6447);
#6446 = CARTESIAN_POINT('',(207.75,144.,14.));
#6447 = VECTOR('',#6448,1.);
#6448 = DIRECTION('',(-1.,0.,0.));
#6449 = ORIENTED_EDGE('',*,*,#6450,.T.);
#6450 = EDGE_CURVE('',#6443,#6418,#6451,.T.);
#6451 = LINE('',#6452,#6453);
#6452 = CARTESIAN_POINT('',(223.,135.25,5.25));
#6453 = VECTOR('',#6454,1.);
#6454 = DIRECTION('',(-0.,-0.707106781187,-0.707106781187));
#6455 = ORIENTED_EDGE('',*,*,#6417,.F.);
#6456 = ORIENTED_EDGE('',*,*,#6457,.T.);
#6457 = EDGE_CURVE('',#6410,#6458,#6460,.T.);
#6458 = VERTEX_POINT('',#6459);
#6459 = CARTESIAN_POINT('',(215.5,142.04276532518,12.042765325185));
#6460 = LINE('',#6461,#6462);
#6461 = CARTESIAN_POINT('',(221.30240661756,135.82044602566,
    5.820446025668));
#6462 = VECTOR('',#6463,1.);
#6463 = DIRECTION('',(-0.550486111274,0.590324081033,0.590324081033));
#6464 = ORIENTED_EDGE('',*,*,#6465,.T.);
#6465 = EDGE_CURVE('',#6458,#6394,#6466,.T.);
#6466 = LINE('',#6467,#6468);
#6467 = CARTESIAN_POINT('',(207.44374207007,133.40348640124,
    3.403486401247));
#6468 = VECTOR('',#6469,1.);
#6469 = DIRECTION('',(-0.550486111274,-0.590324081033,-0.590324081033));
#6470 = PLANE('',#6471);
#6471 = AXIS2_PLACEMENT_3D('',#6472,#6473,#6474);
#6472 = CARTESIAN_POINT('',(200.,145.,15.));
#6473 = DIRECTION('',(0.,0.707106781187,-0.707106781187));
#6474 = DIRECTION('',(0.,-0.707106781187,-0.707106781187));
#6475 = ADVANCED_FACE('',(#6476),#6502,.F.);
#6476 = FACE_BOUND('',#6477,.F.);
#6477 = EDGE_LOOP('',(#6478,#6486,#6487,#6488,#6496));
#6478 = ORIENTED_EDGE('',*,*,#6479,.T.);
#6479 = EDGE_CURVE('',#6480,#6249,#6482,.T.);
#6480 = VERTEX_POINT('',#6481);
#6481 = CARTESIAN_POINT('',(215.5,144.,12.042765325185));
#6482 = LINE('',#6483,#6484);
#6483 = CARTESIAN_POINT('',(215.5,144.,12.042765325185));
#6484 = VECTOR('',#6485,1.);
#6485 = DIRECTION('',(-0.681998360062,0.,-0.731353701619));
#6486 = ORIENTED_EDGE('',*,*,#6256,.T.);
#6487 = ORIENTED_EDGE('',*,*,#6442,.F.);
#6488 = ORIENTED_EDGE('',*,*,#6489,.T.);
#6489 = EDGE_CURVE('',#6443,#6490,#6492,.T.);
#6490 = VERTEX_POINT('',#6491);
#6491 = CARTESIAN_POINT('',(223.,144.,4.));
#6492 = LINE('',#6493,#6494);
#6493 = CARTESIAN_POINT('',(223.,144.,20.));
#6494 = VECTOR('',#6495,1.);
#6495 = DIRECTION('',(0.,0.,-1.));
#6496 = ORIENTED_EDGE('',*,*,#6497,.T.);
#6497 = EDGE_CURVE('',#6490,#6480,#6498,.T.);
#6498 = LINE('',#6499,#6500);
#6499 = CARTESIAN_POINT('',(223.,144.,4.));
#6500 = VECTOR('',#6501,1.);
#6501 = DIRECTION('',(-0.681998360062,0.,0.731353701619));
#6502 = PLANE('',#6503);
#6503 = AXIS2_PLACEMENT_3D('',#6504,#6505,#6506);
#6504 = CARTESIAN_POINT('',(215.5,144.,12.470960586701));
#6505 = DIRECTION('',(0.,1.,0.));
#6506 = DIRECTION('',(0.,0.,1.));
#6507 = ADVANCED_FACE('',(#6508),#6527,.T.);
#6508 = FACE_BOUND('',#6509,.T.);
#6509 = EDGE_LOOP('',(#6510,#6511,#6517,#6518,#6519,#6525,#6526));
#6510 = ORIENTED_EDGE('',*,*,#6330,.F.);
#6511 = ORIENTED_EDGE('',*,*,#6512,.T.);
#6512 = EDGE_CURVE('',#6323,#6402,#6513,.T.);
#6513 = LINE('',#6514,#6515);
#6514 = CARTESIAN_POINT('',(215.5,101.,12.042765325185));
#6515 = VECTOR('',#6516,1.);
#6516 = DIRECTION('',(0.,1.,0.));
#6517 = ORIENTED_EDGE('',*,*,#6401,.F.);
#6518 = ORIENTED_EDGE('',*,*,#6465,.F.);
#6519 = ORIENTED_EDGE('',*,*,#6520,.T.);
#6520 = EDGE_CURVE('',#6458,#6480,#6521,.T.);
#6521 = LINE('',#6522,#6523);
#6522 = CARTESIAN_POINT('',(215.5,101.,12.042765325185));
#6523 = VECTOR('',#6524,1.);
#6524 = DIRECTION('',(0.,1.,0.));
#6525 = ORIENTED_EDGE('',*,*,#6479,.T.);
#6526 = ORIENTED_EDGE('',*,*,#6248,.F.);
#6527 = PLANE('',#6528);
#6528 = AXIS2_PLACEMENT_3D('',#6529,#6530,#6531);
#6529 = CARTESIAN_POINT('',(215.5,101.,12.042765325185));
#6530 = DIRECTION('',(-0.731353701619,0.,0.681998360062));
#6531 = DIRECTION('',(-0.681998360062,0.,-0.731353701619));
#6532 = ADVANCED_FACE('',(#6533,#6547),#6558,.T.);
#6533 = FACE_BOUND('',#6534,.T.);
#6534 = EDGE_LOOP('',(#6535,#6536,#6537,#6538,#6539,#6540,#6541));
#6535 = ORIENTED_EDGE('',*,*,#6314,.F.);
#6536 = ORIENTED_EDGE('',*,*,#6354,.T.);
#6537 = ORIENTED_EDGE('',*,*,#6377,.F.);
#6538 = ORIENTED_EDGE('',*,*,#6425,.F.);
#6539 = ORIENTED_EDGE('',*,*,#6450,.F.);
#6540 = ORIENTED_EDGE('',*,*,#6489,.T.);
#6541 = ORIENTED_EDGE('',*,*,#6542,.F.);
#6542 = EDGE_CURVE('',#6315,#6490,#6543,.T.);
#6543 = LINE('',#6544,#6545);
#6544 = CARTESIAN_POINT('',(223.,101.,4.));
#6545 = VECTOR('',#6546,1.);
#6546 = DIRECTION('',(0.,1.,0.));
#6547 = FACE_BOUND('',#6548,.T.);
#6548 = EDGE_LOOP('',(#6549));
#6549 = ORIENTED_EDGE('',*,*,#6550,.T.);
#6550 = EDGE_CURVE('',#6551,#6551,#6553,.T.);
#6551 = VERTEX_POINT('',#6552);
#6552 = CARTESIAN_POINT('',(223.,122.5,19.));
#6553 = CIRCLE('',#6554,2.);
#6554 = AXIS2_PLACEMENT_3D('',#6555,#6556,#6557);
#6555 = CARTESIAN_POINT('',(223.,122.5,17.));
#6556 = DIRECTION('',(1.,0.,-0.));
#6557 = DIRECTION('',(0.,0.,1.));
#6558 = PLANE('',#6559);
#6559 = AXIS2_PLACEMENT_3D('',#6560,#6561,#6562);
#6560 = CARTESIAN_POINT('',(223.,101.,20.));
#6561 = DIRECTION('',(-1.,0.,0.));
#6562 = DIRECTION('',(0.,0.,-1.));
#6563 = ADVANCED_FACE('',(#6564),#6573,.T.);
#6564 = FACE_BOUND('',#6565,.T.);
#6565 = EDGE_LOOP('',(#6566,#6567,#6568,#6569,#6570,#6571,#6572));
#6566 = ORIENTED_EDGE('',*,*,#6322,.F.);
#6567 = ORIENTED_EDGE('',*,*,#6542,.T.);
#6568 = ORIENTED_EDGE('',*,*,#6497,.T.);
#6569 = ORIENTED_EDGE('',*,*,#6520,.F.);
#6570 = ORIENTED_EDGE('',*,*,#6457,.F.);
#6571 = ORIENTED_EDGE('',*,*,#6409,.F.);
#6572 = ORIENTED_EDGE('',*,*,#6512,.F.);
#6573 = PLANE('',#6574);
#6574 = AXIS2_PLACEMENT_3D('',#6575,#6576,#6577);
#6575 = CARTESIAN_POINT('',(223.,101.,4.));
#6576 = DIRECTION('',(0.731353701619,0.,0.681998360062));
#6577 = DIRECTION('',(-0.681998360062,0.,0.731353701619));
#6578 = ADVANCED_FACE('',(#6579),#6598,.F.);
#6579 = FACE_BOUND('',#6580,.F.);
#6580 = EDGE_LOOP('',(#6581,#6590,#6596,#6597));
#6581 = ORIENTED_EDGE('',*,*,#6582,.F.);
#6582 = EDGE_CURVE('',#6583,#6583,#6585,.T.);
#6583 = VERTEX_POINT('',#6584);
#6584 = CARTESIAN_POINT('',(227.,122.5,19.));
#6585 = CIRCLE('',#6586,2.);
#6586 = AXIS2_PLACEMENT_3D('',#6587,#6588,#6589);
#6587 = CARTESIAN_POINT('',(227.,122.5,17.));
#6588 = DIRECTION('',(1.,0.,-0.));
#6589 = DIRECTION('',(0.,0.,1.));
#6590 = ORIENTED_EDGE('',*,*,#6591,.F.);
#6591 = EDGE_CURVE('',#6551,#6583,#6592,.T.);
#6592 = LINE('',#6593,#6594);
#6593 = CARTESIAN_POINT('',(222.,122.5,19.));
#6594 = VECTOR('',#6595,1.);
#6595 = DIRECTION('',(1.,0.,0.));
#6596 = ORIENTED_EDGE('',*,*,#6550,.T.);
#6597 = ORIENTED_EDGE('',*,*,#6591,.T.);
#6598 = CYLINDRICAL_SURFACE('',#6599,2.);
#6599 = AXIS2_PLACEMENT_3D('',#6600,#6601,#6602);
#6600 = CARTESIAN_POINT('',(222.,122.5,17.));
#6601 = DIRECTION('',(1.,0.,0.));
#6602 = DIRECTION('',(0.,0.,1.));
#6603 = ADVANCED_FACE('',(#6604,#6638),#6641,.T.);
#6604 = FACE_BOUND('',#6605,.T.);
#6605 = EDGE_LOOP('',(#6606,#6616,#6624,#6632));
#6606 = ORIENTED_EDGE('',*,*,#6607,.T.);
#6607 = EDGE_CURVE('',#6608,#6610,#6612,.T.);
#6608 = VERTEX_POINT('',#6609);
#6609 = CARTESIAN_POINT('',(227.,101.,4.));
#6610 = VERTEX_POINT('',#6611);
#6611 = CARTESIAN_POINT('',(227.,144.,4.));
#6612 = LINE('',#6613,#6614);
#6613 = CARTESIAN_POINT('',(227.,101.,4.));
#6614 = VECTOR('',#6615,1.);
#6615 = DIRECTION('',(0.,1.,0.));
#6616 = ORIENTED_EDGE('',*,*,#6617,.T.);
#6617 = EDGE_CURVE('',#6610,#6618,#6620,.T.);
#6618 = VERTEX_POINT('',#6619);
#6619 = CARTESIAN_POINT('',(227.,144.,20.));
#6620 = LINE('',#6621,#6622);
#6621 = CARTESIAN_POINT('',(227.,144.,4.));
#6622 = VECTOR('',#6623,1.);
#6623 = DIRECTION('',(0.,0.,1.));
#6624 = ORIENTED_EDGE('',*,*,#6625,.F.);
#6625 = EDGE_CURVE('',#6626,#6618,#6628,.T.);
#6626 = VERTEX_POINT('',#6627);
#6627 = CARTESIAN_POINT('',(227.,101.,20.));
#6628 = LINE('',#6629,#6630);
#6629 = CARTESIAN_POINT('',(227.,101.,20.));
#6630 = VECTOR('',#6631,1.);
#6631 = DIRECTION('',(0.,1.,0.));
#6632 = ORIENTED_EDGE('',*,*,#6633,.F.);
#6633 = EDGE_CURVE('',#6608,#6626,#6634,.T.);
#6634 = LINE('',#6635,#6636);
#6635 = CARTESIAN_POINT('',(227.,101.,4.));
#6636 = VECTOR('',#6637,1.);
#6637 = DIRECTION('',(0.,0.,1.));
#6638 = FACE_BOUND('',#6639,.T.);
#6639 = EDGE_LOOP('',(#6640));
#6640 = ORIENTED_EDGE('',*,*,#6582,.F.);
#6641 = PLANE('',#6642);
#6642 = AXIS2_PLACEMENT_3D('',#6643,#6644,#6645);
#6643 = CARTESIAN_POINT('',(227.,101.,4.));
#6644 = DIRECTION('',(1.,0.,0.));
#6645 = DIRECTION('',(0.,0.,1.));
#6646 = ADVANCED_FACE('',(#6647),#6672,.T.);
#6647 = FACE_BOUND('',#6648,.T.);
#6648 = EDGE_LOOP('',(#6649,#6659,#6665,#6666));
#6649 = ORIENTED_EDGE('',*,*,#6650,.T.);
#6650 = EDGE_CURVE('',#6651,#6653,#6655,.T.);
#6651 = VERTEX_POINT('',#6652);
#6652 = CARTESIAN_POINT('',(234.5,101.,12.042765325185));
#6653 = VERTEX_POINT('',#6654);
#6654 = CARTESIAN_POINT('',(234.5,144.,12.042765325185));
#6655 = LINE('',#6656,#6657);
#6656 = CARTESIAN_POINT('',(234.5,101.,12.042765325185));
#6657 = VECTOR('',#6658,1.);
#6658 = DIRECTION('',(0.,1.,0.));
#6659 = ORIENTED_EDGE('',*,*,#6660,.T.);
#6660 = EDGE_CURVE('',#6653,#6610,#6661,.T.);
#6661 = LINE('',#6662,#6663);
#6662 = CARTESIAN_POINT('',(234.5,144.,12.042765325185));
#6663 = VECTOR('',#6664,1.);
#6664 = DIRECTION('',(-0.681998360062,0.,-0.731353701619));
#6665 = ORIENTED_EDGE('',*,*,#6607,.F.);
#6666 = ORIENTED_EDGE('',*,*,#6667,.F.);
#6667 = EDGE_CURVE('',#6651,#6608,#6668,.T.);
#6668 = LINE('',#6669,#6670);
#6669 = CARTESIAN_POINT('',(234.5,101.,12.042765325185));
#6670 = VECTOR('',#6671,1.);
#6671 = DIRECTION('',(-0.681998360062,0.,-0.731353701619));
#6672 = PLANE('',#6673);
#6673 = AXIS2_PLACEMENT_3D('',#6674,#6675,#6676);
#6674 = CARTESIAN_POINT('',(234.5,101.,12.042765325185));
#6675 = DIRECTION('',(-0.731353701619,0.,0.681998360062));
#6676 = DIRECTION('',(-0.681998360062,0.,-0.731353701619));
#6677 = ADVANCED_FACE('',(#6678),#6704,.T.);
#6678 = FACE_BOUND('',#6679,.T.);
#6679 = EDGE_LOOP('',(#6680,#6681,#6689,#6697,#6703));
#6680 = ORIENTED_EDGE('',*,*,#6633,.T.);
#6681 = ORIENTED_EDGE('',*,*,#6682,.T.);
#6682 = EDGE_CURVE('',#6626,#6683,#6685,.T.);
#6683 = VERTEX_POINT('',#6684);
#6684 = CARTESIAN_POINT('',(242.,101.,14.638156449877));
#6685 = LINE('',#6686,#6687);
#6686 = CARTESIAN_POINT('',(227.,101.,20.));
#6687 = VECTOR('',#6688,1.);
#6688 = DIRECTION('',(0.941648406752,0.,-0.336598095748));
#6689 = ORIENTED_EDGE('',*,*,#6690,.T.);
#6690 = EDGE_CURVE('',#6683,#6691,#6693,.T.);
#6691 = VERTEX_POINT('',#6692);
#6692 = CARTESIAN_POINT('',(242.,101.,4.));
#6693 = LINE('',#6694,#6695);
#6694 = CARTESIAN_POINT('',(242.,101.,14.638156449877));
#6695 = VECTOR('',#6696,1.);
#6696 = DIRECTION('',(0.,0.,-1.));
#6697 = ORIENTED_EDGE('',*,*,#6698,.T.);
#6698 = EDGE_CURVE('',#6691,#6651,#6699,.T.);
#6699 = LINE('',#6700,#6701);
#6700 = CARTESIAN_POINT('',(242.,101.,4.));
#6701 = VECTOR('',#6702,1.);
#6702 = DIRECTION('',(-0.681998360062,0.,0.731353701619));
#6703 = ORIENTED_EDGE('',*,*,#6667,.T.);
#6704 = PLANE('',#6705);
#6705 = AXIS2_PLACEMENT_3D('',#6706,#6707,#6708);
#6706 = CARTESIAN_POINT('',(233.87712716604,101.,11.515252487586));
#6707 = DIRECTION('',(0.,1.,0.));
#6708 = DIRECTION('',(0.,0.,1.));
#6709 = ADVANCED_FACE('',(#6710),#6736,.F.);
#6710 = FACE_BOUND('',#6711,.F.);
#6711 = EDGE_LOOP('',(#6712,#6713,#6721,#6729,#6735));
#6712 = ORIENTED_EDGE('',*,*,#6617,.T.);
#6713 = ORIENTED_EDGE('',*,*,#6714,.T.);
#6714 = EDGE_CURVE('',#6618,#6715,#6717,.T.);
#6715 = VERTEX_POINT('',#6716);
#6716 = CARTESIAN_POINT('',(242.,144.,14.638156449877));
#6717 = LINE('',#6718,#6719);
#6718 = CARTESIAN_POINT('',(227.,144.,20.));
#6719 = VECTOR('',#6720,1.);
#6720 = DIRECTION('',(0.941648406752,0.,-0.336598095748));
#6721 = ORIENTED_EDGE('',*,*,#6722,.T.);
#6722 = EDGE_CURVE('',#6715,#6723,#6725,.T.);
#6723 = VERTEX_POINT('',#6724);
#6724 = CARTESIAN_POINT('',(242.,144.,4.));
#6725 = LINE('',#6726,#6727);
#6726 = CARTESIAN_POINT('',(242.,144.,14.638156449877));
#6727 = VECTOR('',#6728,1.);
#6728 = DIRECTION('',(0.,0.,-1.));
#6729 = ORIENTED_EDGE('',*,*,#6730,.T.);
#6730 = EDGE_CURVE('',#6723,#6653,#6731,.T.);
#6731 = LINE('',#6732,#6733);
#6732 = CARTESIAN_POINT('',(242.,144.,4.));
#6733 = VECTOR('',#6734,1.);
#6734 = DIRECTION('',(-0.681998360062,0.,0.731353701619));
#6735 = ORIENTED_EDGE('',*,*,#6660,.T.);
#6736 = PLANE('',#6737);
#6737 = AXIS2_PLACEMENT_3D('',#6738,#6739,#6740);
#6738 = CARTESIAN_POINT('',(233.87712716604,144.,11.515252487586));
#6739 = DIRECTION('',(0.,1.,0.));
#6740 = DIRECTION('',(0.,0.,1.));
#6741 = ADVANCED_FACE('',(#6742),#6753,.T.);
#6742 = FACE_BOUND('',#6743,.T.);
#6743 = EDGE_LOOP('',(#6744,#6745,#6746,#6752));
#6744 = ORIENTED_EDGE('',*,*,#6625,.T.);
#6745 = ORIENTED_EDGE('',*,*,#6714,.T.);
#6746 = ORIENTED_EDGE('',*,*,#6747,.F.);
#6747 = EDGE_CURVE('',#6683,#6715,#6748,.T.);
#6748 = LINE('',#6749,#6750);
#6749 = CARTESIAN_POINT('',(242.,101.,14.638156449877));
#6750 = VECTOR('',#6751,1.);
#6751 = DIRECTION('',(0.,1.,0.));
#6752 = ORIENTED_EDGE('',*,*,#6682,.F.);
#6753 = PLANE('',#6754);
#6754 = AXIS2_PLACEMENT_3D('',#6755,#6756,#6757);
#6755 = CARTESIAN_POINT('',(227.,101.,20.));
#6756 = DIRECTION('',(-0.336598095748,0.,-0.941648406752));
#6757 = DIRECTION('',(0.941648406752,0.,-0.336598095748));
#6758 = ADVANCED_FACE('',(#6759),#6770,.T.);
#6759 = FACE_BOUND('',#6760,.T.);
#6760 = EDGE_LOOP('',(#6761,#6767,#6768,#6769));
#6761 = ORIENTED_EDGE('',*,*,#6762,.T.);
#6762 = EDGE_CURVE('',#6691,#6723,#6763,.T.);
#6763 = LINE('',#6764,#6765);
#6764 = CARTESIAN_POINT('',(242.,101.,4.));
#6765 = VECTOR('',#6766,1.);
#6766 = DIRECTION('',(0.,1.,0.));
#6767 = ORIENTED_EDGE('',*,*,#6730,.T.);
#6768 = ORIENTED_EDGE('',*,*,#6650,.F.);
#6769 = ORIENTED_EDGE('',*,*,#6698,.F.);
#6770 = PLANE('',#6771);
#6771 = AXIS2_PLACEMENT_3D('',#6772,#6773,#6774);
#6772 = CARTESIAN_POINT('',(242.,101.,4.));
#6773 = DIRECTION('',(0.731353701619,0.,0.681998360062));
#6774 = DIRECTION('',(-0.681998360062,0.,0.731353701619));
#6775 = ADVANCED_FACE('',(#6776),#6782,.T.);
#6776 = FACE_BOUND('',#6777,.T.);
#6777 = EDGE_LOOP('',(#6778,#6779,#6780,#6781));
#6778 = ORIENTED_EDGE('',*,*,#6747,.T.);
#6779 = ORIENTED_EDGE('',*,*,#6722,.T.);
#6780 = ORIENTED_EDGE('',*,*,#6762,.F.);
#6781 = ORIENTED_EDGE('',*,*,#6690,.F.);
#6782 = PLANE('',#6783);
#6783 = AXIS2_PLACEMENT_3D('',#6784,#6785,#6786);
#6784 = CARTESIAN_POINT('',(242.,101.,14.638156449877));
#6785 = DIRECTION('',(-1.,0.,0.));
#6786 = DIRECTION('',(0.,0.,-1.));
#6787 = ADVANCED_FACE('',(#6788),#6807,.F.);
#6788 = FACE_BOUND('',#6789,.F.);
#6789 = EDGE_LOOP('',(#6790,#6799,#6805,#6806));
#6790 = ORIENTED_EDGE('',*,*,#6791,.F.);
#6791 = EDGE_CURVE('',#6792,#6792,#6794,.T.);
#6792 = VERTEX_POINT('',#6793);
#6793 = CARTESIAN_POINT('',(208.,76.5,19.));
#6794 = CIRCLE('',#6795,2.);
#6795 = AXIS2_PLACEMENT_3D('',#6796,#6797,#6798);
#6796 = CARTESIAN_POINT('',(208.,76.5,17.));
#6797 = DIRECTION('',(1.,0.,-0.));
#6798 = DIRECTION('',(0.,0.,1.));
#6799 = ORIENTED_EDGE('',*,*,#6800,.F.);
#6800 = EDGE_CURVE('',#5553,#6792,#6801,.T.);
#6801 = LINE('',#6802,#6803);
#6802 = CARTESIAN_POINT('',(199.,76.5,19.));
#6803 = VECTOR('',#6804,1.);
#6804 = DIRECTION('',(1.,0.,0.));
#6805 = ORIENTED_EDGE('',*,*,#5552,.T.);
#6806 = ORIENTED_EDGE('',*,*,#6800,.T.);
#6807 = CYLINDRICAL_SURFACE('',#6808,2.);
#6808 = AXIS2_PLACEMENT_3D('',#6809,#6810,#6811);
#6809 = CARTESIAN_POINT('',(199.,76.5,17.));
#6810 = DIRECTION('',(1.,0.,0.));
#6811 = DIRECTION('',(0.,0.,1.));
#6812 = ADVANCED_FACE('',(#6813,#6847),#6850,.T.);
#6813 = FACE_BOUND('',#6814,.T.);
#6814 = EDGE_LOOP('',(#6815,#6825,#6833,#6841));
#6815 = ORIENTED_EDGE('',*,*,#6816,.T.);
#6816 = EDGE_CURVE('',#6817,#6819,#6821,.T.);
#6817 = VERTEX_POINT('',#6818);
#6818 = CARTESIAN_POINT('',(208.,55.,4.));
#6819 = VERTEX_POINT('',#6820);
#6820 = CARTESIAN_POINT('',(208.,98.,4.));
#6821 = LINE('',#6822,#6823);
#6822 = CARTESIAN_POINT('',(208.,55.,4.));
#6823 = VECTOR('',#6824,1.);
#6824 = DIRECTION('',(0.,1.,0.));
#6825 = ORIENTED_EDGE('',*,*,#6826,.T.);
#6826 = EDGE_CURVE('',#6819,#6827,#6829,.T.);
#6827 = VERTEX_POINT('',#6828);
#6828 = CARTESIAN_POINT('',(208.,98.,20.));
#6829 = LINE('',#6830,#6831);
#6830 = CARTESIAN_POINT('',(208.,98.,4.));
#6831 = VECTOR('',#6832,1.);
#6832 = DIRECTION('',(0.,0.,1.));
#6833 = ORIENTED_EDGE('',*,*,#6834,.F.);
#6834 = EDGE_CURVE('',#6835,#6827,#6837,.T.);
#6835 = VERTEX_POINT('',#6836);
#6836 = CARTESIAN_POINT('',(208.,55.,20.));
#6837 = LINE('',#6838,#6839);
#6838 = CARTESIAN_POINT('',(208.,55.,20.));
#6839 = VECTOR('',#6840,1.);
#6840 = DIRECTION('',(0.,1.,0.));
#6841 = ORIENTED_EDGE('',*,*,#6842,.F.);
#6842 = EDGE_CURVE('',#6817,#6835,#6843,.T.);
#6843 = LINE('',#6844,#6845);
#6844 = CARTESIAN_POINT('',(208.,55.,4.));
#6845 = VECTOR('',#6846,1.);
#6846 = DIRECTION('',(0.,0.,1.));
#6847 = FACE_BOUND('',#6848,.T.);
#6848 = EDGE_LOOP('',(#6849));
#6849 = ORIENTED_EDGE('',*,*,#6791,.F.);
#6850 = PLANE('',#6851);
#6851 = AXIS2_PLACEMENT_3D('',#6852,#6853,#6854);
#6852 = CARTESIAN_POINT('',(208.,55.,4.));
#6853 = DIRECTION('',(1.,0.,0.));
#6854 = DIRECTION('',(0.,0.,1.));
#6855 = ADVANCED_FACE('',(#6856),#6881,.T.);
#6856 = FACE_BOUND('',#6857,.T.);
#6857 = EDGE_LOOP('',(#6858,#6868,#6874,#6875));
#6858 = ORIENTED_EDGE('',*,*,#6859,.T.);
#6859 = EDGE_CURVE('',#6860,#6862,#6864,.T.);
#6860 = VERTEX_POINT('',#6861);
#6861 = CARTESIAN_POINT('',(215.5,55.,12.042765325185));
#6862 = VERTEX_POINT('',#6863);
#6863 = CARTESIAN_POINT('',(215.5,98.,12.042765325185));
#6864 = LINE('',#6865,#6866);
#6865 = CARTESIAN_POINT('',(215.5,55.,12.042765325185));
#6866 = VECTOR('',#6867,1.);
#6867 = DIRECTION('',(0.,1.,0.));
#6868 = ORIENTED_EDGE('',*,*,#6869,.T.);
#6869 = EDGE_CURVE('',#6862,#6819,#6870,.T.);
#6870 = LINE('',#6871,#6872);
#6871 = CARTESIAN_POINT('',(215.5,98.,12.042765325185));
#6872 = VECTOR('',#6873,1.);
#6873 = DIRECTION('',(-0.681998360062,0.,-0.731353701619));
#6874 = ORIENTED_EDGE('',*,*,#6816,.F.);
#6875 = ORIENTED_EDGE('',*,*,#6876,.F.);
#6876 = EDGE_CURVE('',#6860,#6817,#6877,.T.);
#6877 = LINE('',#6878,#6879);
#6878 = CARTESIAN_POINT('',(215.5,55.,12.042765325185));
#6879 = VECTOR('',#6880,1.);
#6880 = DIRECTION('',(-0.681998360062,0.,-0.731353701619));
#6881 = PLANE('',#6882);
#6882 = AXIS2_PLACEMENT_3D('',#6883,#6884,#6885);
#6883 = CARTESIAN_POINT('',(215.5,55.,12.042765325185));
#6884 = DIRECTION('',(-0.731353701619,0.,0.681998360062));
#6885 = DIRECTION('',(-0.681998360062,0.,-0.731353701619));
#6886 = ADVANCED_FACE('',(#6887),#6913,.T.);
#6887 = FACE_BOUND('',#6888,.T.);
#6888 = EDGE_LOOP('',(#6889,#6890,#6898,#6906,#6912));
#6889 = ORIENTED_EDGE('',*,*,#6842,.T.);
#6890 = ORIENTED_EDGE('',*,*,#6891,.T.);
#6891 = EDGE_CURVE('',#6835,#6892,#6894,.T.);
#6892 = VERTEX_POINT('',#6893);
#6893 = CARTESIAN_POINT('',(223.,55.,20.));
#6894 = LINE('',#6895,#6896);
#6895 = CARTESIAN_POINT('',(208.,55.,20.));
#6896 = VECTOR('',#6897,1.);
#6897 = DIRECTION('',(1.,0.,0.));
#6898 = ORIENTED_EDGE('',*,*,#6899,.T.);
#6899 = EDGE_CURVE('',#6892,#6900,#6902,.T.);
#6900 = VERTEX_POINT('',#6901);
#6901 = CARTESIAN_POINT('',(223.,55.,4.));
#6902 = LINE('',#6903,#6904);
#6903 = CARTESIAN_POINT('',(223.,55.,20.));
#6904 = VECTOR('',#6905,1.);
#6905 = DIRECTION('',(0.,0.,-1.));
#6906 = ORIENTED_EDGE('',*,*,#6907,.T.);
#6907 = EDGE_CURVE('',#6900,#6860,#6908,.T.);
#6908 = LINE('',#6909,#6910);
#6909 = CARTESIAN_POINT('',(223.,55.,4.));
#6910 = VECTOR('',#6911,1.);
#6911 = DIRECTION('',(-0.681998360062,0.,0.731353701619));
#6912 = ORIENTED_EDGE('',*,*,#6876,.T.);
#6913 = PLANE('',#6914);
#6914 = AXIS2_PLACEMENT_3D('',#6915,#6916,#6917);
#6915 = CARTESIAN_POINT('',(215.5,55.,12.470960586701));
#6916 = DIRECTION('',(0.,1.,0.));
#6917 = DIRECTION('',(0.,0.,1.));
#6918 = ADVANCED_FACE('',(#6919),#6945,.F.);
#6919 = FACE_BOUND('',#6920,.F.);
#6920 = EDGE_LOOP('',(#6921,#6922,#6930,#6938,#6944));
#6921 = ORIENTED_EDGE('',*,*,#6826,.T.);
#6922 = ORIENTED_EDGE('',*,*,#6923,.T.);
#6923 = EDGE_CURVE('',#6827,#6924,#6926,.T.);
#6924 = VERTEX_POINT('',#6925);
#6925 = CARTESIAN_POINT('',(223.,98.,20.));
#6926 = LINE('',#6927,#6928);
#6927 = CARTESIAN_POINT('',(208.,98.,20.));
#6928 = VECTOR('',#6929,1.);
#6929 = DIRECTION('',(1.,0.,0.));
#6930 = ORIENTED_EDGE('',*,*,#6931,.T.);
#6931 = EDGE_CURVE('',#6924,#6932,#6934,.T.);
#6932 = VERTEX_POINT('',#6933);
#6933 = CARTESIAN_POINT('',(223.,98.,4.));
#6934 = LINE('',#6935,#6936);
#6935 = CARTESIAN_POINT('',(223.,98.,20.));
#6936 = VECTOR('',#6937,1.);
#6937 = DIRECTION('',(0.,0.,-1.));
#6938 = ORIENTED_EDGE('',*,*,#6939,.T.);
#6939 = EDGE_CURVE('',#6932,#6862,#6940,.T.);
#6940 = LINE('',#6941,#6942);
#6941 = CARTESIAN_POINT('',(223.,98.,4.));
#6942 = VECTOR('',#6943,1.);
#6943 = DIRECTION('',(-0.681998360062,0.,0.731353701619));
#6944 = ORIENTED_EDGE('',*,*,#6869,.T.);
#6945 = PLANE('',#6946);
#6946 = AXIS2_PLACEMENT_3D('',#6947,#6948,#6949);
#6947 = CARTESIAN_POINT('',(215.5,98.,12.470960586701));
#6948 = DIRECTION('',(0.,1.,0.));
#6949 = DIRECTION('',(0.,0.,1.));
#6950 = ADVANCED_FACE('',(#6951),#6962,.T.);
#6951 = FACE_BOUND('',#6952,.T.);
#6952 = EDGE_LOOP('',(#6953,#6954,#6955,#6961));
#6953 = ORIENTED_EDGE('',*,*,#6834,.T.);
#6954 = ORIENTED_EDGE('',*,*,#6923,.T.);
#6955 = ORIENTED_EDGE('',*,*,#6956,.F.);
#6956 = EDGE_CURVE('',#6892,#6924,#6957,.T.);
#6957 = LINE('',#6958,#6959);
#6958 = CARTESIAN_POINT('',(223.,55.,20.));
#6959 = VECTOR('',#6960,1.);
#6960 = DIRECTION('',(0.,1.,0.));
#6961 = ORIENTED_EDGE('',*,*,#6891,.F.);
#6962 = PLANE('',#6963);
#6963 = AXIS2_PLACEMENT_3D('',#6964,#6965,#6966);
#6964 = CARTESIAN_POINT('',(208.,55.,20.));
#6965 = DIRECTION('',(0.,0.,-1.));
#6966 = DIRECTION('',(1.,0.,0.));
#6967 = ADVANCED_FACE('',(#6968),#6979,.T.);
#6968 = FACE_BOUND('',#6969,.T.);
#6969 = EDGE_LOOP('',(#6970,#6976,#6977,#6978));
#6970 = ORIENTED_EDGE('',*,*,#6971,.T.);
#6971 = EDGE_CURVE('',#6900,#6932,#6972,.T.);
#6972 = LINE('',#6973,#6974);
#6973 = CARTESIAN_POINT('',(223.,55.,4.));
#6974 = VECTOR('',#6975,1.);
#6975 = DIRECTION('',(0.,1.,0.));
#6976 = ORIENTED_EDGE('',*,*,#6939,.T.);
#6977 = ORIENTED_EDGE('',*,*,#6859,.F.);
#6978 = ORIENTED_EDGE('',*,*,#6907,.F.);
#6979 = PLANE('',#6980);
#6980 = AXIS2_PLACEMENT_3D('',#6981,#6982,#6983);
#6981 = CARTESIAN_POINT('',(223.,55.,4.));
#6982 = DIRECTION('',(0.731353701619,0.,0.681998360062));
#6983 = DIRECTION('',(-0.681998360062,0.,0.731353701619));
#6984 = ADVANCED_FACE('',(#6985,#6991),#7002,.T.);
#6985 = FACE_BOUND('',#6986,.T.);
#6986 = EDGE_LOOP('',(#6987,#6988,#6989,#6990));
#6987 = ORIENTED_EDGE('',*,*,#6956,.T.);
#6988 = ORIENTED_EDGE('',*,*,#6931,.T.);
#6989 = ORIENTED_EDGE('',*,*,#6971,.F.);
#6990 = ORIENTED_EDGE('',*,*,#6899,.F.);
#6991 = FACE_BOUND('',#6992,.T.);
#6992 = EDGE_LOOP('',(#6993));
#6993 = ORIENTED_EDGE('',*,*,#6994,.T.);
#6994 = EDGE_CURVE('',#6995,#6995,#6997,.T.);
#6995 = VERTEX_POINT('',#6996);
#6996 = CARTESIAN_POINT('',(223.,76.5,19.));
#6997 = CIRCLE('',#6998,2.);
#6998 = AXIS2_PLACEMENT_3D('',#6999,#7000,#7001);
#6999 = CARTESIAN_POINT('',(223.,76.5,17.));
#7000 = DIRECTION('',(1.,0.,-0.));
#7001 = DIRECTION('',(0.,0.,1.));
#7002 = PLANE('',#7003);
#7003 = AXIS2_PLACEMENT_3D('',#7004,#7005,#7006);
#7004 = CARTESIAN_POINT('',(223.,55.,20.));
#7005 = DIRECTION('',(-1.,0.,0.));
#7006 = DIRECTION('',(0.,0.,-1.));
#7007 = ADVANCED_FACE('',(#7008),#7027,.F.);
#7008 = FACE_BOUND('',#7009,.F.);
#7009 = EDGE_LOOP('',(#7010,#7019,#7025,#7026));
#7010 = ORIENTED_EDGE('',*,*,#7011,.F.);
#7011 = EDGE_CURVE('',#7012,#7012,#7014,.T.);
#7012 = VERTEX_POINT('',#7013);
#7013 = CARTESIAN_POINT('',(227.,76.5,19.));
#7014 = CIRCLE('',#7015,2.);
#7015 = AXIS2_PLACEMENT_3D('',#7016,#7017,#7018);
#7016 = CARTESIAN_POINT('',(227.,76.5,17.));
#7017 = DIRECTION('',(1.,0.,-0.));
#7018 = DIRECTION('',(0.,0.,1.));
#7019 = ORIENTED_EDGE('',*,*,#7020,.F.);
#7020 = EDGE_CURVE('',#6995,#7012,#7021,.T.);
#7021 = LINE('',#7022,#7023);
#7022 = CARTESIAN_POINT('',(222.,76.5,19.));
#7023 = VECTOR('',#7024,1.);
#7024 = DIRECTION('',(1.,0.,0.));
#7025 = ORIENTED_EDGE('',*,*,#6994,.T.);
#7026 = ORIENTED_EDGE('',*,*,#7020,.T.);
#7027 = CYLINDRICAL_SURFACE('',#7028,2.);
#7028 = AXIS2_PLACEMENT_3D('',#7029,#7030,#7031);
#7029 = CARTESIAN_POINT('',(222.,76.5,17.));
#7030 = DIRECTION('',(1.,0.,0.));
#7031 = DIRECTION('',(0.,0.,1.));
#7032 = ADVANCED_FACE('',(#7033,#7067),#7070,.T.);
#7033 = FACE_BOUND('',#7034,.T.);
#7034 = EDGE_LOOP('',(#7035,#7045,#7053,#7061));
#7035 = ORIENTED_EDGE('',*,*,#7036,.T.);
#7036 = EDGE_CURVE('',#7037,#7039,#7041,.T.);
#7037 = VERTEX_POINT('',#7038);
#7038 = CARTESIAN_POINT('',(227.,55.,4.));
#7039 = VERTEX_POINT('',#7040);
#7040 = CARTESIAN_POINT('',(227.,98.,4.));
#7041 = LINE('',#7042,#7043);
#7042 = CARTESIAN_POINT('',(227.,55.,4.));
#7043 = VECTOR('',#7044,1.);
#7044 = DIRECTION('',(0.,1.,0.));
#7045 = ORIENTED_EDGE('',*,*,#7046,.T.);
#7046 = EDGE_CURVE('',#7039,#7047,#7049,.T.);
#7047 = VERTEX_POINT('',#7048);
#7048 = CARTESIAN_POINT('',(227.,98.,20.));
#7049 = LINE('',#7050,#7051);
#7050 = CARTESIAN_POINT('',(227.,98.,4.));
#7051 = VECTOR('',#7052,1.);
#7052 = DIRECTION('',(0.,0.,1.));
#7053 = ORIENTED_EDGE('',*,*,#7054,.F.);
#7054 = EDGE_CURVE('',#7055,#7047,#7057,.T.);
#7055 = VERTEX_POINT('',#7056);
#7056 = CARTESIAN_POINT('',(227.,55.,20.));
#7057 = LINE('',#7058,#7059);
#7058 = CARTESIAN_POINT('',(227.,55.,20.));
#7059 = VECTOR('',#7060,1.);
#7060 = DIRECTION('',(0.,1.,0.));
#7061 = ORIENTED_EDGE('',*,*,#7062,.F.);
#7062 = EDGE_CURVE('',#7037,#7055,#7063,.T.);
#7063 = LINE('',#7064,#7065);
#7064 = CARTESIAN_POINT('',(227.,55.,4.));
#7065 = VECTOR('',#7066,1.);
#7066 = DIRECTION('',(0.,0.,1.));
#7067 = FACE_BOUND('',#7068,.T.);
#7068 = EDGE_LOOP('',(#7069));
#7069 = ORIENTED_EDGE('',*,*,#7011,.F.);
#7070 = PLANE('',#7071);
#7071 = AXIS2_PLACEMENT_3D('',#7072,#7073,#7074);
#7072 = CARTESIAN_POINT('',(227.,55.,4.));
#7073 = DIRECTION('',(1.,0.,0.));
#7074 = DIRECTION('',(0.,0.,1.));
#7075 = ADVANCED_FACE('',(#7076),#7101,.T.);
#7076 = FACE_BOUND('',#7077,.T.);
#7077 = EDGE_LOOP('',(#7078,#7088,#7094,#7095));
#7078 = ORIENTED_EDGE('',*,*,#7079,.T.);
#7079 = EDGE_CURVE('',#7080,#7082,#7084,.T.);
#7080 = VERTEX_POINT('',#7081);
#7081 = CARTESIAN_POINT('',(234.5,55.,12.042765325185));
#7082 = VERTEX_POINT('',#7083);
#7083 = CARTESIAN_POINT('',(234.5,98.,12.042765325185));
#7084 = LINE('',#7085,#7086);
#7085 = CARTESIAN_POINT('',(234.5,55.,12.042765325185));
#7086 = VECTOR('',#7087,1.);
#7087 = DIRECTION('',(0.,1.,0.));
#7088 = ORIENTED_EDGE('',*,*,#7089,.T.);
#7089 = EDGE_CURVE('',#7082,#7039,#7090,.T.);
#7090 = LINE('',#7091,#7092);
#7091 = CARTESIAN_POINT('',(234.5,98.,12.042765325185));
#7092 = VECTOR('',#7093,1.);
#7093 = DIRECTION('',(-0.681998360062,0.,-0.731353701619));
#7094 = ORIENTED_EDGE('',*,*,#7036,.F.);
#7095 = ORIENTED_EDGE('',*,*,#7096,.F.);
#7096 = EDGE_CURVE('',#7080,#7037,#7097,.T.);
#7097 = LINE('',#7098,#7099);
#7098 = CARTESIAN_POINT('',(234.5,55.,12.042765325185));
#7099 = VECTOR('',#7100,1.);
#7100 = DIRECTION('',(-0.681998360062,0.,-0.731353701619));
#7101 = PLANE('',#7102);
#7102 = AXIS2_PLACEMENT_3D('',#7103,#7104,#7105);
#7103 = CARTESIAN_POINT('',(234.5,55.,12.042765325185));
#7104 = DIRECTION('',(-0.731353701619,0.,0.681998360062));
#7105 = DIRECTION('',(-0.681998360062,0.,-0.731353701619));
#7106 = ADVANCED_FACE('',(#7107),#7133,.T.);
#7107 = FACE_BOUND('',#7108,.T.);
#7108 = EDGE_LOOP('',(#7109,#7110,#7118,#7126,#7132));
#7109 = ORIENTED_EDGE('',*,*,#7062,.T.);
#7110 = ORIENTED_EDGE('',*,*,#7111,.T.);
#7111 = EDGE_CURVE('',#7055,#7112,#7114,.T.);
#7112 = VERTEX_POINT('',#7113);
#7113 = CARTESIAN_POINT('',(242.,55.,14.638156449877));
#7114 = LINE('',#7115,#7116);
#7115 = CARTESIAN_POINT('',(227.,55.,20.));
#7116 = VECTOR('',#7117,1.);
#7117 = DIRECTION('',(0.941648406752,0.,-0.336598095748));
#7118 = ORIENTED_EDGE('',*,*,#7119,.T.);
#7119 = EDGE_CURVE('',#7112,#7120,#7122,.T.);
#7120 = VERTEX_POINT('',#7121);
#7121 = CARTESIAN_POINT('',(242.,55.,4.));
#7122 = LINE('',#7123,#7124);
#7123 = CARTESIAN_POINT('',(242.,55.,14.638156449877));
#7124 = VECTOR('',#7125,1.);
#7125 = DIRECTION('',(0.,0.,-1.));
#7126 = ORIENTED_EDGE('',*,*,#7127,.T.);
#7127 = EDGE_CURVE('',#7120,#7080,#7128,.T.);
#7128 = LINE('',#7129,#7130);
#7129 = CARTESIAN_POINT('',(242.,55.,4.));
#7130 = VECTOR('',#7131,1.);
#7131 = DIRECTION('',(-0.681998360062,0.,0.731353701619));
#7132 = ORIENTED_EDGE('',*,*,#7096,.T.);
#7133 = PLANE('',#7134);
#7134 = AXIS2_PLACEMENT_3D('',#7135,#7136,#7137);
#7135 = CARTESIAN_POINT('',(233.87712716604,55.,11.515252487586));
#7136 = DIRECTION('',(0.,1.,0.));
#7137 = DIRECTION('',(0.,0.,1.));
#7138 = ADVANCED_FACE('',(#7139),#7165,.F.);
#7139 = FACE_BOUND('',#7140,.F.);
#7140 = EDGE_LOOP('',(#7141,#7142,#7150,#7158,#7164));
#7141 = ORIENTED_EDGE('',*,*,#7046,.T.);
#7142 = ORIENTED_EDGE('',*,*,#7143,.T.);
#7143 = EDGE_CURVE('',#7047,#7144,#7146,.T.);
#7144 = VERTEX_POINT('',#7145);
#7145 = CARTESIAN_POINT('',(242.,98.,14.638156449877));
#7146 = LINE('',#7147,#7148);
#7147 = CARTESIAN_POINT('',(227.,98.,20.));
#7148 = VECTOR('',#7149,1.);
#7149 = DIRECTION('',(0.941648406752,0.,-0.336598095748));
#7150 = ORIENTED_EDGE('',*,*,#7151,.T.);
#7151 = EDGE_CURVE('',#7144,#7152,#7154,.T.);
#7152 = VERTEX_POINT('',#7153);
#7153 = CARTESIAN_POINT('',(242.,98.,4.));
#7154 = LINE('',#7155,#7156);
#7155 = CARTESIAN_POINT('',(242.,98.,14.638156449877));
#7156 = VECTOR('',#7157,1.);
#7157 = DIRECTION('',(0.,0.,-1.));
#7158 = ORIENTED_EDGE('',*,*,#7159,.T.);
#7159 = EDGE_CURVE('',#7152,#7082,#7160,.T.);
#7160 = LINE('',#7161,#7162);
#7161 = CARTESIAN_POINT('',(242.,98.,4.));
#7162 = VECTOR('',#7163,1.);
#7163 = DIRECTION('',(-0.681998360062,0.,0.731353701619));
#7164 = ORIENTED_EDGE('',*,*,#7089,.T.);
#7165 = PLANE('',#7166);
#7166 = AXIS2_PLACEMENT_3D('',#7167,#7168,#7169);
#7167 = CARTESIAN_POINT('',(233.87712716604,98.,11.515252487586));
#7168 = DIRECTION('',(0.,1.,0.));
#7169 = DIRECTION('',(0.,0.,1.));
#7170 = ADVANCED_FACE('',(#7171),#7182,.T.);
#7171 = FACE_BOUND('',#7172,.T.);
#7172 = EDGE_LOOP('',(#7173,#7174,#7175,#7181));
#7173 = ORIENTED_EDGE('',*,*,#7054,.T.);
#7174 = ORIENTED_EDGE('',*,*,#7143,.T.);
#7175 = ORIENTED_EDGE('',*,*,#7176,.F.);
#7176 = EDGE_CURVE('',#7112,#7144,#7177,.T.);
#7177 = LINE('',#7178,#7179);
#7178 = CARTESIAN_POINT('',(242.,55.,14.638156449877));
#7179 = VECTOR('',#7180,1.);
#7180 = DIRECTION('',(0.,1.,0.));
#7181 = ORIENTED_EDGE('',*,*,#7111,.F.);
#7182 = PLANE('',#7183);
#7183 = AXIS2_PLACEMENT_3D('',#7184,#7185,#7186);
#7184 = CARTESIAN_POINT('',(227.,55.,20.));
#7185 = DIRECTION('',(-0.336598095748,0.,-0.941648406752));
#7186 = DIRECTION('',(0.941648406752,0.,-0.336598095748));
#7187 = ADVANCED_FACE('',(#7188),#7199,.T.);
#7188 = FACE_BOUND('',#7189,.T.);
#7189 = EDGE_LOOP('',(#7190,#7196,#7197,#7198));
#7190 = ORIENTED_EDGE('',*,*,#7191,.T.);
#7191 = EDGE_CURVE('',#7120,#7152,#7192,.T.);
#7192 = LINE('',#7193,#7194);
#7193 = CARTESIAN_POINT('',(242.,55.,4.));
#7194 = VECTOR('',#7195,1.);
#7195 = DIRECTION('',(0.,1.,0.));
#7196 = ORIENTED_EDGE('',*,*,#7159,.T.);
#7197 = ORIENTED_EDGE('',*,*,#7079,.F.);
#7198 = ORIENTED_EDGE('',*,*,#7127,.F.);
#7199 = PLANE('',#7200);
#7200 = AXIS2_PLACEMENT_3D('',#7201,#7202,#7203);
#7201 = CARTESIAN_POINT('',(242.,55.,4.));
#7202 = DIRECTION('',(0.731353701619,0.,0.681998360062));
#7203 = DIRECTION('',(-0.681998360062,0.,0.731353701619));
#7204 = ADVANCED_FACE('',(#7205),#7211,.T.);
#7205 = FACE_BOUND('',#7206,.T.);
#7206 = EDGE_LOOP('',(#7207,#7208,#7209,#7210));
#7207 = ORIENTED_EDGE('',*,*,#7176,.T.);
#7208 = ORIENTED_EDGE('',*,*,#7151,.T.);
#7209 = ORIENTED_EDGE('',*,*,#7191,.F.);
#7210 = ORIENTED_EDGE('',*,*,#7119,.F.);
#7211 = PLANE('',#7212);
#7212 = AXIS2_PLACEMENT_3D('',#7213,#7214,#7215);
#7213 = CARTESIAN_POINT('',(242.,55.,14.638156449877));
#7214 = DIRECTION('',(-1.,0.,0.));
#7215 = DIRECTION('',(0.,0.,-1.));
#7216 = ADVANCED_FACE('',(#7217,#7223),#7234,.T.);
#7217 = FACE_BOUND('',#7218,.T.);
#7218 = EDGE_LOOP('',(#7219,#7220,#7221,#7222));
#7219 = ORIENTED_EDGE('',*,*,#5493,.F.);
#7220 = ORIENTED_EDGE('',*,*,#1508,.T.);
#7221 = ORIENTED_EDGE('',*,*,#4072,.T.);
#7222 = ORIENTED_EDGE('',*,*,#1209,.F.);
#7223 = FACE_BOUND('',#7224,.T.);
#7224 = EDGE_LOOP('',(#7225));
#7225 = ORIENTED_EDGE('',*,*,#7226,.T.);
#7226 = EDGE_CURVE('',#7227,#7227,#7229,.T.);
#7227 = VERTEX_POINT('',#7228);
#7228 = CARTESIAN_POINT('',(195.,140.,-11.));
#7229 = CIRCLE('',#7230,2.);
#7230 = AXIS2_PLACEMENT_3D('',#7231,#7232,#7233);
#7231 = CARTESIAN_POINT('',(195.,140.,-13.));
#7232 = DIRECTION('',(1.,-2.22044604925E-16,0.));
#7233 = DIRECTION('',(0.,0.,1.));
#7234 = PLANE('',#7235);
#7235 = AXIS2_PLACEMENT_3D('',#7236,#7237,#7238);
#7236 = CARTESIAN_POINT('',(195.,83.625,-10.));
#7237 = DIRECTION('',(-1.,-0.,-0.));
#7238 = DIRECTION('',(0.,0.,-1.));
#7239 = ADVANCED_FACE('',(#7240),#7259,.F.);
#7240 = FACE_BOUND('',#7241,.F.);
#7241 = EDGE_LOOP('',(#7242,#7251,#7257,#7258));
#7242 = ORIENTED_EDGE('',*,*,#7243,.F.);
#7243 = EDGE_CURVE('',#7244,#7244,#7246,.T.);
#7244 = VERTEX_POINT('',#7245);
#7245 = CARTESIAN_POINT('',(199.,140.,-11.));
#7246 = CIRCLE('',#7247,2.);
#7247 = AXIS2_PLACEMENT_3D('',#7248,#7249,#7250);
#7248 = CARTESIAN_POINT('',(199.,140.,-13.));
#7249 = DIRECTION('',(1.,-2.22044604925E-16,0.));
#7250 = DIRECTION('',(0.,0.,1.));
#7251 = ORIENTED_EDGE('',*,*,#7252,.F.);
#7252 = EDGE_CURVE('',#7227,#7244,#7253,.T.);
#7253 = LINE('',#7254,#7255);
#7254 = CARTESIAN_POINT('',(193.,140.,-11.));
#7255 = VECTOR('',#7256,1.);
#7256 = DIRECTION('',(1.,-2.22044604925E-16,0.));
#7257 = ORIENTED_EDGE('',*,*,#7226,.T.);
#7258 = ORIENTED_EDGE('',*,*,#7252,.T.);
#7259 = CYLINDRICAL_SURFACE('',#7260,2.);
#7260 = AXIS2_PLACEMENT_3D('',#7261,#7262,#7263);
#7261 = CARTESIAN_POINT('',(193.,140.,-13.));
#7262 = DIRECTION('',(1.,-2.22044604925E-16,0.));
#7263 = DIRECTION('',(0.,0.,1.));
#7264 = ADVANCED_FACE('',(#7265),#7271,.F.);
#7265 = FACE_BOUND('',#7266,.T.);
#7266 = EDGE_LOOP('',(#7267,#7268,#7269,#7270));
#7267 = ORIENTED_EDGE('',*,*,#4079,.F.);
#7268 = ORIENTED_EDGE('',*,*,#1524,.F.);
#7269 = ORIENTED_EDGE('',*,*,#4128,.T.);
#7270 = ORIENTED_EDGE('',*,*,#1249,.T.);
#7271 = PLANE('',#7272);
#7272 = AXIS2_PLACEMENT_3D('',#7273,#7274,#7275);
#7273 = CARTESIAN_POINT('',(196.5,-192.,2.));
#7274 = DIRECTION('',(0.707106781187,-5.874127047667E-19,-0.707106781187
    ));
#7275 = DIRECTION('',(-4.153635068956E-19,-1.,4.153635068956E-19));
#7276 = ADVANCED_FACE('',(#7277),#7283,.F.);
#7277 = FACE_BOUND('',#7278,.T.);
#7278 = EDGE_LOOP('',(#7279,#7280,#7281,#7282));
#7279 = ORIENTED_EDGE('',*,*,#4100,.T.);
#7280 = ORIENTED_EDGE('',*,*,#1357,.F.);
#7281 = ORIENTED_EDGE('',*,*,#4159,.F.);
#7282 = ORIENTED_EDGE('',*,*,#1579,.T.);
#7283 = PLANE('',#7284);
#7284 = AXIS2_PLACEMENT_3D('',#7285,#7286,#7287);
#7285 = CARTESIAN_POINT('',(223.,-223.,-1.));
#7286 = DIRECTION('',(1.,0.,-0.));
#7287 = DIRECTION('',(0.,0.,1.));
#7288 = ADVANCED_FACE('',(#7289),#7295,.T.);
#7289 = FACE_BOUND('',#7290,.T.);
#7290 = EDGE_LOOP('',(#7291,#7292,#7293,#7294));
#7291 = ORIENTED_EDGE('',*,*,#4107,.F.);
#7292 = ORIENTED_EDGE('',*,*,#1595,.F.);
#7293 = ORIENTED_EDGE('',*,*,#4895,.T.);
#7294 = ORIENTED_EDGE('',*,*,#1390,.T.);
#7295 = PLANE('',#7296);
#7296 = AXIS2_PLACEMENT_3D('',#7297,#7298,#7299);
#7297 = CARTESIAN_POINT('',(215.,-215.,-2.));
#7298 = DIRECTION('',(1.,0.,-0.));
#7299 = DIRECTION('',(0.,0.,1.));
#7300 = ADVANCED_FACE('',(#7301,#7307),#7310,.T.);
#7301 = FACE_BOUND('',#7302,.T.);
#7302 = EDGE_LOOP('',(#7303,#7304,#7305,#7306));
#7303 = ORIENTED_EDGE('',*,*,#4904,.F.);
#7304 = ORIENTED_EDGE('',*,*,#1661,.F.);
#7305 = ORIENTED_EDGE('',*,*,#5486,.T.);
#7306 = ORIENTED_EDGE('',*,*,#1423,.T.);
#7307 = FACE_BOUND('',#7308,.T.);
#7308 = EDGE_LOOP('',(#7309));
#7309 = ORIENTED_EDGE('',*,*,#7243,.F.);
#7310 = PLANE('',#7311);
#7311 = AXIS2_PLACEMENT_3D('',#7312,#7313,#7314);
#7312 = CARTESIAN_POINT('',(199.,-199.,-22.));
#7313 = DIRECTION('',(1.,0.,-0.));
#7314 = DIRECTION('',(0.,0.,1.));
#7315 = ADVANCED_FACE('',(#7316),#7324,.T.);
#7316 = FACE_BOUND('',#7317,.T.);
#7317 = EDGE_LOOP('',(#7318,#7319,#7320,#7321,#7322,#7323));
#7318 = ORIENTED_EDGE('',*,*,#405,.F.);
#7319 = ORIENTED_EDGE('',*,*,#927,.T.);
#7320 = ORIENTED_EDGE('',*,*,#936,.T.);
#7321 = ORIENTED_EDGE('',*,*,#421,.T.);
#7322 = ORIENTED_EDGE('',*,*,#912,.T.);
#7323 = ORIENTED_EDGE('',*,*,#903,.T.);
#7324 = CYLINDRICAL_SURFACE('',#7325,4.);
#7325 = AXIS2_PLACEMENT_3D('',#7326,#7327,#7328);
#7326 = CARTESIAN_POINT('',(26.785714285714,207.5,-3.));
#7327 = DIRECTION('',(0.,0.,1.));
#7328 = DIRECTION('',(1.,0.,-0.));
#7329 = ADVANCED_FACE('',(#7330),#7358,.T.);
#7330 = FACE_BOUND('',#7331,.T.);
#7331 = EDGE_LOOP('',(#7332,#7333,#7334,#7341,#7350,#7357));
#7332 = ORIENTED_EDGE('',*,*,#4326,.T.);
#7333 = ORIENTED_EDGE('',*,*,#4309,.T.);
#7334 = ORIENTED_EDGE('',*,*,#7335,.F.);
#7335 = EDGE_CURVE('',#7336,#4302,#7338,.T.);
#7336 = VERTEX_POINT('',#7337);
#7337 = CARTESIAN_POINT('',(239.,-9.797174393179E-16,-3.));
#7338 = B_SPLINE_CURVE_WITH_KNOTS('',1,(#7339,#7340),.UNSPECIFIED.,.F.,
  .F.,(2,2),(0.,1.5),.PIECEWISE_BEZIER_KNOTS.);
#7339 = CARTESIAN_POINT('',(239.,-9.797174393179E-16,-3.));
#7340 = CARTESIAN_POINT('',(239.,-9.797174393179E-16,-1.5));
#7341 = ORIENTED_EDGE('',*,*,#7342,.T.);
#7342 = EDGE_CURVE('',#7336,#7343,#7345,.T.);
#7343 = VERTEX_POINT('',#7344);
#7344 = CARTESIAN_POINT('',(231.,4.898587196589E-16,-3.));
#7345 = CIRCLE('',#7346,4.);
#7346 = AXIS2_PLACEMENT_3D('',#7347,#7348,#7349);
#7347 = CARTESIAN_POINT('',(235.,0.,-3.));
#7348 = DIRECTION('',(0.,0.,1.));
#7349 = DIRECTION('',(1.,0.,-0.));
#7350 = ORIENTED_EDGE('',*,*,#7351,.T.);
#7351 = EDGE_CURVE('',#7343,#7336,#7352,.T.);
#7352 = CIRCLE('',#7353,4.);
#7353 = AXIS2_PLACEMENT_3D('',#7354,#7355,#7356);
#7354 = CARTESIAN_POINT('',(235.,0.,-3.));
#7355 = DIRECTION('',(0.,0.,1.));
#7356 = DIRECTION('',(1.,0.,-0.));
#7357 = ORIENTED_EDGE('',*,*,#7335,.T.);
#7358 = CYLINDRICAL_SURFACE('',#7359,4.);
#7359 = AXIS2_PLACEMENT_3D('',#7360,#7361,#7362);
#7360 = CARTESIAN_POINT('',(235.,0.,-3.));
#7361 = DIRECTION('',(0.,0.,1.));
#7362 = DIRECTION('',(1.,0.,-0.));
#7363 = ADVANCED_FACE('',(#7364),#7368,.F.);
#7364 = FACE_BOUND('',#7365,.T.);
#7365 = EDGE_LOOP('',(#7366,#7367));
#7366 = ORIENTED_EDGE('',*,*,#7342,.F.);
#7367 = ORIENTED_EDGE('',*,*,#7351,.F.);
#7368 = PLANE('',#7369);
#7369 = AXIS2_PLACEMENT_3D('',#7370,#7371,#7372);
#7370 = CARTESIAN_POINT('',(235.,0.,-3.));
#7371 = DIRECTION('',(0.,0.,1.));
#7372 = DIRECTION('',(1.,0.,-0.));
#7373 = ( GEOMETRIC_REPRESENTATION_CONTEXT(3)
GLOBAL_UNCERTAINTY_ASSIGNED_CONTEXT((#7377))
GLOBAL_UNIT_ASSIGNED_CONTEXT((#7374,#7375,#7376)) REPRESENTATION_CONTEXT
('Context #1','3D Context with UNIT and UNCERTAINTY') );
#7374 = ( LENGTH_UNIT() NAMED_UNIT(*) SI_UNIT(.MILLI.,.METRE.) );
#7375 = ( NAMED_UNIT(*) PLANE_ANGLE_UNIT() SI_UNIT($,.RADIAN.) );
#7376 = ( NAMED_UNIT(*) SI_UNIT($,.STERADIAN.) SOLID_ANGLE_UNIT() );
#7377 = UNCERTAINTY_MEASURE_WITH_UNIT(LENGTH_MEASURE(2.E-07),#7374,
  'distance_accuracy_value','confusion accuracy');
#7378 = PRODUCT_RELATED_PRODUCT_CATEGORY('part',$,(#7));
ENDSEC;
END-ISO-10303-21;
