ISO-10303-21;
HEADER;
FILE_DESCRIPTION(('FreeCAD Model'),'2;1');
FILE_NAME('Open CASCADE Shape Model','1970-01-01T00:00:00',('FreeCAD'),(
    'FreeCAD'),'Open CASCADE STEP processor 7.8','FreeCAD','Unknown');
FILE_SCHEMA(('AUTOMOTIVE_DESIGN { 1 0 10303 214 1 1 1 1 }'));
ENDSEC;
DATA;
#1 = APPLICATION_PROTOCOL_DEFINITION('international standard',
  'automotive_design',2000,#2);
#2 = APPLICATION_CONTEXT(
  'core data for automotive mechanical design processes');
#3 = SHAPE_DEFINITION_REPRESENTATION(#4,#10);
#4 = PRODUCT_DEFINITION_SHAPE('','',#5);
#5 = PRODUCT_DEFINITION('design','',#6,#9);
#6 = PRODUCT_DEFINITION_FORMATION('','',#7);
#7 = PRODUCT('Open CASCADE STEP translator 7.8 2',
  'Open CASCADE STEP translator 7.8 2','',(#8));
#8 = PRODUCT_CONTEXT('',#2,'mechanical');
#9 = PRODUCT_DEFINITION_CONTEXT('part definition',#2,'design');
#10 = ADVANCED_BREP_SHAPE_REPRESENTATION('',(#11,#15),#10074);
#11 = AXIS2_PLACEMENT_3D('',#12,#13,#14);
#12 = CARTESIAN_POINT('',(0.,0.,0.));
#13 = DIRECTION('',(0.,0.,1.));
#14 = DIRECTION('',(1.,0.,-0.));
#15 = MANIFOLD_SOLID_BREP('',#16);
#16 = CLOSED_SHELL('',(#17,#57,#88,#119,#150,#181,#203,#228,#268,#299,
    #330,#361,#392,#414,#439,#464,#525,#557,#599,#615,#676,#691,#723,
    #765,#781,#842,#857,#889,#950,#965,#1021,#1072,#1096,#1128,#1174,
    #1311,#1335,#1360,#1391,#1456,#1515,#1540,#1565,#1596,#1627,#1658,
    #1745,#1762,#1806,#1841,#1858,#2042,#2074,#2198,#2223,#2248,#2273,
    #2298,#2323,#2335,#2347,#2380,#2413,#2446,#2479,#2506,#2522,#2555,
    #2571,#2604,#2620,#2660,#2685,#2721,#2756,#2767,#2779,#2815,#2850,
    #2861,#2873,#2909,#2944,#2955,#2967,#3020,#3164,#3236,#3279,#3322,
    #3445,#3487,#3503,#3545,#3561,#3585,#3610,#3645,#3661,#3678,#3695,
    #3740,#3771,#3803,#3835,#3852,#3883,#3915,#3947,#3964,#4003,#4027,
    #4051,#4099,#4138,#4162,#4186,#4210,#4258,#4297,#4321,#4345,#4377,
    #4410,#4442,#4474,#4506,#4524,#4541,#4564,#4581,#4604,#4642,#4660,
    #4678,#4748,#4773,#4798,#4823,#4895,#4938,#4981,#5024,#5069,#5100,
    #5132,#5164,#5181,#5212,#5244,#5276,#5293,#5324,#5356,#5388,#5405,
    #5437,#5469,#5501,#5519,#5536,#5559,#5576,#5599,#5616,#5639,#5657,
    #5720,#5745,#5770,#5795,#5860,#5903,#5946,#5989,#6034,#6065,#6097,
    #6129,#6146,#6177,#6209,#6241,#6258,#6289,#6321,#6353,#6370,#6402,
    #6434,#6466,#6484,#6501,#6513,#6530,#6542,#6559,#6571,#6589,#6601,
    #6620,#6646,#6672,#6698,#6848,#6880,#6898,#6932,#6958,#6967,#7001,
    #7027,#7036,#7070,#7096,#7105,#7139,#7165,#7174,#7208,#7234,#7243,
    #7277,#7303,#7312,#7346,#7372,#7381,#7415,#7441,#7450,#7472,#7498,
    #7510,#7557,#7582,#7705,#7744,#7768,#7792,#7840,#7879,#7903,#7927,
    #7951,#7999,#8038,#8062,#8086,#8118,#8151,#8189,#8207,#8232,#8275,
    #8306,#8338,#8370,#8387,#8404,#8427,#8452,#8495,#8526,#8558,#8590,
    #8607,#8624,#8636,#8661,#8704,#8735,#8767,#8799,#8816,#8833,#8856,
    #8881,#8924,#8955,#8987,#9019,#9036,#9053,#9076,#9101,#9144,#9175,
    #9207,#9239,#9256,#9273,#9285,#9310,#9353,#9384,#9416,#9448,#9465,
    #9482,#9505,#9530,#9573,#9604,#9636,#9668,#9685,#9702,#9725,#9750,
    #9793,#9824,#9856,#9888,#9905,#9922,#9934,#9946,#9958,#9970,#9991,
    #10030,#10064));
#17 = ADVANCED_FACE('',(#18),#52,.T.);
#18 = FACE_BOUND('',#19,.T.);
#19 = EDGE_LOOP('',(#20,#30,#38,#46));
#20 = ORIENTED_EDGE('',*,*,#21,.T.);
#21 = EDGE_CURVE('',#22,#24,#26,.T.);
#22 = VERTEX_POINT('',#23);
#23 = CARTESIAN_POINT('',(254.,-10.19059892324,0.));
#24 = VERTEX_POINT('',#25);
#25 = CARTESIAN_POINT('',(258.,-7.881197846483,0.));
#26 = LINE('',#27,#28);
#27 = CARTESIAN_POINT('',(3.249614631377,-154.9614014152,0.));
#28 = VECTOR('',#29,1.);
#29 = DIRECTION('',(0.866025403784,0.5,-0.));
#30 = ORIENTED_EDGE('',*,*,#31,.T.);
#31 = EDGE_CURVE('',#24,#32,#34,.T.);
#32 = VERTEX_POINT('',#33);
#33 = CARTESIAN_POINT('',(258.,-7.881197846483,4.));
#34 = LINE('',#35,#36);
#35 = CARTESIAN_POINT('',(258.,-7.881197846483,-1.));
#36 = VECTOR('',#37,1.);
#37 = DIRECTION('',(0.,0.,1.));
#38 = ORIENTED_EDGE('',*,*,#39,.T.);
#39 = EDGE_CURVE('',#32,#40,#42,.T.);
#40 = VERTEX_POINT('',#41);
#41 = CARTESIAN_POINT('',(254.,-10.19059892324,4.));
#42 = LINE('',#43,#44);
#43 = CARTESIAN_POINT('',(258.,-7.881197846483,4.));
#44 = VECTOR('',#45,1.);
#45 = DIRECTION('',(-0.866025403784,-0.5,0.));
#46 = ORIENTED_EDGE('',*,*,#47,.F.);
#47 = EDGE_CURVE('',#22,#40,#48,.T.);
#48 = LINE('',#49,#50);
#49 = CARTESIAN_POINT('',(254.,-10.19059892324,-1.));
#50 = VECTOR('',#51,1.);
#51 = DIRECTION('',(0.,0.,1.));
#52 = PLANE('',#53);
#53 = AXIS2_PLACEMENT_3D('',#54,#55,#56);
#54 = CARTESIAN_POINT('',(258.,-7.881197846483,-1.));
#55 = DIRECTION('',(0.5,-0.866025403784,0.));
#56 = DIRECTION('',(-0.866025403784,-0.5,0.));
#57 = ADVANCED_FACE('',(#58),#83,.T.);
#58 = FACE_BOUND('',#59,.T.);
#59 = EDGE_LOOP('',(#60,#68,#69,#77));
#60 = ORIENTED_EDGE('',*,*,#61,.T.);
#61 = EDGE_CURVE('',#62,#22,#64,.T.);
#62 = VERTEX_POINT('',#63);
#63 = CARTESIAN_POINT('',(254.,-14.80940107675,0.));
#64 = LINE('',#65,#66);
#65 = CARTESIAN_POINT('',(254.,-140.0952994616,0.));
#66 = VECTOR('',#67,1.);
#67 = DIRECTION('',(0.,1.,0.));
#68 = ORIENTED_EDGE('',*,*,#47,.T.);
#69 = ORIENTED_EDGE('',*,*,#70,.T.);
#70 = EDGE_CURVE('',#40,#71,#73,.T.);
#71 = VERTEX_POINT('',#72);
#72 = CARTESIAN_POINT('',(254.,-14.80940107675,4.));
#73 = LINE('',#74,#75);
#74 = CARTESIAN_POINT('',(254.,-10.19059892324,4.));
#75 = VECTOR('',#76,1.);
#76 = DIRECTION('',(0.,-1.,0.));
#77 = ORIENTED_EDGE('',*,*,#78,.F.);
#78 = EDGE_CURVE('',#62,#71,#79,.T.);
#79 = LINE('',#80,#81);
#80 = CARTESIAN_POINT('',(254.,-14.80940107675,-1.));
#81 = VECTOR('',#82,1.);
#82 = DIRECTION('',(0.,0.,1.));
#83 = PLANE('',#84);
#84 = AXIS2_PLACEMENT_3D('',#85,#86,#87);
#85 = CARTESIAN_POINT('',(254.,-10.19059892324,-1.));
#86 = DIRECTION('',(1.,0.,0.));
#87 = DIRECTION('',(0.,-1.,0.));
#88 = ADVANCED_FACE('',(#89),#114,.T.);
#89 = FACE_BOUND('',#90,.T.);
#90 = EDGE_LOOP('',(#91,#99,#107,#113));
#91 = ORIENTED_EDGE('',*,*,#92,.T.);
#92 = EDGE_CURVE('',#24,#93,#95,.T.);
#93 = VERTEX_POINT('',#94);
#94 = CARTESIAN_POINT('',(262.,-10.19059892324,0.));
#95 = LINE('',#96,#97);
#96 = CARTESIAN_POINT('',(118.75038536862,72.514604645494,0.));
#97 = VECTOR('',#98,1.);
#98 = DIRECTION('',(0.866025403784,-0.5,0.));
#99 = ORIENTED_EDGE('',*,*,#100,.T.);
#100 = EDGE_CURVE('',#93,#101,#103,.T.);
#101 = VERTEX_POINT('',#102);
#102 = CARTESIAN_POINT('',(262.,-10.19059892324,4.));
#103 = LINE('',#104,#105);
#104 = CARTESIAN_POINT('',(262.,-10.19059892324,-1.));
#105 = VECTOR('',#106,1.);
#106 = DIRECTION('',(0.,0.,1.));
#107 = ORIENTED_EDGE('',*,*,#108,.T.);
#108 = EDGE_CURVE('',#101,#32,#109,.T.);
#109 = LINE('',#110,#111);
#110 = CARTESIAN_POINT('',(262.,-10.19059892324,4.));
#111 = VECTOR('',#112,1.);
#112 = DIRECTION('',(-0.866025403784,0.5,0.));
#113 = ORIENTED_EDGE('',*,*,#31,.F.);
#114 = PLANE('',#115);
#115 = AXIS2_PLACEMENT_3D('',#116,#117,#118);
#116 = CARTESIAN_POINT('',(262.,-10.19059892324,-1.));
#117 = DIRECTION('',(-0.5,-0.866025403784,0.));
#118 = DIRECTION('',(-0.866025403784,0.5,0.));
#119 = ADVANCED_FACE('',(#120),#145,.T.);
#120 = FACE_BOUND('',#121,.T.);
#121 = EDGE_LOOP('',(#122,#130,#131,#139));
#122 = ORIENTED_EDGE('',*,*,#123,.T.);
#123 = EDGE_CURVE('',#124,#62,#126,.T.);
#124 = VERTEX_POINT('',#125);
#125 = CARTESIAN_POINT('',(258.,-17.11880215351,0.));
#126 = LINE('',#127,#128);
#127 = CARTESIAN_POINT('',(112.75038536862,66.741101953598,0.));
#128 = VECTOR('',#129,1.);
#129 = DIRECTION('',(-0.866025403784,0.5,0.));
#130 = ORIENTED_EDGE('',*,*,#78,.T.);
#131 = ORIENTED_EDGE('',*,*,#132,.T.);
#132 = EDGE_CURVE('',#71,#133,#135,.T.);
#133 = VERTEX_POINT('',#134);
#134 = CARTESIAN_POINT('',(258.,-17.11880215351,4.));
#135 = LINE('',#136,#137);
#136 = CARTESIAN_POINT('',(254.,-14.80940107675,4.));
#137 = VECTOR('',#138,1.);
#138 = DIRECTION('',(0.866025403784,-0.5,0.));
#139 = ORIENTED_EDGE('',*,*,#140,.F.);
#140 = EDGE_CURVE('',#124,#133,#141,.T.);
#141 = LINE('',#142,#143);
#142 = CARTESIAN_POINT('',(258.,-17.11880215351,-1.));
#143 = VECTOR('',#144,1.);
#144 = DIRECTION('',(0.,0.,1.));
#145 = PLANE('',#146);
#146 = AXIS2_PLACEMENT_3D('',#147,#148,#149);
#147 = CARTESIAN_POINT('',(254.,-14.80940107675,-1.));
#148 = DIRECTION('',(0.5,0.866025403784,0.));
#149 = DIRECTION('',(0.866025403784,-0.5,0.));
#150 = ADVANCED_FACE('',(#151),#176,.T.);
#151 = FACE_BOUND('',#152,.T.);
#152 = EDGE_LOOP('',(#153,#161,#169,#175));
#153 = ORIENTED_EDGE('',*,*,#154,.T.);
#154 = EDGE_CURVE('',#93,#155,#157,.T.);
#155 = VERTEX_POINT('',#156);
#156 = CARTESIAN_POINT('',(262.,-14.80940107675,0.));
#157 = LINE('',#158,#159);
#158 = CARTESIAN_POINT('',(262.,-142.4047005383,0.));
#159 = VECTOR('',#160,1.);
#160 = DIRECTION('',(0.,-1.,0.));
#161 = ORIENTED_EDGE('',*,*,#162,.T.);
#162 = EDGE_CURVE('',#155,#163,#165,.T.);
#163 = VERTEX_POINT('',#164);
#164 = CARTESIAN_POINT('',(262.,-14.80940107675,4.));
#165 = LINE('',#166,#167);
#166 = CARTESIAN_POINT('',(262.,-14.80940107675,-1.));
#167 = VECTOR('',#168,1.);
#168 = DIRECTION('',(0.,0.,1.));
#169 = ORIENTED_EDGE('',*,*,#170,.T.);
#170 = EDGE_CURVE('',#163,#101,#171,.T.);
#171 = LINE('',#172,#173);
#172 = CARTESIAN_POINT('',(262.,-14.80940107675,4.));
#173 = VECTOR('',#174,1.);
#174 = DIRECTION('',(0.,1.,0.));
#175 = ORIENTED_EDGE('',*,*,#100,.F.);
#176 = PLANE('',#177);
#177 = AXIS2_PLACEMENT_3D('',#178,#179,#180);
#178 = CARTESIAN_POINT('',(262.,-14.80940107675,-1.));
#179 = DIRECTION('',(-1.,0.,0.));
#180 = DIRECTION('',(0.,1.,0.));
#181 = ADVANCED_FACE('',(#182),#198,.T.);
#182 = FACE_BOUND('',#183,.T.);
#183 = EDGE_LOOP('',(#184,#190,#191,#197));
#184 = ORIENTED_EDGE('',*,*,#185,.T.);
#185 = EDGE_CURVE('',#155,#124,#186,.T.);
#186 = LINE('',#187,#188);
#187 = CARTESIAN_POINT('',(5.249614631377,-163.0443051838,0.));
#188 = VECTOR('',#189,1.);
#189 = DIRECTION('',(-0.866025403784,-0.5,0.));
#190 = ORIENTED_EDGE('',*,*,#140,.T.);
#191 = ORIENTED_EDGE('',*,*,#192,.T.);
#192 = EDGE_CURVE('',#133,#163,#193,.T.);
#193 = LINE('',#194,#195);
#194 = CARTESIAN_POINT('',(258.,-17.11880215351,4.));
#195 = VECTOR('',#196,1.);
#196 = DIRECTION('',(0.866025403784,0.5,0.));
#197 = ORIENTED_EDGE('',*,*,#162,.F.);
#198 = PLANE('',#199);
#199 = AXIS2_PLACEMENT_3D('',#200,#201,#202);
#200 = CARTESIAN_POINT('',(258.,-17.11880215351,-1.));
#201 = DIRECTION('',(-0.5,0.866025403784,0.));
#202 = DIRECTION('',(0.866025403784,0.5,0.));
#203 = ADVANCED_FACE('',(#204,#212),#223,.F.);
#204 = FACE_BOUND('',#205,.F.);
#205 = EDGE_LOOP('',(#206,#207,#208,#209,#210,#211));
#206 = ORIENTED_EDGE('',*,*,#108,.T.);
#207 = ORIENTED_EDGE('',*,*,#39,.T.);
#208 = ORIENTED_EDGE('',*,*,#70,.T.);
#209 = ORIENTED_EDGE('',*,*,#132,.T.);
#210 = ORIENTED_EDGE('',*,*,#192,.T.);
#211 = ORIENTED_EDGE('',*,*,#170,.T.);
#212 = FACE_BOUND('',#213,.F.);
#213 = EDGE_LOOP('',(#214));
#214 = ORIENTED_EDGE('',*,*,#215,.F.);
#215 = EDGE_CURVE('',#216,#216,#218,.T.);
#216 = VERTEX_POINT('',#217);
#217 = CARTESIAN_POINT('',(260.75,-12.5,4.));
#218 = CIRCLE('',#219,2.75);
#219 = AXIS2_PLACEMENT_3D('',#220,#221,#222);
#220 = CARTESIAN_POINT('',(258.,-12.5,4.));
#221 = DIRECTION('',(0.,0.,1.));
#222 = DIRECTION('',(1.,0.,-0.));
#223 = PLANE('',#224);
#224 = AXIS2_PLACEMENT_3D('',#225,#226,#227);
#225 = CARTESIAN_POINT('',(258.,-12.5,4.));
#226 = DIRECTION('',(0.,0.,1.));
#227 = DIRECTION('',(1.,0.,0.));
#228 = ADVANCED_FACE('',(#229),#263,.T.);
#229 = FACE_BOUND('',#230,.T.);
#230 = EDGE_LOOP('',(#231,#241,#249,#257));
#231 = ORIENTED_EDGE('',*,*,#232,.T.);
#232 = EDGE_CURVE('',#233,#235,#237,.T.);
#233 = VERTEX_POINT('',#234);
#234 = CARTESIAN_POINT('',(236.,-10.19059892324,0.));
#235 = VERTEX_POINT('',#236);
#236 = CARTESIAN_POINT('',(240.,-7.881197846483,0.));
#237 = LINE('',#238,#239);
#238 = CARTESIAN_POINT('',(-8.000385368623,-151.0642870981,0.));
#239 = VECTOR('',#240,1.);
#240 = DIRECTION('',(0.866025403784,0.5,-0.));
#241 = ORIENTED_EDGE('',*,*,#242,.T.);
#242 = EDGE_CURVE('',#235,#243,#245,.T.);
#243 = VERTEX_POINT('',#244);
#244 = CARTESIAN_POINT('',(240.,-7.881197846483,4.));
#245 = LINE('',#246,#247);
#246 = CARTESIAN_POINT('',(240.,-7.881197846483,-1.));
#247 = VECTOR('',#248,1.);
#248 = DIRECTION('',(0.,0.,1.));
#249 = ORIENTED_EDGE('',*,*,#250,.T.);
#250 = EDGE_CURVE('',#243,#251,#253,.T.);
#251 = VERTEX_POINT('',#252);
#252 = CARTESIAN_POINT('',(236.,-10.19059892324,4.));
#253 = LINE('',#254,#255);
#254 = CARTESIAN_POINT('',(240.,-7.881197846483,4.));
#255 = VECTOR('',#256,1.);
#256 = DIRECTION('',(-0.866025403784,-0.5,0.));
#257 = ORIENTED_EDGE('',*,*,#258,.F.);
#258 = EDGE_CURVE('',#233,#251,#259,.T.);
#259 = LINE('',#260,#261);
#260 = CARTESIAN_POINT('',(236.,-10.19059892324,-1.));
#261 = VECTOR('',#262,1.);
#262 = DIRECTION('',(0.,0.,1.));
#263 = PLANE('',#264);
#264 = AXIS2_PLACEMENT_3D('',#265,#266,#267);
#265 = CARTESIAN_POINT('',(240.,-7.881197846483,-1.));
#266 = DIRECTION('',(0.5,-0.866025403784,0.));
#267 = DIRECTION('',(-0.866025403784,-0.5,0.));
#268 = ADVANCED_FACE('',(#269),#294,.T.);
#269 = FACE_BOUND('',#270,.T.);
#270 = EDGE_LOOP('',(#271,#279,#280,#288));
#271 = ORIENTED_EDGE('',*,*,#272,.T.);
#272 = EDGE_CURVE('',#273,#233,#275,.T.);
#273 = VERTEX_POINT('',#274);
#274 = CARTESIAN_POINT('',(236.,-14.80940107675,0.));
#275 = LINE('',#276,#277);
#276 = CARTESIAN_POINT('',(236.,-140.0952994616,0.));
#277 = VECTOR('',#278,1.);
#278 = DIRECTION('',(0.,1.,0.));
#279 = ORIENTED_EDGE('',*,*,#258,.T.);
#280 = ORIENTED_EDGE('',*,*,#281,.T.);
#281 = EDGE_CURVE('',#251,#282,#284,.T.);
#282 = VERTEX_POINT('',#283);
#283 = CARTESIAN_POINT('',(236.,-14.80940107675,4.));
#284 = LINE('',#285,#286);
#285 = CARTESIAN_POINT('',(236.,-10.19059892324,4.));
#286 = VECTOR('',#287,1.);
#287 = DIRECTION('',(0.,-1.,0.));
#288 = ORIENTED_EDGE('',*,*,#289,.F.);
#289 = EDGE_CURVE('',#273,#282,#290,.T.);
#290 = LINE('',#291,#292);
#291 = CARTESIAN_POINT('',(236.,-14.80940107675,-1.));
#292 = VECTOR('',#293,1.);
#293 = DIRECTION('',(0.,0.,1.));
#294 = PLANE('',#295);
#295 = AXIS2_PLACEMENT_3D('',#296,#297,#298);
#296 = CARTESIAN_POINT('',(236.,-10.19059892324,-1.));
#297 = DIRECTION('',(1.,0.,0.));
#298 = DIRECTION('',(0.,-1.,0.));
#299 = ADVANCED_FACE('',(#300),#325,.T.);
#300 = FACE_BOUND('',#301,.T.);
#301 = EDGE_LOOP('',(#302,#310,#318,#324));
#302 = ORIENTED_EDGE('',*,*,#303,.T.);
#303 = EDGE_CURVE('',#235,#304,#306,.T.);
#304 = VERTEX_POINT('',#305);
#305 = CARTESIAN_POINT('',(244.,-10.19059892324,0.));
#306 = LINE('',#307,#308);
#307 = CARTESIAN_POINT('',(107.50038536862,68.617490328464,0.));
#308 = VECTOR('',#309,1.);
#309 = DIRECTION('',(0.866025403784,-0.5,0.));
#310 = ORIENTED_EDGE('',*,*,#311,.T.);
#311 = EDGE_CURVE('',#304,#312,#314,.T.);
#312 = VERTEX_POINT('',#313);
#313 = CARTESIAN_POINT('',(244.,-10.19059892324,4.));
#314 = LINE('',#315,#316);
#315 = CARTESIAN_POINT('',(244.,-10.19059892324,-1.));
#316 = VECTOR('',#317,1.);
#317 = DIRECTION('',(0.,0.,1.));
#318 = ORIENTED_EDGE('',*,*,#319,.T.);
#319 = EDGE_CURVE('',#312,#243,#320,.T.);
#320 = LINE('',#321,#322);
#321 = CARTESIAN_POINT('',(244.,-10.19059892324,4.));
#322 = VECTOR('',#323,1.);
#323 = DIRECTION('',(-0.866025403784,0.5,0.));
#324 = ORIENTED_EDGE('',*,*,#242,.F.);
#325 = PLANE('',#326);
#326 = AXIS2_PLACEMENT_3D('',#327,#328,#329);
#327 = CARTESIAN_POINT('',(244.,-10.19059892324,-1.));
#328 = DIRECTION('',(-0.5,-0.866025403784,0.));
#329 = DIRECTION('',(-0.866025403784,0.5,0.));
#330 = ADVANCED_FACE('',(#331),#356,.T.);
#331 = FACE_BOUND('',#332,.T.);
#332 = EDGE_LOOP('',(#333,#341,#342,#350));
#333 = ORIENTED_EDGE('',*,*,#334,.T.);
#334 = EDGE_CURVE('',#335,#273,#337,.T.);
#335 = VERTEX_POINT('',#336);
#336 = CARTESIAN_POINT('',(240.,-17.11880215351,0.));
#337 = LINE('',#338,#339);
#338 = CARTESIAN_POINT('',(101.50038536862,62.843987636568,0.));
#339 = VECTOR('',#340,1.);
#340 = DIRECTION('',(-0.866025403784,0.5,0.));
#341 = ORIENTED_EDGE('',*,*,#289,.T.);
#342 = ORIENTED_EDGE('',*,*,#343,.T.);
#343 = EDGE_CURVE('',#282,#344,#346,.T.);
#344 = VERTEX_POINT('',#345);
#345 = CARTESIAN_POINT('',(240.,-17.11880215351,4.));
#346 = LINE('',#347,#348);
#347 = CARTESIAN_POINT('',(236.,-14.80940107675,4.));
#348 = VECTOR('',#349,1.);
#349 = DIRECTION('',(0.866025403784,-0.5,0.));
#350 = ORIENTED_EDGE('',*,*,#351,.F.);
#351 = EDGE_CURVE('',#335,#344,#352,.T.);
#352 = LINE('',#353,#354);
#353 = CARTESIAN_POINT('',(240.,-17.11880215351,-1.));
#354 = VECTOR('',#355,1.);
#355 = DIRECTION('',(0.,0.,1.));
#356 = PLANE('',#357);
#357 = AXIS2_PLACEMENT_3D('',#358,#359,#360);
#358 = CARTESIAN_POINT('',(236.,-14.80940107675,-1.));
#359 = DIRECTION('',(0.5,0.866025403784,0.));
#360 = DIRECTION('',(0.866025403784,-0.5,0.));
#361 = ADVANCED_FACE('',(#362),#387,.T.);
#362 = FACE_BOUND('',#363,.T.);
#363 = EDGE_LOOP('',(#364,#372,#380,#386));
#364 = ORIENTED_EDGE('',*,*,#365,.T.);
#365 = EDGE_CURVE('',#304,#366,#368,.T.);
#366 = VERTEX_POINT('',#367);
#367 = CARTESIAN_POINT('',(244.,-14.80940107675,0.));
#368 = LINE('',#369,#370);
#369 = CARTESIAN_POINT('',(244.,-142.4047005383,0.));
#370 = VECTOR('',#371,1.);
#371 = DIRECTION('',(0.,-1.,0.));
#372 = ORIENTED_EDGE('',*,*,#373,.T.);
#373 = EDGE_CURVE('',#366,#374,#376,.T.);
#374 = VERTEX_POINT('',#375);
#375 = CARTESIAN_POINT('',(244.,-14.80940107675,4.));
#376 = LINE('',#377,#378);
#377 = CARTESIAN_POINT('',(244.,-14.80940107675,-1.));
#378 = VECTOR('',#379,1.);
#379 = DIRECTION('',(0.,0.,1.));
#380 = ORIENTED_EDGE('',*,*,#381,.T.);
#381 = EDGE_CURVE('',#374,#312,#382,.T.);
#382 = LINE('',#383,#384);
#383 = CARTESIAN_POINT('',(244.,-14.80940107675,4.));
#384 = VECTOR('',#385,1.);
#385 = DIRECTION('',(0.,1.,0.));
#386 = ORIENTED_EDGE('',*,*,#311,.F.);
#387 = PLANE('',#388);
#388 = AXIS2_PLACEMENT_3D('',#389,#390,#391);
#389 = CARTESIAN_POINT('',(244.,-14.80940107675,-1.));
#390 = DIRECTION('',(-1.,0.,0.));
#391 = DIRECTION('',(0.,1.,0.));
#392 = ADVANCED_FACE('',(#393),#409,.T.);
#393 = FACE_BOUND('',#394,.T.);
#394 = EDGE_LOOP('',(#395,#401,#402,#408));
#395 = ORIENTED_EDGE('',*,*,#396,.T.);
#396 = EDGE_CURVE('',#366,#335,#397,.T.);
#397 = LINE('',#398,#399);
#398 = CARTESIAN_POINT('',(-6.000385368623,-159.1471908668,0.));
#399 = VECTOR('',#400,1.);
#400 = DIRECTION('',(-0.866025403784,-0.5,0.));
#401 = ORIENTED_EDGE('',*,*,#351,.T.);
#402 = ORIENTED_EDGE('',*,*,#403,.T.);
#403 = EDGE_CURVE('',#344,#374,#404,.T.);
#404 = LINE('',#405,#406);
#405 = CARTESIAN_POINT('',(240.,-17.11880215351,4.));
#406 = VECTOR('',#407,1.);
#407 = DIRECTION('',(0.866025403784,0.5,0.));
#408 = ORIENTED_EDGE('',*,*,#373,.F.);
#409 = PLANE('',#410);
#410 = AXIS2_PLACEMENT_3D('',#411,#412,#413);
#411 = CARTESIAN_POINT('',(240.,-17.11880215351,-1.));
#412 = DIRECTION('',(-0.5,0.866025403784,0.));
#413 = DIRECTION('',(0.866025403784,0.5,0.));
#414 = ADVANCED_FACE('',(#415,#423),#434,.F.);
#415 = FACE_BOUND('',#416,.F.);
#416 = EDGE_LOOP('',(#417,#418,#419,#420,#421,#422));
#417 = ORIENTED_EDGE('',*,*,#319,.T.);
#418 = ORIENTED_EDGE('',*,*,#250,.T.);
#419 = ORIENTED_EDGE('',*,*,#281,.T.);
#420 = ORIENTED_EDGE('',*,*,#343,.T.);
#421 = ORIENTED_EDGE('',*,*,#403,.T.);
#422 = ORIENTED_EDGE('',*,*,#381,.T.);
#423 = FACE_BOUND('',#424,.F.);
#424 = EDGE_LOOP('',(#425));
#425 = ORIENTED_EDGE('',*,*,#426,.F.);
#426 = EDGE_CURVE('',#427,#427,#429,.T.);
#427 = VERTEX_POINT('',#428);
#428 = CARTESIAN_POINT('',(242.75,-12.5,4.));
#429 = CIRCLE('',#430,2.75);
#430 = AXIS2_PLACEMENT_3D('',#431,#432,#433);
#431 = CARTESIAN_POINT('',(240.,-12.5,4.));
#432 = DIRECTION('',(0.,0.,1.));
#433 = DIRECTION('',(1.,0.,-0.));
#434 = PLANE('',#435);
#435 = AXIS2_PLACEMENT_3D('',#436,#437,#438);
#436 = CARTESIAN_POINT('',(240.,-12.5,4.));
#437 = DIRECTION('',(0.,0.,1.));
#438 = DIRECTION('',(1.,0.,0.));
#439 = ADVANCED_FACE('',(#440),#459,.T.);
#440 = FACE_BOUND('',#441,.T.);
#441 = EDGE_LOOP('',(#442,#452));
#442 = ORIENTED_EDGE('',*,*,#443,.F.);
#443 = EDGE_CURVE('',#444,#446,#448,.T.);
#444 = VERTEX_POINT('',#445);
#445 = CARTESIAN_POINT('',(205.,21.172449085862,0.));
#446 = VERTEX_POINT('',#447);
#447 = CARTESIAN_POINT('',(205.,30.970408056995,0.));
#448 = LINE('',#449,#450);
#449 = CARTESIAN_POINT('',(205.,-237.5,0.));
#450 = VECTOR('',#451,1.);
#451 = DIRECTION('',(-0.,1.,0.));
#452 = ORIENTED_EDGE('',*,*,#453,.F.);
#453 = EDGE_CURVE('',#446,#444,#454,.T.);
#454 = CIRCLE('',#455,5.5);
#455 = AXIS2_PLACEMENT_3D('',#456,#457,#458);
#456 = CARTESIAN_POINT('',(202.5,26.071428571429,0.));
#457 = DIRECTION('',(0.,0.,-1.));
#458 = DIRECTION('',(-1.,0.,-0.));
#459 = PLANE('',#460);
#460 = AXIS2_PLACEMENT_3D('',#461,#462,#463);
#461 = CARTESIAN_POINT('',(205.96051605988,26.071428571429,0.));
#462 = DIRECTION('',(0.,0.,1.));
#463 = DIRECTION('',(1.,0.,-0.));
#464 = ADVANCED_FACE('',(#465),#520,.T.);
#465 = FACE_BOUND('',#466,.T.);
#466 = EDGE_LOOP('',(#467,#478,#487,#494,#495,#504,#513));
#467 = ORIENTED_EDGE('',*,*,#468,.F.);
#468 = EDGE_CURVE('',#469,#471,#473,.T.);
#469 = VERTEX_POINT('',#470);
#470 = CARTESIAN_POINT('',(199.,28.007920244532,-1.5));
#471 = VERTEX_POINT('',#472);
#472 = CARTESIAN_POINT('',(206.5,26.071428571428,-1.5));
#473 = CIRCLE('',#474,4.);
#474 = AXIS2_PLACEMENT_3D('',#475,#476,#477);
#475 = CARTESIAN_POINT('',(202.5,26.071428571429,-1.5));
#476 = DIRECTION('',(0.,0.,-1.));
#477 = DIRECTION('',(-1.,0.,-0.));
#478 = ORIENTED_EDGE('',*,*,#479,.F.);
#479 = EDGE_CURVE('',#480,#469,#482,.T.);
#480 = VERTEX_POINT('',#481);
#481 = CARTESIAN_POINT('',(199.,30.314069258548,0.));
#482 = HYPERBOLA('',#483,3.5,3.5);
#483 = AXIS2_PLACEMENT_3D('',#484,#485,#486);
#484 = CARTESIAN_POINT('',(199.,26.071428571429,-5.5));
#485 = DIRECTION('',(1.,0.,0.));
#486 = DIRECTION('',(0.,-0.,1.));
#487 = ORIENTED_EDGE('',*,*,#488,.T.);
#488 = EDGE_CURVE('',#480,#446,#489,.T.);
#489 = CIRCLE('',#490,5.5);
#490 = AXIS2_PLACEMENT_3D('',#491,#492,#493);
#491 = CARTESIAN_POINT('',(202.5,26.071428571429,0.));
#492 = DIRECTION('',(0.,0.,-1.));
#493 = DIRECTION('',(-1.,0.,-0.));
#494 = ORIENTED_EDGE('',*,*,#453,.T.);
#495 = ORIENTED_EDGE('',*,*,#496,.T.);
#496 = EDGE_CURVE('',#444,#497,#499,.T.);
#497 = VERTEX_POINT('',#498);
#498 = CARTESIAN_POINT('',(199.,21.828787884309,0.));
#499 = CIRCLE('',#500,5.5);
#500 = AXIS2_PLACEMENT_3D('',#501,#502,#503);
#501 = CARTESIAN_POINT('',(202.5,26.071428571429,0.));
#502 = DIRECTION('',(0.,0.,-1.));
#503 = DIRECTION('',(-1.,0.,-0.));
#504 = ORIENTED_EDGE('',*,*,#505,.F.);
#505 = EDGE_CURVE('',#506,#497,#508,.T.);
#506 = VERTEX_POINT('',#507);
#507 = CARTESIAN_POINT('',(199.,24.134936898325,-1.5));
#508 = HYPERBOLA('',#509,3.5,3.5);
#509 = AXIS2_PLACEMENT_3D('',#510,#511,#512);
#510 = CARTESIAN_POINT('',(199.,26.071428571429,-5.5));
#511 = DIRECTION('',(1.,0.,0.));
#512 = DIRECTION('',(0.,-0.,1.));
#513 = ORIENTED_EDGE('',*,*,#514,.F.);
#514 = EDGE_CURVE('',#471,#506,#515,.T.);
#515 = CIRCLE('',#516,4.);
#516 = AXIS2_PLACEMENT_3D('',#517,#518,#519);
#517 = CARTESIAN_POINT('',(202.5,26.071428571429,-1.5));
#518 = DIRECTION('',(0.,0.,-1.));
#519 = DIRECTION('',(-1.,0.,-0.));
#520 = CONICAL_SURFACE('',#521,5.5,0.785398163397);
#521 = AXIS2_PLACEMENT_3D('',#522,#523,#524);
#522 = CARTESIAN_POINT('',(202.5,26.071428571429,0.));
#523 = DIRECTION('',(-0.,-0.,1.));
#524 = DIRECTION('',(-1.,0.,-0.));
#525 = ADVANCED_FACE('',(#526),#552,.F.);
#526 = FACE_BOUND('',#527,.F.);
#527 = EDGE_LOOP('',(#528,#529,#537,#546));
#528 = ORIENTED_EDGE('',*,*,#488,.T.);
#529 = ORIENTED_EDGE('',*,*,#530,.T.);
#530 = EDGE_CURVE('',#446,#531,#533,.T.);
#531 = VERTEX_POINT('',#532);
#532 = CARTESIAN_POINT('',(205.,73.315306228719,0.));
#533 = LINE('',#534,#535);
#534 = CARTESIAN_POINT('',(205.,-237.5,0.));
#535 = VECTOR('',#536,1.);
#536 = DIRECTION('',(-0.,1.,0.));
#537 = ORIENTED_EDGE('',*,*,#538,.T.);
#538 = EDGE_CURVE('',#531,#539,#541,.T.);
#539 = VERTEX_POINT('',#540);
#540 = CARTESIAN_POINT('',(199.,73.971645027166,0.));
#541 = CIRCLE('',#542,5.5);
#542 = AXIS2_PLACEMENT_3D('',#543,#544,#545);
#543 = CARTESIAN_POINT('',(202.5,78.214285714286,0.));
#544 = DIRECTION('',(0.,0.,-1.));
#545 = DIRECTION('',(-1.,0.,-0.));
#546 = ORIENTED_EDGE('',*,*,#547,.F.);
#547 = EDGE_CURVE('',#480,#539,#548,.T.);
#548 = LINE('',#549,#550);
#549 = CARTESIAN_POINT('',(199.,-200.5,0.));
#550 = VECTOR('',#551,1.);
#551 = DIRECTION('',(-0.,1.,0.));
#552 = PLANE('',#553);
#553 = AXIS2_PLACEMENT_3D('',#554,#555,#556);
#554 = CARTESIAN_POINT('',(-270.,-270.,0.));
#555 = DIRECTION('',(0.,0.,1.));
#556 = DIRECTION('',(1.,0.,-0.));
#557 = ADVANCED_FACE('',(#558),#594,.T.);
#558 = FACE_BOUND('',#559,.T.);
#559 = EDGE_LOOP('',(#560,#571,#577,#578,#579,#587));
#560 = ORIENTED_EDGE('',*,*,#561,.T.);
#561 = EDGE_CURVE('',#562,#564,#566,.T.);
#562 = VERTEX_POINT('',#563);
#563 = CARTESIAN_POINT('',(206.5,26.071428571429,-3.));
#564 = VERTEX_POINT('',#565);
#565 = CARTESIAN_POINT('',(199.,28.007920244532,-3.));
#566 = CIRCLE('',#567,4.);
#567 = AXIS2_PLACEMENT_3D('',#568,#569,#570);
#568 = CARTESIAN_POINT('',(202.5,26.071428571429,-3.));
#569 = DIRECTION('',(0.,0.,1.));
#570 = DIRECTION('',(1.,0.,-0.));
#571 = ORIENTED_EDGE('',*,*,#572,.T.);
#572 = EDGE_CURVE('',#564,#469,#573,.T.);
#573 = LINE('',#574,#575);
#574 = CARTESIAN_POINT('',(199.,28.007920244532,-3.));
#575 = VECTOR('',#576,1.);
#576 = DIRECTION('',(0.,0.,1.));
#577 = ORIENTED_EDGE('',*,*,#468,.T.);
#578 = ORIENTED_EDGE('',*,*,#514,.T.);
#579 = ORIENTED_EDGE('',*,*,#580,.F.);
#580 = EDGE_CURVE('',#581,#506,#583,.T.);
#581 = VERTEX_POINT('',#582);
#582 = CARTESIAN_POINT('',(199.,24.134936898325,-3.));
#583 = LINE('',#584,#585);
#584 = CARTESIAN_POINT('',(199.,24.134936898325,-3.));
#585 = VECTOR('',#586,1.);
#586 = DIRECTION('',(0.,0.,1.));
#587 = ORIENTED_EDGE('',*,*,#588,.T.);
#588 = EDGE_CURVE('',#581,#562,#589,.T.);
#589 = CIRCLE('',#590,4.);
#590 = AXIS2_PLACEMENT_3D('',#591,#592,#593);
#591 = CARTESIAN_POINT('',(202.5,26.071428571429,-3.));
#592 = DIRECTION('',(0.,0.,1.));
#593 = DIRECTION('',(1.,0.,-0.));
#594 = CYLINDRICAL_SURFACE('',#595,4.);
#595 = AXIS2_PLACEMENT_3D('',#596,#597,#598);
#596 = CARTESIAN_POINT('',(202.5,26.071428571429,-3.));
#597 = DIRECTION('',(0.,0.,1.));
#598 = DIRECTION('',(1.,0.,-0.));
#599 = ADVANCED_FACE('',(#600),#610,.F.);
#600 = FACE_BOUND('',#601,.F.);
#601 = EDGE_LOOP('',(#602,#603,#604));
#602 = ORIENTED_EDGE('',*,*,#588,.T.);
#603 = ORIENTED_EDGE('',*,*,#561,.T.);
#604 = ORIENTED_EDGE('',*,*,#605,.T.);
#605 = EDGE_CURVE('',#564,#581,#606,.T.);
#606 = LINE('',#607,#608);
#607 = CARTESIAN_POINT('',(199.,-86.46428571428,-3.));
#608 = VECTOR('',#609,1.);
#609 = DIRECTION('',(0.,-1.,0.));
#610 = PLANE('',#611);
#611 = AXIS2_PLACEMENT_3D('',#612,#613,#614);
#612 = CARTESIAN_POINT('',(202.5,26.071428571429,-3.));
#613 = DIRECTION('',(0.,0.,1.));
#614 = DIRECTION('',(1.,0.,-0.));
#615 = ADVANCED_FACE('',(#616),#671,.T.);
#616 = FACE_BOUND('',#617,.T.);
#617 = EDGE_LOOP('',(#618,#629,#638,#647,#654,#655,#664));
#618 = ORIENTED_EDGE('',*,*,#619,.F.);
#619 = EDGE_CURVE('',#620,#622,#624,.T.);
#620 = VERTEX_POINT('',#621);
#621 = CARTESIAN_POINT('',(199.,80.150777387389,-1.5));
#622 = VERTEX_POINT('',#623);
#623 = CARTESIAN_POINT('',(206.5,78.214285714286,-1.5));
#624 = CIRCLE('',#625,4.);
#625 = AXIS2_PLACEMENT_3D('',#626,#627,#628);
#626 = CARTESIAN_POINT('',(202.5,78.214285714286,-1.5));
#627 = DIRECTION('',(0.,0.,-1.));
#628 = DIRECTION('',(-1.,0.,-0.));
#629 = ORIENTED_EDGE('',*,*,#630,.F.);
#630 = EDGE_CURVE('',#631,#620,#633,.T.);
#631 = VERTEX_POINT('',#632);
#632 = CARTESIAN_POINT('',(199.,82.456926401405,0.));
#633 = HYPERBOLA('',#634,3.5,3.5);
#634 = AXIS2_PLACEMENT_3D('',#635,#636,#637);
#635 = CARTESIAN_POINT('',(199.,78.214285714286,-5.5));
#636 = DIRECTION('',(1.,0.,0.));
#637 = DIRECTION('',(0.,-0.,1.));
#638 = ORIENTED_EDGE('',*,*,#639,.T.);
#639 = EDGE_CURVE('',#631,#640,#642,.T.);
#640 = VERTEX_POINT('',#641);
#641 = CARTESIAN_POINT('',(205.,83.113265199852,0.));
#642 = CIRCLE('',#643,5.5);
#643 = AXIS2_PLACEMENT_3D('',#644,#645,#646);
#644 = CARTESIAN_POINT('',(202.5,78.214285714286,0.));
#645 = DIRECTION('',(0.,0.,-1.));
#646 = DIRECTION('',(-1.,0.,-0.));
#647 = ORIENTED_EDGE('',*,*,#648,.T.);
#648 = EDGE_CURVE('',#640,#531,#649,.T.);
#649 = CIRCLE('',#650,5.5);
#650 = AXIS2_PLACEMENT_3D('',#651,#652,#653);
#651 = CARTESIAN_POINT('',(202.5,78.214285714286,0.));
#652 = DIRECTION('',(0.,0.,-1.));
#653 = DIRECTION('',(-1.,0.,-0.));
#654 = ORIENTED_EDGE('',*,*,#538,.T.);
#655 = ORIENTED_EDGE('',*,*,#656,.F.);
#656 = EDGE_CURVE('',#657,#539,#659,.T.);
#657 = VERTEX_POINT('',#658);
#658 = CARTESIAN_POINT('',(199.,76.277794041182,-1.5));
#659 = HYPERBOLA('',#660,3.5,3.5);
#660 = AXIS2_PLACEMENT_3D('',#661,#662,#663);
#661 = CARTESIAN_POINT('',(199.,78.214285714286,-5.5));
#662 = DIRECTION('',(1.,0.,0.));
#663 = DIRECTION('',(0.,-0.,1.));
#664 = ORIENTED_EDGE('',*,*,#665,.F.);
#665 = EDGE_CURVE('',#622,#657,#666,.T.);
#666 = CIRCLE('',#667,4.);
#667 = AXIS2_PLACEMENT_3D('',#668,#669,#670);
#668 = CARTESIAN_POINT('',(202.5,78.214285714286,-1.5));
#669 = DIRECTION('',(0.,0.,-1.));
#670 = DIRECTION('',(-1.,0.,-0.));
#671 = CONICAL_SURFACE('',#672,5.5,0.785398163397);
#672 = AXIS2_PLACEMENT_3D('',#673,#674,#675);
#673 = CARTESIAN_POINT('',(202.5,78.214285714286,0.));
#674 = DIRECTION('',(-0.,-0.,1.));
#675 = DIRECTION('',(-1.,0.,-0.));
#676 = ADVANCED_FACE('',(#677),#686,.T.);
#677 = FACE_BOUND('',#678,.T.);
#678 = EDGE_LOOP('',(#679,#685));
#679 = ORIENTED_EDGE('',*,*,#680,.F.);
#680 = EDGE_CURVE('',#531,#640,#681,.T.);
#681 = LINE('',#682,#683);
#682 = CARTESIAN_POINT('',(205.,-237.5,0.));
#683 = VECTOR('',#684,1.);
#684 = DIRECTION('',(-0.,1.,0.));
#685 = ORIENTED_EDGE('',*,*,#648,.F.);
#686 = PLANE('',#687);
#687 = AXIS2_PLACEMENT_3D('',#688,#689,#690);
#688 = CARTESIAN_POINT('',(205.96051605988,78.214285714286,0.));
#689 = DIRECTION('',(0.,0.,1.));
#690 = DIRECTION('',(1.,0.,-0.));
#691 = ADVANCED_FACE('',(#692),#718,.F.);
#692 = FACE_BOUND('',#693,.F.);
#693 = EDGE_LOOP('',(#694,#695,#703,#712));
#694 = ORIENTED_EDGE('',*,*,#639,.T.);
#695 = ORIENTED_EDGE('',*,*,#696,.T.);
#696 = EDGE_CURVE('',#640,#697,#699,.T.);
#697 = VERTEX_POINT('',#698);
#698 = CARTESIAN_POINT('',(205.,125.45816337157,0.));
#699 = LINE('',#700,#701);
#700 = CARTESIAN_POINT('',(205.,-237.5,0.));
#701 = VECTOR('',#702,1.);
#702 = DIRECTION('',(-0.,1.,0.));
#703 = ORIENTED_EDGE('',*,*,#704,.T.);
#704 = EDGE_CURVE('',#697,#705,#707,.T.);
#705 = VERTEX_POINT('',#706);
#706 = CARTESIAN_POINT('',(199.,126.11450217002,0.));
#707 = CIRCLE('',#708,5.5);
#708 = AXIS2_PLACEMENT_3D('',#709,#710,#711);
#709 = CARTESIAN_POINT('',(202.5,130.35714285714,0.));
#710 = DIRECTION('',(0.,0.,-1.));
#711 = DIRECTION('',(-1.,0.,-0.));
#712 = ORIENTED_EDGE('',*,*,#713,.F.);
#713 = EDGE_CURVE('',#631,#705,#714,.T.);
#714 = LINE('',#715,#716);
#715 = CARTESIAN_POINT('',(199.,-200.5,0.));
#716 = VECTOR('',#717,1.);
#717 = DIRECTION('',(-0.,1.,0.));
#718 = PLANE('',#719);
#719 = AXIS2_PLACEMENT_3D('',#720,#721,#722);
#720 = CARTESIAN_POINT('',(-270.,-270.,0.));
#721 = DIRECTION('',(0.,0.,1.));
#722 = DIRECTION('',(1.,0.,-0.));
#723 = ADVANCED_FACE('',(#724),#760,.T.);
#724 = FACE_BOUND('',#725,.T.);
#725 = EDGE_LOOP('',(#726,#737,#743,#744,#745,#753));
#726 = ORIENTED_EDGE('',*,*,#727,.T.);
#727 = EDGE_CURVE('',#728,#730,#732,.T.);
#728 = VERTEX_POINT('',#729);
#729 = CARTESIAN_POINT('',(206.5,78.214285714286,-3.));
#730 = VERTEX_POINT('',#731);
#731 = CARTESIAN_POINT('',(199.,80.150777387389,-3.));
#732 = CIRCLE('',#733,4.);
#733 = AXIS2_PLACEMENT_3D('',#734,#735,#736);
#734 = CARTESIAN_POINT('',(202.5,78.214285714286,-3.));
#735 = DIRECTION('',(0.,0.,1.));
#736 = DIRECTION('',(1.,0.,-0.));
#737 = ORIENTED_EDGE('',*,*,#738,.T.);
#738 = EDGE_CURVE('',#730,#620,#739,.T.);
#739 = LINE('',#740,#741);
#740 = CARTESIAN_POINT('',(199.,80.150777387389,-3.));
#741 = VECTOR('',#742,1.);
#742 = DIRECTION('',(0.,0.,1.));
#743 = ORIENTED_EDGE('',*,*,#619,.T.);
#744 = ORIENTED_EDGE('',*,*,#665,.T.);
#745 = ORIENTED_EDGE('',*,*,#746,.F.);
#746 = EDGE_CURVE('',#747,#657,#749,.T.);
#747 = VERTEX_POINT('',#748);
#748 = CARTESIAN_POINT('',(199.,76.277794041182,-3.));
#749 = LINE('',#750,#751);
#750 = CARTESIAN_POINT('',(199.,76.277794041182,-3.));
#751 = VECTOR('',#752,1.);
#752 = DIRECTION('',(0.,0.,1.));
#753 = ORIENTED_EDGE('',*,*,#754,.T.);
#754 = EDGE_CURVE('',#747,#728,#755,.T.);
#755 = CIRCLE('',#756,4.);
#756 = AXIS2_PLACEMENT_3D('',#757,#758,#759);
#757 = CARTESIAN_POINT('',(202.5,78.214285714286,-3.));
#758 = DIRECTION('',(0.,0.,1.));
#759 = DIRECTION('',(1.,0.,-0.));
#760 = CYLINDRICAL_SURFACE('',#761,4.);
#761 = AXIS2_PLACEMENT_3D('',#762,#763,#764);
#762 = CARTESIAN_POINT('',(202.5,78.214285714286,-3.));
#763 = DIRECTION('',(0.,0.,1.));
#764 = DIRECTION('',(1.,0.,-0.));
#765 = ADVANCED_FACE('',(#766),#776,.F.);
#766 = FACE_BOUND('',#767,.F.);
#767 = EDGE_LOOP('',(#768,#769,#770));
#768 = ORIENTED_EDGE('',*,*,#754,.T.);
#769 = ORIENTED_EDGE('',*,*,#727,.T.);
#770 = ORIENTED_EDGE('',*,*,#771,.T.);
#771 = EDGE_CURVE('',#730,#747,#772,.T.);
#772 = LINE('',#773,#774);
#773 = CARTESIAN_POINT('',(199.,-60.39285714285,-3.));
#774 = VECTOR('',#775,1.);
#775 = DIRECTION('',(0.,-1.,0.));
#776 = PLANE('',#777);
#777 = AXIS2_PLACEMENT_3D('',#778,#779,#780);
#778 = CARTESIAN_POINT('',(202.5,78.214285714286,-3.));
#779 = DIRECTION('',(0.,0.,1.));
#780 = DIRECTION('',(1.,0.,-0.));
#781 = ADVANCED_FACE('',(#782),#837,.T.);
#782 = FACE_BOUND('',#783,.T.);
#783 = EDGE_LOOP('',(#784,#795,#804,#813,#820,#821,#830));
#784 = ORIENTED_EDGE('',*,*,#785,.F.);
#785 = EDGE_CURVE('',#786,#788,#790,.T.);
#786 = VERTEX_POINT('',#787);
#787 = CARTESIAN_POINT('',(199.,132.29363453024,-1.5));
#788 = VERTEX_POINT('',#789);
#789 = CARTESIAN_POINT('',(206.5,130.35714285714,-1.5));
#790 = CIRCLE('',#791,4.);
#791 = AXIS2_PLACEMENT_3D('',#792,#793,#794);
#792 = CARTESIAN_POINT('',(202.5,130.35714285714,-1.5));
#793 = DIRECTION('',(0.,0.,-1.));
#794 = DIRECTION('',(-1.,0.,-0.));
#795 = ORIENTED_EDGE('',*,*,#796,.F.);
#796 = EDGE_CURVE('',#797,#786,#799,.T.);
#797 = VERTEX_POINT('',#798);
#798 = CARTESIAN_POINT('',(199.,134.59978354426,0.));
#799 = HYPERBOLA('',#800,3.5,3.5);
#800 = AXIS2_PLACEMENT_3D('',#801,#802,#803);
#801 = CARTESIAN_POINT('',(199.,130.35714285714,-5.5));
#802 = DIRECTION('',(1.,0.,0.));
#803 = DIRECTION('',(0.,-0.,1.));
#804 = ORIENTED_EDGE('',*,*,#805,.T.);
#805 = EDGE_CURVE('',#797,#806,#808,.T.);
#806 = VERTEX_POINT('',#807);
#807 = CARTESIAN_POINT('',(205.,135.2561223427,0.));
#808 = CIRCLE('',#809,5.5);
#809 = AXIS2_PLACEMENT_3D('',#810,#811,#812);
#810 = CARTESIAN_POINT('',(202.5,130.35714285714,0.));
#811 = DIRECTION('',(0.,0.,-1.));
#812 = DIRECTION('',(-1.,0.,-0.));
#813 = ORIENTED_EDGE('',*,*,#814,.T.);
#814 = EDGE_CURVE('',#806,#697,#815,.T.);
#815 = CIRCLE('',#816,5.5);
#816 = AXIS2_PLACEMENT_3D('',#817,#818,#819);
#817 = CARTESIAN_POINT('',(202.5,130.35714285714,0.));
#818 = DIRECTION('',(0.,0.,-1.));
#819 = DIRECTION('',(-1.,0.,-0.));
#820 = ORIENTED_EDGE('',*,*,#704,.T.);
#821 = ORIENTED_EDGE('',*,*,#822,.F.);
#822 = EDGE_CURVE('',#823,#705,#825,.T.);
#823 = VERTEX_POINT('',#824);
#824 = CARTESIAN_POINT('',(199.,128.42065118403,-1.5));
#825 = HYPERBOLA('',#826,3.5,3.5);
#826 = AXIS2_PLACEMENT_3D('',#827,#828,#829);
#827 = CARTESIAN_POINT('',(199.,130.35714285714,-5.5));
#828 = DIRECTION('',(1.,0.,0.));
#829 = DIRECTION('',(0.,-0.,1.));
#830 = ORIENTED_EDGE('',*,*,#831,.F.);
#831 = EDGE_CURVE('',#788,#823,#832,.T.);
#832 = CIRCLE('',#833,4.);
#833 = AXIS2_PLACEMENT_3D('',#834,#835,#836);
#834 = CARTESIAN_POINT('',(202.5,130.35714285714,-1.5));
#835 = DIRECTION('',(0.,0.,-1.));
#836 = DIRECTION('',(-1.,0.,-0.));
#837 = CONICAL_SURFACE('',#838,5.5,0.785398163397);
#838 = AXIS2_PLACEMENT_3D('',#839,#840,#841);
#839 = CARTESIAN_POINT('',(202.5,130.35714285714,0.));
#840 = DIRECTION('',(-0.,-0.,1.));
#841 = DIRECTION('',(-1.,0.,-0.));
#842 = ADVANCED_FACE('',(#843),#852,.T.);
#843 = FACE_BOUND('',#844,.T.);
#844 = EDGE_LOOP('',(#845,#851));
#845 = ORIENTED_EDGE('',*,*,#846,.F.);
#846 = EDGE_CURVE('',#697,#806,#847,.T.);
#847 = LINE('',#848,#849);
#848 = CARTESIAN_POINT('',(205.,-237.5,0.));
#849 = VECTOR('',#850,1.);
#850 = DIRECTION('',(-0.,1.,0.));
#851 = ORIENTED_EDGE('',*,*,#814,.F.);
#852 = PLANE('',#853);
#853 = AXIS2_PLACEMENT_3D('',#854,#855,#856);
#854 = CARTESIAN_POINT('',(205.96051605988,130.35714285714,0.));
#855 = DIRECTION('',(0.,0.,1.));
#856 = DIRECTION('',(1.,0.,-0.));
#857 = ADVANCED_FACE('',(#858),#884,.F.);
#858 = FACE_BOUND('',#859,.F.);
#859 = EDGE_LOOP('',(#860,#861,#869,#878));
#860 = ORIENTED_EDGE('',*,*,#805,.T.);
#861 = ORIENTED_EDGE('',*,*,#862,.T.);
#862 = EDGE_CURVE('',#806,#863,#865,.T.);
#863 = VERTEX_POINT('',#864);
#864 = CARTESIAN_POINT('',(205.,177.60102051443,0.));
#865 = LINE('',#866,#867);
#866 = CARTESIAN_POINT('',(205.,-237.5,0.));
#867 = VECTOR('',#868,1.);
#868 = DIRECTION('',(-0.,1.,0.));
#869 = ORIENTED_EDGE('',*,*,#870,.T.);
#870 = EDGE_CURVE('',#863,#871,#873,.T.);
#871 = VERTEX_POINT('',#872);
#872 = CARTESIAN_POINT('',(199.,178.25735931288,0.));
#873 = CIRCLE('',#874,5.5);
#874 = AXIS2_PLACEMENT_3D('',#875,#876,#877);
#875 = CARTESIAN_POINT('',(202.5,182.5,0.));
#876 = DIRECTION('',(0.,0.,-1.));
#877 = DIRECTION('',(-1.,0.,-0.));
#878 = ORIENTED_EDGE('',*,*,#879,.F.);
#879 = EDGE_CURVE('',#797,#871,#880,.T.);
#880 = LINE('',#881,#882);
#881 = CARTESIAN_POINT('',(199.,-200.5,0.));
#882 = VECTOR('',#883,1.);
#883 = DIRECTION('',(-0.,1.,0.));
#884 = PLANE('',#885);
#885 = AXIS2_PLACEMENT_3D('',#886,#887,#888);
#886 = CARTESIAN_POINT('',(-270.,-270.,0.));
#887 = DIRECTION('',(0.,0.,1.));
#888 = DIRECTION('',(1.,0.,-0.));
#889 = ADVANCED_FACE('',(#890),#945,.T.);
#890 = FACE_BOUND('',#891,.T.);
#891 = EDGE_LOOP('',(#892,#903,#912,#921,#928,#929,#938));
#892 = ORIENTED_EDGE('',*,*,#893,.F.);
#893 = EDGE_CURVE('',#894,#896,#898,.T.);
#894 = VERTEX_POINT('',#895);
#895 = CARTESIAN_POINT('',(199.,184.4364916731,-1.5));
#896 = VERTEX_POINT('',#897);
#897 = CARTESIAN_POINT('',(206.5,182.5,-1.5));
#898 = CIRCLE('',#899,4.);
#899 = AXIS2_PLACEMENT_3D('',#900,#901,#902);
#900 = CARTESIAN_POINT('',(202.5,182.5,-1.5));
#901 = DIRECTION('',(0.,0.,-1.));
#902 = DIRECTION('',(-1.,0.,-0.));
#903 = ORIENTED_EDGE('',*,*,#904,.F.);
#904 = EDGE_CURVE('',#905,#894,#907,.T.);
#905 = VERTEX_POINT('',#906);
#906 = CARTESIAN_POINT('',(199.,186.74264068711,0.));
#907 = HYPERBOLA('',#908,3.5,3.5);
#908 = AXIS2_PLACEMENT_3D('',#909,#910,#911);
#909 = CARTESIAN_POINT('',(199.,182.5,-5.5));
#910 = DIRECTION('',(1.,0.,0.));
#911 = DIRECTION('',(0.,-0.,1.));
#912 = ORIENTED_EDGE('',*,*,#913,.T.);
#913 = EDGE_CURVE('',#905,#914,#916,.T.);
#914 = VERTEX_POINT('',#915);
#915 = CARTESIAN_POINT('',(205.,187.39897948556,0.));
#916 = CIRCLE('',#917,5.5);
#917 = AXIS2_PLACEMENT_3D('',#918,#919,#920);
#918 = CARTESIAN_POINT('',(202.5,182.5,0.));
#919 = DIRECTION('',(0.,0.,-1.));
#920 = DIRECTION('',(-1.,0.,-0.));
#921 = ORIENTED_EDGE('',*,*,#922,.T.);
#922 = EDGE_CURVE('',#914,#863,#923,.T.);
#923 = CIRCLE('',#924,5.5);
#924 = AXIS2_PLACEMENT_3D('',#925,#926,#927);
#925 = CARTESIAN_POINT('',(202.5,182.5,0.));
#926 = DIRECTION('',(0.,0.,-1.));
#927 = DIRECTION('',(-1.,0.,-0.));
#928 = ORIENTED_EDGE('',*,*,#870,.T.);
#929 = ORIENTED_EDGE('',*,*,#930,.F.);
#930 = EDGE_CURVE('',#931,#871,#933,.T.);
#931 = VERTEX_POINT('',#932);
#932 = CARTESIAN_POINT('',(199.,180.56350832689,-1.5));
#933 = HYPERBOLA('',#934,3.5,3.5);
#934 = AXIS2_PLACEMENT_3D('',#935,#936,#937);
#935 = CARTESIAN_POINT('',(199.,182.5,-5.5));
#936 = DIRECTION('',(1.,0.,0.));
#937 = DIRECTION('',(0.,-0.,1.));
#938 = ORIENTED_EDGE('',*,*,#939,.F.);
#939 = EDGE_CURVE('',#896,#931,#940,.T.);
#940 = CIRCLE('',#941,4.);
#941 = AXIS2_PLACEMENT_3D('',#942,#943,#944);
#942 = CARTESIAN_POINT('',(202.5,182.5,-1.5));
#943 = DIRECTION('',(0.,0.,-1.));
#944 = DIRECTION('',(-1.,0.,-0.));
#945 = CONICAL_SURFACE('',#946,5.5,0.785398163397);
#946 = AXIS2_PLACEMENT_3D('',#947,#948,#949);
#947 = CARTESIAN_POINT('',(202.5,182.5,0.));
#948 = DIRECTION('',(-0.,-0.,1.));
#949 = DIRECTION('',(-1.,0.,-0.));
#950 = ADVANCED_FACE('',(#951),#960,.T.);
#951 = FACE_BOUND('',#952,.T.);
#952 = EDGE_LOOP('',(#953,#959));
#953 = ORIENTED_EDGE('',*,*,#954,.F.);
#954 = EDGE_CURVE('',#863,#914,#955,.T.);
#955 = LINE('',#956,#957);
#956 = CARTESIAN_POINT('',(205.,-237.5,0.));
#957 = VECTOR('',#958,1.);
#958 = DIRECTION('',(-0.,1.,0.));
#959 = ORIENTED_EDGE('',*,*,#922,.F.);
#960 = PLANE('',#961);
#961 = AXIS2_PLACEMENT_3D('',#962,#963,#964);
#962 = CARTESIAN_POINT('',(205.96051605988,182.5,0.));
#963 = DIRECTION('',(0.,0.,1.));
#964 = DIRECTION('',(1.,0.,-0.));
#965 = ADVANCED_FACE('',(#966),#1016,.T.);
#966 = FACE_BOUND('',#967,.T.);
#967 = EDGE_LOOP('',(#968,#978,#986,#994,#1002,#1010));
#968 = ORIENTED_EDGE('',*,*,#969,.F.);
#969 = EDGE_CURVE('',#970,#972,#974,.T.);
#970 = VERTEX_POINT('',#971);
#971 = CARTESIAN_POINT('',(258.,270.,4.));
#972 = VERTEX_POINT('',#973);
#973 = CARTESIAN_POINT('',(258.,270.,22.319078224938));
#974 = LINE('',#975,#976);
#975 = CARTESIAN_POINT('',(258.,270.,0.));
#976 = VECTOR('',#977,1.);
#977 = DIRECTION('',(0.,0.,1.));
#978 = ORIENTED_EDGE('',*,*,#979,.F.);
#979 = EDGE_CURVE('',#980,#970,#982,.T.);
#980 = VERTEX_POINT('',#981);
#981 = CARTESIAN_POINT('',(25.,270.,4.));
#982 = LINE('',#983,#984);
#983 = CARTESIAN_POINT('',(-258.,270.,4.));
#984 = VECTOR('',#985,1.);
#985 = DIRECTION('',(1.,0.,-0.));
#986 = ORIENTED_EDGE('',*,*,#987,.F.);
#987 = EDGE_CURVE('',#988,#980,#990,.T.);
#988 = VERTEX_POINT('',#989);
#989 = CARTESIAN_POINT('',(25.,270.,12.5));
#990 = LINE('',#991,#992);
#991 = CARTESIAN_POINT('',(25.,270.,-11.5));
#992 = VECTOR('',#993,1.);
#993 = DIRECTION('',(0.,0.,-1.));
#994 = ORIENTED_EDGE('',*,*,#995,.F.);
#995 = EDGE_CURVE('',#996,#988,#998,.T.);
#996 = VERTEX_POINT('',#997);
#997 = CARTESIAN_POINT('',(0.,270.,12.5));
#998 = LINE('',#999,#1000);
#999 = CARTESIAN_POINT('',(-135.,270.,12.5));
#1000 = VECTOR('',#1001,1.);
#1001 = DIRECTION('',(1.,0.,-0.));
#1002 = ORIENTED_EDGE('',*,*,#1003,.F.);
#1003 = EDGE_CURVE('',#1004,#996,#1006,.T.);
#1004 = VERTEX_POINT('',#1005);
#1005 = CARTESIAN_POINT('',(0.,270.,22.319078224938));
#1006 = LINE('',#1007,#1008);
#1007 = CARTESIAN_POINT('',(0.,270.,-500.));
#1008 = VECTOR('',#1009,1.);
#1009 = DIRECTION('',(0.,0.,-1.));
#1010 = ORIENTED_EDGE('',*,*,#1011,.T.);
#1011 = EDGE_CURVE('',#1004,#972,#1012,.T.);
#1012 = LINE('',#1013,#1014);
#1013 = CARTESIAN_POINT('',(365.,270.,22.319078224938));
#1014 = VECTOR('',#1015,1.);
#1015 = DIRECTION('',(1.,0.,-1.190568432757E-16));
#1016 = PLANE('',#1017);
#1017 = AXIS2_PLACEMENT_3D('',#1018,#1019,#1020);
#1018 = CARTESIAN_POINT('',(-270.,270.,0.));
#1019 = DIRECTION('',(-0.,1.,0.));
#1020 = DIRECTION('',(0.,0.,1.));
#1021 = ADVANCED_FACE('',(#1022),#1067,.T.);
#1022 = FACE_BOUND('',#1023,.T.);
#1023 = EDGE_LOOP('',(#1024,#1034,#1041,#1042,#1051,#1060));
#1024 = ORIENTED_EDGE('',*,*,#1025,.F.);
#1025 = EDGE_CURVE('',#1026,#1028,#1030,.T.);
#1026 = VERTEX_POINT('',#1027);
#1027 = CARTESIAN_POINT('',(270.,258.,4.));
#1028 = VERTEX_POINT('',#1029);
#1029 = CARTESIAN_POINT('',(270.,258.,22.319078224938));
#1030 = LINE('',#1031,#1032);
#1031 = CARTESIAN_POINT('',(270.,258.,0.));
#1032 = VECTOR('',#1033,1.);
#1033 = DIRECTION('',(0.,0.,1.));
#1034 = ORIENTED_EDGE('',*,*,#1035,.F.);
#1035 = EDGE_CURVE('',#970,#1026,#1036,.T.);
#1036 = CIRCLE('',#1037,12.);
#1037 = AXIS2_PLACEMENT_3D('',#1038,#1039,#1040);
#1038 = CARTESIAN_POINT('',(258.,258.,4.));
#1039 = DIRECTION('',(0.,-0.,-1.));
#1040 = DIRECTION('',(0.,1.,-0.));
#1041 = ORIENTED_EDGE('',*,*,#969,.T.);
#1042 = ORIENTED_EDGE('',*,*,#1043,.F.);
#1043 = EDGE_CURVE('',#1044,#972,#1046,.T.);
#1044 = VERTEX_POINT('',#1045);
#1045 = CARTESIAN_POINT('',(265.3314391493,267.5,25.));
#1046 = ELLIPSE('',#1047,17.595350227675,12.);
#1047 = AXIS2_PLACEMENT_3D('',#1048,#1049,#1050);
#1048 = CARTESIAN_POINT('',(258.,258.,35.187502745234));
#1049 = DIRECTION('',(8.119657186824E-17,0.731353701619,0.681998360062)
  );
#1050 = DIRECTION('',(-7.57170282098E-17,-0.681998360062,0.731353701619)
  );
#1051 = ORIENTED_EDGE('',*,*,#1052,.F.);
#1052 = EDGE_CURVE('',#1053,#1044,#1055,.T.);
#1053 = VERTEX_POINT('',#1054);
#1054 = CARTESIAN_POINT('',(267.5,265.3314391493,25.));
#1055 = CIRCLE('',#1056,12.);
#1056 = AXIS2_PLACEMENT_3D('',#1057,#1058,#1059);
#1057 = CARTESIAN_POINT('',(258.,258.,25.));
#1058 = DIRECTION('',(0.,0.,1.));
#1059 = DIRECTION('',(0.,-1.,0.));
#1060 = ORIENTED_EDGE('',*,*,#1061,.F.);
#1061 = EDGE_CURVE('',#1028,#1053,#1062,.T.);
#1062 = ELLIPSE('',#1063,17.595350227675,12.);
#1063 = AXIS2_PLACEMENT_3D('',#1064,#1065,#1066);
#1064 = CARTESIAN_POINT('',(258.,258.,35.187502745234));
#1065 = DIRECTION('',(0.731353701619,0.,0.681998360062));
#1066 = DIRECTION('',(-0.681998360062,0.,0.731353701619));
#1067 = CYLINDRICAL_SURFACE('',#1068,12.);
#1068 = AXIS2_PLACEMENT_3D('',#1069,#1070,#1071);
#1069 = CARTESIAN_POINT('',(258.,258.,0.));
#1070 = DIRECTION('',(0.,0.,1.));
#1071 = DIRECTION('',(1.,0.,-0.));
#1072 = ADVANCED_FACE('',(#1073),#1091,.T.);
#1073 = FACE_BOUND('',#1074,.T.);
#1074 = EDGE_LOOP('',(#1075,#1083,#1084,#1085));
#1075 = ORIENTED_EDGE('',*,*,#1076,.F.);
#1076 = EDGE_CURVE('',#1044,#1077,#1079,.T.);
#1077 = VERTEX_POINT('',#1078);
#1078 = CARTESIAN_POINT('',(0.,267.5,25.));
#1079 = LINE('',#1080,#1081);
#1080 = CARTESIAN_POINT('',(1.E+03,267.5,25.));
#1081 = VECTOR('',#1082,1.);
#1082 = DIRECTION('',(-1.,1.110223024625E-16,0.));
#1083 = ORIENTED_EDGE('',*,*,#1043,.T.);
#1084 = ORIENTED_EDGE('',*,*,#1011,.F.);
#1085 = ORIENTED_EDGE('',*,*,#1086,.F.);
#1086 = EDGE_CURVE('',#1077,#1004,#1087,.T.);
#1087 = LINE('',#1088,#1089);
#1088 = CARTESIAN_POINT('',(0.,463.16575206071,-184.8258301333));
#1089 = VECTOR('',#1090,1.);
#1090 = DIRECTION('',(0.,0.681998360062,-0.731353701619));
#1091 = PLANE('',#1092);
#1092 = AXIS2_PLACEMENT_3D('',#1093,#1094,#1095);
#1093 = CARTESIAN_POINT('',(1.E+03,272.,20.174340804889));
#1094 = DIRECTION('',(8.119657186824E-17,0.731353701619,0.681998360062)
  );
#1095 = DIRECTION('',(-7.57170282098E-17,-0.681998360062,0.731353701619)
  );
#1096 = ADVANCED_FACE('',(#1097),#1123,.F.);
#1097 = FACE_BOUND('',#1098,.F.);
#1098 = EDGE_LOOP('',(#1099,#1100,#1101,#1109,#1117));
#1099 = ORIENTED_EDGE('',*,*,#1003,.F.);
#1100 = ORIENTED_EDGE('',*,*,#1086,.F.);
#1101 = ORIENTED_EDGE('',*,*,#1102,.F.);
#1102 = EDGE_CURVE('',#1103,#1077,#1105,.T.);
#1103 = VERTEX_POINT('',#1104);
#1104 = CARTESIAN_POINT('',(0.,200.,25.));
#1105 = LINE('',#1106,#1107);
#1106 = CARTESIAN_POINT('',(0.,-135.,25.));
#1107 = VECTOR('',#1108,1.);
#1108 = DIRECTION('',(0.,1.,0.));
#1109 = ORIENTED_EDGE('',*,*,#1110,.T.);
#1110 = EDGE_CURVE('',#1103,#1111,#1113,.T.);
#1111 = VERTEX_POINT('',#1112);
#1112 = CARTESIAN_POINT('',(0.,200.,12.5));
#1113 = LINE('',#1114,#1115);
#1114 = CARTESIAN_POINT('',(0.,200.,-500.5));
#1115 = VECTOR('',#1116,1.);
#1116 = DIRECTION('',(0.,0.,-1.));
#1117 = ORIENTED_EDGE('',*,*,#1118,.T.);
#1118 = EDGE_CURVE('',#1111,#996,#1119,.T.);
#1119 = LINE('',#1120,#1121);
#1120 = CARTESIAN_POINT('',(0.,195.,12.5));
#1121 = VECTOR('',#1122,1.);
#1122 = DIRECTION('',(0.,1.,0.));
#1123 = PLANE('',#1124);
#1124 = AXIS2_PLACEMENT_3D('',#1125,#1126,#1127);
#1125 = CARTESIAN_POINT('',(0.,0.,-1.E+03));
#1126 = DIRECTION('',(1.,0.,0.));
#1127 = DIRECTION('',(0.,0.,1.));
#1128 = ADVANCED_FACE('',(#1129,#1147,#1158),#1169,.F.);
#1129 = FACE_BOUND('',#1130,.F.);
#1130 = EDGE_LOOP('',(#1131,#1132,#1140,#1146));
#1131 = ORIENTED_EDGE('',*,*,#1118,.F.);
#1132 = ORIENTED_EDGE('',*,*,#1133,.T.);
#1133 = EDGE_CURVE('',#1111,#1134,#1136,.T.);
#1134 = VERTEX_POINT('',#1135);
#1135 = CARTESIAN_POINT('',(25.,200.,12.5));
#1136 = LINE('',#1137,#1138);
#1137 = CARTESIAN_POINT('',(-100.,200.,12.5));
#1138 = VECTOR('',#1139,1.);
#1139 = DIRECTION('',(1.,0.,-0.));
#1140 = ORIENTED_EDGE('',*,*,#1141,.T.);
#1141 = EDGE_CURVE('',#1134,#988,#1142,.T.);
#1142 = LINE('',#1143,#1144);
#1143 = CARTESIAN_POINT('',(25.,195.,12.5));
#1144 = VECTOR('',#1145,1.);
#1145 = DIRECTION('',(0.,1.,0.));
#1146 = ORIENTED_EDGE('',*,*,#995,.F.);
#1147 = FACE_BOUND('',#1148,.F.);
#1148 = EDGE_LOOP('',(#1149));
#1149 = ORIENTED_EDGE('',*,*,#1150,.F.);
#1150 = EDGE_CURVE('',#1151,#1151,#1153,.T.);
#1151 = VERTEX_POINT('',#1152);
#1152 = CARTESIAN_POINT('',(12.5,242.75,12.5));
#1153 = CIRCLE('',#1154,2.75);
#1154 = AXIS2_PLACEMENT_3D('',#1155,#1156,#1157);
#1155 = CARTESIAN_POINT('',(12.5,240.,12.5));
#1156 = DIRECTION('',(0.,0.,1.));
#1157 = DIRECTION('',(1.110223024625E-16,1.,-0.));
#1158 = FACE_BOUND('',#1159,.F.);
#1159 = EDGE_LOOP('',(#1160));
#1160 = ORIENTED_EDGE('',*,*,#1161,.F.);
#1161 = EDGE_CURVE('',#1162,#1162,#1164,.T.);
#1162 = VERTEX_POINT('',#1163);
#1163 = CARTESIAN_POINT('',(12.5,260.75,12.5));
#1164 = CIRCLE('',#1165,2.75);
#1165 = AXIS2_PLACEMENT_3D('',#1166,#1167,#1168);
#1166 = CARTESIAN_POINT('',(12.5,258.,12.5));
#1167 = DIRECTION('',(0.,0.,1.));
#1168 = DIRECTION('',(1.110223024625E-16,1.,-0.));
#1169 = PLANE('',#1170);
#1170 = AXIS2_PLACEMENT_3D('',#1171,#1172,#1173);
#1171 = CARTESIAN_POINT('',(0.,195.,12.5));
#1172 = DIRECTION('',(0.,0.,1.));
#1173 = DIRECTION('',(1.,0.,0.));
#1174 = ADVANCED_FACE('',(#1175),#1306,.F.);
#1175 = FACE_BOUND('',#1176,.F.);
#1176 = EDGE_LOOP('',(#1177,#1187,#1195,#1203,#1211,#1219,#1228,#1236,
    #1244,#1252,#1260,#1268,#1274,#1275,#1276,#1284,#1292,#1300));
#1177 = ORIENTED_EDGE('',*,*,#1178,.F.);
#1178 = EDGE_CURVE('',#1179,#1181,#1183,.T.);
#1179 = VERTEX_POINT('',#1180);
#1180 = CARTESIAN_POINT('',(25.,195.,-22.));
#1181 = VERTEX_POINT('',#1182);
#1182 = CARTESIAN_POINT('',(25.,195.,2.));
#1183 = LINE('',#1184,#1185);
#1184 = CARTESIAN_POINT('',(25.,195.,-23.));
#1185 = VECTOR('',#1186,1.);
#1186 = DIRECTION('',(0.,0.,1.));
#1187 = ORIENTED_EDGE('',*,*,#1188,.T.);
#1188 = EDGE_CURVE('',#1179,#1189,#1191,.T.);
#1189 = VERTEX_POINT('',#1190);
#1190 = CARTESIAN_POINT('',(25.,199.,-22.));
#1191 = LINE('',#1192,#1193);
#1192 = CARTESIAN_POINT('',(25.,-2.,-22.));
#1193 = VECTOR('',#1194,1.);
#1194 = DIRECTION('',(0.,1.,0.));
#1195 = ORIENTED_EDGE('',*,*,#1196,.F.);
#1196 = EDGE_CURVE('',#1197,#1189,#1199,.T.);
#1197 = VERTEX_POINT('',#1198);
#1198 = CARTESIAN_POINT('',(25.,199.,-3.));
#1199 = LINE('',#1200,#1201);
#1200 = CARTESIAN_POINT('',(25.,199.,-22.5));
#1201 = VECTOR('',#1202,1.);
#1202 = DIRECTION('',(0.,0.,-1.));
#1203 = ORIENTED_EDGE('',*,*,#1204,.T.);
#1204 = EDGE_CURVE('',#1197,#1205,#1207,.T.);
#1205 = VERTEX_POINT('',#1206);
#1206 = CARTESIAN_POINT('',(25.,206.35383456006,-3.));
#1207 = LINE('',#1208,#1209);
#1208 = CARTESIAN_POINT('',(25.,198.75,-3.));
#1209 = VECTOR('',#1210,1.);
#1210 = DIRECTION('',(0.,1.,0.));
#1211 = ORIENTED_EDGE('',*,*,#1212,.T.);
#1212 = EDGE_CURVE('',#1205,#1213,#1215,.T.);
#1213 = VERTEX_POINT('',#1214);
#1214 = CARTESIAN_POINT('',(25.,206.35383456006,-1.5));
#1215 = LINE('',#1216,#1217);
#1216 = CARTESIAN_POINT('',(25.,206.35383456006,-3.));
#1217 = VECTOR('',#1218,1.);
#1218 = DIRECTION('',(0.,0.,1.));
#1219 = ORIENTED_EDGE('',*,*,#1220,.F.);
#1220 = EDGE_CURVE('',#1221,#1213,#1223,.T.);
#1221 = VERTEX_POINT('',#1222);
#1222 = CARTESIAN_POINT('',(25.,207.89463073957,0.));
#1223 = HYPERBOLA('',#1224,1.071428571429,1.071428571429);
#1224 = AXIS2_PLACEMENT_3D('',#1225,#1226,#1227);
#1225 = CARTESIAN_POINT('',(25.,202.5,-5.5));
#1226 = DIRECTION('',(1.,0.,0.));
#1227 = DIRECTION('',(0.,-0.,1.));
#1228 = ORIENTED_EDGE('',*,*,#1229,.F.);
#1229 = EDGE_CURVE('',#1230,#1221,#1232,.T.);
#1230 = VERTEX_POINT('',#1231);
#1231 = CARTESIAN_POINT('',(25.,205.,0.));
#1232 = LINE('',#1233,#1234);
#1233 = CARTESIAN_POINT('',(25.,200.48025802994,0.));
#1234 = VECTOR('',#1235,1.);
#1235 = DIRECTION('',(0.,1.,0.));
#1236 = ORIENTED_EDGE('',*,*,#1237,.F.);
#1237 = EDGE_CURVE('',#1238,#1230,#1240,.T.);
#1238 = VERTEX_POINT('',#1239);
#1239 = CARTESIAN_POINT('',(25.,205.,2.));
#1240 = LINE('',#1241,#1242);
#1241 = CARTESIAN_POINT('',(25.,205.,-12.5));
#1242 = VECTOR('',#1243,1.);
#1243 = DIRECTION('',(0.,0.,-1.));
#1244 = ORIENTED_EDGE('',*,*,#1245,.T.);
#1245 = EDGE_CURVE('',#1238,#1246,#1248,.T.);
#1246 = VERTEX_POINT('',#1247);
#1247 = CARTESIAN_POINT('',(25.,230.,2.));
#1248 = LINE('',#1249,#1250);
#1249 = CARTESIAN_POINT('',(25.,-17.5,2.));
#1250 = VECTOR('',#1251,1.);
#1251 = DIRECTION('',(0.,1.,0.));
#1252 = ORIENTED_EDGE('',*,*,#1253,.T.);
#1253 = EDGE_CURVE('',#1246,#1254,#1256,.T.);
#1254 = VERTEX_POINT('',#1255);
#1255 = CARTESIAN_POINT('',(25.,230.,0.));
#1256 = LINE('',#1257,#1258);
#1257 = CARTESIAN_POINT('',(25.,230.,-12.));
#1258 = VECTOR('',#1259,1.);
#1259 = DIRECTION('',(0.,0.,-1.));
#1260 = ORIENTED_EDGE('',*,*,#1261,.T.);
#1261 = EDGE_CURVE('',#1254,#1262,#1264,.T.);
#1262 = VERTEX_POINT('',#1263);
#1263 = CARTESIAN_POINT('',(25.,266.,0.));
#1264 = LINE('',#1265,#1266);
#1265 = CARTESIAN_POINT('',(25.,-37.5,0.));
#1266 = VECTOR('',#1267,1.);
#1267 = DIRECTION('',(0.,1.,0.));
#1268 = ORIENTED_EDGE('',*,*,#1269,.F.);
#1269 = EDGE_CURVE('',#980,#1262,#1270,.T.);
#1270 = LINE('',#1271,#1272);
#1271 = CARTESIAN_POINT('',(25.,243.5,-22.5));
#1272 = VECTOR('',#1273,1.);
#1273 = DIRECTION('',(0.,-0.707106781187,-0.707106781187));
#1274 = ORIENTED_EDGE('',*,*,#987,.F.);
#1275 = ORIENTED_EDGE('',*,*,#1141,.F.);
#1276 = ORIENTED_EDGE('',*,*,#1277,.T.);
#1277 = EDGE_CURVE('',#1134,#1278,#1280,.T.);
#1278 = VERTEX_POINT('',#1279);
#1279 = CARTESIAN_POINT('',(25.,200.,3.5));
#1280 = LINE('',#1281,#1282);
#1281 = CARTESIAN_POINT('',(25.,200.,-12.));
#1282 = VECTOR('',#1283,1.);
#1283 = DIRECTION('',(0.,0.,-1.));
#1284 = ORIENTED_EDGE('',*,*,#1285,.F.);
#1285 = EDGE_CURVE('',#1286,#1278,#1288,.T.);
#1286 = VERTEX_POINT('',#1287);
#1287 = CARTESIAN_POINT('',(25.,198.,3.5));
#1288 = LINE('',#1289,#1290);
#1289 = CARTESIAN_POINT('',(25.,-3.5,3.5));
#1290 = VECTOR('',#1291,1.);
#1291 = DIRECTION('',(0.,1.,0.));
#1292 = ORIENTED_EDGE('',*,*,#1293,.F.);
#1293 = EDGE_CURVE('',#1294,#1286,#1296,.T.);
#1294 = VERTEX_POINT('',#1295);
#1295 = CARTESIAN_POINT('',(25.,196.5,2.));
#1296 = LINE('',#1297,#1298);
#1297 = CARTESIAN_POINT('',(25.,189.875,-4.625));
#1298 = VECTOR('',#1299,1.);
#1299 = DIRECTION('',(-0.,0.707106781187,0.707106781187));
#1300 = ORIENTED_EDGE('',*,*,#1301,.F.);
#1301 = EDGE_CURVE('',#1181,#1294,#1302,.T.);
#1302 = LINE('',#1303,#1304);
#1303 = CARTESIAN_POINT('',(25.,-2.,2.));
#1304 = VECTOR('',#1305,1.);
#1305 = DIRECTION('',(0.,1.,0.));
#1306 = PLANE('',#1307);
#1307 = AXIS2_PLACEMENT_3D('',#1308,#1309,#1310);
#1308 = CARTESIAN_POINT('',(25.,195.,-23.));
#1309 = DIRECTION('',(1.,0.,0.));
#1310 = DIRECTION('',(0.,0.,1.));
#1311 = ADVANCED_FACE('',(#1312),#1330,.F.);
#1312 = FACE_BOUND('',#1313,.T.);
#1313 = EDGE_LOOP('',(#1314,#1315,#1316,#1324));
#1314 = ORIENTED_EDGE('',*,*,#1269,.F.);
#1315 = ORIENTED_EDGE('',*,*,#979,.T.);
#1316 = ORIENTED_EDGE('',*,*,#1317,.T.);
#1317 = EDGE_CURVE('',#970,#1318,#1320,.T.);
#1318 = VERTEX_POINT('',#1319);
#1319 = CARTESIAN_POINT('',(258.,266.,-1.110223024625E-14));
#1320 = LINE('',#1321,#1322);
#1321 = CARTESIAN_POINT('',(258.,268.,2.));
#1322 = VECTOR('',#1323,1.);
#1323 = DIRECTION('',(-5.612704753749E-34,-0.707106781187,
    -0.707106781187));
#1324 = ORIENTED_EDGE('',*,*,#1325,.F.);
#1325 = EDGE_CURVE('',#1262,#1318,#1326,.T.);
#1326 = LINE('',#1327,#1328);
#1327 = CARTESIAN_POINT('',(-258.,266.,0.));
#1328 = VECTOR('',#1329,1.);
#1329 = DIRECTION('',(1.,0.,-0.));
#1330 = PLANE('',#1331);
#1331 = AXIS2_PLACEMENT_3D('',#1332,#1333,#1334);
#1332 = CARTESIAN_POINT('',(-258.,268.,2.));
#1333 = DIRECTION('',(-1.415442289654E-17,-0.707106781187,0.707106781187
    ));
#1334 = DIRECTION('',(-1.,1.000868841393E-17,-1.000868841393E-17));
#1335 = ADVANCED_FACE('',(#1336),#1355,.T.);
#1336 = FACE_BOUND('',#1337,.T.);
#1337 = EDGE_LOOP('',(#1338,#1339,#1340,#1348));
#1338 = ORIENTED_EDGE('',*,*,#1317,.F.);
#1339 = ORIENTED_EDGE('',*,*,#1035,.T.);
#1340 = ORIENTED_EDGE('',*,*,#1341,.T.);
#1341 = EDGE_CURVE('',#1026,#1342,#1344,.T.);
#1342 = VERTEX_POINT('',#1343);
#1343 = CARTESIAN_POINT('',(266.,258.,0.));
#1344 = LINE('',#1345,#1346);
#1345 = CARTESIAN_POINT('',(270.,258.,4.));
#1346 = VECTOR('',#1347,1.);
#1347 = DIRECTION('',(-0.707106781187,-4.329780281177E-17,
    -0.707106781187));
#1348 = ORIENTED_EDGE('',*,*,#1349,.F.);
#1349 = EDGE_CURVE('',#1318,#1342,#1350,.T.);
#1350 = CIRCLE('',#1351,8.);
#1351 = AXIS2_PLACEMENT_3D('',#1352,#1353,#1354);
#1352 = CARTESIAN_POINT('',(258.,258.,0.));
#1353 = DIRECTION('',(0.,-0.,-1.));
#1354 = DIRECTION('',(0.,1.,-0.));
#1355 = CONICAL_SURFACE('',#1356,12.,0.785398163397);
#1356 = AXIS2_PLACEMENT_3D('',#1357,#1358,#1359);
#1357 = CARTESIAN_POINT('',(258.,258.,4.));
#1358 = DIRECTION('',(0.,0.,1.));
#1359 = DIRECTION('',(0.,1.,0.));
#1360 = ADVANCED_FACE('',(#1361),#1386,.T.);
#1361 = FACE_BOUND('',#1362,.T.);
#1362 = EDGE_LOOP('',(#1363,#1371,#1379,#1385));
#1363 = ORIENTED_EDGE('',*,*,#1364,.F.);
#1364 = EDGE_CURVE('',#1365,#1053,#1367,.T.);
#1365 = VERTEX_POINT('',#1366);
#1366 = CARTESIAN_POINT('',(267.5,0.,25.));
#1367 = LINE('',#1368,#1369);
#1368 = CARTESIAN_POINT('',(267.5,-1.E+03,25.));
#1369 = VECTOR('',#1370,1.);
#1370 = DIRECTION('',(0.,1.,0.));
#1371 = ORIENTED_EDGE('',*,*,#1372,.F.);
#1372 = EDGE_CURVE('',#1373,#1365,#1375,.T.);
#1373 = VERTEX_POINT('',#1374);
#1374 = CARTESIAN_POINT('',(270.,0.,22.319078224938));
#1375 = LINE('',#1376,#1377);
#1376 = CARTESIAN_POINT('',(463.16575206071,1.110223024625E-13,
    -184.8258301333));
#1377 = VECTOR('',#1378,1.);
#1378 = DIRECTION('',(-0.681998360062,0.,0.731353701619));
#1379 = ORIENTED_EDGE('',*,*,#1380,.F.);
#1380 = EDGE_CURVE('',#1028,#1373,#1381,.T.);
#1381 = LINE('',#1382,#1383);
#1382 = CARTESIAN_POINT('',(270.,-635.,22.319078224938));
#1383 = VECTOR('',#1384,1.);
#1384 = DIRECTION('',(0.,-1.,0.));
#1385 = ORIENTED_EDGE('',*,*,#1061,.T.);
#1386 = PLANE('',#1387);
#1387 = AXIS2_PLACEMENT_3D('',#1388,#1389,#1390);
#1388 = CARTESIAN_POINT('',(272.,-1.E+03,20.174340804889));
#1389 = DIRECTION('',(0.731353701619,0.,0.681998360062));
#1390 = DIRECTION('',(-0.681998360062,0.,0.731353701619));
#1391 = ADVANCED_FACE('',(#1392,#1429,#1440),#1451,.T.);
#1392 = FACE_BOUND('',#1393,.T.);
#1393 = EDGE_LOOP('',(#1394,#1395,#1396,#1404,#1413,#1421,#1427,#1428));
#1394 = ORIENTED_EDGE('',*,*,#1076,.T.);
#1395 = ORIENTED_EDGE('',*,*,#1102,.F.);
#1396 = ORIENTED_EDGE('',*,*,#1397,.F.);
#1397 = EDGE_CURVE('',#1398,#1103,#1400,.T.);
#1398 = VERTEX_POINT('',#1399);
#1399 = CARTESIAN_POINT('',(195.,200.,25.));
#1400 = LINE('',#1401,#1402);
#1401 = CARTESIAN_POINT('',(-235.,200.,25.));
#1402 = VECTOR('',#1403,1.);
#1403 = DIRECTION('',(-1.,-0.,0.));
#1404 = ORIENTED_EDGE('',*,*,#1405,.F.);
#1405 = EDGE_CURVE('',#1406,#1398,#1408,.T.);
#1406 = VERTEX_POINT('',#1407);
#1407 = CARTESIAN_POINT('',(200.,195.,25.));
#1408 = CIRCLE('',#1409,5.);
#1409 = AXIS2_PLACEMENT_3D('',#1410,#1411,#1412);
#1410 = CARTESIAN_POINT('',(195.,195.,25.));
#1411 = DIRECTION('',(0.,0.,1.));
#1412 = DIRECTION('',(1.,0.,-0.));
#1413 = ORIENTED_EDGE('',*,*,#1414,.F.);
#1414 = EDGE_CURVE('',#1415,#1406,#1417,.T.);
#1415 = VERTEX_POINT('',#1416);
#1416 = CARTESIAN_POINT('',(200.,0.,25.));
#1417 = LINE('',#1418,#1419);
#1418 = CARTESIAN_POINT('',(200.,-235.,25.));
#1419 = VECTOR('',#1420,1.);
#1420 = DIRECTION('',(-0.,1.,0.));
#1421 = ORIENTED_EDGE('',*,*,#1422,.F.);
#1422 = EDGE_CURVE('',#1365,#1415,#1423,.T.);
#1423 = LINE('',#1424,#1425);
#1424 = CARTESIAN_POINT('',(-135.,0.,25.));
#1425 = VECTOR('',#1426,1.);
#1426 = DIRECTION('',(-1.,0.,0.));
#1427 = ORIENTED_EDGE('',*,*,#1364,.T.);
#1428 = ORIENTED_EDGE('',*,*,#1052,.T.);
#1429 = FACE_BOUND('',#1430,.T.);
#1430 = EDGE_LOOP('',(#1431));
#1431 = ORIENTED_EDGE('',*,*,#1432,.F.);
#1432 = EDGE_CURVE('',#1433,#1433,#1435,.T.);
#1433 = VERTEX_POINT('',#1434);
#1434 = CARTESIAN_POINT('',(12.5,245.,25.));
#1435 = CIRCLE('',#1436,5.);
#1436 = AXIS2_PLACEMENT_3D('',#1437,#1438,#1439);
#1437 = CARTESIAN_POINT('',(12.5,240.,25.));
#1438 = DIRECTION('',(0.,0.,1.));
#1439 = DIRECTION('',(1.110223024625E-16,1.,-0.));
#1440 = FACE_BOUND('',#1441,.T.);
#1441 = EDGE_LOOP('',(#1442));
#1442 = ORIENTED_EDGE('',*,*,#1443,.F.);
#1443 = EDGE_CURVE('',#1444,#1444,#1446,.T.);
#1444 = VERTEX_POINT('',#1445);
#1445 = CARTESIAN_POINT('',(12.5,263.,25.));
#1446 = CIRCLE('',#1447,5.);
#1447 = AXIS2_PLACEMENT_3D('',#1448,#1449,#1450);
#1448 = CARTESIAN_POINT('',(12.5,258.,25.));
#1449 = DIRECTION('',(0.,0.,1.));
#1450 = DIRECTION('',(1.110223024625E-16,1.,-0.));
#1451 = PLANE('',#1452);
#1452 = AXIS2_PLACEMENT_3D('',#1453,#1454,#1455);
#1453 = CARTESIAN_POINT('',(-270.,-270.,25.));
#1454 = DIRECTION('',(0.,0.,1.));
#1455 = DIRECTION('',(1.,0.,-0.));
#1456 = ADVANCED_FACE('',(#1457,#1477,#1488,#1499),#1510,.F.);
#1457 = FACE_BOUND('',#1458,.F.);
#1458 = EDGE_LOOP('',(#1459,#1467,#1473,#1474,#1475,#1476));
#1459 = ORIENTED_EDGE('',*,*,#1460,.F.);
#1460 = EDGE_CURVE('',#1461,#1398,#1463,.T.);
#1461 = VERTEX_POINT('',#1462);
#1462 = CARTESIAN_POINT('',(195.,200.,3.5));
#1463 = LINE('',#1464,#1465);
#1464 = CARTESIAN_POINT('',(195.,200.,-1.));
#1465 = VECTOR('',#1466,1.);
#1466 = DIRECTION('',(0.,0.,1.));
#1467 = ORIENTED_EDGE('',*,*,#1468,.F.);
#1468 = EDGE_CURVE('',#1278,#1461,#1469,.T.);
#1469 = LINE('',#1470,#1471);
#1470 = CARTESIAN_POINT('',(-201.,200.,3.5));
#1471 = VECTOR('',#1472,1.);
#1472 = DIRECTION('',(1.,0.,-0.));
#1473 = ORIENTED_EDGE('',*,*,#1277,.F.);
#1474 = ORIENTED_EDGE('',*,*,#1133,.F.);
#1475 = ORIENTED_EDGE('',*,*,#1110,.F.);
#1476 = ORIENTED_EDGE('',*,*,#1397,.F.);
#1477 = FACE_BOUND('',#1478,.F.);
#1478 = EDGE_LOOP('',(#1479));
#1479 = ORIENTED_EDGE('',*,*,#1480,.F.);
#1480 = EDGE_CURVE('',#1481,#1481,#1483,.T.);
#1481 = VERTEX_POINT('',#1482);
#1482 = CARTESIAN_POINT('',(63.5,200.,19.));
#1483 = CIRCLE('',#1484,2.);
#1484 = AXIS2_PLACEMENT_3D('',#1485,#1486,#1487);
#1485 = CARTESIAN_POINT('',(63.5,200.,17.));
#1486 = DIRECTION('',(1.110223024625E-16,1.,0.));
#1487 = DIRECTION('',(0.,-0.,1.));
#1488 = FACE_BOUND('',#1489,.F.);
#1489 = EDGE_LOOP('',(#1490));
#1490 = ORIENTED_EDGE('',*,*,#1491,.F.);
#1491 = EDGE_CURVE('',#1492,#1492,#1494,.T.);
#1492 = VERTEX_POINT('',#1493);
#1493 = CARTESIAN_POINT('',(109.5,200.,19.));
#1494 = CIRCLE('',#1495,2.);
#1495 = AXIS2_PLACEMENT_3D('',#1496,#1497,#1498);
#1496 = CARTESIAN_POINT('',(109.5,200.,17.));
#1497 = DIRECTION('',(1.110223024625E-16,1.,0.));
#1498 = DIRECTION('',(0.,-0.,1.));
#1499 = FACE_BOUND('',#1500,.F.);
#1500 = EDGE_LOOP('',(#1501));
#1501 = ORIENTED_EDGE('',*,*,#1502,.F.);
#1502 = EDGE_CURVE('',#1503,#1503,#1505,.T.);
#1503 = VERTEX_POINT('',#1504);
#1504 = CARTESIAN_POINT('',(155.5,200.,19.));
#1505 = CIRCLE('',#1506,2.);
#1506 = AXIS2_PLACEMENT_3D('',#1507,#1508,#1509);
#1507 = CARTESIAN_POINT('',(155.5,200.,17.));
#1508 = DIRECTION('',(1.110223024625E-16,1.,0.));
#1509 = DIRECTION('',(0.,-0.,1.));
#1510 = PLANE('',#1511);
#1511 = AXIS2_PLACEMENT_3D('',#1512,#1513,#1514);
#1512 = CARTESIAN_POINT('',(-200.,200.,-1.));
#1513 = DIRECTION('',(-0.,1.,0.));
#1514 = DIRECTION('',(0.,0.,1.));
#1515 = ADVANCED_FACE('',(#1516),#1535,.F.);
#1516 = FACE_BOUND('',#1517,.F.);
#1517 = EDGE_LOOP('',(#1518,#1519,#1527,#1534));
#1518 = ORIENTED_EDGE('',*,*,#1150,.T.);
#1519 = ORIENTED_EDGE('',*,*,#1520,.T.);
#1520 = EDGE_CURVE('',#1151,#1521,#1523,.T.);
#1521 = VERTEX_POINT('',#1522);
#1522 = CARTESIAN_POINT('',(12.5,242.75,19.));
#1523 = LINE('',#1524,#1525);
#1524 = CARTESIAN_POINT('',(12.5,242.75,-1.));
#1525 = VECTOR('',#1526,1.);
#1526 = DIRECTION('',(0.,0.,1.));
#1527 = ORIENTED_EDGE('',*,*,#1528,.F.);
#1528 = EDGE_CURVE('',#1521,#1521,#1529,.T.);
#1529 = CIRCLE('',#1530,2.75);
#1530 = AXIS2_PLACEMENT_3D('',#1531,#1532,#1533);
#1531 = CARTESIAN_POINT('',(12.5,240.,19.));
#1532 = DIRECTION('',(0.,0.,1.));
#1533 = DIRECTION('',(1.110223024625E-16,1.,-0.));
#1534 = ORIENTED_EDGE('',*,*,#1520,.F.);
#1535 = CYLINDRICAL_SURFACE('',#1536,2.75);
#1536 = AXIS2_PLACEMENT_3D('',#1537,#1538,#1539);
#1537 = CARTESIAN_POINT('',(12.5,240.,-1.));
#1538 = DIRECTION('',(0.,0.,1.));
#1539 = DIRECTION('',(1.110223024625E-16,1.,0.));
#1540 = ADVANCED_FACE('',(#1541),#1560,.F.);
#1541 = FACE_BOUND('',#1542,.F.);
#1542 = EDGE_LOOP('',(#1543,#1544,#1552,#1559));
#1543 = ORIENTED_EDGE('',*,*,#1161,.T.);
#1544 = ORIENTED_EDGE('',*,*,#1545,.T.);
#1545 = EDGE_CURVE('',#1162,#1546,#1548,.T.);
#1546 = VERTEX_POINT('',#1547);
#1547 = CARTESIAN_POINT('',(12.5,260.75,19.));
#1548 = LINE('',#1549,#1550);
#1549 = CARTESIAN_POINT('',(12.5,260.75,-1.));
#1550 = VECTOR('',#1551,1.);
#1551 = DIRECTION('',(0.,0.,1.));
#1552 = ORIENTED_EDGE('',*,*,#1553,.F.);
#1553 = EDGE_CURVE('',#1546,#1546,#1554,.T.);
#1554 = CIRCLE('',#1555,2.75);
#1555 = AXIS2_PLACEMENT_3D('',#1556,#1557,#1558);
#1556 = CARTESIAN_POINT('',(12.5,258.,19.));
#1557 = DIRECTION('',(0.,0.,1.));
#1558 = DIRECTION('',(1.110223024625E-16,1.,-0.));
#1559 = ORIENTED_EDGE('',*,*,#1545,.F.);
#1560 = CYLINDRICAL_SURFACE('',#1561,2.75);
#1561 = AXIS2_PLACEMENT_3D('',#1562,#1563,#1564);
#1562 = CARTESIAN_POINT('',(12.5,258.,-1.));
#1563 = DIRECTION('',(0.,0.,1.));
#1564 = DIRECTION('',(1.110223024625E-16,1.,0.));
#1565 = ADVANCED_FACE('',(#1566),#1591,.T.);
#1566 = FACE_BOUND('',#1567,.T.);
#1567 = EDGE_LOOP('',(#1568,#1576,#1584,#1590));
#1568 = ORIENTED_EDGE('',*,*,#1569,.F.);
#1569 = EDGE_CURVE('',#1570,#1179,#1572,.T.);
#1570 = VERTEX_POINT('',#1571);
#1571 = CARTESIAN_POINT('',(192.,195.,-22.));
#1572 = LINE('',#1573,#1574);
#1573 = CARTESIAN_POINT('',(-197.,195.,-22.));
#1574 = VECTOR('',#1575,1.);
#1575 = DIRECTION('',(-1.,-0.,0.));
#1576 = ORIENTED_EDGE('',*,*,#1577,.T.);
#1577 = EDGE_CURVE('',#1570,#1578,#1580,.T.);
#1578 = VERTEX_POINT('',#1579);
#1579 = CARTESIAN_POINT('',(192.,195.,2.));
#1580 = LINE('',#1581,#1582);
#1581 = CARTESIAN_POINT('',(192.,195.,-23.));
#1582 = VECTOR('',#1583,1.);
#1583 = DIRECTION('',(0.,0.,1.));
#1584 = ORIENTED_EDGE('',*,*,#1585,.T.);
#1585 = EDGE_CURVE('',#1578,#1181,#1586,.T.);
#1586 = LINE('',#1587,#1588);
#1587 = CARTESIAN_POINT('',(-197.,195.,2.));
#1588 = VECTOR('',#1589,1.);
#1589 = DIRECTION('',(-1.,-0.,0.));
#1590 = ORIENTED_EDGE('',*,*,#1178,.F.);
#1591 = PLANE('',#1592);
#1592 = AXIS2_PLACEMENT_3D('',#1593,#1594,#1595);
#1593 = CARTESIAN_POINT('',(0.,195.,-10.));
#1594 = DIRECTION('',(-0.,-1.,-0.));
#1595 = DIRECTION('',(0.,0.,-1.));
#1596 = ADVANCED_FACE('',(#1597),#1622,.F.);
#1597 = FACE_BOUND('',#1598,.T.);
#1598 = EDGE_LOOP('',(#1599,#1609,#1615,#1616));
#1599 = ORIENTED_EDGE('',*,*,#1600,.F.);
#1600 = EDGE_CURVE('',#1601,#1603,#1605,.T.);
#1601 = VERTEX_POINT('',#1602);
#1602 = CARTESIAN_POINT('',(192.,198.,3.5));
#1603 = VERTEX_POINT('',#1604);
#1604 = CARTESIAN_POINT('',(192.,196.5,2.));
#1605 = LINE('',#1606,#1607);
#1606 = CARTESIAN_POINT('',(192.,195.,0.5));
#1607 = VECTOR('',#1608,1.);
#1608 = DIRECTION('',(-4.329780281177E-17,-0.707106781187,
    -0.707106781187));
#1609 = ORIENTED_EDGE('',*,*,#1610,.T.);
#1610 = EDGE_CURVE('',#1601,#1286,#1611,.T.);
#1611 = LINE('',#1612,#1613);
#1612 = CARTESIAN_POINT('',(192.,198.,3.5));
#1613 = VECTOR('',#1614,1.);
#1614 = DIRECTION('',(-1.,-0.,0.));
#1615 = ORIENTED_EDGE('',*,*,#1293,.F.);
#1616 = ORIENTED_EDGE('',*,*,#1617,.F.);
#1617 = EDGE_CURVE('',#1603,#1294,#1618,.T.);
#1618 = LINE('',#1619,#1620);
#1619 = CARTESIAN_POINT('',(-3.5,196.5,2.));
#1620 = VECTOR('',#1621,1.);
#1621 = DIRECTION('',(-1.,-8.307270137913E-19,0.));
#1622 = PLANE('',#1623);
#1623 = AXIS2_PLACEMENT_3D('',#1624,#1625,#1626);
#1624 = CARTESIAN_POINT('',(192.,196.5,2.));
#1625 = DIRECTION('',(-5.874127047667E-19,0.707106781187,-0.707106781187
    ));
#1626 = DIRECTION('',(1.,4.153635068956E-19,-4.153635068956E-19));
#1627 = ADVANCED_FACE('',(#1628),#1653,.F.);
#1628 = FACE_BOUND('',#1629,.F.);
#1629 = EDGE_LOOP('',(#1630,#1640,#1646,#1647));
#1630 = ORIENTED_EDGE('',*,*,#1631,.F.);
#1631 = EDGE_CURVE('',#1632,#1634,#1636,.T.);
#1632 = VERTEX_POINT('',#1633);
#1633 = CARTESIAN_POINT('',(195.,230.,0.));
#1634 = VERTEX_POINT('',#1635);
#1635 = CARTESIAN_POINT('',(195.,230.,2.));
#1636 = LINE('',#1637,#1638);
#1637 = CARTESIAN_POINT('',(195.,230.,-1.));
#1638 = VECTOR('',#1639,1.);
#1639 = DIRECTION('',(0.,0.,1.));
#1640 = ORIENTED_EDGE('',*,*,#1641,.T.);
#1641 = EDGE_CURVE('',#1632,#1254,#1642,.T.);
#1642 = LINE('',#1643,#1644);
#1643 = CARTESIAN_POINT('',(-250.,230.,0.));
#1644 = VECTOR('',#1645,1.);
#1645 = DIRECTION('',(-1.,-0.,0.));
#1646 = ORIENTED_EDGE('',*,*,#1253,.F.);
#1647 = ORIENTED_EDGE('',*,*,#1648,.T.);
#1648 = EDGE_CURVE('',#1246,#1634,#1649,.T.);
#1649 = LINE('',#1650,#1651);
#1650 = CARTESIAN_POINT('',(-230.,230.,2.));
#1651 = VECTOR('',#1652,1.);
#1652 = DIRECTION('',(1.,0.,-0.));
#1653 = PLANE('',#1654);
#1654 = AXIS2_PLACEMENT_3D('',#1655,#1656,#1657);
#1655 = CARTESIAN_POINT('',(-230.,230.,-1.));
#1656 = DIRECTION('',(-0.,1.,0.));
#1657 = DIRECTION('',(0.,0.,1.));
#1658 = ADVANCED_FACE('',(#1659),#1740,.T.);
#1659 = FACE_BOUND('',#1660,.T.);
#1660 = EDGE_LOOP('',(#1661,#1671,#1679,#1687,#1695,#1703,#1711,#1719,
    #1727,#1733,#1734));
#1661 = ORIENTED_EDGE('',*,*,#1662,.F.);
#1662 = EDGE_CURVE('',#1663,#1665,#1667,.T.);
#1663 = VERTEX_POINT('',#1664);
#1664 = CARTESIAN_POINT('',(195.,205.,0.));
#1665 = VERTEX_POINT('',#1666);
#1666 = CARTESIAN_POINT('',(195.,205.,2.));
#1667 = LINE('',#1668,#1669);
#1668 = CARTESIAN_POINT('',(195.,205.,-2.));
#1669 = VECTOR('',#1670,1.);
#1670 = DIRECTION('',(0.,0.,1.));
#1671 = ORIENTED_EDGE('',*,*,#1672,.T.);
#1672 = EDGE_CURVE('',#1663,#1673,#1675,.T.);
#1673 = VERTEX_POINT('',#1674);
#1674 = CARTESIAN_POINT('',(187.39897948556,205.,0.));
#1675 = LINE('',#1676,#1677);
#1676 = CARTESIAN_POINT('',(-237.5,205.,0.));
#1677 = VECTOR('',#1678,1.);
#1678 = DIRECTION('',(-1.,-0.,0.));
#1679 = ORIENTED_EDGE('',*,*,#1680,.T.);
#1680 = EDGE_CURVE('',#1673,#1681,#1683,.T.);
#1681 = VERTEX_POINT('',#1682);
#1682 = CARTESIAN_POINT('',(177.60102051443,205.,0.));
#1683 = LINE('',#1684,#1685);
#1684 = CARTESIAN_POINT('',(-237.5,205.,0.));
#1685 = VECTOR('',#1686,1.);
#1686 = DIRECTION('',(-1.,-0.,0.));
#1687 = ORIENTED_EDGE('',*,*,#1688,.T.);
#1688 = EDGE_CURVE('',#1681,#1689,#1691,.T.);
#1689 = VERTEX_POINT('',#1690);
#1690 = CARTESIAN_POINT('',(135.2561223427,205.,0.));
#1691 = LINE('',#1692,#1693);
#1692 = CARTESIAN_POINT('',(-237.5,205.,0.));
#1693 = VECTOR('',#1694,1.);
#1694 = DIRECTION('',(-1.,-0.,0.));
#1695 = ORIENTED_EDGE('',*,*,#1696,.T.);
#1696 = EDGE_CURVE('',#1689,#1697,#1699,.T.);
#1697 = VERTEX_POINT('',#1698);
#1698 = CARTESIAN_POINT('',(125.45816337157,205.,0.));
#1699 = LINE('',#1700,#1701);
#1700 = CARTESIAN_POINT('',(-237.5,205.,0.));
#1701 = VECTOR('',#1702,1.);
#1702 = DIRECTION('',(-1.,-0.,0.));
#1703 = ORIENTED_EDGE('',*,*,#1704,.T.);
#1704 = EDGE_CURVE('',#1697,#1705,#1707,.T.);
#1705 = VERTEX_POINT('',#1706);
#1706 = CARTESIAN_POINT('',(83.113265199852,205.,0.));
#1707 = LINE('',#1708,#1709);
#1708 = CARTESIAN_POINT('',(-237.5,205.,0.));
#1709 = VECTOR('',#1710,1.);
#1710 = DIRECTION('',(-1.,-0.,0.));
#1711 = ORIENTED_EDGE('',*,*,#1712,.T.);
#1712 = EDGE_CURVE('',#1705,#1713,#1715,.T.);
#1713 = VERTEX_POINT('',#1714);
#1714 = CARTESIAN_POINT('',(73.315306228719,205.,0.));
#1715 = LINE('',#1716,#1717);
#1716 = CARTESIAN_POINT('',(-237.5,205.,0.));
#1717 = VECTOR('',#1718,1.);
#1718 = DIRECTION('',(-1.,-0.,0.));
#1719 = ORIENTED_EDGE('',*,*,#1720,.T.);
#1720 = EDGE_CURVE('',#1713,#1721,#1723,.T.);
#1721 = VERTEX_POINT('',#1722);
#1722 = CARTESIAN_POINT('',(30.970408056995,205.,0.));
#1723 = LINE('',#1724,#1725);
#1724 = CARTESIAN_POINT('',(-237.5,205.,0.));
#1725 = VECTOR('',#1726,1.);
#1726 = DIRECTION('',(-1.,-0.,0.));
#1727 = ORIENTED_EDGE('',*,*,#1728,.T.);
#1728 = EDGE_CURVE('',#1721,#1230,#1729,.T.);
#1729 = LINE('',#1730,#1731);
#1730 = CARTESIAN_POINT('',(-237.5,205.,0.));
#1731 = VECTOR('',#1732,1.);
#1732 = DIRECTION('',(-1.,-0.,0.));
#1733 = ORIENTED_EDGE('',*,*,#1237,.F.);
#1734 = ORIENTED_EDGE('',*,*,#1735,.F.);
#1735 = EDGE_CURVE('',#1665,#1238,#1736,.T.);
#1736 = LINE('',#1737,#1738);
#1737 = CARTESIAN_POINT('',(-217.5,205.,2.));
#1738 = VECTOR('',#1739,1.);
#1739 = DIRECTION('',(-1.,-0.,0.));
#1740 = PLANE('',#1741);
#1741 = AXIS2_PLACEMENT_3D('',#1742,#1743,#1744);
#1742 = CARTESIAN_POINT('',(-205.,205.,-2.));
#1743 = DIRECTION('',(-0.,1.,0.));
#1744 = DIRECTION('',(0.,0.,1.));
#1745 = ADVANCED_FACE('',(#1746),#1757,.T.);
#1746 = FACE_BOUND('',#1747,.T.);
#1747 = EDGE_LOOP('',(#1748,#1749,#1756));
#1748 = ORIENTED_EDGE('',*,*,#1728,.F.);
#1749 = ORIENTED_EDGE('',*,*,#1750,.F.);
#1750 = EDGE_CURVE('',#1221,#1721,#1751,.T.);
#1751 = CIRCLE('',#1752,5.5);
#1752 = AXIS2_PLACEMENT_3D('',#1753,#1754,#1755);
#1753 = CARTESIAN_POINT('',(26.071428571429,202.5,0.));
#1754 = DIRECTION('',(0.,0.,-1.));
#1755 = DIRECTION('',(-1.,0.,-0.));
#1756 = ORIENTED_EDGE('',*,*,#1229,.F.);
#1757 = PLANE('',#1758);
#1758 = AXIS2_PLACEMENT_3D('',#1759,#1760,#1761);
#1759 = CARTESIAN_POINT('',(26.071428571428,205.96051605988,0.));
#1760 = DIRECTION('',(0.,0.,1.));
#1761 = DIRECTION('',(1.,0.,-0.));
#1762 = ADVANCED_FACE('',(#1763),#1801,.T.);
#1763 = FACE_BOUND('',#1764,.T.);
#1764 = EDGE_LOOP('',(#1765,#1774,#1775,#1776,#1785,#1794));
#1765 = ORIENTED_EDGE('',*,*,#1766,.F.);
#1766 = EDGE_CURVE('',#1213,#1767,#1769,.T.);
#1767 = VERTEX_POINT('',#1768);
#1768 = CARTESIAN_POINT('',(30.071428571429,202.5,-1.5));
#1769 = CIRCLE('',#1770,4.);
#1770 = AXIS2_PLACEMENT_3D('',#1771,#1772,#1773);
#1771 = CARTESIAN_POINT('',(26.071428571429,202.5,-1.5));
#1772 = DIRECTION('',(0.,0.,-1.));
#1773 = DIRECTION('',(-1.,0.,-0.));
#1774 = ORIENTED_EDGE('',*,*,#1220,.F.);
#1775 = ORIENTED_EDGE('',*,*,#1750,.T.);
#1776 = ORIENTED_EDGE('',*,*,#1777,.T.);
#1777 = EDGE_CURVE('',#1721,#1778,#1780,.T.);
#1778 = VERTEX_POINT('',#1779);
#1779 = CARTESIAN_POINT('',(30.314069258548,199.,0.));
#1780 = CIRCLE('',#1781,5.5);
#1781 = AXIS2_PLACEMENT_3D('',#1782,#1783,#1784);
#1782 = CARTESIAN_POINT('',(26.071428571429,202.5,0.));
#1783 = DIRECTION('',(0.,0.,-1.));
#1784 = DIRECTION('',(-1.,0.,-0.));
#1785 = ORIENTED_EDGE('',*,*,#1786,.F.);
#1786 = EDGE_CURVE('',#1787,#1778,#1789,.T.);
#1787 = VERTEX_POINT('',#1788);
#1788 = CARTESIAN_POINT('',(28.007920244532,199.,-1.5));
#1789 = HYPERBOLA('',#1790,3.5,3.5);
#1790 = AXIS2_PLACEMENT_3D('',#1791,#1792,#1793);
#1791 = CARTESIAN_POINT('',(26.071428571429,199.,-5.5));
#1792 = DIRECTION('',(-0.,1.,0.));
#1793 = DIRECTION('',(-0.,-0.,1.));
#1794 = ORIENTED_EDGE('',*,*,#1795,.F.);
#1795 = EDGE_CURVE('',#1767,#1787,#1796,.T.);
#1796 = CIRCLE('',#1797,4.);
#1797 = AXIS2_PLACEMENT_3D('',#1798,#1799,#1800);
#1798 = CARTESIAN_POINT('',(26.071428571429,202.5,-1.5));
#1799 = DIRECTION('',(0.,0.,-1.));
#1800 = DIRECTION('',(-1.,0.,-0.));
#1801 = CONICAL_SURFACE('',#1802,5.5,0.785398163397);
#1802 = AXIS2_PLACEMENT_3D('',#1803,#1804,#1805);
#1803 = CARTESIAN_POINT('',(26.071428571429,202.5,0.));
#1804 = DIRECTION('',(-0.,-0.,1.));
#1805 = DIRECTION('',(-1.,0.,-0.));
#1806 = ADVANCED_FACE('',(#1807),#1836,.T.);
#1807 = FACE_BOUND('',#1808,.T.);
#1808 = EDGE_LOOP('',(#1809,#1820,#1827,#1828,#1829,#1830));
#1809 = ORIENTED_EDGE('',*,*,#1810,.T.);
#1810 = EDGE_CURVE('',#1811,#1813,#1815,.T.);
#1811 = VERTEX_POINT('',#1812);
#1812 = CARTESIAN_POINT('',(28.007920244532,199.,-3.));
#1813 = VERTEX_POINT('',#1814);
#1814 = CARTESIAN_POINT('',(30.071428571429,202.5,-3.));
#1815 = CIRCLE('',#1816,4.);
#1816 = AXIS2_PLACEMENT_3D('',#1817,#1818,#1819);
#1817 = CARTESIAN_POINT('',(26.071428571429,202.5,-3.));
#1818 = DIRECTION('',(0.,0.,1.));
#1819 = DIRECTION('',(1.,0.,-0.));
#1820 = ORIENTED_EDGE('',*,*,#1821,.T.);
#1821 = EDGE_CURVE('',#1813,#1205,#1822,.T.);
#1822 = CIRCLE('',#1823,4.);
#1823 = AXIS2_PLACEMENT_3D('',#1824,#1825,#1826);
#1824 = CARTESIAN_POINT('',(26.071428571429,202.5,-3.));
#1825 = DIRECTION('',(0.,0.,1.));
#1826 = DIRECTION('',(1.,0.,-0.));
#1827 = ORIENTED_EDGE('',*,*,#1212,.T.);
#1828 = ORIENTED_EDGE('',*,*,#1766,.T.);
#1829 = ORIENTED_EDGE('',*,*,#1795,.T.);
#1830 = ORIENTED_EDGE('',*,*,#1831,.F.);
#1831 = EDGE_CURVE('',#1811,#1787,#1832,.T.);
#1832 = LINE('',#1833,#1834);
#1833 = CARTESIAN_POINT('',(28.007920244532,199.,-3.));
#1834 = VECTOR('',#1835,1.);
#1835 = DIRECTION('',(0.,0.,1.));
#1836 = CYLINDRICAL_SURFACE('',#1837,4.);
#1837 = AXIS2_PLACEMENT_3D('',#1838,#1839,#1840);
#1838 = CARTESIAN_POINT('',(26.071428571429,202.5,-3.));
#1839 = DIRECTION('',(0.,0.,1.));
#1840 = DIRECTION('',(1.,0.,-0.));
#1841 = ADVANCED_FACE('',(#1842),#1853,.F.);
#1842 = FACE_BOUND('',#1843,.F.);
#1843 = EDGE_LOOP('',(#1844,#1850,#1851,#1852));
#1844 = ORIENTED_EDGE('',*,*,#1845,.T.);
#1845 = EDGE_CURVE('',#1197,#1811,#1846,.T.);
#1846 = LINE('',#1847,#1848);
#1847 = CARTESIAN_POINT('',(-86.46428571428,199.,-3.));
#1848 = VECTOR('',#1849,1.);
#1849 = DIRECTION('',(1.,0.,-0.));
#1850 = ORIENTED_EDGE('',*,*,#1810,.T.);
#1851 = ORIENTED_EDGE('',*,*,#1821,.T.);
#1852 = ORIENTED_EDGE('',*,*,#1204,.F.);
#1853 = PLANE('',#1854);
#1854 = AXIS2_PLACEMENT_3D('',#1855,#1856,#1857);
#1855 = CARTESIAN_POINT('',(26.071428571429,202.5,-3.));
#1856 = DIRECTION('',(0.,0.,1.));
#1857 = DIRECTION('',(1.,0.,-0.));
#1858 = ADVANCED_FACE('',(#1859),#2037,.T.);
#1859 = FACE_BOUND('',#1860,.T.);
#1860 = EDGE_LOOP('',(#1861,#1869,#1870,#1871,#1872,#1873,#1881,#1890,
    #1898,#1906,#1914,#1923,#1931,#1940,#1948,#1956,#1964,#1973,#1981,
    #1990,#1998,#2006,#2014,#2023,#2031));
#1861 = ORIENTED_EDGE('',*,*,#1862,.F.);
#1862 = EDGE_CURVE('',#1189,#1863,#1865,.T.);
#1863 = VERTEX_POINT('',#1864);
#1864 = CARTESIAN_POINT('',(195.,199.,-22.));
#1865 = LINE('',#1866,#1867);
#1866 = CARTESIAN_POINT('',(-199.,199.,-22.));
#1867 = VECTOR('',#1868,1.);
#1868 = DIRECTION('',(1.,0.,-0.));
#1869 = ORIENTED_EDGE('',*,*,#1196,.F.);
#1870 = ORIENTED_EDGE('',*,*,#1845,.T.);
#1871 = ORIENTED_EDGE('',*,*,#1831,.T.);
#1872 = ORIENTED_EDGE('',*,*,#1786,.T.);
#1873 = ORIENTED_EDGE('',*,*,#1874,.F.);
#1874 = EDGE_CURVE('',#1875,#1778,#1877,.T.);
#1875 = VERTEX_POINT('',#1876);
#1876 = CARTESIAN_POINT('',(73.971645027166,199.,0.));
#1877 = LINE('',#1878,#1879);
#1878 = CARTESIAN_POINT('',(-200.5,199.,0.));
#1879 = VECTOR('',#1880,1.);
#1880 = DIRECTION('',(-1.,-0.,0.));
#1881 = ORIENTED_EDGE('',*,*,#1882,.T.);
#1882 = EDGE_CURVE('',#1875,#1883,#1885,.T.);
#1883 = VERTEX_POINT('',#1884);
#1884 = CARTESIAN_POINT('',(76.277794041182,199.,-1.5));
#1885 = HYPERBOLA('',#1886,3.5,3.5);
#1886 = AXIS2_PLACEMENT_3D('',#1887,#1888,#1889);
#1887 = CARTESIAN_POINT('',(78.214285714286,199.,-5.5));
#1888 = DIRECTION('',(-0.,1.,0.));
#1889 = DIRECTION('',(-0.,-0.,1.));
#1890 = ORIENTED_EDGE('',*,*,#1891,.F.);
#1891 = EDGE_CURVE('',#1892,#1883,#1894,.T.);
#1892 = VERTEX_POINT('',#1893);
#1893 = CARTESIAN_POINT('',(76.277794041182,199.,-3.));
#1894 = LINE('',#1895,#1896);
#1895 = CARTESIAN_POINT('',(76.277794041182,199.,-3.));
#1896 = VECTOR('',#1897,1.);
#1897 = DIRECTION('',(0.,0.,1.));
#1898 = ORIENTED_EDGE('',*,*,#1899,.T.);
#1899 = EDGE_CURVE('',#1892,#1900,#1902,.T.);
#1900 = VERTEX_POINT('',#1901);
#1901 = CARTESIAN_POINT('',(80.150777387389,199.,-3.));
#1902 = LINE('',#1903,#1904);
#1903 = CARTESIAN_POINT('',(-60.39285714285,199.,-3.));
#1904 = VECTOR('',#1905,1.);
#1905 = DIRECTION('',(1.,0.,-0.));
#1906 = ORIENTED_EDGE('',*,*,#1907,.T.);
#1907 = EDGE_CURVE('',#1900,#1908,#1910,.T.);
#1908 = VERTEX_POINT('',#1909);
#1909 = CARTESIAN_POINT('',(80.150777387389,199.,-1.5));
#1910 = LINE('',#1911,#1912);
#1911 = CARTESIAN_POINT('',(80.150777387389,199.,-3.));
#1912 = VECTOR('',#1913,1.);
#1913 = DIRECTION('',(0.,0.,1.));
#1914 = ORIENTED_EDGE('',*,*,#1915,.T.);
#1915 = EDGE_CURVE('',#1908,#1916,#1918,.T.);
#1916 = VERTEX_POINT('',#1917);
#1917 = CARTESIAN_POINT('',(82.456926401405,199.,0.));
#1918 = HYPERBOLA('',#1919,3.5,3.5);
#1919 = AXIS2_PLACEMENT_3D('',#1920,#1921,#1922);
#1920 = CARTESIAN_POINT('',(78.214285714286,199.,-5.5));
#1921 = DIRECTION('',(-0.,1.,0.));
#1922 = DIRECTION('',(-0.,-0.,1.));
#1923 = ORIENTED_EDGE('',*,*,#1924,.F.);
#1924 = EDGE_CURVE('',#1925,#1916,#1927,.T.);
#1925 = VERTEX_POINT('',#1926);
#1926 = CARTESIAN_POINT('',(126.11450217002,199.,0.));
#1927 = LINE('',#1928,#1929);
#1928 = CARTESIAN_POINT('',(-200.5,199.,0.));
#1929 = VECTOR('',#1930,1.);
#1930 = DIRECTION('',(-1.,-0.,0.));
#1931 = ORIENTED_EDGE('',*,*,#1932,.T.);
#1932 = EDGE_CURVE('',#1925,#1933,#1935,.T.);
#1933 = VERTEX_POINT('',#1934);
#1934 = CARTESIAN_POINT('',(128.42065118403,199.,-1.5));
#1935 = HYPERBOLA('',#1936,3.5,3.5);
#1936 = AXIS2_PLACEMENT_3D('',#1937,#1938,#1939);
#1937 = CARTESIAN_POINT('',(130.35714285714,199.,-5.5));
#1938 = DIRECTION('',(-0.,1.,0.));
#1939 = DIRECTION('',(-0.,-0.,1.));
#1940 = ORIENTED_EDGE('',*,*,#1941,.F.);
#1941 = EDGE_CURVE('',#1942,#1933,#1944,.T.);
#1942 = VERTEX_POINT('',#1943);
#1943 = CARTESIAN_POINT('',(128.42065118403,199.,-3.));
#1944 = LINE('',#1945,#1946);
#1945 = CARTESIAN_POINT('',(128.42065118403,199.,-3.));
#1946 = VECTOR('',#1947,1.);
#1947 = DIRECTION('',(0.,0.,1.));
#1948 = ORIENTED_EDGE('',*,*,#1949,.T.);
#1949 = EDGE_CURVE('',#1942,#1950,#1952,.T.);
#1950 = VERTEX_POINT('',#1951);
#1951 = CARTESIAN_POINT('',(132.29363453024,199.,-3.));
#1952 = LINE('',#1953,#1954);
#1953 = CARTESIAN_POINT('',(-34.32142857142,199.,-3.));
#1954 = VECTOR('',#1955,1.);
#1955 = DIRECTION('',(1.,0.,-0.));
#1956 = ORIENTED_EDGE('',*,*,#1957,.T.);
#1957 = EDGE_CURVE('',#1950,#1958,#1960,.T.);
#1958 = VERTEX_POINT('',#1959);
#1959 = CARTESIAN_POINT('',(132.29363453024,199.,-1.5));
#1960 = LINE('',#1961,#1962);
#1961 = CARTESIAN_POINT('',(132.29363453024,199.,-3.));
#1962 = VECTOR('',#1963,1.);
#1963 = DIRECTION('',(0.,0.,1.));
#1964 = ORIENTED_EDGE('',*,*,#1965,.T.);
#1965 = EDGE_CURVE('',#1958,#1966,#1968,.T.);
#1966 = VERTEX_POINT('',#1967);
#1967 = CARTESIAN_POINT('',(134.59978354426,199.,0.));
#1968 = HYPERBOLA('',#1969,3.5,3.5);
#1969 = AXIS2_PLACEMENT_3D('',#1970,#1971,#1972);
#1970 = CARTESIAN_POINT('',(130.35714285714,199.,-5.5));
#1971 = DIRECTION('',(-0.,1.,0.));
#1972 = DIRECTION('',(-0.,-0.,1.));
#1973 = ORIENTED_EDGE('',*,*,#1974,.F.);
#1974 = EDGE_CURVE('',#1975,#1966,#1977,.T.);
#1975 = VERTEX_POINT('',#1976);
#1976 = CARTESIAN_POINT('',(178.25735931288,199.,0.));
#1977 = LINE('',#1978,#1979);
#1978 = CARTESIAN_POINT('',(-200.5,199.,0.));
#1979 = VECTOR('',#1980,1.);
#1980 = DIRECTION('',(-1.,-0.,0.));
#1981 = ORIENTED_EDGE('',*,*,#1982,.T.);
#1982 = EDGE_CURVE('',#1975,#1983,#1985,.T.);
#1983 = VERTEX_POINT('',#1984);
#1984 = CARTESIAN_POINT('',(180.56350832689,199.,-1.5));
#1985 = HYPERBOLA('',#1986,3.5,3.5);
#1986 = AXIS2_PLACEMENT_3D('',#1987,#1988,#1989);
#1987 = CARTESIAN_POINT('',(182.5,199.,-5.5));
#1988 = DIRECTION('',(-0.,1.,0.));
#1989 = DIRECTION('',(-0.,-0.,1.));
#1990 = ORIENTED_EDGE('',*,*,#1991,.F.);
#1991 = EDGE_CURVE('',#1992,#1983,#1994,.T.);
#1992 = VERTEX_POINT('',#1993);
#1993 = CARTESIAN_POINT('',(180.56350832689,199.,-3.));
#1994 = LINE('',#1995,#1996);
#1995 = CARTESIAN_POINT('',(180.56350832689,199.,-3.));
#1996 = VECTOR('',#1997,1.);
#1997 = DIRECTION('',(0.,0.,1.));
#1998 = ORIENTED_EDGE('',*,*,#1999,.T.);
#1999 = EDGE_CURVE('',#1992,#2000,#2002,.T.);
#2000 = VERTEX_POINT('',#2001);
#2001 = CARTESIAN_POINT('',(184.4364916731,199.,-3.));
#2002 = LINE('',#2003,#2004);
#2003 = CARTESIAN_POINT('',(-8.25,199.,-3.));
#2004 = VECTOR('',#2005,1.);
#2005 = DIRECTION('',(1.,0.,-0.));
#2006 = ORIENTED_EDGE('',*,*,#2007,.T.);
#2007 = EDGE_CURVE('',#2000,#2008,#2010,.T.);
#2008 = VERTEX_POINT('',#2009);
#2009 = CARTESIAN_POINT('',(184.4364916731,199.,-1.5));
#2010 = LINE('',#2011,#2012);
#2011 = CARTESIAN_POINT('',(184.4364916731,199.,-3.));
#2012 = VECTOR('',#2013,1.);
#2013 = DIRECTION('',(0.,0.,1.));
#2014 = ORIENTED_EDGE('',*,*,#2015,.T.);
#2015 = EDGE_CURVE('',#2008,#2016,#2018,.T.);
#2016 = VERTEX_POINT('',#2017);
#2017 = CARTESIAN_POINT('',(186.74264068711,199.,0.));
#2018 = HYPERBOLA('',#2019,3.5,3.5);
#2019 = AXIS2_PLACEMENT_3D('',#2020,#2021,#2022);
#2020 = CARTESIAN_POINT('',(182.5,199.,-5.5));
#2021 = DIRECTION('',(-0.,1.,0.));
#2022 = DIRECTION('',(-0.,-0.,1.));
#2023 = ORIENTED_EDGE('',*,*,#2024,.F.);
#2024 = EDGE_CURVE('',#2025,#2016,#2027,.T.);
#2025 = VERTEX_POINT('',#2026);
#2026 = CARTESIAN_POINT('',(195.,199.,0.));
#2027 = LINE('',#2028,#2029);
#2028 = CARTESIAN_POINT('',(-200.5,199.,0.));
#2029 = VECTOR('',#2030,1.);
#2030 = DIRECTION('',(-1.,-0.,0.));
#2031 = ORIENTED_EDGE('',*,*,#2032,.F.);
#2032 = EDGE_CURVE('',#1863,#2025,#2033,.T.);
#2033 = LINE('',#2034,#2035);
#2034 = CARTESIAN_POINT('',(195.,199.,-22.));
#2035 = VECTOR('',#2036,1.);
#2036 = DIRECTION('',(0.,0.,1.));
#2037 = PLANE('',#2038);
#2038 = AXIS2_PLACEMENT_3D('',#2039,#2040,#2041);
#2039 = CARTESIAN_POINT('',(-199.,199.,-22.));
#2040 = DIRECTION('',(-0.,1.,0.));
#2041 = DIRECTION('',(0.,0.,1.));
#2042 = ADVANCED_FACE('',(#2043),#2069,.F.);
#2043 = FACE_BOUND('',#2044,.F.);
#2044 = EDGE_LOOP('',(#2045,#2053,#2061,#2067,#2068));
#2045 = ORIENTED_EDGE('',*,*,#2046,.F.);
#2046 = EDGE_CURVE('',#2047,#1373,#2049,.T.);
#2047 = VERTEX_POINT('',#2048);
#2048 = CARTESIAN_POINT('',(270.,0.,12.25));
#2049 = LINE('',#2050,#2051);
#2050 = CARTESIAN_POINT('',(270.,0.,-500.));
#2051 = VECTOR('',#2052,1.);
#2052 = DIRECTION('',(0.,-0.,1.));
#2053 = ORIENTED_EDGE('',*,*,#2054,.F.);
#2054 = EDGE_CURVE('',#2055,#2047,#2057,.T.);
#2055 = VERTEX_POINT('',#2056);
#2056 = CARTESIAN_POINT('',(200.,0.,12.25));
#2057 = LINE('',#2058,#2059);
#2058 = CARTESIAN_POINT('',(195.,0.,12.25));
#2059 = VECTOR('',#2060,1.);
#2060 = DIRECTION('',(1.,0.,0.));
#2061 = ORIENTED_EDGE('',*,*,#2062,.T.);
#2062 = EDGE_CURVE('',#2055,#1415,#2063,.T.);
#2063 = LINE('',#2064,#2065);
#2064 = CARTESIAN_POINT('',(200.,0.,-500.5));
#2065 = VECTOR('',#2066,1.);
#2066 = DIRECTION('',(0.,-0.,1.));
#2067 = ORIENTED_EDGE('',*,*,#1422,.F.);
#2068 = ORIENTED_EDGE('',*,*,#1372,.F.);
#2069 = PLANE('',#2070);
#2070 = AXIS2_PLACEMENT_3D('',#2071,#2072,#2073);
#2071 = CARTESIAN_POINT('',(0.,0.,-1.E+03));
#2072 = DIRECTION('',(0.,1.,0.));
#2073 = DIRECTION('',(0.,0.,1.));
#2074 = ADVANCED_FACE('',(#2075,#2094),#2193,.F.);
#2075 = FACE_BOUND('',#2076,.F.);
#2076 = EDGE_LOOP('',(#2077,#2085,#2092,#2093));
#2077 = ORIENTED_EDGE('',*,*,#2078,.F.);
#2078 = EDGE_CURVE('',#2079,#1406,#2081,.T.);
#2079 = VERTEX_POINT('',#2080);
#2080 = CARTESIAN_POINT('',(200.,195.,3.5));
#2081 = LINE('',#2082,#2083);
#2082 = CARTESIAN_POINT('',(200.,195.,-1.));
#2083 = VECTOR('',#2084,1.);
#2084 = DIRECTION('',(0.,0.,1.));
#2085 = ORIENTED_EDGE('',*,*,#2086,.T.);
#2086 = EDGE_CURVE('',#2079,#1461,#2087,.T.);
#2087 = CIRCLE('',#2088,5.);
#2088 = AXIS2_PLACEMENT_3D('',#2089,#2090,#2091);
#2089 = CARTESIAN_POINT('',(195.,195.,3.5));
#2090 = DIRECTION('',(0.,0.,1.));
#2091 = DIRECTION('',(1.,0.,-0.));
#2092 = ORIENTED_EDGE('',*,*,#1460,.T.);
#2093 = ORIENTED_EDGE('',*,*,#1405,.F.);
#2094 = FACE_BOUND('',#2095,.F.);
#2095 = EDGE_LOOP('',(#2096));
#2096 = ORIENTED_EDGE('',*,*,#2097,.F.);
#2097 = EDGE_CURVE('',#2098,#2098,#2100,.T.);
#2098 = VERTEX_POINT('',#2099);
#2099 = CARTESIAN_POINT('',(196.82615678683,199.65458391157,17.));
#2100 = B_SPLINE_CURVE_WITH_KNOTS('',6,(#2101,#2102,#2103,#2104,#2105,
    #2106,#2107,#2108,#2109,#2110,#2111,#2112,#2113,#2114,#2115,#2116,
    #2117,#2118,#2119,#2120,#2121,#2122,#2123,#2124,#2125,#2126,#2127,
    #2128,#2129,#2130,#2131,#2132,#2133,#2134,#2135,#2136,#2137,#2138,
    #2139,#2140,#2141,#2142,#2143,#2144,#2145,#2146,#2147,#2148,#2149,
    #2150,#2151,#2152,#2153,#2154,#2155,#2156,#2157,#2158,#2159,#2160,
    #2161,#2162,#2163,#2164,#2165,#2166,#2167,#2168,#2169,#2170,#2171,
    #2172,#2173,#2174,#2175,#2176,#2177,#2178,#2179,#2180,#2181,#2182,
    #2183,#2184,#2185,#2186,#2187,#2188,#2189,#2190,#2191,#2192),
  .UNSPECIFIED.,.T.,.F.,(7,5,5,5,5,5,5,5,5,5,5,5,5,5,5,5,5,5,7),(0.,
    3.938365329058E-02,0.128280437349,0.181862778374,0.222189774923,
    0.27766791271,0.317844341064,0.371875657621,0.461044905888,
    0.500003329159,0.539386460104,0.628282060827,0.6818636886,
    0.722190148341,0.777667547481,0.817843440248,0.871874036519,
    0.96104209608,1.),.UNSPECIFIED.);
#2101 = CARTESIAN_POINT('',(196.82615678683,199.65458391157,17.));
#2102 = CARTESIAN_POINT('',(196.82615678683,199.65458391157,
    17.073742181746));
#2103 = CARTESIAN_POINT('',(196.82947076109,199.65328383121,
    17.147480410241));
#2104 = CARTESIAN_POINT('',(196.8360982455,199.65068356126,
    17.221084753996));
#2105 = CARTESIAN_POINT('',(196.84602511126,199.646768304,
    17.294422681408));
#2106 = CARTESIAN_POINT('',(196.85922356492,199.64150857318,
    17.367359060759));
#2107 = CARTESIAN_POINT('',(196.91273474778,199.61985347229,
    17.60317089652));
#2108 = CARTESIAN_POINT('',(196.96622643721,199.59779201519,
    17.763623119641));
#2109 = CARTESIAN_POINT('',(197.03565316206,199.56817344082,
    17.919906976154));
#2110 = CARTESIAN_POINT('',(197.12043714003,199.53004151661,
    18.070624827375));
#2111 = CARTESIAN_POINT('',(197.21978703733,199.48205352806,
    18.213984668885));
#2112 = CARTESIAN_POINT('',(197.4005492511,199.38671517429,
    18.42809193688));
#2113 = CARTESIAN_POINT('',(197.47349250631,199.34664009484,
    18.505160225806));
#2114 = CARTESIAN_POINT('',(197.55115268964,199.30197843364,
    18.578205361015));
#2115 = CARTESIAN_POINT('',(197.63321672509,199.25232957801,
    18.646565126558));
#2116 = CARTESIAN_POINT('',(197.71928924606,199.1972839729,
    18.70946653779));
#2117 = CARTESIAN_POINT('',(197.87630154661,199.09066398404,
    18.808557685968));
#2118 = CARTESIAN_POINT('',(197.9457774322,199.04155909464,
    18.847543546847));
#2119 = CARTESIAN_POINT('',(198.01688338029,198.98910433478,
    18.882429128753));
#2120 = CARTESIAN_POINT('',(198.08917257988,198.93331239528,
    18.912740001123));
#2121 = CARTESIAN_POINT('',(198.1621873101,198.87424979153,
    18.938055741772));
#2122 = CARTESIAN_POINT('',(198.33629500164,198.72647595858,
    18.985447984117));
#2123 = CARTESIAN_POINT('',(198.43753730885,198.63504170662,
    19.002708927064));
#2124 = CARTESIAN_POINT('',(198.53721301298,198.53878987364,
    19.008636938473));
#2125 = CARTESIAN_POINT('',(198.63351702603,198.43915053072,
    19.00286369422));
#2126 = CARTESIAN_POINT('',(198.72501735199,198.33792567266,
    18.985752398391));
#2127 = CARTESIAN_POINT('',(198.87269490632,198.16408170135,
    18.938670466212));
#2128 = CARTESIAN_POINT('',(198.93161208935,198.09132266567,
    18.913561555275));
#2129 = CARTESIAN_POINT('',(198.98728624765,198.01927271407,
    18.883485355682));
#2130 = CARTESIAN_POINT('',(199.03964838338,197.94838734177,
    18.84885751089));
#2131 = CARTESIAN_POINT('',(199.08868309841,197.87911170625,
    18.810148277868));
#2132 = CARTESIAN_POINT('',(199.19592437551,197.72142983177,
    18.71105413251));
#2133 = CARTESIAN_POINT('',(199.25153618081,197.63455576928,
    18.647729772856));
#2134 = CARTESIAN_POINT('',(199.30165486994,197.55175176972,
    18.578844068877));
#2135 = CARTESIAN_POINT('',(199.34670025078,197.47342429491,
    18.505190618836));
#2136 = CARTESIAN_POINT('',(199.38708308209,197.39989463256,
    18.427448617656));
#2137 = CARTESIAN_POINT('',(199.48274577707,197.21840270034,
    18.212124055414));
#2138 = CARTESIAN_POINT('',(199.5307591386,197.11891108131,
    18.068226521591));
#2139 = CARTESIAN_POINT('',(199.56887072128,197.03408383353,
    17.916944736721));
#2140 = CARTESIAN_POINT('',(199.59843230136,196.96471871388,
    17.760084427799));
#2141 = CARTESIAN_POINT('',(199.62040439501,196.91139717338,
    17.599054340395));
#2142 = CARTESIAN_POINT('',(199.64179058487,196.85851580236,
    17.363426338232));
#2143 = CARTESIAN_POINT('',(199.6469362537,196.84559926579,
    17.291259421991));
#2144 = CARTESIAN_POINT('',(199.65076721902,196.83588501001,
    17.218703760915));
#2145 = CARTESIAN_POINT('',(199.65331171529,196.82939967208,
    17.14589015503));
#2146 = CARTESIAN_POINT('',(199.65458391157,196.82615678683,
    17.072946942576));
#2147 = CARTESIAN_POINT('',(199.65458391157,196.82615678683,
    16.926257821792));
#2148 = CARTESIAN_POINT('',(199.65328383104,196.82947076152,
    16.85251958883));
#2149 = CARTESIAN_POINT('',(199.6506835611,196.8360982459,
    16.778915242476));
#2150 = CARTESIAN_POINT('',(199.64676830409,196.84602511104,
    16.705577317632));
#2151 = CARTESIAN_POINT('',(199.6415085735,196.85922356413,
    16.632640942741));
#2152 = CARTESIAN_POINT('',(199.61985347229,196.91273474778,
    16.39682910348));
#2153 = CARTESIAN_POINT('',(199.59779201519,196.96622643721,
    16.236376880358));
#2154 = CARTESIAN_POINT('',(199.56817344082,197.03565316206,
    16.080093023846));
#2155 = CARTESIAN_POINT('',(199.53004151661,197.12043714003,
    15.929375172625));
#2156 = CARTESIAN_POINT('',(199.48205352806,197.21978703733,
    15.786015331115));
#2157 = CARTESIAN_POINT('',(199.38671517429,197.4005492511,
    15.57190806312));
#2158 = CARTESIAN_POINT('',(199.34664009484,197.47349250631,
    15.494839774194));
#2159 = CARTESIAN_POINT('',(199.30197843364,197.55115268964,
    15.421794638985));
#2160 = CARTESIAN_POINT('',(199.25232957801,197.63321672509,
    15.353434873442));
#2161 = CARTESIAN_POINT('',(199.1972839729,197.71928924606,
    15.29053346221));
#2162 = CARTESIAN_POINT('',(199.09066398404,197.87630154661,
    15.191442314032));
#2163 = CARTESIAN_POINT('',(199.04155909464,197.9457774322,
    15.152456453153));
#2164 = CARTESIAN_POINT('',(198.98910433478,198.01688338029,
    15.117570871247));
#2165 = CARTESIAN_POINT('',(198.93331239528,198.08917257988,
    15.087259998877));
#2166 = CARTESIAN_POINT('',(198.87424979153,198.1621873101,
    15.061944258228));
#2167 = CARTESIAN_POINT('',(198.72647595883,198.33629500135,
    15.014552015962));
#2168 = CARTESIAN_POINT('',(198.63504170594,198.43753730968,
    14.997291072652));
#2169 = CARTESIAN_POINT('',(198.53878987269,198.53721301386,
    14.991363061638));
#2170 = CARTESIAN_POINT('',(198.43915053092,198.63351702568,
    14.997136306066));
#2171 = CARTESIAN_POINT('',(198.33792567433,198.72501735057,
    15.014247601158));
#2172 = CARTESIAN_POINT('',(198.16408170136,198.87269490632,
    15.061329533787));
#2173 = CARTESIAN_POINT('',(198.09132266567,198.93161208936,
    15.086438444724));
#2174 = CARTESIAN_POINT('',(198.01927271407,198.98728624766,
    15.11651464432));
#2175 = CARTESIAN_POINT('',(197.94838734177,199.03964838338,
    15.151142489111));
#2176 = CARTESIAN_POINT('',(197.87911170625,199.08868309841,
    15.189851722129));
#2177 = CARTESIAN_POINT('',(197.72142983177,199.19592437551,
    15.28894586749));
#2178 = CARTESIAN_POINT('',(197.63455576928,199.25153618081,
    15.352270227144));
#2179 = CARTESIAN_POINT('',(197.55175176972,199.30165486994,
    15.421155931123));
#2180 = CARTESIAN_POINT('',(197.47342429491,199.34670025078,
    15.494809381164));
#2181 = CARTESIAN_POINT('',(197.39989463256,199.38708308209,
    15.572551382344));
#2182 = CARTESIAN_POINT('',(197.21840270034,199.48274577707,
    15.787875944586));
#2183 = CARTESIAN_POINT('',(197.11891108131,199.5307591386,
    15.931773478409));
#2184 = CARTESIAN_POINT('',(197.03408383353,199.56887072128,
    16.083055263279));
#2185 = CARTESIAN_POINT('',(196.96471871388,199.59843230136,
    16.239915572201));
#2186 = CARTESIAN_POINT('',(196.91139717338,199.62040439501,
    16.400945659605));
#2187 = CARTESIAN_POINT('',(196.85851580236,199.64179058487,
    16.636573661769));
#2188 = CARTESIAN_POINT('',(196.84559926579,199.6469362537,
    16.708740578009));
#2189 = CARTESIAN_POINT('',(196.83588501001,199.65076721902,
    16.781296239085));
#2190 = CARTESIAN_POINT('',(196.82939967208,199.65331171529,
    16.85410984497));
#2191 = CARTESIAN_POINT('',(196.82615678683,199.65458391157,
    16.927053057424));
#2192 = CARTESIAN_POINT('',(196.82615678683,199.65458391157,17.));
#2193 = CYLINDRICAL_SURFACE('',#2194,5.);
#2194 = AXIS2_PLACEMENT_3D('',#2195,#2196,#2197);
#2195 = CARTESIAN_POINT('',(195.,195.,-1.));
#2196 = DIRECTION('',(0.,0.,1.));
#2197 = DIRECTION('',(1.,0.,-0.));
#2198 = ADVANCED_FACE('',(#2199),#2218,.F.);
#2199 = FACE_BOUND('',#2200,.F.);
#2200 = EDGE_LOOP('',(#2201,#2202,#2210,#2217));
#2201 = ORIENTED_EDGE('',*,*,#1432,.F.);
#2202 = ORIENTED_EDGE('',*,*,#2203,.F.);
#2203 = EDGE_CURVE('',#2204,#1433,#2206,.T.);
#2204 = VERTEX_POINT('',#2205);
#2205 = CARTESIAN_POINT('',(12.5,245.,19.));
#2206 = LINE('',#2207,#2208);
#2207 = CARTESIAN_POINT('',(12.5,245.,19.));
#2208 = VECTOR('',#2209,1.);
#2209 = DIRECTION('',(0.,0.,1.));
#2210 = ORIENTED_EDGE('',*,*,#2211,.T.);
#2211 = EDGE_CURVE('',#2204,#2204,#2212,.T.);
#2212 = CIRCLE('',#2213,5.);
#2213 = AXIS2_PLACEMENT_3D('',#2214,#2215,#2216);
#2214 = CARTESIAN_POINT('',(12.5,240.,19.));
#2215 = DIRECTION('',(0.,-0.,1.));
#2216 = DIRECTION('',(1.110223024625E-16,1.,0.));
#2217 = ORIENTED_EDGE('',*,*,#2203,.T.);
#2218 = CYLINDRICAL_SURFACE('',#2219,5.);
#2219 = AXIS2_PLACEMENT_3D('',#2220,#2221,#2222);
#2220 = CARTESIAN_POINT('',(12.5,240.,19.));
#2221 = DIRECTION('',(0.,0.,1.));
#2222 = DIRECTION('',(1.110223024625E-16,1.,0.));
#2223 = ADVANCED_FACE('',(#2224),#2243,.F.);
#2224 = FACE_BOUND('',#2225,.F.);
#2225 = EDGE_LOOP('',(#2226,#2227,#2235,#2242));
#2226 = ORIENTED_EDGE('',*,*,#1443,.F.);
#2227 = ORIENTED_EDGE('',*,*,#2228,.F.);
#2228 = EDGE_CURVE('',#2229,#1444,#2231,.T.);
#2229 = VERTEX_POINT('',#2230);
#2230 = CARTESIAN_POINT('',(12.5,263.,19.));
#2231 = LINE('',#2232,#2233);
#2232 = CARTESIAN_POINT('',(12.5,263.,19.));
#2233 = VECTOR('',#2234,1.);
#2234 = DIRECTION('',(0.,0.,1.));
#2235 = ORIENTED_EDGE('',*,*,#2236,.T.);
#2236 = EDGE_CURVE('',#2229,#2229,#2237,.T.);
#2237 = CIRCLE('',#2238,5.);
#2238 = AXIS2_PLACEMENT_3D('',#2239,#2240,#2241);
#2239 = CARTESIAN_POINT('',(12.5,258.,19.));
#2240 = DIRECTION('',(0.,-0.,1.));
#2241 = DIRECTION('',(1.110223024625E-16,1.,0.));
#2242 = ORIENTED_EDGE('',*,*,#2228,.T.);
#2243 = CYLINDRICAL_SURFACE('',#2244,5.);
#2244 = AXIS2_PLACEMENT_3D('',#2245,#2246,#2247);
#2245 = CARTESIAN_POINT('',(12.5,258.,19.));
#2246 = DIRECTION('',(0.,0.,1.));
#2247 = DIRECTION('',(1.110223024625E-16,1.,0.));
#2248 = ADVANCED_FACE('',(#2249),#2268,.F.);
#2249 = FACE_BOUND('',#2250,.F.);
#2250 = EDGE_LOOP('',(#2251,#2260,#2266,#2267));
#2251 = ORIENTED_EDGE('',*,*,#2252,.F.);
#2252 = EDGE_CURVE('',#2253,#2253,#2255,.T.);
#2253 = VERTEX_POINT('',#2254);
#2254 = CARTESIAN_POINT('',(63.5,208.,19.));
#2255 = CIRCLE('',#2256,2.);
#2256 = AXIS2_PLACEMENT_3D('',#2257,#2258,#2259);
#2257 = CARTESIAN_POINT('',(63.5,208.,17.));
#2258 = DIRECTION('',(1.110223024625E-16,1.,0.));
#2259 = DIRECTION('',(0.,-0.,1.));
#2260 = ORIENTED_EDGE('',*,*,#2261,.F.);
#2261 = EDGE_CURVE('',#1481,#2253,#2262,.T.);
#2262 = LINE('',#2263,#2264);
#2263 = CARTESIAN_POINT('',(63.5,199.,19.));
#2264 = VECTOR('',#2265,1.);
#2265 = DIRECTION('',(1.110223024625E-16,1.,0.));
#2266 = ORIENTED_EDGE('',*,*,#1480,.T.);
#2267 = ORIENTED_EDGE('',*,*,#2261,.T.);
#2268 = CYLINDRICAL_SURFACE('',#2269,2.);
#2269 = AXIS2_PLACEMENT_3D('',#2270,#2271,#2272);
#2270 = CARTESIAN_POINT('',(63.5,199.,17.));
#2271 = DIRECTION('',(1.110223024625E-16,1.,0.));
#2272 = DIRECTION('',(0.,0.,1.));
#2273 = ADVANCED_FACE('',(#2274),#2293,.F.);
#2274 = FACE_BOUND('',#2275,.F.);
#2275 = EDGE_LOOP('',(#2276,#2285,#2291,#2292));
#2276 = ORIENTED_EDGE('',*,*,#2277,.F.);
#2277 = EDGE_CURVE('',#2278,#2278,#2280,.T.);
#2278 = VERTEX_POINT('',#2279);
#2279 = CARTESIAN_POINT('',(109.5,208.,19.));
#2280 = CIRCLE('',#2281,2.);
#2281 = AXIS2_PLACEMENT_3D('',#2282,#2283,#2284);
#2282 = CARTESIAN_POINT('',(109.5,208.,17.));
#2283 = DIRECTION('',(1.110223024625E-16,1.,0.));
#2284 = DIRECTION('',(0.,-0.,1.));
#2285 = ORIENTED_EDGE('',*,*,#2286,.F.);
#2286 = EDGE_CURVE('',#1492,#2278,#2287,.T.);
#2287 = LINE('',#2288,#2289);
#2288 = CARTESIAN_POINT('',(109.5,199.,19.));
#2289 = VECTOR('',#2290,1.);
#2290 = DIRECTION('',(1.110223024625E-16,1.,0.));
#2291 = ORIENTED_EDGE('',*,*,#1491,.T.);
#2292 = ORIENTED_EDGE('',*,*,#2286,.T.);
#2293 = CYLINDRICAL_SURFACE('',#2294,2.);
#2294 = AXIS2_PLACEMENT_3D('',#2295,#2296,#2297);
#2295 = CARTESIAN_POINT('',(109.5,199.,17.));
#2296 = DIRECTION('',(1.110223024625E-16,1.,0.));
#2297 = DIRECTION('',(0.,0.,1.));
#2298 = ADVANCED_FACE('',(#2299),#2318,.F.);
#2299 = FACE_BOUND('',#2300,.F.);
#2300 = EDGE_LOOP('',(#2301,#2310,#2316,#2317));
#2301 = ORIENTED_EDGE('',*,*,#2302,.F.);
#2302 = EDGE_CURVE('',#2303,#2303,#2305,.T.);
#2303 = VERTEX_POINT('',#2304);
#2304 = CARTESIAN_POINT('',(155.5,208.,19.));
#2305 = CIRCLE('',#2306,2.);
#2306 = AXIS2_PLACEMENT_3D('',#2307,#2308,#2309);
#2307 = CARTESIAN_POINT('',(155.5,208.,17.));
#2308 = DIRECTION('',(1.110223024625E-16,1.,0.));
#2309 = DIRECTION('',(0.,-0.,1.));
#2310 = ORIENTED_EDGE('',*,*,#2311,.F.);
#2311 = EDGE_CURVE('',#1503,#2303,#2312,.T.);
#2312 = LINE('',#2313,#2314);
#2313 = CARTESIAN_POINT('',(155.5,199.,19.));
#2314 = VECTOR('',#2315,1.);
#2315 = DIRECTION('',(1.110223024625E-16,1.,0.));
#2316 = ORIENTED_EDGE('',*,*,#1502,.T.);
#2317 = ORIENTED_EDGE('',*,*,#2311,.T.);
#2318 = CYLINDRICAL_SURFACE('',#2319,2.);
#2319 = AXIS2_PLACEMENT_3D('',#2320,#2321,#2322);
#2320 = CARTESIAN_POINT('',(155.5,199.,17.));
#2321 = DIRECTION('',(1.110223024625E-16,1.,0.));
#2322 = DIRECTION('',(0.,0.,1.));
#2323 = ADVANCED_FACE('',(#2324,#2327),#2330,.T.);
#2324 = FACE_BOUND('',#2325,.T.);
#2325 = EDGE_LOOP('',(#2326));
#2326 = ORIENTED_EDGE('',*,*,#2211,.T.);
#2327 = FACE_BOUND('',#2328,.T.);
#2328 = EDGE_LOOP('',(#2329));
#2329 = ORIENTED_EDGE('',*,*,#1528,.F.);
#2330 = PLANE('',#2331);
#2331 = AXIS2_PLACEMENT_3D('',#2332,#2333,#2334);
#2332 = CARTESIAN_POINT('',(12.5,240.,19.));
#2333 = DIRECTION('',(0.,0.,1.));
#2334 = DIRECTION('',(1.110223024625E-16,1.,0.));
#2335 = ADVANCED_FACE('',(#2336,#2339),#2342,.T.);
#2336 = FACE_BOUND('',#2337,.T.);
#2337 = EDGE_LOOP('',(#2338));
#2338 = ORIENTED_EDGE('',*,*,#2236,.T.);
#2339 = FACE_BOUND('',#2340,.T.);
#2340 = EDGE_LOOP('',(#2341));
#2341 = ORIENTED_EDGE('',*,*,#1553,.F.);
#2342 = PLANE('',#2343);
#2343 = AXIS2_PLACEMENT_3D('',#2344,#2345,#2346);
#2344 = CARTESIAN_POINT('',(12.5,258.,19.));
#2345 = DIRECTION('',(0.,0.,1.));
#2346 = DIRECTION('',(1.110223024625E-16,1.,0.));
#2347 = ADVANCED_FACE('',(#2348),#2375,.F.);
#2348 = FACE_BOUND('',#2349,.F.);
#2349 = EDGE_LOOP('',(#2350,#2351,#2360,#2368));
#2350 = ORIENTED_EDGE('',*,*,#1577,.T.);
#2351 = ORIENTED_EDGE('',*,*,#2352,.F.);
#2352 = EDGE_CURVE('',#2353,#1578,#2355,.T.);
#2353 = VERTEX_POINT('',#2354);
#2354 = CARTESIAN_POINT('',(195.,192.,2.));
#2355 = CIRCLE('',#2356,3.);
#2356 = AXIS2_PLACEMENT_3D('',#2357,#2358,#2359);
#2357 = CARTESIAN_POINT('',(192.,192.,2.));
#2358 = DIRECTION('',(0.,0.,1.));
#2359 = DIRECTION('',(1.,0.,-0.));
#2360 = ORIENTED_EDGE('',*,*,#2361,.F.);
#2361 = EDGE_CURVE('',#2362,#2353,#2364,.T.);
#2362 = VERTEX_POINT('',#2363);
#2363 = CARTESIAN_POINT('',(195.,192.,-22.));
#2364 = LINE('',#2365,#2366);
#2365 = CARTESIAN_POINT('',(195.,192.,-23.));
#2366 = VECTOR('',#2367,1.);
#2367 = DIRECTION('',(0.,0.,1.));
#2368 = ORIENTED_EDGE('',*,*,#2369,.T.);
#2369 = EDGE_CURVE('',#2362,#1570,#2370,.T.);
#2370 = CIRCLE('',#2371,3.);
#2371 = AXIS2_PLACEMENT_3D('',#2372,#2373,#2374);
#2372 = CARTESIAN_POINT('',(192.,192.,-22.));
#2373 = DIRECTION('',(0.,0.,1.));
#2374 = DIRECTION('',(1.,0.,-0.));
#2375 = CYLINDRICAL_SURFACE('',#2376,3.);
#2376 = AXIS2_PLACEMENT_3D('',#2377,#2378,#2379);
#2377 = CARTESIAN_POINT('',(192.,192.,-23.));
#2378 = DIRECTION('',(0.,0.,1.));
#2379 = DIRECTION('',(1.,0.,-0.));
#2380 = ADVANCED_FACE('',(#2381),#2408,.F.);
#2381 = FACE_BOUND('',#2382,.T.);
#2382 = EDGE_LOOP('',(#2383,#2393,#2400,#2401));
#2383 = ORIENTED_EDGE('',*,*,#2384,.F.);
#2384 = EDGE_CURVE('',#2385,#2387,#2389,.T.);
#2385 = VERTEX_POINT('',#2386);
#2386 = CARTESIAN_POINT('',(198.,192.,3.5));
#2387 = VERTEX_POINT('',#2388);
#2388 = CARTESIAN_POINT('',(196.5,192.,2.));
#2389 = LINE('',#2390,#2391);
#2390 = CARTESIAN_POINT('',(196.5,192.,2.));
#2391 = VECTOR('',#2392,1.);
#2392 = DIRECTION('',(-0.707106781187,-1.751797515196E-35,
    -0.707106781187));
#2393 = ORIENTED_EDGE('',*,*,#2394,.T.);
#2394 = EDGE_CURVE('',#2385,#1601,#2395,.T.);
#2395 = CIRCLE('',#2396,6.);
#2396 = AXIS2_PLACEMENT_3D('',#2397,#2398,#2399);
#2397 = CARTESIAN_POINT('',(192.,192.,3.5));
#2398 = DIRECTION('',(0.,0.,1.));
#2399 = DIRECTION('',(1.,0.,-0.));
#2400 = ORIENTED_EDGE('',*,*,#1600,.T.);
#2401 = ORIENTED_EDGE('',*,*,#2402,.T.);
#2402 = EDGE_CURVE('',#1603,#2387,#2403,.T.);
#2403 = CIRCLE('',#2404,4.5);
#2404 = AXIS2_PLACEMENT_3D('',#2405,#2406,#2407);
#2405 = CARTESIAN_POINT('',(192.,192.,2.));
#2406 = DIRECTION('',(0.,-0.,-1.));
#2407 = DIRECTION('',(1.,0.,-0.));
#2408 = CONICAL_SURFACE('',#2409,3.,0.785398163397);
#2409 = AXIS2_PLACEMENT_3D('',#2410,#2411,#2412);
#2410 = CARTESIAN_POINT('',(192.,192.,0.5));
#2411 = DIRECTION('',(0.,0.,1.));
#2412 = DIRECTION('',(1.,0.,-0.));
#2413 = ADVANCED_FACE('',(#2414),#2441,.F.);
#2414 = FACE_BOUND('',#2415,.F.);
#2415 = EDGE_LOOP('',(#2416,#2426,#2433,#2434));
#2416 = ORIENTED_EDGE('',*,*,#2417,.F.);
#2417 = EDGE_CURVE('',#2418,#2420,#2422,.T.);
#2418 = VERTEX_POINT('',#2419);
#2419 = CARTESIAN_POINT('',(230.,195.,0.));
#2420 = VERTEX_POINT('',#2421);
#2421 = CARTESIAN_POINT('',(230.,195.,2.));
#2422 = LINE('',#2423,#2424);
#2423 = CARTESIAN_POINT('',(230.,195.,-1.));
#2424 = VECTOR('',#2425,1.);
#2425 = DIRECTION('',(0.,0.,1.));
#2426 = ORIENTED_EDGE('',*,*,#2427,.T.);
#2427 = EDGE_CURVE('',#2418,#1632,#2428,.T.);
#2428 = CIRCLE('',#2429,35.);
#2429 = AXIS2_PLACEMENT_3D('',#2430,#2431,#2432);
#2430 = CARTESIAN_POINT('',(195.,195.,0.));
#2431 = DIRECTION('',(0.,0.,1.));
#2432 = DIRECTION('',(1.,0.,-0.));
#2433 = ORIENTED_EDGE('',*,*,#1631,.T.);
#2434 = ORIENTED_EDGE('',*,*,#2435,.F.);
#2435 = EDGE_CURVE('',#2420,#1634,#2436,.T.);
#2436 = CIRCLE('',#2437,35.);
#2437 = AXIS2_PLACEMENT_3D('',#2438,#2439,#2440);
#2438 = CARTESIAN_POINT('',(195.,195.,2.));
#2439 = DIRECTION('',(0.,0.,1.));
#2440 = DIRECTION('',(0.,-1.,0.));
#2441 = CYLINDRICAL_SURFACE('',#2442,35.);
#2442 = AXIS2_PLACEMENT_3D('',#2443,#2444,#2445);
#2443 = CARTESIAN_POINT('',(195.,195.,-1.));
#2444 = DIRECTION('',(0.,0.,1.));
#2445 = DIRECTION('',(1.,0.,-0.));
#2446 = ADVANCED_FACE('',(#2447),#2474,.T.);
#2447 = FACE_BOUND('',#2448,.T.);
#2448 = EDGE_LOOP('',(#2449,#2459,#2466,#2467));
#2449 = ORIENTED_EDGE('',*,*,#2450,.F.);
#2450 = EDGE_CURVE('',#2451,#2453,#2455,.T.);
#2451 = VERTEX_POINT('',#2452);
#2452 = CARTESIAN_POINT('',(205.,195.,0.));
#2453 = VERTEX_POINT('',#2454);
#2454 = CARTESIAN_POINT('',(205.,195.,2.));
#2455 = LINE('',#2456,#2457);
#2456 = CARTESIAN_POINT('',(205.,195.,-2.));
#2457 = VECTOR('',#2458,1.);
#2458 = DIRECTION('',(0.,0.,1.));
#2459 = ORIENTED_EDGE('',*,*,#2460,.T.);
#2460 = EDGE_CURVE('',#2451,#1663,#2461,.T.);
#2461 = CIRCLE('',#2462,10.);
#2462 = AXIS2_PLACEMENT_3D('',#2463,#2464,#2465);
#2463 = CARTESIAN_POINT('',(195.,195.,0.));
#2464 = DIRECTION('',(0.,0.,1.));
#2465 = DIRECTION('',(1.,0.,-0.));
#2466 = ORIENTED_EDGE('',*,*,#1662,.T.);
#2467 = ORIENTED_EDGE('',*,*,#2468,.F.);
#2468 = EDGE_CURVE('',#2453,#1665,#2469,.T.);
#2469 = CIRCLE('',#2470,10.);
#2470 = AXIS2_PLACEMENT_3D('',#2471,#2472,#2473);
#2471 = CARTESIAN_POINT('',(195.,195.,2.));
#2472 = DIRECTION('',(0.,0.,1.));
#2473 = DIRECTION('',(1.,0.,-0.));
#2474 = CYLINDRICAL_SURFACE('',#2475,10.);
#2475 = AXIS2_PLACEMENT_3D('',#2476,#2477,#2478);
#2476 = CARTESIAN_POINT('',(195.,195.,-2.));
#2477 = DIRECTION('',(0.,0.,1.));
#2478 = DIRECTION('',(1.,0.,-0.));
#2479 = ADVANCED_FACE('',(#2480),#2501,.F.);
#2480 = FACE_BOUND('',#2481,.F.);
#2481 = EDGE_LOOP('',(#2482,#2483,#2484,#2485,#2494));
#2482 = ORIENTED_EDGE('',*,*,#1720,.T.);
#2483 = ORIENTED_EDGE('',*,*,#1777,.T.);
#2484 = ORIENTED_EDGE('',*,*,#1874,.F.);
#2485 = ORIENTED_EDGE('',*,*,#2486,.T.);
#2486 = EDGE_CURVE('',#1875,#2487,#2489,.T.);
#2487 = VERTEX_POINT('',#2488);
#2488 = CARTESIAN_POINT('',(72.714285714286,202.5,0.));
#2489 = CIRCLE('',#2490,5.5);
#2490 = AXIS2_PLACEMENT_3D('',#2491,#2492,#2493);
#2491 = CARTESIAN_POINT('',(78.214285714286,202.5,0.));
#2492 = DIRECTION('',(0.,0.,-1.));
#2493 = DIRECTION('',(-1.,0.,-0.));
#2494 = ORIENTED_EDGE('',*,*,#2495,.T.);
#2495 = EDGE_CURVE('',#2487,#1713,#2496,.T.);
#2496 = CIRCLE('',#2497,5.5);
#2497 = AXIS2_PLACEMENT_3D('',#2498,#2499,#2500);
#2498 = CARTESIAN_POINT('',(78.214285714286,202.5,0.));
#2499 = DIRECTION('',(0.,0.,-1.));
#2500 = DIRECTION('',(-1.,0.,-0.));
#2501 = PLANE('',#2502);
#2502 = AXIS2_PLACEMENT_3D('',#2503,#2504,#2505);
#2503 = CARTESIAN_POINT('',(-270.,-270.,0.));
#2504 = DIRECTION('',(0.,0.,1.));
#2505 = DIRECTION('',(1.,0.,-0.));
#2506 = ADVANCED_FACE('',(#2507),#2517,.T.);
#2507 = FACE_BOUND('',#2508,.T.);
#2508 = EDGE_LOOP('',(#2509,#2510));
#2509 = ORIENTED_EDGE('',*,*,#1712,.F.);
#2510 = ORIENTED_EDGE('',*,*,#2511,.F.);
#2511 = EDGE_CURVE('',#1713,#1705,#2512,.T.);
#2512 = CIRCLE('',#2513,5.5);
#2513 = AXIS2_PLACEMENT_3D('',#2514,#2515,#2516);
#2514 = CARTESIAN_POINT('',(78.214285714286,202.5,0.));
#2515 = DIRECTION('',(0.,0.,-1.));
#2516 = DIRECTION('',(-1.,0.,-0.));
#2517 = PLANE('',#2518);
#2518 = AXIS2_PLACEMENT_3D('',#2519,#2520,#2521);
#2519 = CARTESIAN_POINT('',(78.214285714286,205.96051605988,0.));
#2520 = DIRECTION('',(0.,0.,1.));
#2521 = DIRECTION('',(1.,0.,-0.));
#2522 = ADVANCED_FACE('',(#2523),#2550,.F.);
#2523 = FACE_BOUND('',#2524,.F.);
#2524 = EDGE_LOOP('',(#2525,#2526,#2533,#2534,#2543));
#2525 = ORIENTED_EDGE('',*,*,#1704,.T.);
#2526 = ORIENTED_EDGE('',*,*,#2527,.T.);
#2527 = EDGE_CURVE('',#1705,#1916,#2528,.T.);
#2528 = CIRCLE('',#2529,5.5);
#2529 = AXIS2_PLACEMENT_3D('',#2530,#2531,#2532);
#2530 = CARTESIAN_POINT('',(78.214285714286,202.5,0.));
#2531 = DIRECTION('',(0.,0.,-1.));
#2532 = DIRECTION('',(-1.,0.,-0.));
#2533 = ORIENTED_EDGE('',*,*,#1924,.F.);
#2534 = ORIENTED_EDGE('',*,*,#2535,.T.);
#2535 = EDGE_CURVE('',#1925,#2536,#2538,.T.);
#2536 = VERTEX_POINT('',#2537);
#2537 = CARTESIAN_POINT('',(124.85714285714,202.5,0.));
#2538 = CIRCLE('',#2539,5.5);
#2539 = AXIS2_PLACEMENT_3D('',#2540,#2541,#2542);
#2540 = CARTESIAN_POINT('',(130.35714285714,202.5,0.));
#2541 = DIRECTION('',(0.,0.,-1.));
#2542 = DIRECTION('',(-1.,0.,-0.));
#2543 = ORIENTED_EDGE('',*,*,#2544,.T.);
#2544 = EDGE_CURVE('',#2536,#1697,#2545,.T.);
#2545 = CIRCLE('',#2546,5.5);
#2546 = AXIS2_PLACEMENT_3D('',#2547,#2548,#2549);
#2547 = CARTESIAN_POINT('',(130.35714285714,202.5,0.));
#2548 = DIRECTION('',(0.,0.,-1.));
#2549 = DIRECTION('',(-1.,0.,-0.));
#2550 = PLANE('',#2551);
#2551 = AXIS2_PLACEMENT_3D('',#2552,#2553,#2554);
#2552 = CARTESIAN_POINT('',(-270.,-270.,0.));
#2553 = DIRECTION('',(0.,0.,1.));
#2554 = DIRECTION('',(1.,0.,-0.));
#2555 = ADVANCED_FACE('',(#2556),#2566,.T.);
#2556 = FACE_BOUND('',#2557,.T.);
#2557 = EDGE_LOOP('',(#2558,#2559));
#2558 = ORIENTED_EDGE('',*,*,#1696,.F.);
#2559 = ORIENTED_EDGE('',*,*,#2560,.F.);
#2560 = EDGE_CURVE('',#1697,#1689,#2561,.T.);
#2561 = CIRCLE('',#2562,5.5);
#2562 = AXIS2_PLACEMENT_3D('',#2563,#2564,#2565);
#2563 = CARTESIAN_POINT('',(130.35714285714,202.5,0.));
#2564 = DIRECTION('',(0.,0.,-1.));
#2565 = DIRECTION('',(-1.,0.,-0.));
#2566 = PLANE('',#2567);
#2567 = AXIS2_PLACEMENT_3D('',#2568,#2569,#2570);
#2568 = CARTESIAN_POINT('',(130.35714285714,205.96051605988,0.));
#2569 = DIRECTION('',(0.,0.,1.));
#2570 = DIRECTION('',(1.,0.,-0.));
#2571 = ADVANCED_FACE('',(#2572),#2599,.F.);
#2572 = FACE_BOUND('',#2573,.F.);
#2573 = EDGE_LOOP('',(#2574,#2575,#2582,#2583,#2592));
#2574 = ORIENTED_EDGE('',*,*,#1688,.T.);
#2575 = ORIENTED_EDGE('',*,*,#2576,.T.);
#2576 = EDGE_CURVE('',#1689,#1966,#2577,.T.);
#2577 = CIRCLE('',#2578,5.5);
#2578 = AXIS2_PLACEMENT_3D('',#2579,#2580,#2581);
#2579 = CARTESIAN_POINT('',(130.35714285714,202.5,0.));
#2580 = DIRECTION('',(0.,0.,-1.));
#2581 = DIRECTION('',(-1.,0.,-0.));
#2582 = ORIENTED_EDGE('',*,*,#1974,.F.);
#2583 = ORIENTED_EDGE('',*,*,#2584,.T.);
#2584 = EDGE_CURVE('',#1975,#2585,#2587,.T.);
#2585 = VERTEX_POINT('',#2586);
#2586 = CARTESIAN_POINT('',(177.,202.5,0.));
#2587 = CIRCLE('',#2588,5.5);
#2588 = AXIS2_PLACEMENT_3D('',#2589,#2590,#2591);
#2589 = CARTESIAN_POINT('',(182.5,202.5,0.));
#2590 = DIRECTION('',(0.,0.,-1.));
#2591 = DIRECTION('',(-1.,0.,-0.));
#2592 = ORIENTED_EDGE('',*,*,#2593,.T.);
#2593 = EDGE_CURVE('',#2585,#1681,#2594,.T.);
#2594 = CIRCLE('',#2595,5.5);
#2595 = AXIS2_PLACEMENT_3D('',#2596,#2597,#2598);
#2596 = CARTESIAN_POINT('',(182.5,202.5,0.));
#2597 = DIRECTION('',(0.,0.,-1.));
#2598 = DIRECTION('',(-1.,0.,-0.));
#2599 = PLANE('',#2600);
#2600 = AXIS2_PLACEMENT_3D('',#2601,#2602,#2603);
#2601 = CARTESIAN_POINT('',(-270.,-270.,0.));
#2602 = DIRECTION('',(0.,0.,1.));
#2603 = DIRECTION('',(1.,0.,-0.));
#2604 = ADVANCED_FACE('',(#2605),#2615,.T.);
#2605 = FACE_BOUND('',#2606,.T.);
#2606 = EDGE_LOOP('',(#2607,#2608));
#2607 = ORIENTED_EDGE('',*,*,#1680,.F.);
#2608 = ORIENTED_EDGE('',*,*,#2609,.F.);
#2609 = EDGE_CURVE('',#1681,#1673,#2610,.T.);
#2610 = CIRCLE('',#2611,5.5);
#2611 = AXIS2_PLACEMENT_3D('',#2612,#2613,#2614);
#2612 = CARTESIAN_POINT('',(182.5,202.5,0.));
#2613 = DIRECTION('',(0.,0.,-1.));
#2614 = DIRECTION('',(-1.,0.,-0.));
#2615 = PLANE('',#2616);
#2616 = AXIS2_PLACEMENT_3D('',#2617,#2618,#2619);
#2617 = CARTESIAN_POINT('',(182.5,205.96051605988,0.));
#2618 = DIRECTION('',(0.,0.,1.));
#2619 = DIRECTION('',(1.,0.,-0.));
#2620 = ADVANCED_FACE('',(#2621),#2655,.F.);
#2621 = FACE_BOUND('',#2622,.F.);
#2622 = EDGE_LOOP('',(#2623,#2624,#2631,#2632,#2641,#2647,#2648,#2654));
#2623 = ORIENTED_EDGE('',*,*,#1672,.T.);
#2624 = ORIENTED_EDGE('',*,*,#2625,.T.);
#2625 = EDGE_CURVE('',#1673,#2016,#2626,.T.);
#2626 = CIRCLE('',#2627,5.5);
#2627 = AXIS2_PLACEMENT_3D('',#2628,#2629,#2630);
#2628 = CARTESIAN_POINT('',(182.5,202.5,0.));
#2629 = DIRECTION('',(0.,0.,-1.));
#2630 = DIRECTION('',(-1.,0.,-0.));
#2631 = ORIENTED_EDGE('',*,*,#2024,.F.);
#2632 = ORIENTED_EDGE('',*,*,#2633,.F.);
#2633 = EDGE_CURVE('',#2634,#2025,#2636,.T.);
#2634 = VERTEX_POINT('',#2635);
#2635 = CARTESIAN_POINT('',(199.,195.,0.));
#2636 = CIRCLE('',#2637,4.);
#2637 = AXIS2_PLACEMENT_3D('',#2638,#2639,#2640);
#2638 = CARTESIAN_POINT('',(195.,195.,0.));
#2639 = DIRECTION('',(0.,0.,1.));
#2640 = DIRECTION('',(1.,0.,-0.));
#2641 = ORIENTED_EDGE('',*,*,#2642,.F.);
#2642 = EDGE_CURVE('',#905,#2634,#2643,.T.);
#2643 = LINE('',#2644,#2645);
#2644 = CARTESIAN_POINT('',(199.,-200.5,0.));
#2645 = VECTOR('',#2646,1.);
#2646 = DIRECTION('',(-0.,1.,0.));
#2647 = ORIENTED_EDGE('',*,*,#913,.T.);
#2648 = ORIENTED_EDGE('',*,*,#2649,.T.);
#2649 = EDGE_CURVE('',#914,#2451,#2650,.T.);
#2650 = LINE('',#2651,#2652);
#2651 = CARTESIAN_POINT('',(205.,-237.5,0.));
#2652 = VECTOR('',#2653,1.);
#2653 = DIRECTION('',(-0.,1.,0.));
#2654 = ORIENTED_EDGE('',*,*,#2460,.T.);
#2655 = PLANE('',#2656);
#2656 = AXIS2_PLACEMENT_3D('',#2657,#2658,#2659);
#2657 = CARTESIAN_POINT('',(-270.,-270.,0.));
#2658 = DIRECTION('',(0.,0.,1.));
#2659 = DIRECTION('',(1.,0.,-0.));
#2660 = ADVANCED_FACE('',(#2661),#2680,.T.);
#2661 = FACE_BOUND('',#2662,.T.);
#2662 = EDGE_LOOP('',(#2663,#2671,#2678,#2679));
#2663 = ORIENTED_EDGE('',*,*,#2664,.F.);
#2664 = EDGE_CURVE('',#2665,#2634,#2667,.T.);
#2665 = VERTEX_POINT('',#2666);
#2666 = CARTESIAN_POINT('',(199.,195.,-22.));
#2667 = LINE('',#2668,#2669);
#2668 = CARTESIAN_POINT('',(199.,195.,-22.));
#2669 = VECTOR('',#2670,1.);
#2670 = DIRECTION('',(0.,0.,1.));
#2671 = ORIENTED_EDGE('',*,*,#2672,.T.);
#2672 = EDGE_CURVE('',#2665,#1863,#2673,.T.);
#2673 = CIRCLE('',#2674,4.);
#2674 = AXIS2_PLACEMENT_3D('',#2675,#2676,#2677);
#2675 = CARTESIAN_POINT('',(195.,195.,-22.));
#2676 = DIRECTION('',(0.,0.,1.));
#2677 = DIRECTION('',(0.,-1.,0.));
#2678 = ORIENTED_EDGE('',*,*,#2032,.T.);
#2679 = ORIENTED_EDGE('',*,*,#2633,.F.);
#2680 = CYLINDRICAL_SURFACE('',#2681,4.);
#2681 = AXIS2_PLACEMENT_3D('',#2682,#2683,#2684);
#2682 = CARTESIAN_POINT('',(195.,195.,-22.));
#2683 = DIRECTION('',(0.,0.,1.));
#2684 = DIRECTION('',(1.,0.,-0.));
#2685 = ADVANCED_FACE('',(#2686),#2716,.T.);
#2686 = FACE_BOUND('',#2687,.T.);
#2687 = EDGE_LOOP('',(#2688,#2699,#2705,#2706,#2707,#2708,#2709));
#2688 = ORIENTED_EDGE('',*,*,#2689,.F.);
#2689 = EDGE_CURVE('',#2690,#2692,#2694,.T.);
#2690 = VERTEX_POINT('',#2691);
#2691 = CARTESIAN_POINT('',(178.5,202.5,-1.5));
#2692 = VERTEX_POINT('',#2693);
#2693 = CARTESIAN_POINT('',(186.5,202.5,-1.5));
#2694 = CIRCLE('',#2695,4.);
#2695 = AXIS2_PLACEMENT_3D('',#2696,#2697,#2698);
#2696 = CARTESIAN_POINT('',(182.5,202.5,-1.5));
#2697 = DIRECTION('',(0.,0.,-1.));
#2698 = DIRECTION('',(-1.,0.,-0.));
#2699 = ORIENTED_EDGE('',*,*,#2700,.F.);
#2700 = EDGE_CURVE('',#2585,#2690,#2701,.T.);
#2701 = LINE('',#2702,#2703);
#2702 = CARTESIAN_POINT('',(177.,202.5,0.));
#2703 = VECTOR('',#2704,1.);
#2704 = DIRECTION('',(0.707106781187,1.731912112471E-16,-0.707106781187)
  );
#2705 = ORIENTED_EDGE('',*,*,#2593,.T.);
#2706 = ORIENTED_EDGE('',*,*,#2609,.T.);
#2707 = ORIENTED_EDGE('',*,*,#2625,.T.);
#2708 = ORIENTED_EDGE('',*,*,#2015,.F.);
#2709 = ORIENTED_EDGE('',*,*,#2710,.F.);
#2710 = EDGE_CURVE('',#2692,#2008,#2711,.T.);
#2711 = CIRCLE('',#2712,4.);
#2712 = AXIS2_PLACEMENT_3D('',#2713,#2714,#2715);
#2713 = CARTESIAN_POINT('',(182.5,202.5,-1.5));
#2714 = DIRECTION('',(0.,0.,-1.));
#2715 = DIRECTION('',(-1.,0.,-0.));
#2716 = CONICAL_SURFACE('',#2717,5.5,0.785398163397);
#2717 = AXIS2_PLACEMENT_3D('',#2718,#2719,#2720);
#2718 = CARTESIAN_POINT('',(182.5,202.5,0.));
#2719 = DIRECTION('',(-0.,-0.,1.));
#2720 = DIRECTION('',(-1.,0.,-0.));
#2721 = ADVANCED_FACE('',(#2722),#2751,.T.);
#2722 = FACE_BOUND('',#2723,.T.);
#2723 = EDGE_LOOP('',(#2724,#2733,#2734,#2741,#2742,#2743,#2744));
#2724 = ORIENTED_EDGE('',*,*,#2725,.T.);
#2725 = EDGE_CURVE('',#2726,#1992,#2728,.T.);
#2726 = VERTEX_POINT('',#2727);
#2727 = CARTESIAN_POINT('',(186.5,202.5,-3.));
#2728 = CIRCLE('',#2729,4.);
#2729 = AXIS2_PLACEMENT_3D('',#2730,#2731,#2732);
#2730 = CARTESIAN_POINT('',(182.5,202.5,-3.));
#2731 = DIRECTION('',(0.,0.,1.));
#2732 = DIRECTION('',(1.,0.,-0.));
#2733 = ORIENTED_EDGE('',*,*,#1991,.T.);
#2734 = ORIENTED_EDGE('',*,*,#2735,.T.);
#2735 = EDGE_CURVE('',#1983,#2690,#2736,.T.);
#2736 = CIRCLE('',#2737,4.);
#2737 = AXIS2_PLACEMENT_3D('',#2738,#2739,#2740);
#2738 = CARTESIAN_POINT('',(182.5,202.5,-1.5));
#2739 = DIRECTION('',(0.,0.,-1.));
#2740 = DIRECTION('',(-1.,0.,-0.));
#2741 = ORIENTED_EDGE('',*,*,#2689,.T.);
#2742 = ORIENTED_EDGE('',*,*,#2710,.T.);
#2743 = ORIENTED_EDGE('',*,*,#2007,.F.);
#2744 = ORIENTED_EDGE('',*,*,#2745,.T.);
#2745 = EDGE_CURVE('',#2000,#2726,#2746,.T.);
#2746 = CIRCLE('',#2747,4.);
#2747 = AXIS2_PLACEMENT_3D('',#2748,#2749,#2750);
#2748 = CARTESIAN_POINT('',(182.5,202.5,-3.));
#2749 = DIRECTION('',(0.,0.,1.));
#2750 = DIRECTION('',(1.,0.,-0.));
#2751 = CYLINDRICAL_SURFACE('',#2752,4.);
#2752 = AXIS2_PLACEMENT_3D('',#2753,#2754,#2755);
#2753 = CARTESIAN_POINT('',(182.5,202.5,-3.));
#2754 = DIRECTION('',(0.,0.,1.));
#2755 = DIRECTION('',(1.,0.,-0.));
#2756 = ADVANCED_FACE('',(#2757),#2762,.F.);
#2757 = FACE_BOUND('',#2758,.F.);
#2758 = EDGE_LOOP('',(#2759,#2760,#2761));
#2759 = ORIENTED_EDGE('',*,*,#2745,.T.);
#2760 = ORIENTED_EDGE('',*,*,#2725,.T.);
#2761 = ORIENTED_EDGE('',*,*,#1999,.T.);
#2762 = PLANE('',#2763);
#2763 = AXIS2_PLACEMENT_3D('',#2764,#2765,#2766);
#2764 = CARTESIAN_POINT('',(182.5,202.5,-3.));
#2765 = DIRECTION('',(0.,0.,1.));
#2766 = DIRECTION('',(1.,0.,-0.));
#2767 = ADVANCED_FACE('',(#2768),#2774,.T.);
#2768 = FACE_BOUND('',#2769,.T.);
#2769 = EDGE_LOOP('',(#2770,#2771,#2772,#2773));
#2770 = ORIENTED_EDGE('',*,*,#2700,.T.);
#2771 = ORIENTED_EDGE('',*,*,#2735,.F.);
#2772 = ORIENTED_EDGE('',*,*,#1982,.F.);
#2773 = ORIENTED_EDGE('',*,*,#2584,.T.);
#2774 = CONICAL_SURFACE('',#2775,5.5,0.785398163397);
#2775 = AXIS2_PLACEMENT_3D('',#2776,#2777,#2778);
#2776 = CARTESIAN_POINT('',(182.5,202.5,0.));
#2777 = DIRECTION('',(-0.,-0.,1.));
#2778 = DIRECTION('',(-1.,0.,-0.));
#2779 = ADVANCED_FACE('',(#2780),#2810,.T.);
#2780 = FACE_BOUND('',#2781,.T.);
#2781 = EDGE_LOOP('',(#2782,#2793,#2799,#2800,#2801,#2802,#2803));
#2782 = ORIENTED_EDGE('',*,*,#2783,.F.);
#2783 = EDGE_CURVE('',#2784,#2786,#2788,.T.);
#2784 = VERTEX_POINT('',#2785);
#2785 = CARTESIAN_POINT('',(126.35714285714,202.5,-1.5));
#2786 = VERTEX_POINT('',#2787);
#2787 = CARTESIAN_POINT('',(134.35714285714,202.5,-1.5));
#2788 = CIRCLE('',#2789,4.);
#2789 = AXIS2_PLACEMENT_3D('',#2790,#2791,#2792);
#2790 = CARTESIAN_POINT('',(130.35714285714,202.5,-1.5));
#2791 = DIRECTION('',(0.,0.,-1.));
#2792 = DIRECTION('',(-1.,0.,-0.));
#2793 = ORIENTED_EDGE('',*,*,#2794,.F.);
#2794 = EDGE_CURVE('',#2536,#2784,#2795,.T.);
#2795 = LINE('',#2796,#2797);
#2796 = CARTESIAN_POINT('',(124.85714285714,202.5,0.));
#2797 = VECTOR('',#2798,1.);
#2798 = DIRECTION('',(0.707106781187,1.731912112471E-16,-0.707106781187)
  );
#2799 = ORIENTED_EDGE('',*,*,#2544,.T.);
#2800 = ORIENTED_EDGE('',*,*,#2560,.T.);
#2801 = ORIENTED_EDGE('',*,*,#2576,.T.);
#2802 = ORIENTED_EDGE('',*,*,#1965,.F.);
#2803 = ORIENTED_EDGE('',*,*,#2804,.F.);
#2804 = EDGE_CURVE('',#2786,#1958,#2805,.T.);
#2805 = CIRCLE('',#2806,4.);
#2806 = AXIS2_PLACEMENT_3D('',#2807,#2808,#2809);
#2807 = CARTESIAN_POINT('',(130.35714285714,202.5,-1.5));
#2808 = DIRECTION('',(0.,0.,-1.));
#2809 = DIRECTION('',(-1.,0.,-0.));
#2810 = CONICAL_SURFACE('',#2811,5.5,0.785398163397);
#2811 = AXIS2_PLACEMENT_3D('',#2812,#2813,#2814);
#2812 = CARTESIAN_POINT('',(130.35714285714,202.5,0.));
#2813 = DIRECTION('',(-0.,-0.,1.));
#2814 = DIRECTION('',(-1.,0.,-0.));
#2815 = ADVANCED_FACE('',(#2816),#2845,.T.);
#2816 = FACE_BOUND('',#2817,.T.);
#2817 = EDGE_LOOP('',(#2818,#2827,#2828,#2835,#2836,#2837,#2838));
#2818 = ORIENTED_EDGE('',*,*,#2819,.T.);
#2819 = EDGE_CURVE('',#2820,#1942,#2822,.T.);
#2820 = VERTEX_POINT('',#2821);
#2821 = CARTESIAN_POINT('',(134.35714285714,202.5,-3.));
#2822 = CIRCLE('',#2823,4.);
#2823 = AXIS2_PLACEMENT_3D('',#2824,#2825,#2826);
#2824 = CARTESIAN_POINT('',(130.35714285714,202.5,-3.));
#2825 = DIRECTION('',(0.,0.,1.));
#2826 = DIRECTION('',(1.,0.,-0.));
#2827 = ORIENTED_EDGE('',*,*,#1941,.T.);
#2828 = ORIENTED_EDGE('',*,*,#2829,.T.);
#2829 = EDGE_CURVE('',#1933,#2784,#2830,.T.);
#2830 = CIRCLE('',#2831,4.);
#2831 = AXIS2_PLACEMENT_3D('',#2832,#2833,#2834);
#2832 = CARTESIAN_POINT('',(130.35714285714,202.5,-1.5));
#2833 = DIRECTION('',(0.,0.,-1.));
#2834 = DIRECTION('',(-1.,0.,-0.));
#2835 = ORIENTED_EDGE('',*,*,#2783,.T.);
#2836 = ORIENTED_EDGE('',*,*,#2804,.T.);
#2837 = ORIENTED_EDGE('',*,*,#1957,.F.);
#2838 = ORIENTED_EDGE('',*,*,#2839,.T.);
#2839 = EDGE_CURVE('',#1950,#2820,#2840,.T.);
#2840 = CIRCLE('',#2841,4.);
#2841 = AXIS2_PLACEMENT_3D('',#2842,#2843,#2844);
#2842 = CARTESIAN_POINT('',(130.35714285714,202.5,-3.));
#2843 = DIRECTION('',(0.,0.,1.));
#2844 = DIRECTION('',(1.,0.,-0.));
#2845 = CYLINDRICAL_SURFACE('',#2846,4.);
#2846 = AXIS2_PLACEMENT_3D('',#2847,#2848,#2849);
#2847 = CARTESIAN_POINT('',(130.35714285714,202.5,-3.));
#2848 = DIRECTION('',(0.,0.,1.));
#2849 = DIRECTION('',(1.,0.,-0.));
#2850 = ADVANCED_FACE('',(#2851),#2856,.F.);
#2851 = FACE_BOUND('',#2852,.F.);
#2852 = EDGE_LOOP('',(#2853,#2854,#2855));
#2853 = ORIENTED_EDGE('',*,*,#2839,.T.);
#2854 = ORIENTED_EDGE('',*,*,#2819,.T.);
#2855 = ORIENTED_EDGE('',*,*,#1949,.T.);
#2856 = PLANE('',#2857);
#2857 = AXIS2_PLACEMENT_3D('',#2858,#2859,#2860);
#2858 = CARTESIAN_POINT('',(130.35714285714,202.5,-3.));
#2859 = DIRECTION('',(0.,0.,1.));
#2860 = DIRECTION('',(1.,0.,-0.));
#2861 = ADVANCED_FACE('',(#2862),#2868,.T.);
#2862 = FACE_BOUND('',#2863,.T.);
#2863 = EDGE_LOOP('',(#2864,#2865,#2866,#2867));
#2864 = ORIENTED_EDGE('',*,*,#2794,.T.);
#2865 = ORIENTED_EDGE('',*,*,#2829,.F.);
#2866 = ORIENTED_EDGE('',*,*,#1932,.F.);
#2867 = ORIENTED_EDGE('',*,*,#2535,.T.);
#2868 = CONICAL_SURFACE('',#2869,5.5,0.785398163397);
#2869 = AXIS2_PLACEMENT_3D('',#2870,#2871,#2872);
#2870 = CARTESIAN_POINT('',(130.35714285714,202.5,0.));
#2871 = DIRECTION('',(-0.,-0.,1.));
#2872 = DIRECTION('',(-1.,0.,-0.));
#2873 = ADVANCED_FACE('',(#2874),#2904,.T.);
#2874 = FACE_BOUND('',#2875,.T.);
#2875 = EDGE_LOOP('',(#2876,#2887,#2893,#2894,#2895,#2896,#2897));
#2876 = ORIENTED_EDGE('',*,*,#2877,.F.);
#2877 = EDGE_CURVE('',#2878,#2880,#2882,.T.);
#2878 = VERTEX_POINT('',#2879);
#2879 = CARTESIAN_POINT('',(74.214285714286,202.5,-1.5));
#2880 = VERTEX_POINT('',#2881);
#2881 = CARTESIAN_POINT('',(82.214285714286,202.5,-1.5));
#2882 = CIRCLE('',#2883,4.);
#2883 = AXIS2_PLACEMENT_3D('',#2884,#2885,#2886);
#2884 = CARTESIAN_POINT('',(78.214285714286,202.5,-1.5));
#2885 = DIRECTION('',(0.,0.,-1.));
#2886 = DIRECTION('',(-1.,0.,-0.));
#2887 = ORIENTED_EDGE('',*,*,#2888,.F.);
#2888 = EDGE_CURVE('',#2487,#2878,#2889,.T.);
#2889 = LINE('',#2890,#2891);
#2890 = CARTESIAN_POINT('',(72.714285714286,202.5,0.));
#2891 = VECTOR('',#2892,1.);
#2892 = DIRECTION('',(0.707106781187,1.731912112471E-16,-0.707106781187)
  );
#2893 = ORIENTED_EDGE('',*,*,#2495,.T.);
#2894 = ORIENTED_EDGE('',*,*,#2511,.T.);
#2895 = ORIENTED_EDGE('',*,*,#2527,.T.);
#2896 = ORIENTED_EDGE('',*,*,#1915,.F.);
#2897 = ORIENTED_EDGE('',*,*,#2898,.F.);
#2898 = EDGE_CURVE('',#2880,#1908,#2899,.T.);
#2899 = CIRCLE('',#2900,4.);
#2900 = AXIS2_PLACEMENT_3D('',#2901,#2902,#2903);
#2901 = CARTESIAN_POINT('',(78.214285714286,202.5,-1.5));
#2902 = DIRECTION('',(0.,0.,-1.));
#2903 = DIRECTION('',(-1.,0.,-0.));
#2904 = CONICAL_SURFACE('',#2905,5.5,0.785398163397);
#2905 = AXIS2_PLACEMENT_3D('',#2906,#2907,#2908);
#2906 = CARTESIAN_POINT('',(78.214285714286,202.5,0.));
#2907 = DIRECTION('',(-0.,-0.,1.));
#2908 = DIRECTION('',(-1.,0.,-0.));
#2909 = ADVANCED_FACE('',(#2910),#2939,.T.);
#2910 = FACE_BOUND('',#2911,.T.);
#2911 = EDGE_LOOP('',(#2912,#2921,#2922,#2929,#2930,#2931,#2932));
#2912 = ORIENTED_EDGE('',*,*,#2913,.T.);
#2913 = EDGE_CURVE('',#2914,#1892,#2916,.T.);
#2914 = VERTEX_POINT('',#2915);
#2915 = CARTESIAN_POINT('',(82.214285714286,202.5,-3.));
#2916 = CIRCLE('',#2917,4.);
#2917 = AXIS2_PLACEMENT_3D('',#2918,#2919,#2920);
#2918 = CARTESIAN_POINT('',(78.214285714286,202.5,-3.));
#2919 = DIRECTION('',(0.,0.,1.));
#2920 = DIRECTION('',(1.,0.,-0.));
#2921 = ORIENTED_EDGE('',*,*,#1891,.T.);
#2922 = ORIENTED_EDGE('',*,*,#2923,.T.);
#2923 = EDGE_CURVE('',#1883,#2878,#2924,.T.);
#2924 = CIRCLE('',#2925,4.);
#2925 = AXIS2_PLACEMENT_3D('',#2926,#2927,#2928);
#2926 = CARTESIAN_POINT('',(78.214285714286,202.5,-1.5));
#2927 = DIRECTION('',(0.,0.,-1.));
#2928 = DIRECTION('',(-1.,0.,-0.));
#2929 = ORIENTED_EDGE('',*,*,#2877,.T.);
#2930 = ORIENTED_EDGE('',*,*,#2898,.T.);
#2931 = ORIENTED_EDGE('',*,*,#1907,.F.);
#2932 = ORIENTED_EDGE('',*,*,#2933,.T.);
#2933 = EDGE_CURVE('',#1900,#2914,#2934,.T.);
#2934 = CIRCLE('',#2935,4.);
#2935 = AXIS2_PLACEMENT_3D('',#2936,#2937,#2938);
#2936 = CARTESIAN_POINT('',(78.214285714286,202.5,-3.));
#2937 = DIRECTION('',(0.,0.,1.));
#2938 = DIRECTION('',(1.,0.,-0.));
#2939 = CYLINDRICAL_SURFACE('',#2940,4.);
#2940 = AXIS2_PLACEMENT_3D('',#2941,#2942,#2943);
#2941 = CARTESIAN_POINT('',(78.214285714286,202.5,-3.));
#2942 = DIRECTION('',(0.,0.,1.));
#2943 = DIRECTION('',(1.,0.,-0.));
#2944 = ADVANCED_FACE('',(#2945),#2950,.F.);
#2945 = FACE_BOUND('',#2946,.F.);
#2946 = EDGE_LOOP('',(#2947,#2948,#2949));
#2947 = ORIENTED_EDGE('',*,*,#2933,.T.);
#2948 = ORIENTED_EDGE('',*,*,#2913,.T.);
#2949 = ORIENTED_EDGE('',*,*,#1899,.T.);
#2950 = PLANE('',#2951);
#2951 = AXIS2_PLACEMENT_3D('',#2952,#2953,#2954);
#2952 = CARTESIAN_POINT('',(78.214285714286,202.5,-3.));
#2953 = DIRECTION('',(0.,0.,1.));
#2954 = DIRECTION('',(1.,0.,-0.));
#2955 = ADVANCED_FACE('',(#2956),#2962,.T.);
#2956 = FACE_BOUND('',#2957,.T.);
#2957 = EDGE_LOOP('',(#2958,#2959,#2960,#2961));
#2958 = ORIENTED_EDGE('',*,*,#2888,.T.);
#2959 = ORIENTED_EDGE('',*,*,#2923,.F.);
#2960 = ORIENTED_EDGE('',*,*,#1882,.F.);
#2961 = ORIENTED_EDGE('',*,*,#2486,.T.);
#2962 = CONICAL_SURFACE('',#2963,5.5,0.785398163397);
#2963 = AXIS2_PLACEMENT_3D('',#2964,#2965,#2966);
#2964 = CARTESIAN_POINT('',(78.214285714286,202.5,0.));
#2965 = DIRECTION('',(-0.,-0.,1.));
#2966 = DIRECTION('',(-1.,0.,-0.));
#2967 = ADVANCED_FACE('',(#2968,#2993,#3004),#3015,.T.);
#2968 = FACE_BOUND('',#2969,.T.);
#2969 = EDGE_LOOP('',(#2970,#2971,#2979,#2987));
#2970 = ORIENTED_EDGE('',*,*,#2054,.F.);
#2971 = ORIENTED_EDGE('',*,*,#2972,.T.);
#2972 = EDGE_CURVE('',#2055,#2973,#2975,.T.);
#2973 = VERTEX_POINT('',#2974);
#2974 = CARTESIAN_POINT('',(200.,-24.75,12.25));
#2975 = LINE('',#2976,#2977);
#2976 = CARTESIAN_POINT('',(200.,-112.375,12.25));
#2977 = VECTOR('',#2978,1.);
#2978 = DIRECTION('',(0.,-1.,0.));
#2979 = ORIENTED_EDGE('',*,*,#2980,.T.);
#2980 = EDGE_CURVE('',#2973,#2981,#2983,.T.);
#2981 = VERTEX_POINT('',#2982);
#2982 = CARTESIAN_POINT('',(270.,-24.75,12.25));
#2983 = LINE('',#2984,#2985);
#2984 = CARTESIAN_POINT('',(195.,-24.75,12.25));
#2985 = VECTOR('',#2986,1.);
#2986 = DIRECTION('',(1.,0.,0.));
#2987 = ORIENTED_EDGE('',*,*,#2988,.F.);
#2988 = EDGE_CURVE('',#2047,#2981,#2989,.T.);
#2989 = LINE('',#2990,#2991);
#2990 = CARTESIAN_POINT('',(270.,-147.375,12.25));
#2991 = VECTOR('',#2992,1.);
#2992 = DIRECTION('',(0.,-1.,0.));
#2993 = FACE_BOUND('',#2994,.T.);
#2994 = EDGE_LOOP('',(#2995));
#2995 = ORIENTED_EDGE('',*,*,#2996,.F.);
#2996 = EDGE_CURVE('',#2997,#2997,#2999,.T.);
#2997 = VERTEX_POINT('',#2998);
#2998 = CARTESIAN_POINT('',(242.75,-12.5,12.25));
#2999 = CIRCLE('',#3000,2.75);
#3000 = AXIS2_PLACEMENT_3D('',#3001,#3002,#3003);
#3001 = CARTESIAN_POINT('',(240.,-12.5,12.25));
#3002 = DIRECTION('',(0.,0.,1.));
#3003 = DIRECTION('',(1.,0.,-0.));
#3004 = FACE_BOUND('',#3005,.T.);
#3005 = EDGE_LOOP('',(#3006));
#3006 = ORIENTED_EDGE('',*,*,#3007,.F.);
#3007 = EDGE_CURVE('',#3008,#3008,#3010,.T.);
#3008 = VERTEX_POINT('',#3009);
#3009 = CARTESIAN_POINT('',(260.75,-12.5,12.25));
#3010 = CIRCLE('',#3011,2.75);
#3011 = AXIS2_PLACEMENT_3D('',#3012,#3013,#3014);
#3012 = CARTESIAN_POINT('',(258.,-12.5,12.25));
#3013 = DIRECTION('',(0.,0.,1.));
#3014 = DIRECTION('',(1.,0.,-0.));
#3015 = PLANE('',#3016);
#3016 = AXIS2_PLACEMENT_3D('',#3017,#3018,#3019);
#3017 = CARTESIAN_POINT('',(195.,-24.75,12.25));
#3018 = DIRECTION('',(0.,0.,1.));
#3019 = DIRECTION('',(1.,0.,0.));
#3020 = ADVANCED_FACE('',(#3021),#3159,.F.);
#3021 = FACE_BOUND('',#3022,.F.);
#3022 = EDGE_LOOP('',(#3023,#3033,#3041,#3049,#3057,#3065,#3071,#3072,
    #3080,#3088,#3096,#3104,#3112,#3120,#3128,#3137,#3145,#3153));
#3023 = ORIENTED_EDGE('',*,*,#3024,.T.);
#3024 = EDGE_CURVE('',#3025,#3027,#3029,.T.);
#3025 = VERTEX_POINT('',#3026);
#3026 = CARTESIAN_POINT('',(199.,-24.75,-22.));
#3027 = VERTEX_POINT('',#3028);
#3028 = CARTESIAN_POINT('',(195.,-24.75,-22.));
#3029 = LINE('',#3030,#3031);
#3030 = CARTESIAN_POINT('',(-2.,-24.75,-22.));
#3031 = VECTOR('',#3032,1.);
#3032 = DIRECTION('',(-1.,0.,0.));
#3033 = ORIENTED_EDGE('',*,*,#3034,.T.);
#3034 = EDGE_CURVE('',#3027,#3035,#3037,.T.);
#3035 = VERTEX_POINT('',#3036);
#3036 = CARTESIAN_POINT('',(195.,-24.75,2.));
#3037 = LINE('',#3038,#3039);
#3038 = CARTESIAN_POINT('',(195.,-24.75,-23.));
#3039 = VECTOR('',#3040,1.);
#3040 = DIRECTION('',(0.,0.,1.));
#3041 = ORIENTED_EDGE('',*,*,#3042,.F.);
#3042 = EDGE_CURVE('',#3043,#3035,#3045,.T.);
#3043 = VERTEX_POINT('',#3044);
#3044 = CARTESIAN_POINT('',(196.5,-24.75,2.));
#3045 = LINE('',#3046,#3047);
#3046 = CARTESIAN_POINT('',(-2.,-24.75,2.));
#3047 = VECTOR('',#3048,1.);
#3048 = DIRECTION('',(-1.,0.,0.));
#3049 = ORIENTED_EDGE('',*,*,#3050,.F.);
#3050 = EDGE_CURVE('',#3051,#3043,#3053,.T.);
#3051 = VERTEX_POINT('',#3052);
#3052 = CARTESIAN_POINT('',(198.,-24.75,3.5));
#3053 = LINE('',#3054,#3055);
#3054 = CARTESIAN_POINT('',(189.875,-24.75,-4.625));
#3055 = VECTOR('',#3056,1.);
#3056 = DIRECTION('',(-0.707106781187,0.,-0.707106781187));
#3057 = ORIENTED_EDGE('',*,*,#3058,.F.);
#3058 = EDGE_CURVE('',#3059,#3051,#3061,.T.);
#3059 = VERTEX_POINT('',#3060);
#3060 = CARTESIAN_POINT('',(200.,-24.75,3.5));
#3061 = LINE('',#3062,#3063);
#3062 = CARTESIAN_POINT('',(-3.5,-24.75,3.5));
#3063 = VECTOR('',#3064,1.);
#3064 = DIRECTION('',(-1.,0.,0.));
#3065 = ORIENTED_EDGE('',*,*,#3066,.T.);
#3066 = EDGE_CURVE('',#3059,#2973,#3067,.T.);
#3067 = LINE('',#3068,#3069);
#3068 = CARTESIAN_POINT('',(200.,-24.75,-12.));
#3069 = VECTOR('',#3070,1.);
#3070 = DIRECTION('',(0.,-0.,1.));
#3071 = ORIENTED_EDGE('',*,*,#2980,.T.);
#3072 = ORIENTED_EDGE('',*,*,#3073,.F.);
#3073 = EDGE_CURVE('',#3074,#2981,#3076,.T.);
#3074 = VERTEX_POINT('',#3075);
#3075 = CARTESIAN_POINT('',(270.,-24.75,4.));
#3076 = LINE('',#3077,#3078);
#3077 = CARTESIAN_POINT('',(270.,-24.75,-11.5));
#3078 = VECTOR('',#3079,1.);
#3079 = DIRECTION('',(0.,-0.,1.));
#3080 = ORIENTED_EDGE('',*,*,#3081,.F.);
#3081 = EDGE_CURVE('',#3082,#3074,#3084,.T.);
#3082 = VERTEX_POINT('',#3083);
#3083 = CARTESIAN_POINT('',(266.,-24.75,0.));
#3084 = LINE('',#3085,#3086);
#3085 = CARTESIAN_POINT('',(243.5,-24.75,-22.5));
#3086 = VECTOR('',#3087,1.);
#3087 = DIRECTION('',(0.707106781187,-0.,0.707106781187));
#3088 = ORIENTED_EDGE('',*,*,#3089,.T.);
#3089 = EDGE_CURVE('',#3082,#3090,#3092,.T.);
#3090 = VERTEX_POINT('',#3091);
#3091 = CARTESIAN_POINT('',(230.,-24.75,0.));
#3092 = LINE('',#3093,#3094);
#3093 = CARTESIAN_POINT('',(-37.5,-24.75,0.));
#3094 = VECTOR('',#3095,1.);
#3095 = DIRECTION('',(-1.,0.,0.));
#3096 = ORIENTED_EDGE('',*,*,#3097,.T.);
#3097 = EDGE_CURVE('',#3090,#3098,#3100,.T.);
#3098 = VERTEX_POINT('',#3099);
#3099 = CARTESIAN_POINT('',(230.,-24.75,2.));
#3100 = LINE('',#3101,#3102);
#3101 = CARTESIAN_POINT('',(230.,-24.75,-12.));
#3102 = VECTOR('',#3103,1.);
#3103 = DIRECTION('',(0.,-0.,1.));
#3104 = ORIENTED_EDGE('',*,*,#3105,.T.);
#3105 = EDGE_CURVE('',#3098,#3106,#3108,.T.);
#3106 = VERTEX_POINT('',#3107);
#3107 = CARTESIAN_POINT('',(205.,-24.75,2.));
#3108 = LINE('',#3109,#3110);
#3109 = CARTESIAN_POINT('',(-17.5,-24.75,2.));
#3110 = VECTOR('',#3111,1.);
#3111 = DIRECTION('',(-1.,0.,0.));
#3112 = ORIENTED_EDGE('',*,*,#3113,.F.);
#3113 = EDGE_CURVE('',#3114,#3106,#3116,.T.);
#3114 = VERTEX_POINT('',#3115);
#3115 = CARTESIAN_POINT('',(205.,-24.75,0.));
#3116 = LINE('',#3117,#3118);
#3117 = CARTESIAN_POINT('',(205.,-24.75,-12.5));
#3118 = VECTOR('',#3119,1.);
#3119 = DIRECTION('',(0.,-0.,1.));
#3120 = ORIENTED_EDGE('',*,*,#3121,.F.);
#3121 = EDGE_CURVE('',#3122,#3114,#3124,.T.);
#3122 = VERTEX_POINT('',#3123);
#3123 = CARTESIAN_POINT('',(207.83889750141,-24.75,0.));
#3124 = LINE('',#3125,#3126);
#3125 = CARTESIAN_POINT('',(200.48025802994,-24.75,0.));
#3126 = VECTOR('',#3127,1.);
#3127 = DIRECTION('',(-1.,0.,0.));
#3128 = ORIENTED_EDGE('',*,*,#3129,.F.);
#3129 = EDGE_CURVE('',#3130,#3122,#3132,.T.);
#3130 = VERTEX_POINT('',#3131);
#3131 = CARTESIAN_POINT('',(206.27542401997,-24.75,-1.5));
#3132 = HYPERBOLA('',#3133,1.321428571429,1.321428571429);
#3133 = AXIS2_PLACEMENT_3D('',#3134,#3135,#3136);
#3134 = CARTESIAN_POINT('',(202.5,-24.75,-5.5));
#3135 = DIRECTION('',(0.,1.,0.));
#3136 = DIRECTION('',(0.,-0.,1.));
#3137 = ORIENTED_EDGE('',*,*,#3138,.F.);
#3138 = EDGE_CURVE('',#3139,#3130,#3141,.T.);
#3139 = VERTEX_POINT('',#3140);
#3140 = CARTESIAN_POINT('',(206.27542401997,-24.75,-3.));
#3141 = LINE('',#3142,#3143);
#3142 = CARTESIAN_POINT('',(206.27542401997,-24.75,-3.));
#3143 = VECTOR('',#3144,1.);
#3144 = DIRECTION('',(0.,0.,1.));
#3145 = ORIENTED_EDGE('',*,*,#3146,.T.);
#3146 = EDGE_CURVE('',#3139,#3147,#3149,.T.);
#3147 = VERTEX_POINT('',#3148);
#3148 = CARTESIAN_POINT('',(199.,-24.75,-3.));
#3149 = LINE('',#3150,#3151);
#3150 = CARTESIAN_POINT('',(198.75,-24.75,-3.));
#3151 = VECTOR('',#3152,1.);
#3152 = DIRECTION('',(-1.,0.,0.));
#3153 = ORIENTED_EDGE('',*,*,#3154,.F.);
#3154 = EDGE_CURVE('',#3025,#3147,#3155,.T.);
#3155 = LINE('',#3156,#3157);
#3156 = CARTESIAN_POINT('',(199.,-24.75,-22.5));
#3157 = VECTOR('',#3158,1.);
#3158 = DIRECTION('',(0.,-0.,1.));
#3159 = PLANE('',#3160);
#3160 = AXIS2_PLACEMENT_3D('',#3161,#3162,#3163);
#3161 = CARTESIAN_POINT('',(195.,-24.75,-23.));
#3162 = DIRECTION('',(0.,1.,0.));
#3163 = DIRECTION('',(0.,0.,1.));
#3164 = ADVANCED_FACE('',(#3165),#3231,.F.);
#3165 = FACE_BOUND('',#3166,.F.);
#3166 = EDGE_LOOP('',(#3167,#3223,#3229,#3230));
#3167 = ORIENTED_EDGE('',*,*,#3168,.F.);
#3168 = EDGE_CURVE('',#3169,#3169,#3171,.T.);
#3169 = VERTEX_POINT('',#3170);
#3170 = CARTESIAN_POINT('',(202.66873749991,205.49716462466,17.));
#3171 = B_SPLINE_CURVE_WITH_KNOTS('',8,(#3172,#3173,#3174,#3175,#3176,
    #3177,#3178,#3179,#3180,#3181,#3182,#3183,#3184,#3185,#3186,#3187,
    #3188,#3189,#3190,#3191,#3192,#3193,#3194,#3195,#3196,#3197,#3198,
    #3199,#3200,#3201,#3202,#3203,#3204,#3205,#3206,#3207,#3208,#3209,
    #3210,#3211,#3212,#3213,#3214,#3215,#3216,#3217,#3218,#3219,#3220,
    #3221,#3222),.UNSPECIFIED.,.T.,.F.,(9,7,7,7,7,7,7,9),(0.,
    0.153995629514,0.2865359825,0.411950151369,0.568528251979,
    0.707059669578,0.828375732133,1.),.UNSPECIFIED.);
#3172 = CARTESIAN_POINT('',(202.66873749991,205.49716462466,17.));
#3173 = CARTESIAN_POINT('',(202.66873749991,205.49716462466,
    17.209119744796));
#3174 = CARTESIAN_POINT('',(202.68915876879,205.4822455657,
    17.417963133657));
#3175 = CARTESIAN_POINT('',(202.72990655142,205.45247803398,
    17.624870222944));
#3176 = CARTESIAN_POINT('',(202.7912117928,205.40734883553,
    17.827982687945));
#3177 = CARTESIAN_POINT('',(202.87343256801,205.34592531574,
    18.024897418631));
#3178 = CARTESIAN_POINT('',(202.97685923169,205.26689555918,
    18.212453201299));
#3179 = CARTESIAN_POINT('',(203.10147542698,205.16864555287,
    18.38644076674));
#3180 = CARTESIAN_POINT('',(203.37155565933,204.94701827406,
    18.674074714273));
#3181 = CARTESIAN_POINT('',(203.51628069354,204.8252872113,
    18.797633885212));
#3182 = CARTESIAN_POINT('',(203.67764923448,204.68515959818,
    18.901134489891));
#3183 = CARTESIAN_POINT('',(203.85060112862,204.52890185627,
    18.97670960671));
#3184 = CARTESIAN_POINT('',(204.02889439684,204.36022192871,
    19.019167204523));
#3185 = CARTESIAN_POINT('',(204.20632350574,204.18417476603,
    19.026021570149));
#3186 = CARTESIAN_POINT('',(204.3773203393,204.00673795755,
    18.997590968498));
#3187 = CARTESIAN_POINT('',(204.68879158374,203.67046590722,
    18.879990476435));
#3188 = CARTESIAN_POINT('',(204.82594796171,203.51596357681,
    18.795855110774));
#3189 = CARTESIAN_POINT('',(204.94819315968,203.37278027122,
    18.689675787272));
#3190 = CARTESIAN_POINT('',(205.05560349402,203.24264018072,
    18.565735044421));
#3191 = CARTESIAN_POINT('',(205.14860821422,203.12672998514,
    18.427854435228));
#3192 = CARTESIAN_POINT('',(205.2278125937,203.02575076362,
    18.279488230138));
#3193 = CARTESIAN_POINT('',(205.29393008817,202.93995649301,
    18.123765506749));
#3194 = CARTESIAN_POINT('',(205.41494781052,202.78082161524,
    17.763426940235));
#3195 = CARTESIAN_POINT('',(205.46367052623,202.71496302722,
    17.554215108118));
#3196 = CARTESIAN_POINT('',(205.49534727831,202.67137096306,
    17.339377818736));
#3197 = CARTESIAN_POINT('',(205.5108860739,202.64979621893,
    17.121514875926));
#3198 = CARTESIAN_POINT('',(205.51070835008,202.65008391703,
    16.902829718895));
#3199 = CARTESIAN_POINT('',(205.49476401975,202.67223156453,
    16.685399079867));
#3200 = CARTESIAN_POINT('',(205.46250097813,202.71640951368,
    16.471432399004));
#3201 = CARTESIAN_POINT('',(205.36875413698,202.84183273994,
    16.080006085505));
#3202 = CARTESIAN_POINT('',(205.31084687428,202.91851258231,
    15.90026212188));
#3203 = CARTESIAN_POINT('',(205.23814268352,203.0133450738,
    15.727169992138));
#3204 = CARTESIAN_POINT('',(205.14963562361,203.12639872301,
    15.563923247166));
#3205 = CARTESIAN_POINT('',(205.04427943219,203.25734675392,
    15.414333308864));
#3206 = CARTESIAN_POINT('',(204.92106611904,203.40531490648,
    15.282938797186));
#3207 = CARTESIAN_POINT('',(204.77926965228,203.56870128396,
    15.175207169666));
#3208 = CARTESIAN_POINT('',(204.47866624973,203.89934901633,
    15.030175377821));
#3209 = CARTESIAN_POINT('',(204.32624230193,204.06131885098,
    14.986790652762));
#3210 = CARTESIAN_POINT('',(204.16521298999,204.2257536447,
    14.972344406396));
#3211 = CARTESIAN_POINT('',(204.0000701786,204.38720738645,
    14.988747609415));
#3212 = CARTESIAN_POINT('',(203.83606346165,204.5406829672,
    15.035319626669));
#3213 = CARTESIAN_POINT('',(203.67878438513,204.68216493306,
    15.108859133419));
#3214 = CARTESIAN_POINT('',(203.53326685639,204.8087899153,
    15.203634921044));
#3215 = CARTESIAN_POINT('',(203.21950494263,205.07461081331,
    15.463719003574));
#3216 = CARTESIAN_POINT('',(203.060898948,205.20229458877,15.64691942879
    ));
#3217 = CARTESIAN_POINT('',(202.92911651813,205.30419804509,
    15.850953101719));
#3218 = CARTESIAN_POINT('',(202.82441320808,205.38288764992,
    16.069045613124));
#3219 = CARTESIAN_POINT('',(202.74643330175,205.44040278037,
    16.296260510519));
#3220 = CARTESIAN_POINT('',(202.69466486746,205.47822349144,
    16.528958911098));
#3221 = CARTESIAN_POINT('',(202.66873749991,205.49716462466,
    16.764369708354));
#3222 = CARTESIAN_POINT('',(202.66873749991,205.49716462466,17.));
#3223 = ORIENTED_EDGE('',*,*,#3224,.F.);
#3224 = EDGE_CURVE('',#2098,#3169,#3225,.T.);
#3225 = LINE('',#3226,#3227);
#3226 = CARTESIAN_POINT('',(196.41421356237,199.24264068711,17.));
#3227 = VECTOR('',#3228,1.);
#3228 = DIRECTION('',(0.707106781187,0.707106781187,-1.101497328414E-32)
  );
#3229 = ORIENTED_EDGE('',*,*,#2097,.T.);
#3230 = ORIENTED_EDGE('',*,*,#3224,.T.);
#3231 = CYLINDRICAL_SURFACE('',#3232,2.);
#3232 = AXIS2_PLACEMENT_3D('',#3233,#3234,#3235);
#3233 = CARTESIAN_POINT('',(197.82842712474,197.82842712474,17.));
#3234 = DIRECTION('',(0.707106781187,0.707106781187,0.));
#3235 = DIRECTION('',(-0.707106781187,0.707106781187,0.));
#3236 = ADVANCED_FACE('',(#3237,#3271),#3274,.T.);
#3237 = FACE_BOUND('',#3238,.T.);
#3238 = EDGE_LOOP('',(#3239,#3249,#3257,#3265));
#3239 = ORIENTED_EDGE('',*,*,#3240,.T.);
#3240 = EDGE_CURVE('',#3241,#3243,#3245,.T.);
#3241 = VERTEX_POINT('',#3242);
#3242 = CARTESIAN_POINT('',(85.,208.,4.));
#3243 = VERTEX_POINT('',#3244);
#3244 = CARTESIAN_POINT('',(42.,208.,4.));
#3245 = LINE('',#3246,#3247);
#3246 = CARTESIAN_POINT('',(85.,208.,4.));
#3247 = VECTOR('',#3248,1.);
#3248 = DIRECTION('',(-1.,1.110223024625E-16,0.));
#3249 = ORIENTED_EDGE('',*,*,#3250,.T.);
#3250 = EDGE_CURVE('',#3243,#3251,#3253,.T.);
#3251 = VERTEX_POINT('',#3252);
#3252 = CARTESIAN_POINT('',(42.,208.,20.));
#3253 = LINE('',#3254,#3255);
#3254 = CARTESIAN_POINT('',(42.,208.,4.));
#3255 = VECTOR('',#3256,1.);
#3256 = DIRECTION('',(0.,0.,1.));
#3257 = ORIENTED_EDGE('',*,*,#3258,.F.);
#3258 = EDGE_CURVE('',#3259,#3251,#3261,.T.);
#3259 = VERTEX_POINT('',#3260);
#3260 = CARTESIAN_POINT('',(85.,208.,20.));
#3261 = LINE('',#3262,#3263);
#3262 = CARTESIAN_POINT('',(85.,208.,20.));
#3263 = VECTOR('',#3264,1.);
#3264 = DIRECTION('',(-1.,1.110223024625E-16,0.));
#3265 = ORIENTED_EDGE('',*,*,#3266,.F.);
#3266 = EDGE_CURVE('',#3241,#3259,#3267,.T.);
#3267 = LINE('',#3268,#3269);
#3268 = CARTESIAN_POINT('',(85.,208.,4.));
#3269 = VECTOR('',#3270,1.);
#3270 = DIRECTION('',(0.,0.,1.));
#3271 = FACE_BOUND('',#3272,.T.);
#3272 = EDGE_LOOP('',(#3273));
#3273 = ORIENTED_EDGE('',*,*,#2252,.F.);
#3274 = PLANE('',#3275);
#3275 = AXIS2_PLACEMENT_3D('',#3276,#3277,#3278);
#3276 = CARTESIAN_POINT('',(85.,208.,4.));
#3277 = DIRECTION('',(1.110223024625E-16,1.,0.));
#3278 = DIRECTION('',(0.,0.,1.));
#3279 = ADVANCED_FACE('',(#3280,#3314),#3317,.T.);
#3280 = FACE_BOUND('',#3281,.T.);
#3281 = EDGE_LOOP('',(#3282,#3292,#3300,#3308));
#3282 = ORIENTED_EDGE('',*,*,#3283,.T.);
#3283 = EDGE_CURVE('',#3284,#3286,#3288,.T.);
#3284 = VERTEX_POINT('',#3285);
#3285 = CARTESIAN_POINT('',(131.,208.,4.));
#3286 = VERTEX_POINT('',#3287);
#3287 = CARTESIAN_POINT('',(88.,208.,4.));
#3288 = LINE('',#3289,#3290);
#3289 = CARTESIAN_POINT('',(131.,208.,4.));
#3290 = VECTOR('',#3291,1.);
#3291 = DIRECTION('',(-1.,1.110223024625E-16,0.));
#3292 = ORIENTED_EDGE('',*,*,#3293,.T.);
#3293 = EDGE_CURVE('',#3286,#3294,#3296,.T.);
#3294 = VERTEX_POINT('',#3295);
#3295 = CARTESIAN_POINT('',(88.,208.,20.));
#3296 = LINE('',#3297,#3298);
#3297 = CARTESIAN_POINT('',(88.,208.,4.));
#3298 = VECTOR('',#3299,1.);
#3299 = DIRECTION('',(0.,0.,1.));
#3300 = ORIENTED_EDGE('',*,*,#3301,.F.);
#3301 = EDGE_CURVE('',#3302,#3294,#3304,.T.);
#3302 = VERTEX_POINT('',#3303);
#3303 = CARTESIAN_POINT('',(131.,208.,20.));
#3304 = LINE('',#3305,#3306);
#3305 = CARTESIAN_POINT('',(131.,208.,20.));
#3306 = VECTOR('',#3307,1.);
#3307 = DIRECTION('',(-1.,1.110223024625E-16,0.));
#3308 = ORIENTED_EDGE('',*,*,#3309,.F.);
#3309 = EDGE_CURVE('',#3284,#3302,#3310,.T.);
#3310 = LINE('',#3311,#3312);
#3311 = CARTESIAN_POINT('',(131.,208.,4.));
#3312 = VECTOR('',#3313,1.);
#3313 = DIRECTION('',(0.,0.,1.));
#3314 = FACE_BOUND('',#3315,.T.);
#3315 = EDGE_LOOP('',(#3316));
#3316 = ORIENTED_EDGE('',*,*,#2277,.F.);
#3317 = PLANE('',#3318);
#3318 = AXIS2_PLACEMENT_3D('',#3319,#3320,#3321);
#3319 = CARTESIAN_POINT('',(131.,208.,4.));
#3320 = DIRECTION('',(1.110223024625E-16,1.,0.));
#3321 = DIRECTION('',(0.,0.,1.));
#3322 = ADVANCED_FACE('',(#3323,#3437),#3440,.T.);
#3323 = FACE_BOUND('',#3324,.T.);
#3324 = EDGE_LOOP('',(#3325,#3335,#3343,#3351,#3359,#3367,#3375,#3383,
    #3391,#3399,#3407,#3415,#3423,#3431));
#3325 = ORIENTED_EDGE('',*,*,#3326,.F.);
#3326 = EDGE_CURVE('',#3327,#3329,#3331,.T.);
#3327 = VERTEX_POINT('',#3328);
#3328 = CARTESIAN_POINT('',(177.,208.,4.));
#3329 = VERTEX_POINT('',#3330);
#3330 = CARTESIAN_POINT('',(177.,208.,20.));
#3331 = LINE('',#3332,#3333);
#3332 = CARTESIAN_POINT('',(177.,208.,4.));
#3333 = VECTOR('',#3334,1.);
#3334 = DIRECTION('',(0.,0.,1.));
#3335 = ORIENTED_EDGE('',*,*,#3336,.T.);
#3336 = EDGE_CURVE('',#3327,#3337,#3339,.T.);
#3337 = VERTEX_POINT('',#3338);
#3338 = CARTESIAN_POINT('',(134.,208.,4.));
#3339 = LINE('',#3340,#3341);
#3340 = CARTESIAN_POINT('',(177.,208.,4.));
#3341 = VECTOR('',#3342,1.);
#3342 = DIRECTION('',(-1.,1.110223024625E-16,0.));
#3343 = ORIENTED_EDGE('',*,*,#3344,.T.);
#3344 = EDGE_CURVE('',#3337,#3345,#3347,.T.);
#3345 = VERTEX_POINT('',#3346);
#3346 = CARTESIAN_POINT('',(134.,208.,20.));
#3347 = LINE('',#3348,#3349);
#3348 = CARTESIAN_POINT('',(134.,208.,4.));
#3349 = VECTOR('',#3350,1.);
#3350 = DIRECTION('',(0.,0.,1.));
#3351 = ORIENTED_EDGE('',*,*,#3352,.F.);
#3352 = EDGE_CURVE('',#3353,#3345,#3355,.T.);
#3353 = VERTEX_POINT('',#3354);
#3354 = CARTESIAN_POINT('',(135.,208.,20.));
#3355 = LINE('',#3356,#3357);
#3356 = CARTESIAN_POINT('',(177.,208.,20.));
#3357 = VECTOR('',#3358,1.);
#3358 = DIRECTION('',(-1.,1.110223024625E-16,0.));
#3359 = ORIENTED_EDGE('',*,*,#3360,.F.);
#3360 = EDGE_CURVE('',#3361,#3353,#3363,.T.);
#3361 = VERTEX_POINT('',#3362);
#3362 = CARTESIAN_POINT('',(135.,208.,15.));
#3363 = LINE('',#3364,#3365);
#3364 = CARTESIAN_POINT('',(135.,208.,14.5));
#3365 = VECTOR('',#3366,1.);
#3366 = DIRECTION('',(0.,-0.,1.));
#3367 = ORIENTED_EDGE('',*,*,#3368,.F.);
#3368 = EDGE_CURVE('',#3369,#3361,#3371,.T.);
#3369 = VERTEX_POINT('',#3370);
#3370 = CARTESIAN_POINT('',(140.,208.,10.));
#3371 = LINE('',#3372,#3373);
#3372 = CARTESIAN_POINT('',(148.25,208.,1.75));
#3373 = VECTOR('',#3374,1.);
#3374 = DIRECTION('',(-0.707106781187,7.850462293419E-17,0.707106781187)
  );
#3375 = ORIENTED_EDGE('',*,*,#3376,.F.);
#3376 = EDGE_CURVE('',#3377,#3369,#3379,.T.);
#3377 = VERTEX_POINT('',#3378);
#3378 = CARTESIAN_POINT('',(145.,208.,15.));
#3379 = LINE('',#3380,#3381);
#3380 = CARTESIAN_POINT('',(147.75,208.,17.75));
#3381 = VECTOR('',#3382,1.);
#3382 = DIRECTION('',(-0.707106781187,7.850462293419E-17,-0.707106781187
    ));
#3383 = ORIENTED_EDGE('',*,*,#3384,.F.);
#3384 = EDGE_CURVE('',#3385,#3377,#3387,.T.);
#3385 = VERTEX_POINT('',#3386);
#3386 = CARTESIAN_POINT('',(145.,208.,20.));
#3387 = LINE('',#3388,#3389);
#3388 = CARTESIAN_POINT('',(145.,208.,9.5));
#3389 = VECTOR('',#3390,1.);
#3390 = DIRECTION('',(0.,0.,-1.));
#3391 = ORIENTED_EDGE('',*,*,#3392,.F.);
#3392 = EDGE_CURVE('',#3393,#3385,#3395,.T.);
#3393 = VERTEX_POINT('',#3394);
#3394 = CARTESIAN_POINT('',(160.,208.,20.));
#3395 = LINE('',#3396,#3397);
#3396 = CARTESIAN_POINT('',(177.,208.,20.));
#3397 = VECTOR('',#3398,1.);
#3398 = DIRECTION('',(-1.,1.110223024625E-16,0.));
#3399 = ORIENTED_EDGE('',*,*,#3400,.F.);
#3400 = EDGE_CURVE('',#3401,#3393,#3403,.T.);
#3401 = VERTEX_POINT('',#3402);
#3402 = CARTESIAN_POINT('',(160.,208.,15.));
#3403 = LINE('',#3404,#3405);
#3404 = CARTESIAN_POINT('',(160.,208.,14.5));
#3405 = VECTOR('',#3406,1.);
#3406 = DIRECTION('',(0.,-0.,1.));
#3407 = ORIENTED_EDGE('',*,*,#3408,.F.);
#3408 = EDGE_CURVE('',#3409,#3401,#3411,.T.);
#3409 = VERTEX_POINT('',#3410);
#3410 = CARTESIAN_POINT('',(165.,208.,10.));
#3411 = LINE('',#3412,#3413);
#3412 = CARTESIAN_POINT('',(167.,208.,8.));
#3413 = VECTOR('',#3414,1.);
#3414 = DIRECTION('',(-0.707106781187,7.850462293419E-17,0.707106781187)
  );
#3415 = ORIENTED_EDGE('',*,*,#3416,.F.);
#3416 = EDGE_CURVE('',#3417,#3409,#3419,.T.);
#3417 = VERTEX_POINT('',#3418);
#3418 = CARTESIAN_POINT('',(170.,208.,15.));
#3419 = LINE('',#3420,#3421);
#3420 = CARTESIAN_POINT('',(166.5,208.,11.5));
#3421 = VECTOR('',#3422,1.);
#3422 = DIRECTION('',(-0.707106781187,7.850462293419E-17,-0.707106781187
    ));
#3423 = ORIENTED_EDGE('',*,*,#3424,.F.);
#3424 = EDGE_CURVE('',#3425,#3417,#3427,.T.);
#3425 = VERTEX_POINT('',#3426);
#3426 = CARTESIAN_POINT('',(170.,208.,20.));
#3427 = LINE('',#3428,#3429);
#3428 = CARTESIAN_POINT('',(170.,208.,9.5));
#3429 = VECTOR('',#3430,1.);
#3430 = DIRECTION('',(0.,0.,-1.));
#3431 = ORIENTED_EDGE('',*,*,#3432,.F.);
#3432 = EDGE_CURVE('',#3329,#3425,#3433,.T.);
#3433 = LINE('',#3434,#3435);
#3434 = CARTESIAN_POINT('',(177.,208.,20.));
#3435 = VECTOR('',#3436,1.);
#3436 = DIRECTION('',(-1.,1.110223024625E-16,0.));
#3437 = FACE_BOUND('',#3438,.T.);
#3438 = EDGE_LOOP('',(#3439));
#3439 = ORIENTED_EDGE('',*,*,#2302,.F.);
#3440 = PLANE('',#3441);
#3441 = AXIS2_PLACEMENT_3D('',#3442,#3443,#3444);
#3442 = CARTESIAN_POINT('',(177.,208.,4.));
#3443 = DIRECTION('',(1.110223024625E-16,1.,0.));
#3444 = DIRECTION('',(0.,0.,1.));
#3445 = ADVANCED_FACE('',(#3446),#3482,.T.);
#3446 = FACE_BOUND('',#3447,.T.);
#3447 = EDGE_LOOP('',(#3448,#3459,#3465,#3466,#3467,#3475));
#3448 = ORIENTED_EDGE('',*,*,#3449,.T.);
#3449 = EDGE_CURVE('',#3450,#3452,#3454,.T.);
#3450 = VERTEX_POINT('',#3451);
#3451 = CARTESIAN_POINT('',(206.5,130.35714285714,-3.));
#3452 = VERTEX_POINT('',#3453);
#3453 = CARTESIAN_POINT('',(199.,132.29363453024,-3.));
#3454 = CIRCLE('',#3455,4.);
#3455 = AXIS2_PLACEMENT_3D('',#3456,#3457,#3458);
#3456 = CARTESIAN_POINT('',(202.5,130.35714285714,-3.));
#3457 = DIRECTION('',(0.,0.,1.));
#3458 = DIRECTION('',(1.,0.,-0.));
#3459 = ORIENTED_EDGE('',*,*,#3460,.T.);
#3460 = EDGE_CURVE('',#3452,#786,#3461,.T.);
#3461 = LINE('',#3462,#3463);
#3462 = CARTESIAN_POINT('',(199.,132.29363453024,-3.));
#3463 = VECTOR('',#3464,1.);
#3464 = DIRECTION('',(0.,0.,1.));
#3465 = ORIENTED_EDGE('',*,*,#785,.T.);
#3466 = ORIENTED_EDGE('',*,*,#831,.T.);
#3467 = ORIENTED_EDGE('',*,*,#3468,.F.);
#3468 = EDGE_CURVE('',#3469,#823,#3471,.T.);
#3469 = VERTEX_POINT('',#3470);
#3470 = CARTESIAN_POINT('',(199.,128.42065118403,-3.));
#3471 = LINE('',#3472,#3473);
#3472 = CARTESIAN_POINT('',(199.,128.42065118403,-3.));
#3473 = VECTOR('',#3474,1.);
#3474 = DIRECTION('',(0.,0.,1.));
#3475 = ORIENTED_EDGE('',*,*,#3476,.T.);
#3476 = EDGE_CURVE('',#3469,#3450,#3477,.T.);
#3477 = CIRCLE('',#3478,4.);
#3478 = AXIS2_PLACEMENT_3D('',#3479,#3480,#3481);
#3479 = CARTESIAN_POINT('',(202.5,130.35714285714,-3.));
#3480 = DIRECTION('',(0.,0.,1.));
#3481 = DIRECTION('',(1.,0.,-0.));
#3482 = CYLINDRICAL_SURFACE('',#3483,4.);
#3483 = AXIS2_PLACEMENT_3D('',#3484,#3485,#3486);
#3484 = CARTESIAN_POINT('',(202.5,130.35714285714,-3.));
#3485 = DIRECTION('',(0.,0.,1.));
#3486 = DIRECTION('',(1.,0.,-0.));
#3487 = ADVANCED_FACE('',(#3488),#3498,.F.);
#3488 = FACE_BOUND('',#3489,.F.);
#3489 = EDGE_LOOP('',(#3490,#3491,#3492));
#3490 = ORIENTED_EDGE('',*,*,#3476,.T.);
#3491 = ORIENTED_EDGE('',*,*,#3449,.T.);
#3492 = ORIENTED_EDGE('',*,*,#3493,.T.);
#3493 = EDGE_CURVE('',#3452,#3469,#3494,.T.);
#3494 = LINE('',#3495,#3496);
#3495 = CARTESIAN_POINT('',(199.,-34.32142857142,-3.));
#3496 = VECTOR('',#3497,1.);
#3497 = DIRECTION('',(0.,-1.,0.));
#3498 = PLANE('',#3499);
#3499 = AXIS2_PLACEMENT_3D('',#3500,#3501,#3502);
#3500 = CARTESIAN_POINT('',(202.5,130.35714285714,-3.));
#3501 = DIRECTION('',(0.,0.,1.));
#3502 = DIRECTION('',(1.,0.,-0.));
#3503 = ADVANCED_FACE('',(#3504),#3540,.T.);
#3504 = FACE_BOUND('',#3505,.T.);
#3505 = EDGE_LOOP('',(#3506,#3517,#3523,#3524,#3525,#3533));
#3506 = ORIENTED_EDGE('',*,*,#3507,.T.);
#3507 = EDGE_CURVE('',#3508,#3510,#3512,.T.);
#3508 = VERTEX_POINT('',#3509);
#3509 = CARTESIAN_POINT('',(206.5,182.5,-3.));
#3510 = VERTEX_POINT('',#3511);
#3511 = CARTESIAN_POINT('',(199.,184.4364916731,-3.));
#3512 = CIRCLE('',#3513,4.);
#3513 = AXIS2_PLACEMENT_3D('',#3514,#3515,#3516);
#3514 = CARTESIAN_POINT('',(202.5,182.5,-3.));
#3515 = DIRECTION('',(0.,0.,1.));
#3516 = DIRECTION('',(1.,0.,-0.));
#3517 = ORIENTED_EDGE('',*,*,#3518,.T.);
#3518 = EDGE_CURVE('',#3510,#894,#3519,.T.);
#3519 = LINE('',#3520,#3521);
#3520 = CARTESIAN_POINT('',(199.,184.4364916731,-3.));
#3521 = VECTOR('',#3522,1.);
#3522 = DIRECTION('',(0.,0.,1.));
#3523 = ORIENTED_EDGE('',*,*,#893,.T.);
#3524 = ORIENTED_EDGE('',*,*,#939,.T.);
#3525 = ORIENTED_EDGE('',*,*,#3526,.F.);
#3526 = EDGE_CURVE('',#3527,#931,#3529,.T.);
#3527 = VERTEX_POINT('',#3528);
#3528 = CARTESIAN_POINT('',(199.,180.56350832689,-3.));
#3529 = LINE('',#3530,#3531);
#3530 = CARTESIAN_POINT('',(199.,180.56350832689,-3.));
#3531 = VECTOR('',#3532,1.);
#3532 = DIRECTION('',(0.,0.,1.));
#3533 = ORIENTED_EDGE('',*,*,#3534,.T.);
#3534 = EDGE_CURVE('',#3527,#3508,#3535,.T.);
#3535 = CIRCLE('',#3536,4.);
#3536 = AXIS2_PLACEMENT_3D('',#3537,#3538,#3539);
#3537 = CARTESIAN_POINT('',(202.5,182.5,-3.));
#3538 = DIRECTION('',(0.,0.,1.));
#3539 = DIRECTION('',(1.,0.,-0.));
#3540 = CYLINDRICAL_SURFACE('',#3541,4.);
#3541 = AXIS2_PLACEMENT_3D('',#3542,#3543,#3544);
#3542 = CARTESIAN_POINT('',(202.5,182.5,-3.));
#3543 = DIRECTION('',(0.,0.,1.));
#3544 = DIRECTION('',(1.,0.,-0.));
#3545 = ADVANCED_FACE('',(#3546),#3556,.F.);
#3546 = FACE_BOUND('',#3547,.F.);
#3547 = EDGE_LOOP('',(#3548,#3549,#3550));
#3548 = ORIENTED_EDGE('',*,*,#3534,.T.);
#3549 = ORIENTED_EDGE('',*,*,#3507,.T.);
#3550 = ORIENTED_EDGE('',*,*,#3551,.T.);
#3551 = EDGE_CURVE('',#3510,#3527,#3552,.T.);
#3552 = LINE('',#3553,#3554);
#3553 = CARTESIAN_POINT('',(199.,-8.25,-3.));
#3554 = VECTOR('',#3555,1.);
#3555 = DIRECTION('',(0.,-1.,0.));
#3556 = PLANE('',#3557);
#3557 = AXIS2_PLACEMENT_3D('',#3558,#3559,#3560);
#3558 = CARTESIAN_POINT('',(202.5,182.5,-3.));
#3559 = DIRECTION('',(0.,0.,1.));
#3560 = DIRECTION('',(1.,0.,-0.));
#3561 = ADVANCED_FACE('',(#3562),#3580,.F.);
#3562 = FACE_BOUND('',#3563,.F.);
#3563 = EDGE_LOOP('',(#3564,#3572,#3573));
#3564 = ORIENTED_EDGE('',*,*,#3565,.T.);
#3565 = EDGE_CURVE('',#3566,#3147,#3568,.T.);
#3566 = VERTEX_POINT('',#3567);
#3567 = CARTESIAN_POINT('',(199.,-24.13493689832,-3.));
#3568 = LINE('',#3569,#3570);
#3569 = CARTESIAN_POINT('',(199.,-112.5357142857,-3.));
#3570 = VECTOR('',#3571,1.);
#3571 = DIRECTION('',(0.,-1.,0.));
#3572 = ORIENTED_EDGE('',*,*,#3146,.F.);
#3573 = ORIENTED_EDGE('',*,*,#3574,.T.);
#3574 = EDGE_CURVE('',#3139,#3566,#3575,.T.);
#3575 = CIRCLE('',#3576,4.);
#3576 = AXIS2_PLACEMENT_3D('',#3577,#3578,#3579);
#3577 = CARTESIAN_POINT('',(202.5,-26.07142857142,-3.));
#3578 = DIRECTION('',(0.,0.,1.));
#3579 = DIRECTION('',(1.,0.,-0.));
#3580 = PLANE('',#3581);
#3581 = AXIS2_PLACEMENT_3D('',#3582,#3583,#3584);
#3582 = CARTESIAN_POINT('',(202.5,-26.07142857142,-3.));
#3583 = DIRECTION('',(0.,0.,1.));
#3584 = DIRECTION('',(1.,0.,-0.));
#3585 = ADVANCED_FACE('',(#3586),#3605,.T.);
#3586 = FACE_BOUND('',#3587,.T.);
#3587 = EDGE_LOOP('',(#3588,#3589,#3590,#3598));
#3588 = ORIENTED_EDGE('',*,*,#3138,.F.);
#3589 = ORIENTED_EDGE('',*,*,#3574,.T.);
#3590 = ORIENTED_EDGE('',*,*,#3591,.T.);
#3591 = EDGE_CURVE('',#3566,#3592,#3594,.T.);
#3592 = VERTEX_POINT('',#3593);
#3593 = CARTESIAN_POINT('',(199.,-24.13493689832,-1.5));
#3594 = LINE('',#3595,#3596);
#3595 = CARTESIAN_POINT('',(199.,-24.13493689832,-3.));
#3596 = VECTOR('',#3597,1.);
#3597 = DIRECTION('',(0.,0.,1.));
#3598 = ORIENTED_EDGE('',*,*,#3599,.T.);
#3599 = EDGE_CURVE('',#3592,#3130,#3600,.T.);
#3600 = CIRCLE('',#3601,4.);
#3601 = AXIS2_PLACEMENT_3D('',#3602,#3603,#3604);
#3602 = CARTESIAN_POINT('',(202.5,-26.07142857142,-1.5));
#3603 = DIRECTION('',(0.,0.,-1.));
#3604 = DIRECTION('',(-1.,0.,-0.));
#3605 = CYLINDRICAL_SURFACE('',#3606,4.);
#3606 = AXIS2_PLACEMENT_3D('',#3607,#3608,#3609);
#3607 = CARTESIAN_POINT('',(202.5,-26.07142857142,-3.));
#3608 = DIRECTION('',(0.,0.,1.));
#3609 = DIRECTION('',(1.,0.,-0.));
#3610 = ADVANCED_FACE('',(#3611),#3640,.T.);
#3611 = FACE_BOUND('',#3612,.T.);
#3612 = EDGE_LOOP('',(#3613,#3614,#3623,#3632,#3639));
#3613 = ORIENTED_EDGE('',*,*,#3599,.F.);
#3614 = ORIENTED_EDGE('',*,*,#3615,.F.);
#3615 = EDGE_CURVE('',#3616,#3592,#3618,.T.);
#3616 = VERTEX_POINT('',#3617);
#3617 = CARTESIAN_POINT('',(199.,-21.8287878843,0.));
#3618 = HYPERBOLA('',#3619,3.5,3.5);
#3619 = AXIS2_PLACEMENT_3D('',#3620,#3621,#3622);
#3620 = CARTESIAN_POINT('',(199.,-26.07142857142,-5.5));
#3621 = DIRECTION('',(1.,0.,0.));
#3622 = DIRECTION('',(0.,-0.,1.));
#3623 = ORIENTED_EDGE('',*,*,#3624,.T.);
#3624 = EDGE_CURVE('',#3616,#3625,#3627,.T.);
#3625 = VERTEX_POINT('',#3626);
#3626 = CARTESIAN_POINT('',(205.,-21.17244908586,0.));
#3627 = CIRCLE('',#3628,5.5);
#3628 = AXIS2_PLACEMENT_3D('',#3629,#3630,#3631);
#3629 = CARTESIAN_POINT('',(202.5,-26.07142857142,0.));
#3630 = DIRECTION('',(0.,0.,-1.));
#3631 = DIRECTION('',(-1.,0.,-0.));
#3632 = ORIENTED_EDGE('',*,*,#3633,.T.);
#3633 = EDGE_CURVE('',#3625,#3122,#3634,.T.);
#3634 = CIRCLE('',#3635,5.5);
#3635 = AXIS2_PLACEMENT_3D('',#3636,#3637,#3638);
#3636 = CARTESIAN_POINT('',(202.5,-26.07142857142,0.));
#3637 = DIRECTION('',(0.,0.,-1.));
#3638 = DIRECTION('',(-1.,0.,-0.));
#3639 = ORIENTED_EDGE('',*,*,#3129,.F.);
#3640 = CONICAL_SURFACE('',#3641,5.5,0.785398163397);
#3641 = AXIS2_PLACEMENT_3D('',#3642,#3643,#3644);
#3642 = CARTESIAN_POINT('',(202.5,-26.07142857142,0.));
#3643 = DIRECTION('',(-0.,-0.,1.));
#3644 = DIRECTION('',(-1.,0.,-0.));
#3645 = ADVANCED_FACE('',(#3646),#3656,.T.);
#3646 = FACE_BOUND('',#3647,.T.);
#3647 = EDGE_LOOP('',(#3648,#3654,#3655));
#3648 = ORIENTED_EDGE('',*,*,#3649,.F.);
#3649 = EDGE_CURVE('',#3114,#3625,#3650,.T.);
#3650 = LINE('',#3651,#3652);
#3651 = CARTESIAN_POINT('',(205.,-237.5,0.));
#3652 = VECTOR('',#3653,1.);
#3653 = DIRECTION('',(-0.,1.,0.));
#3654 = ORIENTED_EDGE('',*,*,#3121,.F.);
#3655 = ORIENTED_EDGE('',*,*,#3633,.F.);
#3656 = PLANE('',#3657);
#3657 = AXIS2_PLACEMENT_3D('',#3658,#3659,#3660);
#3658 = CARTESIAN_POINT('',(205.96051605988,-26.07142857142,0.));
#3659 = DIRECTION('',(0.,0.,1.));
#3660 = DIRECTION('',(1.,0.,-0.));
#3661 = ADVANCED_FACE('',(#3662),#3673,.F.);
#3662 = FACE_BOUND('',#3663,.F.);
#3663 = EDGE_LOOP('',(#3664,#3665,#3671,#3672));
#3664 = ORIENTED_EDGE('',*,*,#426,.T.);
#3665 = ORIENTED_EDGE('',*,*,#3666,.T.);
#3666 = EDGE_CURVE('',#427,#2997,#3667,.T.);
#3667 = LINE('',#3668,#3669);
#3668 = CARTESIAN_POINT('',(242.75,-12.5,-1.));
#3669 = VECTOR('',#3670,1.);
#3670 = DIRECTION('',(0.,0.,1.));
#3671 = ORIENTED_EDGE('',*,*,#2996,.F.);
#3672 = ORIENTED_EDGE('',*,*,#3666,.F.);
#3673 = CYLINDRICAL_SURFACE('',#3674,2.75);
#3674 = AXIS2_PLACEMENT_3D('',#3675,#3676,#3677);
#3675 = CARTESIAN_POINT('',(240.,-12.5,-1.));
#3676 = DIRECTION('',(0.,0.,1.));
#3677 = DIRECTION('',(1.,0.,0.));
#3678 = ADVANCED_FACE('',(#3679),#3690,.F.);
#3679 = FACE_BOUND('',#3680,.F.);
#3680 = EDGE_LOOP('',(#3681,#3682,#3688,#3689));
#3681 = ORIENTED_EDGE('',*,*,#215,.T.);
#3682 = ORIENTED_EDGE('',*,*,#3683,.T.);
#3683 = EDGE_CURVE('',#216,#3008,#3684,.T.);
#3684 = LINE('',#3685,#3686);
#3685 = CARTESIAN_POINT('',(260.75,-12.5,-1.));
#3686 = VECTOR('',#3687,1.);
#3687 = DIRECTION('',(0.,0.,1.));
#3688 = ORIENTED_EDGE('',*,*,#3007,.F.);
#3689 = ORIENTED_EDGE('',*,*,#3683,.F.);
#3690 = CYLINDRICAL_SURFACE('',#3691,2.75);
#3691 = AXIS2_PLACEMENT_3D('',#3692,#3693,#3694);
#3692 = CARTESIAN_POINT('',(258.,-12.5,-1.));
#3693 = DIRECTION('',(0.,0.,1.));
#3694 = DIRECTION('',(1.,0.,0.));
#3695 = ADVANCED_FACE('',(#3696,#3732),#3735,.T.);
#3696 = FACE_BOUND('',#3697,.T.);
#3697 = EDGE_LOOP('',(#3698,#3709,#3717,#3726));
#3698 = ORIENTED_EDGE('',*,*,#3699,.T.);
#3699 = EDGE_CURVE('',#3700,#3702,#3704,.T.);
#3700 = VERTEX_POINT('',#3701);
#3701 = CARTESIAN_POINT('',(207.36373471183,199.01722092687,4.));
#3702 = VERTEX_POINT('',#3703);
#3703 = CARTESIAN_POINT('',(199.01722092687,207.36373471183,4.));
#3704 = CIRCLE('',#3705,13.);
#3705 = AXIS2_PLACEMENT_3D('',#3706,#3707,#3708);
#3706 = CARTESIAN_POINT('',(195.,195.,4.));
#3707 = DIRECTION('',(0.,-0.,1.));
#3708 = DIRECTION('',(0.951056516295,0.309016994375,0.));
#3709 = ORIENTED_EDGE('',*,*,#3710,.T.);
#3710 = EDGE_CURVE('',#3702,#3711,#3713,.T.);
#3711 = VERTEX_POINT('',#3712);
#3712 = CARTESIAN_POINT('',(199.01722092687,207.36373471183,20.));
#3713 = LINE('',#3714,#3715);
#3714 = CARTESIAN_POINT('',(199.01722092687,207.36373471183,4.));
#3715 = VECTOR('',#3716,1.);
#3716 = DIRECTION('',(0.,0.,1.));
#3717 = ORIENTED_EDGE('',*,*,#3718,.F.);
#3718 = EDGE_CURVE('',#3719,#3711,#3721,.T.);
#3719 = VERTEX_POINT('',#3720);
#3720 = CARTESIAN_POINT('',(207.36373471183,199.01722092687,20.));
#3721 = CIRCLE('',#3722,13.);
#3722 = AXIS2_PLACEMENT_3D('',#3723,#3724,#3725);
#3723 = CARTESIAN_POINT('',(195.,195.,20.));
#3724 = DIRECTION('',(0.,-0.,1.));
#3725 = DIRECTION('',(0.951056516295,0.309016994375,0.));
#3726 = ORIENTED_EDGE('',*,*,#3727,.F.);
#3727 = EDGE_CURVE('',#3700,#3719,#3728,.T.);
#3728 = LINE('',#3729,#3730);
#3729 = CARTESIAN_POINT('',(207.36373471183,199.01722092687,4.));
#3730 = VECTOR('',#3731,1.);
#3731 = DIRECTION('',(0.,0.,1.));
#3732 = FACE_BOUND('',#3733,.T.);
#3733 = EDGE_LOOP('',(#3734));
#3734 = ORIENTED_EDGE('',*,*,#3168,.F.);
#3735 = CYLINDRICAL_SURFACE('',#3736,13.);
#3736 = AXIS2_PLACEMENT_3D('',#3737,#3738,#3739);
#3737 = CARTESIAN_POINT('',(195.,195.,4.));
#3738 = DIRECTION('',(0.,0.,1.));
#3739 = DIRECTION('',(0.951056516295,0.309016994375,0.));
#3740 = ADVANCED_FACE('',(#3741),#3766,.T.);
#3741 = FACE_BOUND('',#3742,.T.);
#3742 = EDGE_LOOP('',(#3743,#3753,#3759,#3760));
#3743 = ORIENTED_EDGE('',*,*,#3744,.T.);
#3744 = EDGE_CURVE('',#3745,#3747,#3749,.T.);
#3745 = VERTEX_POINT('',#3746);
#3746 = CARTESIAN_POINT('',(85.,216.5,13.11513403521));
#3747 = VERTEX_POINT('',#3748);
#3748 = CARTESIAN_POINT('',(42.,216.5,13.11513403521));
#3749 = LINE('',#3750,#3751);
#3750 = CARTESIAN_POINT('',(85.,216.5,13.11513403521));
#3751 = VECTOR('',#3752,1.);
#3752 = DIRECTION('',(-1.,1.110223024625E-16,0.));
#3753 = ORIENTED_EDGE('',*,*,#3754,.T.);
#3754 = EDGE_CURVE('',#3747,#3243,#3755,.T.);
#3755 = LINE('',#3756,#3757);
#3756 = CARTESIAN_POINT('',(42.,216.5,13.11513403521));
#3757 = VECTOR('',#3758,1.);
#3758 = DIRECTION('',(-7.57170282098E-17,-0.681998360062,-0.731353701619
    ));
#3759 = ORIENTED_EDGE('',*,*,#3240,.F.);
#3760 = ORIENTED_EDGE('',*,*,#3761,.F.);
#3761 = EDGE_CURVE('',#3745,#3241,#3762,.T.);
#3762 = LINE('',#3763,#3764);
#3763 = CARTESIAN_POINT('',(85.,216.5,13.11513403521));
#3764 = VECTOR('',#3765,1.);
#3765 = DIRECTION('',(-7.57170282098E-17,-0.681998360062,-0.731353701619
    ));
#3766 = PLANE('',#3767);
#3767 = AXIS2_PLACEMENT_3D('',#3768,#3769,#3770);
#3768 = CARTESIAN_POINT('',(85.,216.5,13.11513403521));
#3769 = DIRECTION('',(-8.119657186824E-17,-0.731353701619,0.681998360062
    ));
#3770 = DIRECTION('',(-7.57170282098E-17,-0.681998360062,-0.731353701619
    ));
#3771 = ADVANCED_FACE('',(#3772),#3798,.T.);
#3772 = FACE_BOUND('',#3773,.T.);
#3773 = EDGE_LOOP('',(#3774,#3775,#3783,#3791,#3797));
#3774 = ORIENTED_EDGE('',*,*,#3266,.T.);
#3775 = ORIENTED_EDGE('',*,*,#3776,.T.);
#3776 = EDGE_CURVE('',#3259,#3777,#3779,.T.);
#3777 = VERTEX_POINT('',#3778);
#3778 = CARTESIAN_POINT('',(85.,225.,20.));
#3779 = LINE('',#3780,#3781);
#3780 = CARTESIAN_POINT('',(85.,208.,20.));
#3781 = VECTOR('',#3782,1.);
#3782 = DIRECTION('',(1.110223024625E-16,1.,0.));
#3783 = ORIENTED_EDGE('',*,*,#3784,.T.);
#3784 = EDGE_CURVE('',#3777,#3785,#3787,.T.);
#3785 = VERTEX_POINT('',#3786);
#3786 = CARTESIAN_POINT('',(85.,225.,4.));
#3787 = LINE('',#3788,#3789);
#3788 = CARTESIAN_POINT('',(85.,225.,20.));
#3789 = VECTOR('',#3790,1.);
#3790 = DIRECTION('',(0.,0.,-1.));
#3791 = ORIENTED_EDGE('',*,*,#3792,.T.);
#3792 = EDGE_CURVE('',#3785,#3745,#3793,.T.);
#3793 = LINE('',#3794,#3795);
#3794 = CARTESIAN_POINT('',(85.,225.,4.));
#3795 = VECTOR('',#3796,1.);
#3796 = DIRECTION('',(-7.57170282098E-17,-0.681998360062,0.731353701619)
  );
#3797 = ORIENTED_EDGE('',*,*,#3761,.T.);
#3798 = PLANE('',#3799);
#3799 = AXIS2_PLACEMENT_3D('',#3800,#3801,#3802);
#3800 = CARTESIAN_POINT('',(85.,216.5,12.678933532167));
#3801 = DIRECTION('',(-1.,1.110223024625E-16,0.));
#3802 = DIRECTION('',(0.,0.,1.));
#3803 = ADVANCED_FACE('',(#3804),#3830,.F.);
#3804 = FACE_BOUND('',#3805,.F.);
#3805 = EDGE_LOOP('',(#3806,#3807,#3815,#3823,#3829));
#3806 = ORIENTED_EDGE('',*,*,#3250,.T.);
#3807 = ORIENTED_EDGE('',*,*,#3808,.T.);
#3808 = EDGE_CURVE('',#3251,#3809,#3811,.T.);
#3809 = VERTEX_POINT('',#3810);
#3810 = CARTESIAN_POINT('',(42.,225.,20.));
#3811 = LINE('',#3812,#3813);
#3812 = CARTESIAN_POINT('',(42.,208.,20.));
#3813 = VECTOR('',#3814,1.);
#3814 = DIRECTION('',(1.110223024625E-16,1.,0.));
#3815 = ORIENTED_EDGE('',*,*,#3816,.T.);
#3816 = EDGE_CURVE('',#3809,#3817,#3819,.T.);
#3817 = VERTEX_POINT('',#3818);
#3818 = CARTESIAN_POINT('',(42.,225.,4.));
#3819 = LINE('',#3820,#3821);
#3820 = CARTESIAN_POINT('',(42.,225.,20.));
#3821 = VECTOR('',#3822,1.);
#3822 = DIRECTION('',(0.,0.,-1.));
#3823 = ORIENTED_EDGE('',*,*,#3824,.T.);
#3824 = EDGE_CURVE('',#3817,#3747,#3825,.T.);
#3825 = LINE('',#3826,#3827);
#3826 = CARTESIAN_POINT('',(42.,225.,4.));
#3827 = VECTOR('',#3828,1.);
#3828 = DIRECTION('',(-7.57170282098E-17,-0.681998360062,0.731353701619)
  );
#3829 = ORIENTED_EDGE('',*,*,#3754,.T.);
#3830 = PLANE('',#3831);
#3831 = AXIS2_PLACEMENT_3D('',#3832,#3833,#3834);
#3832 = CARTESIAN_POINT('',(42.,216.5,12.678933532167));
#3833 = DIRECTION('',(-1.,1.110223024625E-16,0.));
#3834 = DIRECTION('',(0.,0.,1.));
#3835 = ADVANCED_FACE('',(#3836),#3847,.T.);
#3836 = FACE_BOUND('',#3837,.T.);
#3837 = EDGE_LOOP('',(#3838,#3839,#3840,#3846));
#3838 = ORIENTED_EDGE('',*,*,#3258,.T.);
#3839 = ORIENTED_EDGE('',*,*,#3808,.T.);
#3840 = ORIENTED_EDGE('',*,*,#3841,.F.);
#3841 = EDGE_CURVE('',#3777,#3809,#3842,.T.);
#3842 = LINE('',#3843,#3844);
#3843 = CARTESIAN_POINT('',(85.,225.,20.));
#3844 = VECTOR('',#3845,1.);
#3845 = DIRECTION('',(-1.,1.110223024625E-16,0.));
#3846 = ORIENTED_EDGE('',*,*,#3776,.F.);
#3847 = PLANE('',#3848);
#3848 = AXIS2_PLACEMENT_3D('',#3849,#3850,#3851);
#3849 = CARTESIAN_POINT('',(85.,208.,20.));
#3850 = DIRECTION('',(0.,0.,-1.));
#3851 = DIRECTION('',(1.110223024625E-16,1.,0.));
#3852 = ADVANCED_FACE('',(#3853),#3878,.T.);
#3853 = FACE_BOUND('',#3854,.T.);
#3854 = EDGE_LOOP('',(#3855,#3865,#3871,#3872));
#3855 = ORIENTED_EDGE('',*,*,#3856,.T.);
#3856 = EDGE_CURVE('',#3857,#3859,#3861,.T.);
#3857 = VERTEX_POINT('',#3858);
#3858 = CARTESIAN_POINT('',(131.,216.5,13.11513403521));
#3859 = VERTEX_POINT('',#3860);
#3860 = CARTESIAN_POINT('',(88.,216.5,13.11513403521));
#3861 = LINE('',#3862,#3863);
#3862 = CARTESIAN_POINT('',(131.,216.5,13.11513403521));
#3863 = VECTOR('',#3864,1.);
#3864 = DIRECTION('',(-1.,1.110223024625E-16,0.));
#3865 = ORIENTED_EDGE('',*,*,#3866,.T.);
#3866 = EDGE_CURVE('',#3859,#3286,#3867,.T.);
#3867 = LINE('',#3868,#3869);
#3868 = CARTESIAN_POINT('',(88.,216.5,13.11513403521));
#3869 = VECTOR('',#3870,1.);
#3870 = DIRECTION('',(-7.57170282098E-17,-0.681998360062,-0.731353701619
    ));
#3871 = ORIENTED_EDGE('',*,*,#3283,.F.);
#3872 = ORIENTED_EDGE('',*,*,#3873,.F.);
#3873 = EDGE_CURVE('',#3857,#3284,#3874,.T.);
#3874 = LINE('',#3875,#3876);
#3875 = CARTESIAN_POINT('',(131.,216.5,13.11513403521));
#3876 = VECTOR('',#3877,1.);
#3877 = DIRECTION('',(-7.57170282098E-17,-0.681998360062,-0.731353701619
    ));
#3878 = PLANE('',#3879);
#3879 = AXIS2_PLACEMENT_3D('',#3880,#3881,#3882);
#3880 = CARTESIAN_POINT('',(131.,216.5,13.11513403521));
#3881 = DIRECTION('',(-8.119657186824E-17,-0.731353701619,0.681998360062
    ));
#3882 = DIRECTION('',(-7.57170282098E-17,-0.681998360062,-0.731353701619
    ));
#3883 = ADVANCED_FACE('',(#3884),#3910,.T.);
#3884 = FACE_BOUND('',#3885,.T.);
#3885 = EDGE_LOOP('',(#3886,#3887,#3895,#3903,#3909));
#3886 = ORIENTED_EDGE('',*,*,#3309,.T.);
#3887 = ORIENTED_EDGE('',*,*,#3888,.T.);
#3888 = EDGE_CURVE('',#3302,#3889,#3891,.T.);
#3889 = VERTEX_POINT('',#3890);
#3890 = CARTESIAN_POINT('',(131.,225.,20.));
#3891 = LINE('',#3892,#3893);
#3892 = CARTESIAN_POINT('',(131.,208.,20.));
#3893 = VECTOR('',#3894,1.);
#3894 = DIRECTION('',(1.110223024625E-16,1.,0.));
#3895 = ORIENTED_EDGE('',*,*,#3896,.T.);
#3896 = EDGE_CURVE('',#3889,#3897,#3899,.T.);
#3897 = VERTEX_POINT('',#3898);
#3898 = CARTESIAN_POINT('',(131.,225.,4.));
#3899 = LINE('',#3900,#3901);
#3900 = CARTESIAN_POINT('',(131.,225.,20.));
#3901 = VECTOR('',#3902,1.);
#3902 = DIRECTION('',(0.,0.,-1.));
#3903 = ORIENTED_EDGE('',*,*,#3904,.T.);
#3904 = EDGE_CURVE('',#3897,#3857,#3905,.T.);
#3905 = LINE('',#3906,#3907);
#3906 = CARTESIAN_POINT('',(131.,225.,4.));
#3907 = VECTOR('',#3908,1.);
#3908 = DIRECTION('',(-7.57170282098E-17,-0.681998360062,0.731353701619)
  );
#3909 = ORIENTED_EDGE('',*,*,#3873,.T.);
#3910 = PLANE('',#3911);
#3911 = AXIS2_PLACEMENT_3D('',#3912,#3913,#3914);
#3912 = CARTESIAN_POINT('',(131.,216.5,12.678933532167));
#3913 = DIRECTION('',(-1.,1.110223024625E-16,0.));
#3914 = DIRECTION('',(0.,0.,1.));
#3915 = ADVANCED_FACE('',(#3916),#3942,.F.);
#3916 = FACE_BOUND('',#3917,.F.);
#3917 = EDGE_LOOP('',(#3918,#3919,#3927,#3935,#3941));
#3918 = ORIENTED_EDGE('',*,*,#3293,.T.);
#3919 = ORIENTED_EDGE('',*,*,#3920,.T.);
#3920 = EDGE_CURVE('',#3294,#3921,#3923,.T.);
#3921 = VERTEX_POINT('',#3922);
#3922 = CARTESIAN_POINT('',(88.,225.,20.));
#3923 = LINE('',#3924,#3925);
#3924 = CARTESIAN_POINT('',(88.,208.,20.));
#3925 = VECTOR('',#3926,1.);
#3926 = DIRECTION('',(1.110223024625E-16,1.,0.));
#3927 = ORIENTED_EDGE('',*,*,#3928,.T.);
#3928 = EDGE_CURVE('',#3921,#3929,#3931,.T.);
#3929 = VERTEX_POINT('',#3930);
#3930 = CARTESIAN_POINT('',(88.,225.,4.));
#3931 = LINE('',#3932,#3933);
#3932 = CARTESIAN_POINT('',(88.,225.,20.));
#3933 = VECTOR('',#3934,1.);
#3934 = DIRECTION('',(0.,0.,-1.));
#3935 = ORIENTED_EDGE('',*,*,#3936,.T.);
#3936 = EDGE_CURVE('',#3929,#3859,#3937,.T.);
#3937 = LINE('',#3938,#3939);
#3938 = CARTESIAN_POINT('',(88.,225.,4.));
#3939 = VECTOR('',#3940,1.);
#3940 = DIRECTION('',(-7.57170282098E-17,-0.681998360062,0.731353701619)
  );
#3941 = ORIENTED_EDGE('',*,*,#3866,.T.);
#3942 = PLANE('',#3943);
#3943 = AXIS2_PLACEMENT_3D('',#3944,#3945,#3946);
#3944 = CARTESIAN_POINT('',(88.,216.5,12.678933532167));
#3945 = DIRECTION('',(-1.,1.110223024625E-16,0.));
#3946 = DIRECTION('',(0.,0.,1.));
#3947 = ADVANCED_FACE('',(#3948),#3959,.T.);
#3948 = FACE_BOUND('',#3949,.T.);
#3949 = EDGE_LOOP('',(#3950,#3951,#3952,#3958));
#3950 = ORIENTED_EDGE('',*,*,#3301,.T.);
#3951 = ORIENTED_EDGE('',*,*,#3920,.T.);
#3952 = ORIENTED_EDGE('',*,*,#3953,.F.);
#3953 = EDGE_CURVE('',#3889,#3921,#3954,.T.);
#3954 = LINE('',#3955,#3956);
#3955 = CARTESIAN_POINT('',(131.,225.,20.));
#3956 = VECTOR('',#3957,1.);
#3957 = DIRECTION('',(-1.,1.110223024625E-16,0.));
#3958 = ORIENTED_EDGE('',*,*,#3888,.F.);
#3959 = PLANE('',#3960);
#3960 = AXIS2_PLACEMENT_3D('',#3961,#3962,#3963);
#3961 = CARTESIAN_POINT('',(131.,208.,20.));
#3962 = DIRECTION('',(0.,0.,-1.));
#3963 = DIRECTION('',(1.110223024625E-16,1.,0.));
#3964 = ADVANCED_FACE('',(#3965),#3998,.T.);
#3965 = FACE_BOUND('',#3966,.T.);
#3966 = EDGE_LOOP('',(#3967,#3968,#3976,#3984,#3992));
#3967 = ORIENTED_EDGE('',*,*,#3326,.T.);
#3968 = ORIENTED_EDGE('',*,*,#3969,.T.);
#3969 = EDGE_CURVE('',#3329,#3970,#3972,.T.);
#3970 = VERTEX_POINT('',#3971);
#3971 = CARTESIAN_POINT('',(177.,225.,20.));
#3972 = LINE('',#3973,#3974);
#3973 = CARTESIAN_POINT('',(177.,208.,20.));
#3974 = VECTOR('',#3975,1.);
#3975 = DIRECTION('',(1.110223024625E-16,1.,0.));
#3976 = ORIENTED_EDGE('',*,*,#3977,.T.);
#3977 = EDGE_CURVE('',#3970,#3978,#3980,.T.);
#3978 = VERTEX_POINT('',#3979);
#3979 = CARTESIAN_POINT('',(177.,225.,4.));
#3980 = LINE('',#3981,#3982);
#3981 = CARTESIAN_POINT('',(177.,225.,20.));
#3982 = VECTOR('',#3983,1.);
#3983 = DIRECTION('',(0.,0.,-1.));
#3984 = ORIENTED_EDGE('',*,*,#3985,.T.);
#3985 = EDGE_CURVE('',#3978,#3986,#3988,.T.);
#3986 = VERTEX_POINT('',#3987);
#3987 = CARTESIAN_POINT('',(177.,216.5,13.11513403521));
#3988 = LINE('',#3989,#3990);
#3989 = CARTESIAN_POINT('',(177.,225.,4.));
#3990 = VECTOR('',#3991,1.);
#3991 = DIRECTION('',(-7.57170282098E-17,-0.681998360062,0.731353701619)
  );
#3992 = ORIENTED_EDGE('',*,*,#3993,.T.);
#3993 = EDGE_CURVE('',#3986,#3327,#3994,.T.);
#3994 = LINE('',#3995,#3996);
#3995 = CARTESIAN_POINT('',(177.,216.5,13.11513403521));
#3996 = VECTOR('',#3997,1.);
#3997 = DIRECTION('',(-7.57170282098E-17,-0.681998360062,-0.731353701619
    ));
#3998 = PLANE('',#3999);
#3999 = AXIS2_PLACEMENT_3D('',#4000,#4001,#4002);
#4000 = CARTESIAN_POINT('',(177.,216.5,12.678933532167));
#4001 = DIRECTION('',(-1.,1.110223024625E-16,0.));
#4002 = DIRECTION('',(0.,0.,1.));
#4003 = ADVANCED_FACE('',(#4004),#4022,.T.);
#4004 = FACE_BOUND('',#4005,.T.);
#4005 = EDGE_LOOP('',(#4006,#4007,#4008,#4016));
#4006 = ORIENTED_EDGE('',*,*,#3969,.F.);
#4007 = ORIENTED_EDGE('',*,*,#3432,.T.);
#4008 = ORIENTED_EDGE('',*,*,#4009,.F.);
#4009 = EDGE_CURVE('',#4010,#3425,#4012,.T.);
#4010 = VERTEX_POINT('',#4011);
#4011 = CARTESIAN_POINT('',(170.,225.,20.));
#4012 = LINE('',#4013,#4014);
#4013 = CARTESIAN_POINT('',(170.,204.,20.));
#4014 = VECTOR('',#4015,1.);
#4015 = DIRECTION('',(-1.110223024625E-16,-1.,-0.));
#4016 = ORIENTED_EDGE('',*,*,#4017,.F.);
#4017 = EDGE_CURVE('',#3970,#4010,#4018,.T.);
#4018 = LINE('',#4019,#4020);
#4019 = CARTESIAN_POINT('',(177.,225.,20.));
#4020 = VECTOR('',#4021,1.);
#4021 = DIRECTION('',(-1.,1.110223024625E-16,0.));
#4022 = PLANE('',#4023);
#4023 = AXIS2_PLACEMENT_3D('',#4024,#4025,#4026);
#4024 = CARTESIAN_POINT('',(177.,208.,20.));
#4025 = DIRECTION('',(0.,0.,-1.));
#4026 = DIRECTION('',(1.110223024625E-16,1.,0.));
#4027 = ADVANCED_FACE('',(#4028),#4046,.T.);
#4028 = FACE_BOUND('',#4029,.T.);
#4029 = EDGE_LOOP('',(#4030,#4031,#4039,#4045));
#4030 = ORIENTED_EDGE('',*,*,#3424,.T.);
#4031 = ORIENTED_EDGE('',*,*,#4032,.T.);
#4032 = EDGE_CURVE('',#3417,#4033,#4035,.T.);
#4033 = VERTEX_POINT('',#4034);
#4034 = CARTESIAN_POINT('',(170.,225.,15.));
#4035 = LINE('',#4036,#4037);
#4036 = CARTESIAN_POINT('',(170.,200.,15.));
#4037 = VECTOR('',#4038,1.);
#4038 = DIRECTION('',(1.110223024625E-16,1.,0.));
#4039 = ORIENTED_EDGE('',*,*,#4040,.T.);
#4040 = EDGE_CURVE('',#4033,#4010,#4041,.T.);
#4041 = LINE('',#4042,#4043);
#4042 = CARTESIAN_POINT('',(170.,225.,15.));
#4043 = VECTOR('',#4044,1.);
#4044 = DIRECTION('',(0.,0.,1.));
#4045 = ORIENTED_EDGE('',*,*,#4009,.T.);
#4046 = PLANE('',#4047);
#4047 = AXIS2_PLACEMENT_3D('',#4048,#4049,#4050);
#4048 = CARTESIAN_POINT('',(170.,200.,15.));
#4049 = DIRECTION('',(1.,-1.110223024625E-16,0.));
#4050 = DIRECTION('',(0.,0.,1.));
#4051 = ADVANCED_FACE('',(#4052),#4094,.T.);
#4052 = FACE_BOUND('',#4053,.T.);
#4053 = EDGE_LOOP('',(#4054,#4055,#4063,#4071,#4079,#4087,#4093));
#4054 = ORIENTED_EDGE('',*,*,#3416,.T.);
#4055 = ORIENTED_EDGE('',*,*,#4056,.T.);
#4056 = EDGE_CURVE('',#3409,#4057,#4059,.T.);
#4057 = VERTEX_POINT('',#4058);
#4058 = CARTESIAN_POINT('',(165.,213.59509051682,10.));
#4059 = LINE('',#4060,#4061);
#4060 = CARTESIAN_POINT('',(165.,200.,10.));
#4061 = VECTOR('',#4062,1.);
#4062 = DIRECTION('',(1.110223024625E-16,1.,0.));
#4063 = ORIENTED_EDGE('',*,*,#4064,.T.);
#4064 = EDGE_CURVE('',#4057,#4065,#4067,.T.);
#4065 = VERTEX_POINT('',#4066);
#4066 = CARTESIAN_POINT('',(168.11513403521,216.5,13.11513403521));
#4067 = LINE('',#4068,#4069);
#4068 = CARTESIAN_POINT('',(165.89671155396,214.43128756881,
    10.896711553966));
#4069 = VECTOR('',#4070,1.);
#4070 = DIRECTION('',(0.590324081033,0.550486111274,0.590324081033));
#4071 = ORIENTED_EDGE('',*,*,#4072,.T.);
#4072 = EDGE_CURVE('',#4065,#4073,#4075,.T.);
#4073 = VERTEX_POINT('',#4074);
#4074 = CARTESIAN_POINT('',(165.,219.40490948317,10.));
#4075 = LINE('',#4076,#4077);
#4076 = CARTESIAN_POINT('',(168.28930290669,216.3375848998,
    13.289302906699));
#4077 = VECTOR('',#4078,1.);
#4078 = DIRECTION('',(-0.590324081033,0.550486111274,-0.590324081033));
#4079 = ORIENTED_EDGE('',*,*,#4080,.T.);
#4080 = EDGE_CURVE('',#4073,#4081,#4083,.T.);
#4081 = VERTEX_POINT('',#4082);
#4082 = CARTESIAN_POINT('',(165.,225.,10.));
#4083 = LINE('',#4084,#4085);
#4084 = CARTESIAN_POINT('',(165.,200.,10.));
#4085 = VECTOR('',#4086,1.);
#4086 = DIRECTION('',(1.110223024625E-16,1.,0.));
#4087 = ORIENTED_EDGE('',*,*,#4088,.T.);
#4088 = EDGE_CURVE('',#4081,#4033,#4089,.T.);
#4089 = LINE('',#4090,#4091);
#4090 = CARTESIAN_POINT('',(165.,225.,10.));
#4091 = VECTOR('',#4092,1.);
#4092 = DIRECTION('',(0.707106781187,-7.850462293419E-17,0.707106781187)
  );
#4093 = ORIENTED_EDGE('',*,*,#4032,.F.);
#4094 = PLANE('',#4095);
#4095 = AXIS2_PLACEMENT_3D('',#4096,#4097,#4098);
#4096 = CARTESIAN_POINT('',(165.,200.,10.));
#4097 = DIRECTION('',(0.707106781187,-7.850462293419E-17,-0.707106781187
    ));
#4098 = DIRECTION('',(0.707106781187,-7.850462293419E-17,0.707106781187)
  );
#4099 = ADVANCED_FACE('',(#4100),#4133,.T.);
#4100 = FACE_BOUND('',#4101,.T.);
#4101 = EDGE_LOOP('',(#4102,#4103,#4111,#4117,#4118,#4126,#4132));
#4102 = ORIENTED_EDGE('',*,*,#3408,.T.);
#4103 = ORIENTED_EDGE('',*,*,#4104,.T.);
#4104 = EDGE_CURVE('',#3401,#4105,#4107,.T.);
#4105 = VERTEX_POINT('',#4106);
#4106 = CARTESIAN_POINT('',(160.,225.,15.));
#4107 = LINE('',#4108,#4109);
#4108 = CARTESIAN_POINT('',(160.,200.,15.));
#4109 = VECTOR('',#4110,1.);
#4110 = DIRECTION('',(1.110223024625E-16,1.,0.));
#4111 = ORIENTED_EDGE('',*,*,#4112,.T.);
#4112 = EDGE_CURVE('',#4105,#4081,#4113,.T.);
#4113 = LINE('',#4114,#4115);
#4114 = CARTESIAN_POINT('',(160.,225.,15.));
#4115 = VECTOR('',#4116,1.);
#4116 = DIRECTION('',(0.707106781187,-7.850462293419E-17,-0.707106781187
    ));
#4117 = ORIENTED_EDGE('',*,*,#4080,.F.);
#4118 = ORIENTED_EDGE('',*,*,#4119,.T.);
#4119 = EDGE_CURVE('',#4073,#4120,#4122,.T.);
#4120 = VERTEX_POINT('',#4121);
#4121 = CARTESIAN_POINT('',(161.88486596479,216.5,13.11513403521));
#4122 = LINE('',#4123,#4124);
#4123 = CARTESIAN_POINT('',(164.15007473783,218.61234135411,
    10.849925262167));
#4124 = VECTOR('',#4125,1.);
#4125 = DIRECTION('',(-0.590324081033,-0.550486111274,0.590324081033));
#4126 = ORIENTED_EDGE('',*,*,#4127,.T.);
#4127 = EDGE_CURVE('',#4120,#4057,#4128,.T.);
#4128 = LINE('',#4129,#4130);
#4129 = CARTESIAN_POINT('',(166.54266609056,212.1565311145,
    8.457333909434));
#4130 = VECTOR('',#4131,1.);
#4131 = DIRECTION('',(0.590324081033,-0.550486111274,-0.590324081033));
#4132 = ORIENTED_EDGE('',*,*,#4056,.F.);
#4133 = PLANE('',#4134);
#4134 = AXIS2_PLACEMENT_3D('',#4135,#4136,#4137);
#4135 = CARTESIAN_POINT('',(160.,200.,15.));
#4136 = DIRECTION('',(-0.707106781187,7.850462293419E-17,-0.707106781187
    ));
#4137 = DIRECTION('',(0.707106781187,-7.850462293419E-17,-0.707106781187
    ));
#4138 = ADVANCED_FACE('',(#4139),#4157,.T.);
#4139 = FACE_BOUND('',#4140,.T.);
#4140 = EDGE_LOOP('',(#4141,#4149,#4155,#4156));
#4141 = ORIENTED_EDGE('',*,*,#4142,.T.);
#4142 = EDGE_CURVE('',#3393,#4143,#4145,.T.);
#4143 = VERTEX_POINT('',#4144);
#4144 = CARTESIAN_POINT('',(160.,225.,20.));
#4145 = LINE('',#4146,#4147);
#4146 = CARTESIAN_POINT('',(160.,204.,20.));
#4147 = VECTOR('',#4148,1.);
#4148 = DIRECTION('',(1.110223024625E-16,1.,0.));
#4149 = ORIENTED_EDGE('',*,*,#4150,.T.);
#4150 = EDGE_CURVE('',#4143,#4105,#4151,.T.);
#4151 = LINE('',#4152,#4153);
#4152 = CARTESIAN_POINT('',(160.,225.,25.));
#4153 = VECTOR('',#4154,1.);
#4154 = DIRECTION('',(0.,0.,-1.));
#4155 = ORIENTED_EDGE('',*,*,#4104,.F.);
#4156 = ORIENTED_EDGE('',*,*,#3400,.T.);
#4157 = PLANE('',#4158);
#4158 = AXIS2_PLACEMENT_3D('',#4159,#4160,#4161);
#4159 = CARTESIAN_POINT('',(160.,200.,25.));
#4160 = DIRECTION('',(-1.,1.110223024625E-16,0.));
#4161 = DIRECTION('',(0.,0.,-1.));
#4162 = ADVANCED_FACE('',(#4163),#4181,.T.);
#4163 = FACE_BOUND('',#4164,.T.);
#4164 = EDGE_LOOP('',(#4165,#4166,#4167,#4175));
#4165 = ORIENTED_EDGE('',*,*,#4142,.F.);
#4166 = ORIENTED_EDGE('',*,*,#3392,.T.);
#4167 = ORIENTED_EDGE('',*,*,#4168,.F.);
#4168 = EDGE_CURVE('',#4169,#3385,#4171,.T.);
#4169 = VERTEX_POINT('',#4170);
#4170 = CARTESIAN_POINT('',(145.,225.,20.));
#4171 = LINE('',#4172,#4173);
#4172 = CARTESIAN_POINT('',(145.,204.,20.));
#4173 = VECTOR('',#4174,1.);
#4174 = DIRECTION('',(-1.110223024625E-16,-1.,-0.));
#4175 = ORIENTED_EDGE('',*,*,#4176,.F.);
#4176 = EDGE_CURVE('',#4143,#4169,#4177,.T.);
#4177 = LINE('',#4178,#4179);
#4178 = CARTESIAN_POINT('',(177.,225.,20.));
#4179 = VECTOR('',#4180,1.);
#4180 = DIRECTION('',(-1.,1.110223024625E-16,0.));
#4181 = PLANE('',#4182);
#4182 = AXIS2_PLACEMENT_3D('',#4183,#4184,#4185);
#4183 = CARTESIAN_POINT('',(177.,208.,20.));
#4184 = DIRECTION('',(0.,0.,-1.));
#4185 = DIRECTION('',(1.110223024625E-16,1.,0.));
#4186 = ADVANCED_FACE('',(#4187),#4205,.T.);
#4187 = FACE_BOUND('',#4188,.T.);
#4188 = EDGE_LOOP('',(#4189,#4190,#4198,#4204));
#4189 = ORIENTED_EDGE('',*,*,#3384,.T.);
#4190 = ORIENTED_EDGE('',*,*,#4191,.T.);
#4191 = EDGE_CURVE('',#3377,#4192,#4194,.T.);
#4192 = VERTEX_POINT('',#4193);
#4193 = CARTESIAN_POINT('',(145.,225.,15.));
#4194 = LINE('',#4195,#4196);
#4195 = CARTESIAN_POINT('',(145.,200.,15.));
#4196 = VECTOR('',#4197,1.);
#4197 = DIRECTION('',(1.110223024625E-16,1.,0.));
#4198 = ORIENTED_EDGE('',*,*,#4199,.T.);
#4199 = EDGE_CURVE('',#4192,#4169,#4200,.T.);
#4200 = LINE('',#4201,#4202);
#4201 = CARTESIAN_POINT('',(145.,225.,15.));
#4202 = VECTOR('',#4203,1.);
#4203 = DIRECTION('',(0.,0.,1.));
#4204 = ORIENTED_EDGE('',*,*,#4168,.T.);
#4205 = PLANE('',#4206);
#4206 = AXIS2_PLACEMENT_3D('',#4207,#4208,#4209);
#4207 = CARTESIAN_POINT('',(145.,200.,15.));
#4208 = DIRECTION('',(1.,-1.110223024625E-16,0.));
#4209 = DIRECTION('',(0.,0.,1.));
#4210 = ADVANCED_FACE('',(#4211),#4253,.T.);
#4211 = FACE_BOUND('',#4212,.T.);
#4212 = EDGE_LOOP('',(#4213,#4214,#4222,#4230,#4238,#4246,#4252));
#4213 = ORIENTED_EDGE('',*,*,#3376,.T.);
#4214 = ORIENTED_EDGE('',*,*,#4215,.T.);
#4215 = EDGE_CURVE('',#3369,#4216,#4218,.T.);
#4216 = VERTEX_POINT('',#4217);
#4217 = CARTESIAN_POINT('',(140.,213.59509051682,10.));
#4218 = LINE('',#4219,#4220);
#4219 = CARTESIAN_POINT('',(140.,200.,10.));
#4220 = VECTOR('',#4221,1.);
#4221 = DIRECTION('',(1.110223024625E-16,1.,0.));
#4222 = ORIENTED_EDGE('',*,*,#4223,.T.);
#4223 = EDGE_CURVE('',#4216,#4224,#4226,.T.);
#4224 = VERTEX_POINT('',#4225);
#4225 = CARTESIAN_POINT('',(143.11513403521,216.5,13.11513403521));
#4226 = LINE('',#4227,#4228);
#4227 = CARTESIAN_POINT('',(145.25274306205,218.4933526658,
    15.252743062059));
#4228 = VECTOR('',#4229,1.);
#4229 = DIRECTION('',(0.590324081033,0.550486111274,0.590324081033));
#4230 = ORIENTED_EDGE('',*,*,#4231,.T.);
#4231 = EDGE_CURVE('',#4224,#4232,#4234,.T.);
#4232 = VERTEX_POINT('',#4233);
#4233 = CARTESIAN_POINT('',(140.,219.40490948317,10.));
#4234 = LINE('',#4235,#4236);
#4235 = CARTESIAN_POINT('',(147.64533441479,212.27551980281,
    17.645334414792));
#4236 = VECTOR('',#4237,1.);
#4237 = DIRECTION('',(-0.590324081033,0.550486111274,-0.590324081033));
#4238 = ORIENTED_EDGE('',*,*,#4239,.T.);
#4239 = EDGE_CURVE('',#4232,#4240,#4242,.T.);
#4240 = VERTEX_POINT('',#4241);
#4241 = CARTESIAN_POINT('',(140.,225.,10.));
#4242 = LINE('',#4243,#4244);
#4243 = CARTESIAN_POINT('',(140.,200.,10.));
#4244 = VECTOR('',#4245,1.);
#4245 = DIRECTION('',(1.110223024625E-16,1.,0.));
#4246 = ORIENTED_EDGE('',*,*,#4247,.T.);
#4247 = EDGE_CURVE('',#4240,#4192,#4248,.T.);
#4248 = LINE('',#4249,#4250);
#4249 = CARTESIAN_POINT('',(140.,225.,10.));
#4250 = VECTOR('',#4251,1.);
#4251 = DIRECTION('',(0.707106781187,-7.850462293419E-17,0.707106781187)
  );
#4252 = ORIENTED_EDGE('',*,*,#4191,.F.);
#4253 = PLANE('',#4254);
#4254 = AXIS2_PLACEMENT_3D('',#4255,#4256,#4257);
#4255 = CARTESIAN_POINT('',(140.,200.,10.));
#4256 = DIRECTION('',(0.707106781187,-7.850462293419E-17,-0.707106781187
    ));
#4257 = DIRECTION('',(0.707106781187,-7.850462293419E-17,0.707106781187)
  );
#4258 = ADVANCED_FACE('',(#4259),#4292,.T.);
#4259 = FACE_BOUND('',#4260,.T.);
#4260 = EDGE_LOOP('',(#4261,#4262,#4270,#4276,#4277,#4285,#4291));
#4261 = ORIENTED_EDGE('',*,*,#3368,.T.);
#4262 = ORIENTED_EDGE('',*,*,#4263,.T.);
#4263 = EDGE_CURVE('',#3361,#4264,#4266,.T.);
#4264 = VERTEX_POINT('',#4265);
#4265 = CARTESIAN_POINT('',(135.,225.,15.));
#4266 = LINE('',#4267,#4268);
#4267 = CARTESIAN_POINT('',(135.,200.,15.));
#4268 = VECTOR('',#4269,1.);
#4269 = DIRECTION('',(1.110223024625E-16,1.,0.));
#4270 = ORIENTED_EDGE('',*,*,#4271,.T.);
#4271 = EDGE_CURVE('',#4264,#4240,#4272,.T.);
#4272 = LINE('',#4273,#4274);
#4273 = CARTESIAN_POINT('',(135.,225.,15.));
#4274 = VECTOR('',#4275,1.);
#4275 = DIRECTION('',(0.707106781187,-7.850462293419E-17,-0.707106781187
    ));
#4276 = ORIENTED_EDGE('',*,*,#4239,.F.);
#4277 = ORIENTED_EDGE('',*,*,#4278,.T.);
#4278 = EDGE_CURVE('',#4232,#4279,#4281,.T.);
#4279 = VERTEX_POINT('',#4280);
#4280 = CARTESIAN_POINT('',(136.88486596479,216.5,13.11513403521));
#4281 = LINE('',#4282,#4283);
#4282 = CARTESIAN_POINT('',(143.50610624592,222.6744064511,
    6.493893754074));
#4283 = VECTOR('',#4284,1.);
#4284 = DIRECTION('',(-0.590324081033,-0.550486111274,0.590324081033));
#4285 = ORIENTED_EDGE('',*,*,#4286,.T.);
#4286 = EDGE_CURVE('',#4279,#4216,#4287,.T.);
#4287 = LINE('',#4288,#4289);
#4288 = CARTESIAN_POINT('',(145.89869759865,208.09446601751,
    4.101302401341));
#4289 = VECTOR('',#4290,1.);
#4290 = DIRECTION('',(0.590324081033,-0.550486111274,-0.590324081033));
#4291 = ORIENTED_EDGE('',*,*,#4215,.F.);
#4292 = PLANE('',#4293);
#4293 = AXIS2_PLACEMENT_3D('',#4294,#4295,#4296);
#4294 = CARTESIAN_POINT('',(135.,200.,15.));
#4295 = DIRECTION('',(-0.707106781187,7.850462293419E-17,-0.707106781187
    ));
#4296 = DIRECTION('',(0.707106781187,-7.850462293419E-17,-0.707106781187
    ));
#4297 = ADVANCED_FACE('',(#4298),#4316,.T.);
#4298 = FACE_BOUND('',#4299,.T.);
#4299 = EDGE_LOOP('',(#4300,#4308,#4314,#4315));
#4300 = ORIENTED_EDGE('',*,*,#4301,.T.);
#4301 = EDGE_CURVE('',#3353,#4302,#4304,.T.);
#4302 = VERTEX_POINT('',#4303);
#4303 = CARTESIAN_POINT('',(135.,225.,20.));
#4304 = LINE('',#4305,#4306);
#4305 = CARTESIAN_POINT('',(135.,204.,20.));
#4306 = VECTOR('',#4307,1.);
#4307 = DIRECTION('',(1.110223024625E-16,1.,0.));
#4308 = ORIENTED_EDGE('',*,*,#4309,.T.);
#4309 = EDGE_CURVE('',#4302,#4264,#4310,.T.);
#4310 = LINE('',#4311,#4312);
#4311 = CARTESIAN_POINT('',(135.,225.,25.));
#4312 = VECTOR('',#4313,1.);
#4313 = DIRECTION('',(0.,0.,-1.));
#4314 = ORIENTED_EDGE('',*,*,#4263,.F.);
#4315 = ORIENTED_EDGE('',*,*,#3360,.T.);
#4316 = PLANE('',#4317);
#4317 = AXIS2_PLACEMENT_3D('',#4318,#4319,#4320);
#4318 = CARTESIAN_POINT('',(135.,200.,25.));
#4319 = DIRECTION('',(-1.,1.110223024625E-16,0.));
#4320 = DIRECTION('',(0.,0.,-1.));
#4321 = ADVANCED_FACE('',(#4322),#4340,.T.);
#4322 = FACE_BOUND('',#4323,.T.);
#4323 = EDGE_LOOP('',(#4324,#4325,#4326,#4334));
#4324 = ORIENTED_EDGE('',*,*,#4301,.F.);
#4325 = ORIENTED_EDGE('',*,*,#3352,.T.);
#4326 = ORIENTED_EDGE('',*,*,#4327,.T.);
#4327 = EDGE_CURVE('',#3345,#4328,#4330,.T.);
#4328 = VERTEX_POINT('',#4329);
#4329 = CARTESIAN_POINT('',(134.,225.,20.));
#4330 = LINE('',#4331,#4332);
#4331 = CARTESIAN_POINT('',(134.,208.,20.));
#4332 = VECTOR('',#4333,1.);
#4333 = DIRECTION('',(1.110223024625E-16,1.,0.));
#4334 = ORIENTED_EDGE('',*,*,#4335,.F.);
#4335 = EDGE_CURVE('',#4302,#4328,#4336,.T.);
#4336 = LINE('',#4337,#4338);
#4337 = CARTESIAN_POINT('',(177.,225.,20.));
#4338 = VECTOR('',#4339,1.);
#4339 = DIRECTION('',(-1.,1.110223024625E-16,0.));
#4340 = PLANE('',#4341);
#4341 = AXIS2_PLACEMENT_3D('',#4342,#4343,#4344);
#4342 = CARTESIAN_POINT('',(177.,208.,20.));
#4343 = DIRECTION('',(0.,0.,-1.));
#4344 = DIRECTION('',(1.110223024625E-16,1.,0.));
#4345 = ADVANCED_FACE('',(#4346),#4372,.F.);
#4346 = FACE_BOUND('',#4347,.F.);
#4347 = EDGE_LOOP('',(#4348,#4349,#4350,#4358,#4366));
#4348 = ORIENTED_EDGE('',*,*,#3344,.T.);
#4349 = ORIENTED_EDGE('',*,*,#4327,.T.);
#4350 = ORIENTED_EDGE('',*,*,#4351,.T.);
#4351 = EDGE_CURVE('',#4328,#4352,#4354,.T.);
#4352 = VERTEX_POINT('',#4353);
#4353 = CARTESIAN_POINT('',(134.,225.,4.));
#4354 = LINE('',#4355,#4356);
#4355 = CARTESIAN_POINT('',(134.,225.,20.));
#4356 = VECTOR('',#4357,1.);
#4357 = DIRECTION('',(0.,0.,-1.));
#4358 = ORIENTED_EDGE('',*,*,#4359,.T.);
#4359 = EDGE_CURVE('',#4352,#4360,#4362,.T.);
#4360 = VERTEX_POINT('',#4361);
#4361 = CARTESIAN_POINT('',(134.,216.5,13.11513403521));
#4362 = LINE('',#4363,#4364);
#4363 = CARTESIAN_POINT('',(134.,225.,4.));
#4364 = VECTOR('',#4365,1.);
#4365 = DIRECTION('',(-7.57170282098E-17,-0.681998360062,0.731353701619)
  );
#4366 = ORIENTED_EDGE('',*,*,#4367,.T.);
#4367 = EDGE_CURVE('',#4360,#3337,#4368,.T.);
#4368 = LINE('',#4369,#4370);
#4369 = CARTESIAN_POINT('',(134.,216.5,13.11513403521));
#4370 = VECTOR('',#4371,1.);
#4371 = DIRECTION('',(-7.57170282098E-17,-0.681998360062,-0.731353701619
    ));
#4372 = PLANE('',#4373);
#4373 = AXIS2_PLACEMENT_3D('',#4374,#4375,#4376);
#4374 = CARTESIAN_POINT('',(134.,216.5,12.678933532167));
#4375 = DIRECTION('',(-1.,1.110223024625E-16,0.));
#4376 = DIRECTION('',(0.,0.,1.));
#4377 = ADVANCED_FACE('',(#4378),#4405,.T.);
#4378 = FACE_BOUND('',#4379,.T.);
#4379 = EDGE_LOOP('',(#4380,#4381,#4387,#4388,#4389,#4395,#4396,#4397,
    #4403,#4404));
#4380 = ORIENTED_EDGE('',*,*,#3993,.F.);
#4381 = ORIENTED_EDGE('',*,*,#4382,.T.);
#4382 = EDGE_CURVE('',#3986,#4065,#4383,.T.);
#4383 = LINE('',#4384,#4385);
#4384 = CARTESIAN_POINT('',(177.,216.5,13.11513403521));
#4385 = VECTOR('',#4386,1.);
#4386 = DIRECTION('',(-1.,1.110223024625E-16,0.));
#4387 = ORIENTED_EDGE('',*,*,#4064,.F.);
#4388 = ORIENTED_EDGE('',*,*,#4127,.F.);
#4389 = ORIENTED_EDGE('',*,*,#4390,.T.);
#4390 = EDGE_CURVE('',#4120,#4224,#4391,.T.);
#4391 = LINE('',#4392,#4393);
#4392 = CARTESIAN_POINT('',(177.,216.5,13.11513403521));
#4393 = VECTOR('',#4394,1.);
#4394 = DIRECTION('',(-1.,1.110223024625E-16,0.));
#4395 = ORIENTED_EDGE('',*,*,#4223,.F.);
#4396 = ORIENTED_EDGE('',*,*,#4286,.F.);
#4397 = ORIENTED_EDGE('',*,*,#4398,.T.);
#4398 = EDGE_CURVE('',#4279,#4360,#4399,.T.);
#4399 = LINE('',#4400,#4401);
#4400 = CARTESIAN_POINT('',(177.,216.5,13.11513403521));
#4401 = VECTOR('',#4402,1.);
#4402 = DIRECTION('',(-1.,1.110223024625E-16,0.));
#4403 = ORIENTED_EDGE('',*,*,#4367,.T.);
#4404 = ORIENTED_EDGE('',*,*,#3336,.F.);
#4405 = PLANE('',#4406);
#4406 = AXIS2_PLACEMENT_3D('',#4407,#4408,#4409);
#4407 = CARTESIAN_POINT('',(177.,216.5,13.11513403521));
#4408 = DIRECTION('',(-8.119657186824E-17,-0.731353701619,0.681998360062
    ));
#4409 = DIRECTION('',(-7.57170282098E-17,-0.681998360062,-0.731353701619
    ));
#4410 = ADVANCED_FACE('',(#4411),#4437,.F.);
#4411 = FACE_BOUND('',#4412,.T.);
#4412 = EDGE_LOOP('',(#4413,#4424,#4430,#4431));
#4413 = ORIENTED_EDGE('',*,*,#4414,.T.);
#4414 = EDGE_CURVE('',#4415,#4417,#4419,.T.);
#4415 = VERTEX_POINT('',#4416);
#4416 = CARTESIAN_POINT('',(215.44771510034,201.64386537906,
    13.11513403521));
#4417 = VERTEX_POINT('',#4418);
#4418 = CARTESIAN_POINT('',(201.64386537906,215.44771510034,
    13.11513403521));
#4419 = CIRCLE('',#4420,21.5);
#4420 = AXIS2_PLACEMENT_3D('',#4421,#4422,#4423);
#4421 = CARTESIAN_POINT('',(195.,195.,13.11513403521));
#4422 = DIRECTION('',(0.,-0.,1.));
#4423 = DIRECTION('',(0.951056516295,0.309016994375,0.));
#4424 = ORIENTED_EDGE('',*,*,#4425,.T.);
#4425 = EDGE_CURVE('',#4417,#3702,#4426,.T.);
#4426 = LINE('',#4427,#4428);
#4427 = CARTESIAN_POINT('',(201.64386537906,215.44771510034,
    13.11513403521));
#4428 = VECTOR('',#4429,1.);
#4429 = DIRECTION('',(-0.210749083395,-0.64861898444,-0.731353701619));
#4430 = ORIENTED_EDGE('',*,*,#3699,.F.);
#4431 = ORIENTED_EDGE('',*,*,#4432,.F.);
#4432 = EDGE_CURVE('',#4415,#3700,#4433,.T.);
#4433 = LINE('',#4434,#4435);
#4434 = CARTESIAN_POINT('',(215.44771510034,201.64386537906,
    13.11513403521));
#4435 = VECTOR('',#4436,1.);
#4436 = DIRECTION('',(-0.64861898444,-0.210749083395,-0.731353701619));
#4437 = CONICAL_SURFACE('',#4438,21.5,0.750491578358);
#4438 = AXIS2_PLACEMENT_3D('',#4439,#4440,#4441);
#4439 = CARTESIAN_POINT('',(195.,195.,13.11513403521));
#4440 = DIRECTION('',(0.,0.,1.));
#4441 = DIRECTION('',(0.951056516295,0.309016994375,0.));
#4442 = ADVANCED_FACE('',(#4443),#4469,.T.);
#4443 = FACE_BOUND('',#4444,.T.);
#4444 = EDGE_LOOP('',(#4445,#4446,#4454,#4462,#4468));
#4445 = ORIENTED_EDGE('',*,*,#3727,.T.);
#4446 = ORIENTED_EDGE('',*,*,#4447,.T.);
#4447 = EDGE_CURVE('',#3719,#4448,#4450,.T.);
#4448 = VERTEX_POINT('',#4449);
#4449 = CARTESIAN_POINT('',(223.53169548885,204.27050983124,20.));
#4450 = LINE('',#4451,#4452);
#4451 = CARTESIAN_POINT('',(207.36373471183,199.01722092687,20.));
#4452 = VECTOR('',#4453,1.);
#4453 = DIRECTION('',(0.951056516295,0.309016994375,0.));
#4454 = ORIENTED_EDGE('',*,*,#4455,.T.);
#4455 = EDGE_CURVE('',#4448,#4456,#4458,.T.);
#4456 = VERTEX_POINT('',#4457);
#4457 = CARTESIAN_POINT('',(223.53169548885,204.27050983124,4.));
#4458 = LINE('',#4459,#4460);
#4459 = CARTESIAN_POINT('',(223.53169548885,204.27050983124,20.));
#4460 = VECTOR('',#4461,1.);
#4461 = DIRECTION('',(0.,0.,-1.));
#4462 = ORIENTED_EDGE('',*,*,#4463,.T.);
#4463 = EDGE_CURVE('',#4456,#4415,#4464,.T.);
#4464 = LINE('',#4465,#4466);
#4465 = CARTESIAN_POINT('',(223.53169548885,204.27050983124,4.));
#4466 = VECTOR('',#4467,1.);
#4467 = DIRECTION('',(-0.64861898444,-0.210749083395,0.731353701619));
#4468 = ORIENTED_EDGE('',*,*,#4432,.T.);
#4469 = PLANE('',#4470);
#4470 = AXIS2_PLACEMENT_3D('',#4471,#4472,#4473);
#4471 = CARTESIAN_POINT('',(215.44771510034,201.64386537906,
    12.678933532167));
#4472 = DIRECTION('',(-0.309016994375,0.951056516295,0.));
#4473 = DIRECTION('',(0.,0.,1.));
#4474 = ADVANCED_FACE('',(#4475),#4501,.F.);
#4475 = FACE_BOUND('',#4476,.F.);
#4476 = EDGE_LOOP('',(#4477,#4478,#4486,#4494,#4500));
#4477 = ORIENTED_EDGE('',*,*,#3710,.T.);
#4478 = ORIENTED_EDGE('',*,*,#4479,.T.);
#4479 = EDGE_CURVE('',#3711,#4480,#4482,.T.);
#4480 = VERTEX_POINT('',#4481);
#4481 = CARTESIAN_POINT('',(204.27050983124,223.53169548885,20.));
#4482 = LINE('',#4483,#4484);
#4483 = CARTESIAN_POINT('',(199.01722092687,207.36373471183,20.));
#4484 = VECTOR('',#4485,1.);
#4485 = DIRECTION('',(0.309016994375,0.951056516295,0.));
#4486 = ORIENTED_EDGE('',*,*,#4487,.T.);
#4487 = EDGE_CURVE('',#4480,#4488,#4490,.T.);
#4488 = VERTEX_POINT('',#4489);
#4489 = CARTESIAN_POINT('',(204.27050983124,223.53169548885,4.));
#4490 = LINE('',#4491,#4492);
#4491 = CARTESIAN_POINT('',(204.27050983124,223.53169548885,20.));
#4492 = VECTOR('',#4493,1.);
#4493 = DIRECTION('',(0.,0.,-1.));
#4494 = ORIENTED_EDGE('',*,*,#4495,.T.);
#4495 = EDGE_CURVE('',#4488,#4417,#4496,.T.);
#4496 = LINE('',#4497,#4498);
#4497 = CARTESIAN_POINT('',(204.27050983124,223.53169548885,4.));
#4498 = VECTOR('',#4499,1.);
#4499 = DIRECTION('',(-0.210749083395,-0.64861898444,0.731353701619));
#4500 = ORIENTED_EDGE('',*,*,#4425,.T.);
#4501 = PLANE('',#4502);
#4502 = AXIS2_PLACEMENT_3D('',#4503,#4504,#4505);
#4503 = CARTESIAN_POINT('',(201.64386537906,215.44771510034,
    12.678933532167));
#4504 = DIRECTION('',(-0.951056516295,0.309016994375,0.));
#4505 = DIRECTION('',(0.,0.,1.));
#4506 = ADVANCED_FACE('',(#4507),#4519,.F.);
#4507 = FACE_BOUND('',#4508,.T.);
#4508 = EDGE_LOOP('',(#4509,#4510,#4511,#4518));
#4509 = ORIENTED_EDGE('',*,*,#3718,.T.);
#4510 = ORIENTED_EDGE('',*,*,#4479,.T.);
#4511 = ORIENTED_EDGE('',*,*,#4512,.F.);
#4512 = EDGE_CURVE('',#4448,#4480,#4513,.T.);
#4513 = CIRCLE('',#4514,30.);
#4514 = AXIS2_PLACEMENT_3D('',#4515,#4516,#4517);
#4515 = CARTESIAN_POINT('',(195.,195.,20.));
#4516 = DIRECTION('',(0.,-0.,1.));
#4517 = DIRECTION('',(0.951056516295,0.309016994375,0.));
#4518 = ORIENTED_EDGE('',*,*,#4447,.F.);
#4519 = PLANE('',#4520);
#4520 = AXIS2_PLACEMENT_3D('',#4521,#4522,#4523);
#4521 = CARTESIAN_POINT('',(195.,195.,20.));
#4522 = DIRECTION('',(0.,0.,1.));
#4523 = DIRECTION('',(0.951056516295,0.309016994375,0.));
#4524 = ADVANCED_FACE('',(#4525),#4536,.T.);
#4525 = FACE_BOUND('',#4526,.T.);
#4526 = EDGE_LOOP('',(#4527,#4533,#4534,#4535));
#4527 = ORIENTED_EDGE('',*,*,#4528,.T.);
#4528 = EDGE_CURVE('',#3785,#3817,#4529,.T.);
#4529 = LINE('',#4530,#4531);
#4530 = CARTESIAN_POINT('',(85.,225.,4.));
#4531 = VECTOR('',#4532,1.);
#4532 = DIRECTION('',(-1.,1.110223024625E-16,0.));
#4533 = ORIENTED_EDGE('',*,*,#3824,.T.);
#4534 = ORIENTED_EDGE('',*,*,#3744,.F.);
#4535 = ORIENTED_EDGE('',*,*,#3792,.F.);
#4536 = PLANE('',#4537);
#4537 = AXIS2_PLACEMENT_3D('',#4538,#4539,#4540);
#4538 = CARTESIAN_POINT('',(85.,225.,4.));
#4539 = DIRECTION('',(8.119657186824E-17,0.731353701619,0.681998360062)
  );
#4540 = DIRECTION('',(-7.57170282098E-17,-0.681998360062,0.731353701619)
  );
#4541 = ADVANCED_FACE('',(#4542,#4548),#4559,.T.);
#4542 = FACE_BOUND('',#4543,.T.);
#4543 = EDGE_LOOP('',(#4544,#4545,#4546,#4547));
#4544 = ORIENTED_EDGE('',*,*,#3841,.T.);
#4545 = ORIENTED_EDGE('',*,*,#3816,.T.);
#4546 = ORIENTED_EDGE('',*,*,#4528,.F.);
#4547 = ORIENTED_EDGE('',*,*,#3784,.F.);
#4548 = FACE_BOUND('',#4549,.T.);
#4549 = EDGE_LOOP('',(#4550));
#4550 = ORIENTED_EDGE('',*,*,#4551,.T.);
#4551 = EDGE_CURVE('',#4552,#4552,#4554,.T.);
#4552 = VERTEX_POINT('',#4553);
#4553 = CARTESIAN_POINT('',(63.5,225.,19.));
#4554 = CIRCLE('',#4555,2.);
#4555 = AXIS2_PLACEMENT_3D('',#4556,#4557,#4558);
#4556 = CARTESIAN_POINT('',(63.5,225.,17.));
#4557 = DIRECTION('',(1.110223024625E-16,1.,0.));
#4558 = DIRECTION('',(0.,-0.,1.));
#4559 = PLANE('',#4560);
#4560 = AXIS2_PLACEMENT_3D('',#4561,#4562,#4563);
#4561 = CARTESIAN_POINT('',(85.,225.,20.));
#4562 = DIRECTION('',(-1.110223024625E-16,-1.,0.));
#4563 = DIRECTION('',(0.,0.,-1.));
#4564 = ADVANCED_FACE('',(#4565),#4576,.T.);
#4565 = FACE_BOUND('',#4566,.T.);
#4566 = EDGE_LOOP('',(#4567,#4573,#4574,#4575));
#4567 = ORIENTED_EDGE('',*,*,#4568,.T.);
#4568 = EDGE_CURVE('',#3897,#3929,#4569,.T.);
#4569 = LINE('',#4570,#4571);
#4570 = CARTESIAN_POINT('',(131.,225.,4.));
#4571 = VECTOR('',#4572,1.);
#4572 = DIRECTION('',(-1.,1.110223024625E-16,0.));
#4573 = ORIENTED_EDGE('',*,*,#3936,.T.);
#4574 = ORIENTED_EDGE('',*,*,#3856,.F.);
#4575 = ORIENTED_EDGE('',*,*,#3904,.F.);
#4576 = PLANE('',#4577);
#4577 = AXIS2_PLACEMENT_3D('',#4578,#4579,#4580);
#4578 = CARTESIAN_POINT('',(131.,225.,4.));
#4579 = DIRECTION('',(8.119657186824E-17,0.731353701619,0.681998360062)
  );
#4580 = DIRECTION('',(-7.57170282098E-17,-0.681998360062,0.731353701619)
  );
#4581 = ADVANCED_FACE('',(#4582,#4588),#4599,.T.);
#4582 = FACE_BOUND('',#4583,.T.);
#4583 = EDGE_LOOP('',(#4584,#4585,#4586,#4587));
#4584 = ORIENTED_EDGE('',*,*,#3953,.T.);
#4585 = ORIENTED_EDGE('',*,*,#3928,.T.);
#4586 = ORIENTED_EDGE('',*,*,#4568,.F.);
#4587 = ORIENTED_EDGE('',*,*,#3896,.F.);
#4588 = FACE_BOUND('',#4589,.T.);
#4589 = EDGE_LOOP('',(#4590));
#4590 = ORIENTED_EDGE('',*,*,#4591,.T.);
#4591 = EDGE_CURVE('',#4592,#4592,#4594,.T.);
#4592 = VERTEX_POINT('',#4593);
#4593 = CARTESIAN_POINT('',(109.5,225.,19.));
#4594 = CIRCLE('',#4595,2.);
#4595 = AXIS2_PLACEMENT_3D('',#4596,#4597,#4598);
#4596 = CARTESIAN_POINT('',(109.5,225.,17.));
#4597 = DIRECTION('',(1.110223024625E-16,1.,0.));
#4598 = DIRECTION('',(0.,-0.,1.));
#4599 = PLANE('',#4600);
#4600 = AXIS2_PLACEMENT_3D('',#4601,#4602,#4603);
#4601 = CARTESIAN_POINT('',(131.,225.,20.));
#4602 = DIRECTION('',(-1.110223024625E-16,-1.,0.));
#4603 = DIRECTION('',(0.,0.,-1.));
#4604 = ADVANCED_FACE('',(#4605,#4626),#4637,.T.);
#4605 = FACE_BOUND('',#4606,.T.);
#4606 = EDGE_LOOP('',(#4607,#4608,#4609,#4610,#4611,#4612,#4613,#4614,
    #4615,#4616,#4617,#4618,#4619,#4620));
#4607 = ORIENTED_EDGE('',*,*,#3977,.F.);
#4608 = ORIENTED_EDGE('',*,*,#4017,.T.);
#4609 = ORIENTED_EDGE('',*,*,#4040,.F.);
#4610 = ORIENTED_EDGE('',*,*,#4088,.F.);
#4611 = ORIENTED_EDGE('',*,*,#4112,.F.);
#4612 = ORIENTED_EDGE('',*,*,#4150,.F.);
#4613 = ORIENTED_EDGE('',*,*,#4176,.T.);
#4614 = ORIENTED_EDGE('',*,*,#4199,.F.);
#4615 = ORIENTED_EDGE('',*,*,#4247,.F.);
#4616 = ORIENTED_EDGE('',*,*,#4271,.F.);
#4617 = ORIENTED_EDGE('',*,*,#4309,.F.);
#4618 = ORIENTED_EDGE('',*,*,#4335,.T.);
#4619 = ORIENTED_EDGE('',*,*,#4351,.T.);
#4620 = ORIENTED_EDGE('',*,*,#4621,.F.);
#4621 = EDGE_CURVE('',#3978,#4352,#4622,.T.);
#4622 = LINE('',#4623,#4624);
#4623 = CARTESIAN_POINT('',(177.,225.,4.));
#4624 = VECTOR('',#4625,1.);
#4625 = DIRECTION('',(-1.,1.110223024625E-16,0.));
#4626 = FACE_BOUND('',#4627,.T.);
#4627 = EDGE_LOOP('',(#4628));
#4628 = ORIENTED_EDGE('',*,*,#4629,.T.);
#4629 = EDGE_CURVE('',#4630,#4630,#4632,.T.);
#4630 = VERTEX_POINT('',#4631);
#4631 = CARTESIAN_POINT('',(155.5,225.,19.));
#4632 = CIRCLE('',#4633,2.);
#4633 = AXIS2_PLACEMENT_3D('',#4634,#4635,#4636);
#4634 = CARTESIAN_POINT('',(155.5,225.,17.));
#4635 = DIRECTION('',(1.110223024625E-16,1.,0.));
#4636 = DIRECTION('',(0.,-0.,1.));
#4637 = PLANE('',#4638);
#4638 = AXIS2_PLACEMENT_3D('',#4639,#4640,#4641);
#4639 = CARTESIAN_POINT('',(177.,225.,20.));
#4640 = DIRECTION('',(-1.110223024625E-16,-1.,0.));
#4641 = DIRECTION('',(0.,0.,-1.));
#4642 = ADVANCED_FACE('',(#4643),#4655,.T.);
#4643 = FACE_BOUND('',#4644,.T.);
#4644 = EDGE_LOOP('',(#4645,#4646,#4647,#4648,#4649,#4650,#4651,#4652,
    #4653,#4654));
#4645 = ORIENTED_EDGE('',*,*,#3985,.F.);
#4646 = ORIENTED_EDGE('',*,*,#4621,.T.);
#4647 = ORIENTED_EDGE('',*,*,#4359,.T.);
#4648 = ORIENTED_EDGE('',*,*,#4398,.F.);
#4649 = ORIENTED_EDGE('',*,*,#4278,.F.);
#4650 = ORIENTED_EDGE('',*,*,#4231,.F.);
#4651 = ORIENTED_EDGE('',*,*,#4390,.F.);
#4652 = ORIENTED_EDGE('',*,*,#4119,.F.);
#4653 = ORIENTED_EDGE('',*,*,#4072,.F.);
#4654 = ORIENTED_EDGE('',*,*,#4382,.F.);
#4655 = PLANE('',#4656);
#4656 = AXIS2_PLACEMENT_3D('',#4657,#4658,#4659);
#4657 = CARTESIAN_POINT('',(177.,225.,4.));
#4658 = DIRECTION('',(8.119657186824E-17,0.731353701619,0.681998360062)
  );
#4659 = DIRECTION('',(-7.57170282098E-17,-0.681998360062,0.731353701619)
  );
#4660 = ADVANCED_FACE('',(#4661),#4673,.T.);
#4661 = FACE_BOUND('',#4662,.T.);
#4662 = EDGE_LOOP('',(#4663,#4670,#4671,#4672));
#4663 = ORIENTED_EDGE('',*,*,#4664,.T.);
#4664 = EDGE_CURVE('',#4456,#4488,#4665,.T.);
#4665 = CIRCLE('',#4666,30.);
#4666 = AXIS2_PLACEMENT_3D('',#4667,#4668,#4669);
#4667 = CARTESIAN_POINT('',(195.,195.,4.));
#4668 = DIRECTION('',(0.,-0.,1.));
#4669 = DIRECTION('',(0.951056516295,0.309016994375,0.));
#4670 = ORIENTED_EDGE('',*,*,#4495,.T.);
#4671 = ORIENTED_EDGE('',*,*,#4414,.F.);
#4672 = ORIENTED_EDGE('',*,*,#4463,.F.);
#4673 = CONICAL_SURFACE('',#4674,30.,0.750491578358);
#4674 = AXIS2_PLACEMENT_3D('',#4675,#4676,#4677);
#4675 = CARTESIAN_POINT('',(195.,195.,4.));
#4676 = DIRECTION('',(-0.,-0.,-1.));
#4677 = DIRECTION('',(0.951056516295,0.309016994375,0.));
#4678 = ADVANCED_FACE('',(#4679,#4685),#4743,.F.);
#4679 = FACE_BOUND('',#4680,.T.);
#4680 = EDGE_LOOP('',(#4681,#4682,#4683,#4684));
#4681 = ORIENTED_EDGE('',*,*,#4512,.T.);
#4682 = ORIENTED_EDGE('',*,*,#4487,.T.);
#4683 = ORIENTED_EDGE('',*,*,#4664,.F.);
#4684 = ORIENTED_EDGE('',*,*,#4455,.F.);
#4685 = FACE_BOUND('',#4686,.T.);
#4686 = EDGE_LOOP('',(#4687));
#4687 = ORIENTED_EDGE('',*,*,#4688,.T.);
#4688 = EDGE_CURVE('',#4689,#4689,#4691,.T.);
#4689 = VERTEX_POINT('',#4690);
#4690 = CARTESIAN_POINT('',(214.75179692614,217.58022405089,17.));
#4691 = B_SPLINE_CURVE_WITH_KNOTS('',8,(#4692,#4693,#4694,#4695,#4696,
    #4697,#4698,#4699,#4700,#4701,#4702,#4703,#4704,#4705,#4706,#4707,
    #4708,#4709,#4710,#4711,#4712,#4713,#4714,#4715,#4716,#4717,#4718,
    #4719,#4720,#4721,#4722,#4723,#4724,#4725,#4726,#4727,#4728,#4729,
    #4730,#4731,#4732,#4733,#4734,#4735,#4736,#4737,#4738,#4739,#4740,
    #4741,#4742),.UNSPECIFIED.,.T.,.F.,(9,7,7,7,7,7,7,9),(0.,
    0.153629615394,0.285722112201,0.421698469682,0.589519665381,
    0.714910147097,0.837269719393,1.),.UNSPECIFIED.);
#4692 = CARTESIAN_POINT('',(214.75179692614,217.58022405089,17.));
#4693 = CARTESIAN_POINT('',(214.75179692614,217.58022405089,
    17.208679250411));
#4694 = CARTESIAN_POINT('',(214.77056836789,217.56380379023,
    17.417274983597));
#4695 = CARTESIAN_POINT('',(214.80808402049,217.53098798833,
    17.624028314436));
#4696 = CARTESIAN_POINT('',(214.86466051779,217.48134319583,
    17.827045383933));
#4697 = CARTESIAN_POINT('',(214.94083019859,217.41409900002,
    18.023950037105));
#4698 = CARTESIAN_POINT('',(215.03722971636,217.32819606592,
    18.211648172821));
#4699 = CARTESIAN_POINT('',(215.15442442202,217.22238435026,
    18.385978756371));
#4700 = CARTESIAN_POINT('',(215.41138173493,216.98639376471,
    18.674338292778));
#4701 = CARTESIAN_POINT('',(215.54969302218,216.85802262719,
    18.797901603863));
#4702 = CARTESIAN_POINT('',(215.70507241962,216.71182960791,
    18.901331005278));
#4703 = CARTESIAN_POINT('',(215.87329025905,216.55084090869,
    18.976828644918));
#4704 = CARTESIAN_POINT('',(216.04883059448,216.37946246989,
    19.019205147227));
#4705 = CARTESIAN_POINT('',(216.22579632098,216.20308685467,
    19.025987353457));
#4706 = CARTESIAN_POINT('',(216.3984970412,216.02759178699,
    18.997532349658));
#4707 = CARTESIAN_POINT('',(216.73028676009,215.68461332879,
    18.875025377692));
#4708 = CARTESIAN_POINT('',(216.88338799066,215.52313877776,
    18.781078677563));
#4709 = CARTESIAN_POINT('',(217.01992971592,215.37648002497,
    18.661692212056));
#4710 = CARTESIAN_POINT('',(217.13949523329,215.24606334828,
    18.522287108129));
#4711 = CARTESIAN_POINT('',(217.2421848016,215.13265824679,
    18.367603324794));
#4712 = CARTESIAN_POINT('',(217.32840763255,215.03651974837,
    18.201842612603));
#4713 = CARTESIAN_POINT('',(217.39880219796,214.95747069091,
    18.028733189237));
#4714 = CARTESIAN_POINT('',(217.52255487172,214.81779878201,
    17.632890758846));
#4715 = CARTESIAN_POINT('',(217.56878174415,214.76501501766,
    17.405728006236));
#4716 = CARTESIAN_POINT('',(217.59427252419,214.73570638808,
    17.173785435688));
#4717 = CARTESIAN_POINT('',(217.59973339655,214.72940105624,
    16.939739868761));
#4718 = CARTESIAN_POINT('',(217.58528906391,214.74603701397,
    16.706036727573));
#4719 = CARTESIAN_POINT('',(217.55054759512,214.78590613193,
    16.475293880317));
#4720 = CARTESIAN_POINT('',(217.4946401691,214.8495610493,
    16.250660957286));
#4721 = CARTESIAN_POINT('',(217.35769255066,215.0035334202,
    15.876473132917));
#4722 = CARTESIAN_POINT('',(217.28602544052,215.0836646923,
    15.720778197974));
#4723 = CARTESIAN_POINT('',(217.20062492278,215.17844918858,
    15.572326717895));
#4724 = CARTESIAN_POINT('',(217.10105765981,215.28790520033,
    15.434328720907));
#4725 = CARTESIAN_POINT('',(216.98711161875,215.41167816102,
    15.310297586269));
#4726 = CARTESIAN_POINT('',(216.85885146698,215.54899824052,
    15.204087472393));
#4727 = CARTESIAN_POINT('',(216.71675609192,215.69860028331,
    15.119978683339));
#4728 = CARTESIAN_POINT('',(216.41096165128,216.01470684058,
    15.007069967867));
#4729 = CARTESIAN_POINT('',(216.25150025875,216.17695971586,
    14.978324545851));
#4730 = CARTESIAN_POINT('',(216.08769430524,216.34069470672,
    14.979690384038));
#4731 = CARTESIAN_POINT('',(215.92423907038,216.50099960034,
    15.011841735339));
#4732 = CARTESIAN_POINT('',(215.76609177217,216.65325944987,
    15.073126593936));
#4733 = CARTESIAN_POINT('',(215.61793680391,216.79358484469,
    15.159651081003));
#4734 = CARTESIAN_POINT('',(215.4836130225,216.91911047484,
    15.265341025644));
#4735 = CARTESIAN_POINT('',(215.20878240308,217.17319910114,
    15.537069664175));
#4736 = CARTESIAN_POINT('',(215.07554169636,217.29401537714,
    15.716771708597));
#4737 = CARTESIAN_POINT('',(214.96601650937,217.3918510226,
    15.913245322981));
#4738 = CARTESIAN_POINT('',(214.87960379603,217.46822773268,
    16.121078913909));
#4739 = CARTESIAN_POINT('',(214.81551652928,217.524486877,
    16.336318438222));
#4740 = CARTESIAN_POINT('',(214.7730570705,217.5616266881,
    16.556013430505));
#4741 = CARTESIAN_POINT('',(214.75179692614,217.58022405089,
    16.777918242368));
#4742 = CARTESIAN_POINT('',(214.75179692614,217.58022405089,17.));
#4743 = CYLINDRICAL_SURFACE('',#4744,30.);
#4744 = AXIS2_PLACEMENT_3D('',#4745,#4746,#4747);
#4745 = CARTESIAN_POINT('',(195.,195.,20.));
#4746 = DIRECTION('',(-0.,-0.,-1.));
#4747 = DIRECTION('',(0.951056516295,0.309016994375,0.));
#4748 = ADVANCED_FACE('',(#4749),#4768,.F.);
#4749 = FACE_BOUND('',#4750,.F.);
#4750 = EDGE_LOOP('',(#4751,#4760,#4766,#4767));
#4751 = ORIENTED_EDGE('',*,*,#4752,.F.);
#4752 = EDGE_CURVE('',#4753,#4753,#4755,.T.);
#4753 = VERTEX_POINT('',#4754);
#4754 = CARTESIAN_POINT('',(63.5,229.,19.));
#4755 = CIRCLE('',#4756,2.);
#4756 = AXIS2_PLACEMENT_3D('',#4757,#4758,#4759);
#4757 = CARTESIAN_POINT('',(63.5,229.,17.));
#4758 = DIRECTION('',(1.110223024625E-16,1.,0.));
#4759 = DIRECTION('',(0.,-0.,1.));
#4760 = ORIENTED_EDGE('',*,*,#4761,.F.);
#4761 = EDGE_CURVE('',#4552,#4753,#4762,.T.);
#4762 = LINE('',#4763,#4764);
#4763 = CARTESIAN_POINT('',(63.5,224.,19.));
#4764 = VECTOR('',#4765,1.);
#4765 = DIRECTION('',(1.110223024625E-16,1.,0.));
#4766 = ORIENTED_EDGE('',*,*,#4551,.T.);
#4767 = ORIENTED_EDGE('',*,*,#4761,.T.);
#4768 = CYLINDRICAL_SURFACE('',#4769,2.);
#4769 = AXIS2_PLACEMENT_3D('',#4770,#4771,#4772);
#4770 = CARTESIAN_POINT('',(63.5,224.,17.));
#4771 = DIRECTION('',(1.110223024625E-16,1.,0.));
#4772 = DIRECTION('',(0.,0.,1.));
#4773 = ADVANCED_FACE('',(#4774),#4793,.F.);
#4774 = FACE_BOUND('',#4775,.F.);
#4775 = EDGE_LOOP('',(#4776,#4785,#4791,#4792));
#4776 = ORIENTED_EDGE('',*,*,#4777,.F.);
#4777 = EDGE_CURVE('',#4778,#4778,#4780,.T.);
#4778 = VERTEX_POINT('',#4779);
#4779 = CARTESIAN_POINT('',(109.5,229.,19.));
#4780 = CIRCLE('',#4781,2.);
#4781 = AXIS2_PLACEMENT_3D('',#4782,#4783,#4784);
#4782 = CARTESIAN_POINT('',(109.5,229.,17.));
#4783 = DIRECTION('',(1.110223024625E-16,1.,0.));
#4784 = DIRECTION('',(0.,-0.,1.));
#4785 = ORIENTED_EDGE('',*,*,#4786,.F.);
#4786 = EDGE_CURVE('',#4592,#4778,#4787,.T.);
#4787 = LINE('',#4788,#4789);
#4788 = CARTESIAN_POINT('',(109.5,224.,19.));
#4789 = VECTOR('',#4790,1.);
#4790 = DIRECTION('',(1.110223024625E-16,1.,0.));
#4791 = ORIENTED_EDGE('',*,*,#4591,.T.);
#4792 = ORIENTED_EDGE('',*,*,#4786,.T.);
#4793 = CYLINDRICAL_SURFACE('',#4794,2.);
#4794 = AXIS2_PLACEMENT_3D('',#4795,#4796,#4797);
#4795 = CARTESIAN_POINT('',(109.5,224.,17.));
#4796 = DIRECTION('',(1.110223024625E-16,1.,0.));
#4797 = DIRECTION('',(0.,0.,1.));
#4798 = ADVANCED_FACE('',(#4799),#4818,.F.);
#4799 = FACE_BOUND('',#4800,.F.);
#4800 = EDGE_LOOP('',(#4801,#4810,#4816,#4817));
#4801 = ORIENTED_EDGE('',*,*,#4802,.F.);
#4802 = EDGE_CURVE('',#4803,#4803,#4805,.T.);
#4803 = VERTEX_POINT('',#4804);
#4804 = CARTESIAN_POINT('',(155.5,229.,19.));
#4805 = CIRCLE('',#4806,2.);
#4806 = AXIS2_PLACEMENT_3D('',#4807,#4808,#4809);
#4807 = CARTESIAN_POINT('',(155.5,229.,17.));
#4808 = DIRECTION('',(1.110223024625E-16,1.,0.));
#4809 = DIRECTION('',(0.,-0.,1.));
#4810 = ORIENTED_EDGE('',*,*,#4811,.F.);
#4811 = EDGE_CURVE('',#4630,#4803,#4812,.T.);
#4812 = LINE('',#4813,#4814);
#4813 = CARTESIAN_POINT('',(155.5,224.,19.));
#4814 = VECTOR('',#4815,1.);
#4815 = DIRECTION('',(1.110223024625E-16,1.,0.));
#4816 = ORIENTED_EDGE('',*,*,#4629,.T.);
#4817 = ORIENTED_EDGE('',*,*,#4811,.T.);
#4818 = CYLINDRICAL_SURFACE('',#4819,2.);
#4819 = AXIS2_PLACEMENT_3D('',#4820,#4821,#4822);
#4820 = CARTESIAN_POINT('',(155.5,224.,17.));
#4821 = DIRECTION('',(1.110223024625E-16,1.,0.));
#4822 = DIRECTION('',(0.,0.,1.));
#4823 = ADVANCED_FACE('',(#4824),#4890,.F.);
#4824 = FACE_BOUND('',#4825,.F.);
#4825 = EDGE_LOOP('',(#4826,#4882,#4888,#4889));
#4826 = ORIENTED_EDGE('',*,*,#4827,.F.);
#4827 = EDGE_CURVE('',#4828,#4828,#4830,.T.);
#4828 = VERTEX_POINT('',#4829);
#4829 = CARTESIAN_POINT('',(217.58578643762,220.41421356237,17.));
#4830 = B_SPLINE_CURVE_WITH_KNOTS('',8,(#4831,#4832,#4833,#4834,#4835,
    #4836,#4837,#4838,#4839,#4840,#4841,#4842,#4843,#4844,#4845,#4846,
    #4847,#4848,#4849,#4850,#4851,#4852,#4853,#4854,#4855,#4856,#4857,
    #4858,#4859,#4860,#4861,#4862,#4863,#4864,#4865,#4866,#4867,#4868,
    #4869,#4870,#4871,#4872,#4873,#4874,#4875,#4876,#4877,#4878,#4879,
    #4880,#4881),.UNSPECIFIED.,.T.,.F.,(9,7,7,7,7,7,7,9),(0.,
    0.15362503192,0.285710541159,0.421684127594,0.589525882467,
    0.714914502754,0.837271181112,1.),.UNSPECIFIED.);
#4831 = CARTESIAN_POINT('',(217.58578643762,220.41421356237,17.));
#4832 = CARTESIAN_POINT('',(217.58578643762,220.41421356237,17.208670471
    ));
#4833 = CARTESIAN_POINT('',(217.60441749177,220.3976558799,
    17.417246701114));
#4834 = CARTESIAN_POINT('',(217.64164918539,220.36456834575,
    17.623981161619));
#4835 = CARTESIAN_POINT('',(217.69780722764,220.31452262679,
    17.826988587012));
#4836 = CARTESIAN_POINT('',(217.77344288365,220.24675847483,
    18.023896409999));
#4837 = CARTESIAN_POINT('',(217.86922258828,220.16023750999,
    18.211608894556));
#4838 = CARTESIAN_POINT('',(217.98575474627,220.05374749127,
    18.385959559567));
#4839 = CARTESIAN_POINT('',(218.24150580428,219.81649487493,
    18.674351723168));
#4840 = CARTESIAN_POINT('',(218.37923756042,219.68753276102,
    18.79791518763));
#4841 = CARTESIAN_POINT('',(218.53407805082,219.5407970826,
    18.901340930502));
#4842 = CARTESIAN_POINT('',(218.70187044528,219.37938312124,
    18.976834686492));
#4843 = CARTESIAN_POINT('',(218.87716457295,219.20776108772,
    19.019207109129));
#4844 = CARTESIAN_POINT('',(219.054092033,219.03135391771,
    19.025985615648));
#4845 = CARTESIAN_POINT('',(219.22695099598,218.85602918654,
    18.997529343987));
#4846 = CARTESIAN_POINT('',(219.5593879574,218.51372043732,
    18.875026450897));
#4847 = CARTESIAN_POINT('',(219.71298430281,218.35273629086,
    18.781080166424));
#4848 = CARTESIAN_POINT('',(219.85012634311,218.20666808291,
    18.661690543674));
#4849 = CARTESIAN_POINT('',(219.97033541172,218.07688567329,
    18.522278954996));
#4850 = CARTESIAN_POINT('',(220.0736586203,217.96410961754,
    18.36758766034));
#4851 = CARTESIAN_POINT('',(220.16046498075,217.86855692698,
    18.201822253695));
#4852 = CARTESIAN_POINT('',(220.2313658587,217.79002295305,
    18.028716060805));
#4853 = CARTESIAN_POINT('',(220.35605558306,217.65129277054,
    17.63288065662));
#4854 = CARTESIAN_POINT('',(220.40266751522,217.59889826887,
    17.405716975466));
#4855 = CARTESIAN_POINT('',(220.42838119139,217.56981808179,
    17.173781749784));
#4856 = CARTESIAN_POINT('',(220.43389160659,217.5635630536,
    16.93974724194));
#4857 = CARTESIAN_POINT('',(220.41932013582,217.58006689275,
    16.706053161766));
#4858 = CARTESIAN_POINT('',(220.38427909278,217.61962956836,
    16.475312765337));
#4859 = CARTESIAN_POINT('',(220.32791534795,217.68282622257,
    16.250673826684));
#4860 = CARTESIAN_POINT('',(220.1899632399,217.83579449838,
    15.876485494871));
#4861 = CARTESIAN_POINT('',(220.11779981234,217.91542350442,
    15.720792100749));
#4862 = CARTESIAN_POINT('',(220.0318461775,218.00965479319,
    15.572336324547));
#4863 = CARTESIAN_POINT('',(219.93169368807,218.11853098556,
    15.434332321744));
#4864 = CARTESIAN_POINT('',(219.81716479984,218.24172966819,
    15.310296497205));
#4865 = CARTESIAN_POINT('',(219.68836749905,218.37852043328,
    15.204084701226));
#4866 = CARTESIAN_POINT('',(219.5458292381,218.52768178573,
    15.119977166229));
#4867 = CARTESIAN_POINT('',(219.23943753091,218.84317186124,
    15.007071939357));
#4868 = CARTESIAN_POINT('',(219.07981702793,219.00525550553,
    14.978326260524));
#4869 = CARTESIAN_POINT('',(218.91601919076,219.16899100553,
    14.979689714125));
#4870 = CARTESIAN_POINT('',(218.75275182415,219.32947881696,
    15.011837721437));
#4871 = CARTESIAN_POINT('',(218.59495204853,219.48208401532,
    15.073118716159));
#4872 = CARTESIAN_POINT('',(218.44725677908,219.6228714344,
    15.159639524493));
#4873 = CARTESIAN_POINT('',(218.31344562832,219.74892029548,
    15.265329319914));
#4874 = CARTESIAN_POINT('',(218.0398069305,220.0042583605,
    15.537087507474));
#4875 = CARTESIAN_POINT('',(217.90728963101,220.12581446305,
    15.716809299698));
#4876 = CARTESIAN_POINT('',(217.79845369406,220.22433907954,
    15.91329835057));
#4877 = CARTESIAN_POINT('',(217.71263948029,220.30130208347,
    16.121138387722));
#4878 = CARTESIAN_POINT('',(217.64902328176,220.35801528741,
    16.336373255985));
#4879 = CARTESIAN_POINT('',(217.60688557248,220.39546235627,
    16.556053645322));
#4880 = CARTESIAN_POINT('',(217.58578643762,220.41421356237,
    16.777938198183));
#4881 = CARTESIAN_POINT('',(217.58578643762,220.41421356237,17.));
#4882 = ORIENTED_EDGE('',*,*,#4883,.F.);
#4883 = EDGE_CURVE('',#4689,#4828,#4884,.T.);
#4884 = LINE('',#4885,#4886);
#4885 = CARTESIAN_POINT('',(214.09188309203,216.92031021678,17.));
#4886 = VECTOR('',#4887,1.);
#4887 = DIRECTION('',(0.707106781187,0.707106781187,-1.101497328414E-32)
  );
#4888 = ORIENTED_EDGE('',*,*,#4688,.T.);
#4889 = ORIENTED_EDGE('',*,*,#4883,.T.);
#4890 = CYLINDRICAL_SURFACE('',#4891,2.);
#4891 = AXIS2_PLACEMENT_3D('',#4892,#4893,#4894);
#4892 = CARTESIAN_POINT('',(215.50609665441,215.50609665441,17.));
#4893 = DIRECTION('',(0.707106781187,0.707106781187,0.));
#4894 = DIRECTION('',(-0.707106781187,0.707106781187,0.));
#4895 = ADVANCED_FACE('',(#4896,#4930),#4933,.T.);
#4896 = FACE_BOUND('',#4897,.T.);
#4897 = EDGE_LOOP('',(#4898,#4908,#4916,#4924));
#4898 = ORIENTED_EDGE('',*,*,#4899,.T.);
#4899 = EDGE_CURVE('',#4900,#4902,#4904,.T.);
#4900 = VERTEX_POINT('',#4901);
#4901 = CARTESIAN_POINT('',(85.,229.,4.));
#4902 = VERTEX_POINT('',#4903);
#4903 = CARTESIAN_POINT('',(42.,229.,4.));
#4904 = LINE('',#4905,#4906);
#4905 = CARTESIAN_POINT('',(85.,229.,4.));
#4906 = VECTOR('',#4907,1.);
#4907 = DIRECTION('',(-1.,1.110223024625E-16,0.));
#4908 = ORIENTED_EDGE('',*,*,#4909,.T.);
#4909 = EDGE_CURVE('',#4902,#4910,#4912,.T.);
#4910 = VERTEX_POINT('',#4911);
#4911 = CARTESIAN_POINT('',(42.,229.,20.));
#4912 = LINE('',#4913,#4914);
#4913 = CARTESIAN_POINT('',(42.,229.,4.));
#4914 = VECTOR('',#4915,1.);
#4915 = DIRECTION('',(0.,0.,1.));
#4916 = ORIENTED_EDGE('',*,*,#4917,.F.);
#4917 = EDGE_CURVE('',#4918,#4910,#4920,.T.);
#4918 = VERTEX_POINT('',#4919);
#4919 = CARTESIAN_POINT('',(85.,229.,20.));
#4920 = LINE('',#4921,#4922);
#4921 = CARTESIAN_POINT('',(85.,229.,20.));
#4922 = VECTOR('',#4923,1.);
#4923 = DIRECTION('',(-1.,1.110223024625E-16,0.));
#4924 = ORIENTED_EDGE('',*,*,#4925,.F.);
#4925 = EDGE_CURVE('',#4900,#4918,#4926,.T.);
#4926 = LINE('',#4927,#4928);
#4927 = CARTESIAN_POINT('',(85.,229.,4.));
#4928 = VECTOR('',#4929,1.);
#4929 = DIRECTION('',(0.,0.,1.));
#4930 = FACE_BOUND('',#4931,.T.);
#4931 = EDGE_LOOP('',(#4932));
#4932 = ORIENTED_EDGE('',*,*,#4752,.F.);
#4933 = PLANE('',#4934);
#4934 = AXIS2_PLACEMENT_3D('',#4935,#4936,#4937);
#4935 = CARTESIAN_POINT('',(85.,229.,4.));
#4936 = DIRECTION('',(1.110223024625E-16,1.,0.));
#4937 = DIRECTION('',(0.,0.,1.));
#4938 = ADVANCED_FACE('',(#4939,#4973),#4976,.T.);
#4939 = FACE_BOUND('',#4940,.T.);
#4940 = EDGE_LOOP('',(#4941,#4951,#4959,#4967));
#4941 = ORIENTED_EDGE('',*,*,#4942,.T.);
#4942 = EDGE_CURVE('',#4943,#4945,#4947,.T.);
#4943 = VERTEX_POINT('',#4944);
#4944 = CARTESIAN_POINT('',(131.,229.,4.));
#4945 = VERTEX_POINT('',#4946);
#4946 = CARTESIAN_POINT('',(88.,229.,4.));
#4947 = LINE('',#4948,#4949);
#4948 = CARTESIAN_POINT('',(131.,229.,4.));
#4949 = VECTOR('',#4950,1.);
#4950 = DIRECTION('',(-1.,1.110223024625E-16,0.));
#4951 = ORIENTED_EDGE('',*,*,#4952,.T.);
#4952 = EDGE_CURVE('',#4945,#4953,#4955,.T.);
#4953 = VERTEX_POINT('',#4954);
#4954 = CARTESIAN_POINT('',(88.,229.,20.));
#4955 = LINE('',#4956,#4957);
#4956 = CARTESIAN_POINT('',(88.,229.,4.));
#4957 = VECTOR('',#4958,1.);
#4958 = DIRECTION('',(0.,0.,1.));
#4959 = ORIENTED_EDGE('',*,*,#4960,.F.);
#4960 = EDGE_CURVE('',#4961,#4953,#4963,.T.);
#4961 = VERTEX_POINT('',#4962);
#4962 = CARTESIAN_POINT('',(131.,229.,20.));
#4963 = LINE('',#4964,#4965);
#4964 = CARTESIAN_POINT('',(131.,229.,20.));
#4965 = VECTOR('',#4966,1.);
#4966 = DIRECTION('',(-1.,1.110223024625E-16,0.));
#4967 = ORIENTED_EDGE('',*,*,#4968,.F.);
#4968 = EDGE_CURVE('',#4943,#4961,#4969,.T.);
#4969 = LINE('',#4970,#4971);
#4970 = CARTESIAN_POINT('',(131.,229.,4.));
#4971 = VECTOR('',#4972,1.);
#4972 = DIRECTION('',(0.,0.,1.));
#4973 = FACE_BOUND('',#4974,.T.);
#4974 = EDGE_LOOP('',(#4975));
#4975 = ORIENTED_EDGE('',*,*,#4777,.F.);
#4976 = PLANE('',#4977);
#4977 = AXIS2_PLACEMENT_3D('',#4978,#4979,#4980);
#4978 = CARTESIAN_POINT('',(131.,229.,4.));
#4979 = DIRECTION('',(1.110223024625E-16,1.,0.));
#4980 = DIRECTION('',(0.,0.,1.));
#4981 = ADVANCED_FACE('',(#4982,#5016),#5019,.T.);
#4982 = FACE_BOUND('',#4983,.T.);
#4983 = EDGE_LOOP('',(#4984,#4994,#5002,#5010));
#4984 = ORIENTED_EDGE('',*,*,#4985,.T.);
#4985 = EDGE_CURVE('',#4986,#4988,#4990,.T.);
#4986 = VERTEX_POINT('',#4987);
#4987 = CARTESIAN_POINT('',(177.,229.,4.));
#4988 = VERTEX_POINT('',#4989);
#4989 = CARTESIAN_POINT('',(134.,229.,4.));
#4990 = LINE('',#4991,#4992);
#4991 = CARTESIAN_POINT('',(177.,229.,4.));
#4992 = VECTOR('',#4993,1.);
#4993 = DIRECTION('',(-1.,1.110223024625E-16,0.));
#4994 = ORIENTED_EDGE('',*,*,#4995,.T.);
#4995 = EDGE_CURVE('',#4988,#4996,#4998,.T.);
#4996 = VERTEX_POINT('',#4997);
#4997 = CARTESIAN_POINT('',(134.,229.,20.));
#4998 = LINE('',#4999,#5000);
#4999 = CARTESIAN_POINT('',(134.,229.,4.));
#5000 = VECTOR('',#5001,1.);
#5001 = DIRECTION('',(0.,0.,1.));
#5002 = ORIENTED_EDGE('',*,*,#5003,.F.);
#5003 = EDGE_CURVE('',#5004,#4996,#5006,.T.);
#5004 = VERTEX_POINT('',#5005);
#5005 = CARTESIAN_POINT('',(177.,229.,20.));
#5006 = LINE('',#5007,#5008);
#5007 = CARTESIAN_POINT('',(177.,229.,20.));
#5008 = VECTOR('',#5009,1.);
#5009 = DIRECTION('',(-1.,1.110223024625E-16,0.));
#5010 = ORIENTED_EDGE('',*,*,#5011,.F.);
#5011 = EDGE_CURVE('',#4986,#5004,#5012,.T.);
#5012 = LINE('',#5013,#5014);
#5013 = CARTESIAN_POINT('',(177.,229.,4.));
#5014 = VECTOR('',#5015,1.);
#5015 = DIRECTION('',(0.,0.,1.));
#5016 = FACE_BOUND('',#5017,.T.);
#5017 = EDGE_LOOP('',(#5018));
#5018 = ORIENTED_EDGE('',*,*,#4802,.F.);
#5019 = PLANE('',#5020);
#5020 = AXIS2_PLACEMENT_3D('',#5021,#5022,#5023);
#5021 = CARTESIAN_POINT('',(177.,229.,4.));
#5022 = DIRECTION('',(1.110223024625E-16,1.,0.));
#5023 = DIRECTION('',(0.,0.,1.));
#5024 = ADVANCED_FACE('',(#5025,#5061),#5064,.T.);
#5025 = FACE_BOUND('',#5026,.T.);
#5026 = EDGE_LOOP('',(#5027,#5038,#5046,#5055));
#5027 = ORIENTED_EDGE('',*,*,#5028,.T.);
#5028 = EDGE_CURVE('',#5029,#5031,#5033,.T.);
#5029 = VERTEX_POINT('',#5030);
#5030 = CARTESIAN_POINT('',(227.33592155403,205.50657780874,4.));
#5031 = VERTEX_POINT('',#5032);
#5032 = CARTESIAN_POINT('',(205.50657780874,227.33592155403,4.));
#5033 = CIRCLE('',#5034,34.);
#5034 = AXIS2_PLACEMENT_3D('',#5035,#5036,#5037);
#5035 = CARTESIAN_POINT('',(195.,195.,4.));
#5036 = DIRECTION('',(0.,-0.,1.));
#5037 = DIRECTION('',(0.951056516295,0.309016994375,0.));
#5038 = ORIENTED_EDGE('',*,*,#5039,.T.);
#5039 = EDGE_CURVE('',#5031,#5040,#5042,.T.);
#5040 = VERTEX_POINT('',#5041);
#5041 = CARTESIAN_POINT('',(205.50657780874,227.33592155403,20.));
#5042 = LINE('',#5043,#5044);
#5043 = CARTESIAN_POINT('',(205.50657780874,227.33592155403,4.));
#5044 = VECTOR('',#5045,1.);
#5045 = DIRECTION('',(0.,0.,1.));
#5046 = ORIENTED_EDGE('',*,*,#5047,.F.);
#5047 = EDGE_CURVE('',#5048,#5040,#5050,.T.);
#5048 = VERTEX_POINT('',#5049);
#5049 = CARTESIAN_POINT('',(227.33592155403,205.50657780874,20.));
#5050 = CIRCLE('',#5051,34.);
#5051 = AXIS2_PLACEMENT_3D('',#5052,#5053,#5054);
#5052 = CARTESIAN_POINT('',(195.,195.,20.));
#5053 = DIRECTION('',(0.,-0.,1.));
#5054 = DIRECTION('',(0.951056516295,0.309016994375,0.));
#5055 = ORIENTED_EDGE('',*,*,#5056,.F.);
#5056 = EDGE_CURVE('',#5029,#5048,#5057,.T.);
#5057 = LINE('',#5058,#5059);
#5058 = CARTESIAN_POINT('',(227.33592155403,205.50657780874,4.));
#5059 = VECTOR('',#5060,1.);
#5060 = DIRECTION('',(0.,0.,1.));
#5061 = FACE_BOUND('',#5062,.T.);
#5062 = EDGE_LOOP('',(#5063));
#5063 = ORIENTED_EDGE('',*,*,#4827,.F.);
#5064 = CYLINDRICAL_SURFACE('',#5065,34.);
#5065 = AXIS2_PLACEMENT_3D('',#5066,#5067,#5068);
#5066 = CARTESIAN_POINT('',(195.,195.,4.));
#5067 = DIRECTION('',(0.,0.,1.));
#5068 = DIRECTION('',(0.951056516295,0.309016994375,0.));
#5069 = ADVANCED_FACE('',(#5070),#5095,.T.);
#5070 = FACE_BOUND('',#5071,.T.);
#5071 = EDGE_LOOP('',(#5072,#5082,#5088,#5089));
#5072 = ORIENTED_EDGE('',*,*,#5073,.T.);
#5073 = EDGE_CURVE('',#5074,#5076,#5078,.T.);
#5074 = VERTEX_POINT('',#5075);
#5075 = CARTESIAN_POINT('',(85.,237.5,13.11513403521));
#5076 = VERTEX_POINT('',#5077);
#5077 = CARTESIAN_POINT('',(42.,237.5,13.11513403521));
#5078 = LINE('',#5079,#5080);
#5079 = CARTESIAN_POINT('',(85.,237.5,13.11513403521));
#5080 = VECTOR('',#5081,1.);
#5081 = DIRECTION('',(-1.,1.110223024625E-16,0.));
#5082 = ORIENTED_EDGE('',*,*,#5083,.T.);
#5083 = EDGE_CURVE('',#5076,#4902,#5084,.T.);
#5084 = LINE('',#5085,#5086);
#5085 = CARTESIAN_POINT('',(42.,237.5,13.11513403521));
#5086 = VECTOR('',#5087,1.);
#5087 = DIRECTION('',(-7.57170282098E-17,-0.681998360062,-0.731353701619
    ));
#5088 = ORIENTED_EDGE('',*,*,#4899,.F.);
#5089 = ORIENTED_EDGE('',*,*,#5090,.F.);
#5090 = EDGE_CURVE('',#5074,#4900,#5091,.T.);
#5091 = LINE('',#5092,#5093);
#5092 = CARTESIAN_POINT('',(85.,237.5,13.11513403521));
#5093 = VECTOR('',#5094,1.);
#5094 = DIRECTION('',(-7.57170282098E-17,-0.681998360062,-0.731353701619
    ));
#5095 = PLANE('',#5096);
#5096 = AXIS2_PLACEMENT_3D('',#5097,#5098,#5099);
#5097 = CARTESIAN_POINT('',(85.,237.5,13.11513403521));
#5098 = DIRECTION('',(-8.119657186824E-17,-0.731353701619,0.681998360062
    ));
#5099 = DIRECTION('',(-7.57170282098E-17,-0.681998360062,-0.731353701619
    ));
#5100 = ADVANCED_FACE('',(#5101),#5127,.T.);
#5101 = FACE_BOUND('',#5102,.T.);
#5102 = EDGE_LOOP('',(#5103,#5104,#5112,#5120,#5126));
#5103 = ORIENTED_EDGE('',*,*,#4925,.T.);
#5104 = ORIENTED_EDGE('',*,*,#5105,.T.);
#5105 = EDGE_CURVE('',#4918,#5106,#5108,.T.);
#5106 = VERTEX_POINT('',#5107);
#5107 = CARTESIAN_POINT('',(85.,246.,20.));
#5108 = LINE('',#5109,#5110);
#5109 = CARTESIAN_POINT('',(85.,229.,20.));
#5110 = VECTOR('',#5111,1.);
#5111 = DIRECTION('',(1.110223024625E-16,1.,0.));
#5112 = ORIENTED_EDGE('',*,*,#5113,.T.);
#5113 = EDGE_CURVE('',#5106,#5114,#5116,.T.);
#5114 = VERTEX_POINT('',#5115);
#5115 = CARTESIAN_POINT('',(85.,246.,4.));
#5116 = LINE('',#5117,#5118);
#5117 = CARTESIAN_POINT('',(85.,246.,20.));
#5118 = VECTOR('',#5119,1.);
#5119 = DIRECTION('',(0.,0.,-1.));
#5120 = ORIENTED_EDGE('',*,*,#5121,.T.);
#5121 = EDGE_CURVE('',#5114,#5074,#5122,.T.);
#5122 = LINE('',#5123,#5124);
#5123 = CARTESIAN_POINT('',(85.,246.,4.));
#5124 = VECTOR('',#5125,1.);
#5125 = DIRECTION('',(-7.57170282098E-17,-0.681998360062,0.731353701619)
  );
#5126 = ORIENTED_EDGE('',*,*,#5090,.T.);
#5127 = PLANE('',#5128);
#5128 = AXIS2_PLACEMENT_3D('',#5129,#5130,#5131);
#5129 = CARTESIAN_POINT('',(85.,237.5,12.678933532167));
#5130 = DIRECTION('',(-1.,1.110223024625E-16,0.));
#5131 = DIRECTION('',(0.,0.,1.));
#5132 = ADVANCED_FACE('',(#5133),#5159,.F.);
#5133 = FACE_BOUND('',#5134,.F.);
#5134 = EDGE_LOOP('',(#5135,#5136,#5144,#5152,#5158));
#5135 = ORIENTED_EDGE('',*,*,#4909,.T.);
#5136 = ORIENTED_EDGE('',*,*,#5137,.T.);
#5137 = EDGE_CURVE('',#4910,#5138,#5140,.T.);
#5138 = VERTEX_POINT('',#5139);
#5139 = CARTESIAN_POINT('',(42.,246.,20.));
#5140 = LINE('',#5141,#5142);
#5141 = CARTESIAN_POINT('',(42.,229.,20.));
#5142 = VECTOR('',#5143,1.);
#5143 = DIRECTION('',(1.110223024625E-16,1.,0.));
#5144 = ORIENTED_EDGE('',*,*,#5145,.T.);
#5145 = EDGE_CURVE('',#5138,#5146,#5148,.T.);
#5146 = VERTEX_POINT('',#5147);
#5147 = CARTESIAN_POINT('',(42.,246.,4.));
#5148 = LINE('',#5149,#5150);
#5149 = CARTESIAN_POINT('',(42.,246.,20.));
#5150 = VECTOR('',#5151,1.);
#5151 = DIRECTION('',(0.,0.,-1.));
#5152 = ORIENTED_EDGE('',*,*,#5153,.T.);
#5153 = EDGE_CURVE('',#5146,#5076,#5154,.T.);
#5154 = LINE('',#5155,#5156);
#5155 = CARTESIAN_POINT('',(42.,246.,4.));
#5156 = VECTOR('',#5157,1.);
#5157 = DIRECTION('',(-7.57170282098E-17,-0.681998360062,0.731353701619)
  );
#5158 = ORIENTED_EDGE('',*,*,#5083,.T.);
#5159 = PLANE('',#5160);
#5160 = AXIS2_PLACEMENT_3D('',#5161,#5162,#5163);
#5161 = CARTESIAN_POINT('',(42.,237.5,12.678933532167));
#5162 = DIRECTION('',(-1.,1.110223024625E-16,0.));
#5163 = DIRECTION('',(0.,0.,1.));
#5164 = ADVANCED_FACE('',(#5165),#5176,.T.);
#5165 = FACE_BOUND('',#5166,.T.);
#5166 = EDGE_LOOP('',(#5167,#5168,#5169,#5175));
#5167 = ORIENTED_EDGE('',*,*,#4917,.T.);
#5168 = ORIENTED_EDGE('',*,*,#5137,.T.);
#5169 = ORIENTED_EDGE('',*,*,#5170,.F.);
#5170 = EDGE_CURVE('',#5106,#5138,#5171,.T.);
#5171 = LINE('',#5172,#5173);
#5172 = CARTESIAN_POINT('',(85.,246.,20.));
#5173 = VECTOR('',#5174,1.);
#5174 = DIRECTION('',(-1.,1.110223024625E-16,0.));
#5175 = ORIENTED_EDGE('',*,*,#5105,.F.);
#5176 = PLANE('',#5177);
#5177 = AXIS2_PLACEMENT_3D('',#5178,#5179,#5180);
#5178 = CARTESIAN_POINT('',(85.,229.,20.));
#5179 = DIRECTION('',(0.,0.,-1.));
#5180 = DIRECTION('',(1.110223024625E-16,1.,0.));
#5181 = ADVANCED_FACE('',(#5182),#5207,.T.);
#5182 = FACE_BOUND('',#5183,.T.);
#5183 = EDGE_LOOP('',(#5184,#5194,#5200,#5201));
#5184 = ORIENTED_EDGE('',*,*,#5185,.T.);
#5185 = EDGE_CURVE('',#5186,#5188,#5190,.T.);
#5186 = VERTEX_POINT('',#5187);
#5187 = CARTESIAN_POINT('',(131.,237.5,13.11513403521));
#5188 = VERTEX_POINT('',#5189);
#5189 = CARTESIAN_POINT('',(88.,237.5,13.11513403521));
#5190 = LINE('',#5191,#5192);
#5191 = CARTESIAN_POINT('',(131.,237.5,13.11513403521));
#5192 = VECTOR('',#5193,1.);
#5193 = DIRECTION('',(-1.,1.110223024625E-16,0.));
#5194 = ORIENTED_EDGE('',*,*,#5195,.T.);
#5195 = EDGE_CURVE('',#5188,#4945,#5196,.T.);
#5196 = LINE('',#5197,#5198);
#5197 = CARTESIAN_POINT('',(88.,237.5,13.11513403521));
#5198 = VECTOR('',#5199,1.);
#5199 = DIRECTION('',(-7.57170282098E-17,-0.681998360062,-0.731353701619
    ));
#5200 = ORIENTED_EDGE('',*,*,#4942,.F.);
#5201 = ORIENTED_EDGE('',*,*,#5202,.F.);
#5202 = EDGE_CURVE('',#5186,#4943,#5203,.T.);
#5203 = LINE('',#5204,#5205);
#5204 = CARTESIAN_POINT('',(131.,237.5,13.11513403521));
#5205 = VECTOR('',#5206,1.);
#5206 = DIRECTION('',(-7.57170282098E-17,-0.681998360062,-0.731353701619
    ));
#5207 = PLANE('',#5208);
#5208 = AXIS2_PLACEMENT_3D('',#5209,#5210,#5211);
#5209 = CARTESIAN_POINT('',(131.,237.5,13.11513403521));
#5210 = DIRECTION('',(-8.119657186824E-17,-0.731353701619,0.681998360062
    ));
#5211 = DIRECTION('',(-7.57170282098E-17,-0.681998360062,-0.731353701619
    ));
#5212 = ADVANCED_FACE('',(#5213),#5239,.T.);
#5213 = FACE_BOUND('',#5214,.T.);
#5214 = EDGE_LOOP('',(#5215,#5216,#5224,#5232,#5238));
#5215 = ORIENTED_EDGE('',*,*,#4968,.T.);
#5216 = ORIENTED_EDGE('',*,*,#5217,.T.);
#5217 = EDGE_CURVE('',#4961,#5218,#5220,.T.);
#5218 = VERTEX_POINT('',#5219);
#5219 = CARTESIAN_POINT('',(131.,246.,20.));
#5220 = LINE('',#5221,#5222);
#5221 = CARTESIAN_POINT('',(131.,229.,20.));
#5222 = VECTOR('',#5223,1.);
#5223 = DIRECTION('',(1.110223024625E-16,1.,0.));
#5224 = ORIENTED_EDGE('',*,*,#5225,.T.);
#5225 = EDGE_CURVE('',#5218,#5226,#5228,.T.);
#5226 = VERTEX_POINT('',#5227);
#5227 = CARTESIAN_POINT('',(131.,246.,4.));
#5228 = LINE('',#5229,#5230);
#5229 = CARTESIAN_POINT('',(131.,246.,20.));
#5230 = VECTOR('',#5231,1.);
#5231 = DIRECTION('',(0.,0.,-1.));
#5232 = ORIENTED_EDGE('',*,*,#5233,.T.);
#5233 = EDGE_CURVE('',#5226,#5186,#5234,.T.);
#5234 = LINE('',#5235,#5236);
#5235 = CARTESIAN_POINT('',(131.,246.,4.));
#5236 = VECTOR('',#5237,1.);
#5237 = DIRECTION('',(-7.57170282098E-17,-0.681998360062,0.731353701619)
  );
#5238 = ORIENTED_EDGE('',*,*,#5202,.T.);
#5239 = PLANE('',#5240);
#5240 = AXIS2_PLACEMENT_3D('',#5241,#5242,#5243);
#5241 = CARTESIAN_POINT('',(131.,237.5,12.678933532167));
#5242 = DIRECTION('',(-1.,1.110223024625E-16,0.));
#5243 = DIRECTION('',(0.,0.,1.));
#5244 = ADVANCED_FACE('',(#5245),#5271,.F.);
#5245 = FACE_BOUND('',#5246,.F.);
#5246 = EDGE_LOOP('',(#5247,#5248,#5256,#5264,#5270));
#5247 = ORIENTED_EDGE('',*,*,#4952,.T.);
#5248 = ORIENTED_EDGE('',*,*,#5249,.T.);
#5249 = EDGE_CURVE('',#4953,#5250,#5252,.T.);
#5250 = VERTEX_POINT('',#5251);
#5251 = CARTESIAN_POINT('',(88.,246.,20.));
#5252 = LINE('',#5253,#5254);
#5253 = CARTESIAN_POINT('',(88.,229.,20.));
#5254 = VECTOR('',#5255,1.);
#5255 = DIRECTION('',(1.110223024625E-16,1.,0.));
#5256 = ORIENTED_EDGE('',*,*,#5257,.T.);
#5257 = EDGE_CURVE('',#5250,#5258,#5260,.T.);
#5258 = VERTEX_POINT('',#5259);
#5259 = CARTESIAN_POINT('',(88.,246.,4.));
#5260 = LINE('',#5261,#5262);
#5261 = CARTESIAN_POINT('',(88.,246.,20.));
#5262 = VECTOR('',#5263,1.);
#5263 = DIRECTION('',(0.,0.,-1.));
#5264 = ORIENTED_EDGE('',*,*,#5265,.T.);
#5265 = EDGE_CURVE('',#5258,#5188,#5266,.T.);
#5266 = LINE('',#5267,#5268);
#5267 = CARTESIAN_POINT('',(88.,246.,4.));
#5268 = VECTOR('',#5269,1.);
#5269 = DIRECTION('',(-7.57170282098E-17,-0.681998360062,0.731353701619)
  );
#5270 = ORIENTED_EDGE('',*,*,#5195,.T.);
#5271 = PLANE('',#5272);
#5272 = AXIS2_PLACEMENT_3D('',#5273,#5274,#5275);
#5273 = CARTESIAN_POINT('',(88.,237.5,12.678933532167));
#5274 = DIRECTION('',(-1.,1.110223024625E-16,0.));
#5275 = DIRECTION('',(0.,0.,1.));
#5276 = ADVANCED_FACE('',(#5277),#5288,.T.);
#5277 = FACE_BOUND('',#5278,.T.);
#5278 = EDGE_LOOP('',(#5279,#5280,#5281,#5287));
#5279 = ORIENTED_EDGE('',*,*,#4960,.T.);
#5280 = ORIENTED_EDGE('',*,*,#5249,.T.);
#5281 = ORIENTED_EDGE('',*,*,#5282,.F.);
#5282 = EDGE_CURVE('',#5218,#5250,#5283,.T.);
#5283 = LINE('',#5284,#5285);
#5284 = CARTESIAN_POINT('',(131.,246.,20.));
#5285 = VECTOR('',#5286,1.);
#5286 = DIRECTION('',(-1.,1.110223024625E-16,0.));
#5287 = ORIENTED_EDGE('',*,*,#5217,.F.);
#5288 = PLANE('',#5289);
#5289 = AXIS2_PLACEMENT_3D('',#5290,#5291,#5292);
#5290 = CARTESIAN_POINT('',(131.,229.,20.));
#5291 = DIRECTION('',(0.,0.,-1.));
#5292 = DIRECTION('',(1.110223024625E-16,1.,0.));
#5293 = ADVANCED_FACE('',(#5294),#5319,.T.);
#5294 = FACE_BOUND('',#5295,.T.);
#5295 = EDGE_LOOP('',(#5296,#5306,#5312,#5313));
#5296 = ORIENTED_EDGE('',*,*,#5297,.T.);
#5297 = EDGE_CURVE('',#5298,#5300,#5302,.T.);
#5298 = VERTEX_POINT('',#5299);
#5299 = CARTESIAN_POINT('',(177.,237.5,13.11513403521));
#5300 = VERTEX_POINT('',#5301);
#5301 = CARTESIAN_POINT('',(134.,237.5,13.11513403521));
#5302 = LINE('',#5303,#5304);
#5303 = CARTESIAN_POINT('',(177.,237.5,13.11513403521));
#5304 = VECTOR('',#5305,1.);
#5305 = DIRECTION('',(-1.,1.110223024625E-16,0.));
#5306 = ORIENTED_EDGE('',*,*,#5307,.T.);
#5307 = EDGE_CURVE('',#5300,#4988,#5308,.T.);
#5308 = LINE('',#5309,#5310);
#5309 = CARTESIAN_POINT('',(134.,237.5,13.11513403521));
#5310 = VECTOR('',#5311,1.);
#5311 = DIRECTION('',(-7.57170282098E-17,-0.681998360062,-0.731353701619
    ));
#5312 = ORIENTED_EDGE('',*,*,#4985,.F.);
#5313 = ORIENTED_EDGE('',*,*,#5314,.F.);
#5314 = EDGE_CURVE('',#5298,#4986,#5315,.T.);
#5315 = LINE('',#5316,#5317);
#5316 = CARTESIAN_POINT('',(177.,237.5,13.11513403521));
#5317 = VECTOR('',#5318,1.);
#5318 = DIRECTION('',(-7.57170282098E-17,-0.681998360062,-0.731353701619
    ));
#5319 = PLANE('',#5320);
#5320 = AXIS2_PLACEMENT_3D('',#5321,#5322,#5323);
#5321 = CARTESIAN_POINT('',(177.,237.5,13.11513403521));
#5322 = DIRECTION('',(-8.119657186824E-17,-0.731353701619,0.681998360062
    ));
#5323 = DIRECTION('',(-7.57170282098E-17,-0.681998360062,-0.731353701619
    ));
#5324 = ADVANCED_FACE('',(#5325),#5351,.T.);
#5325 = FACE_BOUND('',#5326,.T.);
#5326 = EDGE_LOOP('',(#5327,#5328,#5336,#5344,#5350));
#5327 = ORIENTED_EDGE('',*,*,#5011,.T.);
#5328 = ORIENTED_EDGE('',*,*,#5329,.T.);
#5329 = EDGE_CURVE('',#5004,#5330,#5332,.T.);
#5330 = VERTEX_POINT('',#5331);
#5331 = CARTESIAN_POINT('',(177.,246.,20.));
#5332 = LINE('',#5333,#5334);
#5333 = CARTESIAN_POINT('',(177.,229.,20.));
#5334 = VECTOR('',#5335,1.);
#5335 = DIRECTION('',(1.110223024625E-16,1.,0.));
#5336 = ORIENTED_EDGE('',*,*,#5337,.T.);
#5337 = EDGE_CURVE('',#5330,#5338,#5340,.T.);
#5338 = VERTEX_POINT('',#5339);
#5339 = CARTESIAN_POINT('',(177.,246.,4.));
#5340 = LINE('',#5341,#5342);
#5341 = CARTESIAN_POINT('',(177.,246.,20.));
#5342 = VECTOR('',#5343,1.);
#5343 = DIRECTION('',(0.,0.,-1.));
#5344 = ORIENTED_EDGE('',*,*,#5345,.T.);
#5345 = EDGE_CURVE('',#5338,#5298,#5346,.T.);
#5346 = LINE('',#5347,#5348);
#5347 = CARTESIAN_POINT('',(177.,246.,4.));
#5348 = VECTOR('',#5349,1.);
#5349 = DIRECTION('',(-7.57170282098E-17,-0.681998360062,0.731353701619)
  );
#5350 = ORIENTED_EDGE('',*,*,#5314,.T.);
#5351 = PLANE('',#5352);
#5352 = AXIS2_PLACEMENT_3D('',#5353,#5354,#5355);
#5353 = CARTESIAN_POINT('',(177.,237.5,12.678933532167));
#5354 = DIRECTION('',(-1.,1.110223024625E-16,0.));
#5355 = DIRECTION('',(0.,0.,1.));
#5356 = ADVANCED_FACE('',(#5357),#5383,.F.);
#5357 = FACE_BOUND('',#5358,.F.);
#5358 = EDGE_LOOP('',(#5359,#5360,#5368,#5376,#5382));
#5359 = ORIENTED_EDGE('',*,*,#4995,.T.);
#5360 = ORIENTED_EDGE('',*,*,#5361,.T.);
#5361 = EDGE_CURVE('',#4996,#5362,#5364,.T.);
#5362 = VERTEX_POINT('',#5363);
#5363 = CARTESIAN_POINT('',(134.,246.,20.));
#5364 = LINE('',#5365,#5366);
#5365 = CARTESIAN_POINT('',(134.,229.,20.));
#5366 = VECTOR('',#5367,1.);
#5367 = DIRECTION('',(1.110223024625E-16,1.,0.));
#5368 = ORIENTED_EDGE('',*,*,#5369,.T.);
#5369 = EDGE_CURVE('',#5362,#5370,#5372,.T.);
#5370 = VERTEX_POINT('',#5371);
#5371 = CARTESIAN_POINT('',(134.,246.,4.));
#5372 = LINE('',#5373,#5374);
#5373 = CARTESIAN_POINT('',(134.,246.,20.));
#5374 = VECTOR('',#5375,1.);
#5375 = DIRECTION('',(0.,0.,-1.));
#5376 = ORIENTED_EDGE('',*,*,#5377,.T.);
#5377 = EDGE_CURVE('',#5370,#5300,#5378,.T.);
#5378 = LINE('',#5379,#5380);
#5379 = CARTESIAN_POINT('',(134.,246.,4.));
#5380 = VECTOR('',#5381,1.);
#5381 = DIRECTION('',(-7.57170282098E-17,-0.681998360062,0.731353701619)
  );
#5382 = ORIENTED_EDGE('',*,*,#5307,.T.);
#5383 = PLANE('',#5384);
#5384 = AXIS2_PLACEMENT_3D('',#5385,#5386,#5387);
#5385 = CARTESIAN_POINT('',(134.,237.5,12.678933532167));
#5386 = DIRECTION('',(-1.,1.110223024625E-16,0.));
#5387 = DIRECTION('',(0.,0.,1.));
#5388 = ADVANCED_FACE('',(#5389),#5400,.T.);
#5389 = FACE_BOUND('',#5390,.T.);
#5390 = EDGE_LOOP('',(#5391,#5392,#5393,#5399));
#5391 = ORIENTED_EDGE('',*,*,#5003,.T.);
#5392 = ORIENTED_EDGE('',*,*,#5361,.T.);
#5393 = ORIENTED_EDGE('',*,*,#5394,.F.);
#5394 = EDGE_CURVE('',#5330,#5362,#5395,.T.);
#5395 = LINE('',#5396,#5397);
#5396 = CARTESIAN_POINT('',(177.,246.,20.));
#5397 = VECTOR('',#5398,1.);
#5398 = DIRECTION('',(-1.,1.110223024625E-16,0.));
#5399 = ORIENTED_EDGE('',*,*,#5329,.F.);
#5400 = PLANE('',#5401);
#5401 = AXIS2_PLACEMENT_3D('',#5402,#5403,#5404);
#5402 = CARTESIAN_POINT('',(177.,229.,20.));
#5403 = DIRECTION('',(0.,0.,-1.));
#5404 = DIRECTION('',(1.110223024625E-16,1.,0.));
#5405 = ADVANCED_FACE('',(#5406),#5432,.F.);
#5406 = FACE_BOUND('',#5407,.T.);
#5407 = EDGE_LOOP('',(#5408,#5419,#5425,#5426));
#5408 = ORIENTED_EDGE('',*,*,#5409,.T.);
#5409 = EDGE_CURVE('',#5410,#5412,#5414,.T.);
#5410 = VERTEX_POINT('',#5411);
#5411 = CARTESIAN_POINT('',(235.41990194254,208.13322226093,
    13.11513403521));
#5412 = VERTEX_POINT('',#5413);
#5413 = CARTESIAN_POINT('',(208.13322226093,235.41990194254,
    13.11513403521));
#5414 = CIRCLE('',#5415,42.5);
#5415 = AXIS2_PLACEMENT_3D('',#5416,#5417,#5418);
#5416 = CARTESIAN_POINT('',(195.,195.,13.11513403521));
#5417 = DIRECTION('',(0.,-0.,1.));
#5418 = DIRECTION('',(0.951056516295,0.309016994375,0.));
#5419 = ORIENTED_EDGE('',*,*,#5420,.T.);
#5420 = EDGE_CURVE('',#5412,#5031,#5421,.T.);
#5421 = LINE('',#5422,#5423);
#5422 = CARTESIAN_POINT('',(208.13322226093,235.41990194254,
    13.11513403521));
#5423 = VECTOR('',#5424,1.);
#5424 = DIRECTION('',(-0.210749083395,-0.64861898444,-0.731353701619));
#5425 = ORIENTED_EDGE('',*,*,#5028,.F.);
#5426 = ORIENTED_EDGE('',*,*,#5427,.F.);
#5427 = EDGE_CURVE('',#5410,#5029,#5428,.T.);
#5428 = LINE('',#5429,#5430);
#5429 = CARTESIAN_POINT('',(235.41990194254,208.13322226093,
    13.11513403521));
#5430 = VECTOR('',#5431,1.);
#5431 = DIRECTION('',(-0.64861898444,-0.210749083395,-0.731353701619));
#5432 = CONICAL_SURFACE('',#5433,42.5,0.750491578358);
#5433 = AXIS2_PLACEMENT_3D('',#5434,#5435,#5436);
#5434 = CARTESIAN_POINT('',(195.,195.,13.11513403521));
#5435 = DIRECTION('',(0.,0.,1.));
#5436 = DIRECTION('',(0.951056516295,0.309016994375,0.));
#5437 = ADVANCED_FACE('',(#5438),#5464,.T.);
#5438 = FACE_BOUND('',#5439,.T.);
#5439 = EDGE_LOOP('',(#5440,#5441,#5449,#5457,#5463));
#5440 = ORIENTED_EDGE('',*,*,#5056,.T.);
#5441 = ORIENTED_EDGE('',*,*,#5442,.T.);
#5442 = EDGE_CURVE('',#5048,#5443,#5445,.T.);
#5443 = VERTEX_POINT('',#5444);
#5444 = CARTESIAN_POINT('',(243.50388233105,210.75986671312,20.));
#5445 = LINE('',#5446,#5447);
#5446 = CARTESIAN_POINT('',(227.33592155403,205.50657780874,20.));
#5447 = VECTOR('',#5448,1.);
#5448 = DIRECTION('',(0.951056516295,0.309016994375,0.));
#5449 = ORIENTED_EDGE('',*,*,#5450,.T.);
#5450 = EDGE_CURVE('',#5443,#5451,#5453,.T.);
#5451 = VERTEX_POINT('',#5452);
#5452 = CARTESIAN_POINT('',(243.50388233105,210.75986671312,4.));
#5453 = LINE('',#5454,#5455);
#5454 = CARTESIAN_POINT('',(243.50388233105,210.75986671312,20.));
#5455 = VECTOR('',#5456,1.);
#5456 = DIRECTION('',(0.,0.,-1.));
#5457 = ORIENTED_EDGE('',*,*,#5458,.T.);
#5458 = EDGE_CURVE('',#5451,#5410,#5459,.T.);
#5459 = LINE('',#5460,#5461);
#5460 = CARTESIAN_POINT('',(243.50388233105,210.75986671312,4.));
#5461 = VECTOR('',#5462,1.);
#5462 = DIRECTION('',(-0.64861898444,-0.210749083395,0.731353701619));
#5463 = ORIENTED_EDGE('',*,*,#5427,.T.);
#5464 = PLANE('',#5465);
#5465 = AXIS2_PLACEMENT_3D('',#5466,#5467,#5468);
#5466 = CARTESIAN_POINT('',(235.41990194254,208.13322226093,
    12.678933532167));
#5467 = DIRECTION('',(-0.309016994375,0.951056516295,0.));
#5468 = DIRECTION('',(0.,0.,1.));
#5469 = ADVANCED_FACE('',(#5470),#5496,.F.);
#5470 = FACE_BOUND('',#5471,.F.);
#5471 = EDGE_LOOP('',(#5472,#5473,#5481,#5489,#5495));
#5472 = ORIENTED_EDGE('',*,*,#5039,.T.);
#5473 = ORIENTED_EDGE('',*,*,#5474,.T.);
#5474 = EDGE_CURVE('',#5040,#5475,#5477,.T.);
#5475 = VERTEX_POINT('',#5476);
#5476 = CARTESIAN_POINT('',(210.75986671312,243.50388233105,20.));
#5477 = LINE('',#5478,#5479);
#5478 = CARTESIAN_POINT('',(205.50657780874,227.33592155403,20.));
#5479 = VECTOR('',#5480,1.);
#5480 = DIRECTION('',(0.309016994375,0.951056516295,0.));
#5481 = ORIENTED_EDGE('',*,*,#5482,.T.);
#5482 = EDGE_CURVE('',#5475,#5483,#5485,.T.);
#5483 = VERTEX_POINT('',#5484);
#5484 = CARTESIAN_POINT('',(210.75986671312,243.50388233105,4.));
#5485 = LINE('',#5486,#5487);
#5486 = CARTESIAN_POINT('',(210.75986671312,243.50388233105,20.));
#5487 = VECTOR('',#5488,1.);
#5488 = DIRECTION('',(0.,0.,-1.));
#5489 = ORIENTED_EDGE('',*,*,#5490,.T.);
#5490 = EDGE_CURVE('',#5483,#5412,#5491,.T.);
#5491 = LINE('',#5492,#5493);
#5492 = CARTESIAN_POINT('',(210.75986671312,243.50388233105,4.));
#5493 = VECTOR('',#5494,1.);
#5494 = DIRECTION('',(-0.210749083395,-0.64861898444,0.731353701619));
#5495 = ORIENTED_EDGE('',*,*,#5420,.T.);
#5496 = PLANE('',#5497);
#5497 = AXIS2_PLACEMENT_3D('',#5498,#5499,#5500);
#5498 = CARTESIAN_POINT('',(208.13322226093,235.41990194254,
    12.678933532167));
#5499 = DIRECTION('',(-0.951056516295,0.309016994375,0.));
#5500 = DIRECTION('',(0.,0.,1.));
#5501 = ADVANCED_FACE('',(#5502),#5514,.F.);
#5502 = FACE_BOUND('',#5503,.T.);
#5503 = EDGE_LOOP('',(#5504,#5505,#5506,#5513));
#5504 = ORIENTED_EDGE('',*,*,#5047,.T.);
#5505 = ORIENTED_EDGE('',*,*,#5474,.T.);
#5506 = ORIENTED_EDGE('',*,*,#5507,.F.);
#5507 = EDGE_CURVE('',#5443,#5475,#5508,.T.);
#5508 = CIRCLE('',#5509,51.);
#5509 = AXIS2_PLACEMENT_3D('',#5510,#5511,#5512);
#5510 = CARTESIAN_POINT('',(195.,195.,20.));
#5511 = DIRECTION('',(0.,-0.,1.));
#5512 = DIRECTION('',(0.951056516295,0.309016994375,0.));
#5513 = ORIENTED_EDGE('',*,*,#5442,.F.);
#5514 = PLANE('',#5515);
#5515 = AXIS2_PLACEMENT_3D('',#5516,#5517,#5518);
#5516 = CARTESIAN_POINT('',(195.,195.,20.));
#5517 = DIRECTION('',(0.,0.,1.));
#5518 = DIRECTION('',(0.951056516295,0.309016994375,0.));
#5519 = ADVANCED_FACE('',(#5520),#5531,.T.);
#5520 = FACE_BOUND('',#5521,.T.);
#5521 = EDGE_LOOP('',(#5522,#5528,#5529,#5530));
#5522 = ORIENTED_EDGE('',*,*,#5523,.T.);
#5523 = EDGE_CURVE('',#5114,#5146,#5524,.T.);
#5524 = LINE('',#5525,#5526);
#5525 = CARTESIAN_POINT('',(85.,246.,4.));
#5526 = VECTOR('',#5527,1.);
#5527 = DIRECTION('',(-1.,1.110223024625E-16,0.));
#5528 = ORIENTED_EDGE('',*,*,#5153,.T.);
#5529 = ORIENTED_EDGE('',*,*,#5073,.F.);
#5530 = ORIENTED_EDGE('',*,*,#5121,.F.);
#5531 = PLANE('',#5532);
#5532 = AXIS2_PLACEMENT_3D('',#5533,#5534,#5535);
#5533 = CARTESIAN_POINT('',(85.,246.,4.));
#5534 = DIRECTION('',(8.119657186824E-17,0.731353701619,0.681998360062)
  );
#5535 = DIRECTION('',(-7.57170282098E-17,-0.681998360062,0.731353701619)
  );
#5536 = ADVANCED_FACE('',(#5537,#5543),#5554,.T.);
#5537 = FACE_BOUND('',#5538,.T.);
#5538 = EDGE_LOOP('',(#5539,#5540,#5541,#5542));
#5539 = ORIENTED_EDGE('',*,*,#5170,.T.);
#5540 = ORIENTED_EDGE('',*,*,#5145,.T.);
#5541 = ORIENTED_EDGE('',*,*,#5523,.F.);
#5542 = ORIENTED_EDGE('',*,*,#5113,.F.);
#5543 = FACE_BOUND('',#5544,.T.);
#5544 = EDGE_LOOP('',(#5545));
#5545 = ORIENTED_EDGE('',*,*,#5546,.T.);
#5546 = EDGE_CURVE('',#5547,#5547,#5549,.T.);
#5547 = VERTEX_POINT('',#5548);
#5548 = CARTESIAN_POINT('',(63.5,246.,19.));
#5549 = CIRCLE('',#5550,2.);
#5550 = AXIS2_PLACEMENT_3D('',#5551,#5552,#5553);
#5551 = CARTESIAN_POINT('',(63.5,246.,17.));
#5552 = DIRECTION('',(1.110223024625E-16,1.,0.));
#5553 = DIRECTION('',(0.,-0.,1.));
#5554 = PLANE('',#5555);
#5555 = AXIS2_PLACEMENT_3D('',#5556,#5557,#5558);
#5556 = CARTESIAN_POINT('',(85.,246.,20.));
#5557 = DIRECTION('',(-1.110223024625E-16,-1.,0.));
#5558 = DIRECTION('',(0.,0.,-1.));
#5559 = ADVANCED_FACE('',(#5560),#5571,.T.);
#5560 = FACE_BOUND('',#5561,.T.);
#5561 = EDGE_LOOP('',(#5562,#5568,#5569,#5570));
#5562 = ORIENTED_EDGE('',*,*,#5563,.T.);
#5563 = EDGE_CURVE('',#5226,#5258,#5564,.T.);
#5564 = LINE('',#5565,#5566);
#5565 = CARTESIAN_POINT('',(131.,246.,4.));
#5566 = VECTOR('',#5567,1.);
#5567 = DIRECTION('',(-1.,1.110223024625E-16,0.));
#5568 = ORIENTED_EDGE('',*,*,#5265,.T.);
#5569 = ORIENTED_EDGE('',*,*,#5185,.F.);
#5570 = ORIENTED_EDGE('',*,*,#5233,.F.);
#5571 = PLANE('',#5572);
#5572 = AXIS2_PLACEMENT_3D('',#5573,#5574,#5575);
#5573 = CARTESIAN_POINT('',(131.,246.,4.));
#5574 = DIRECTION('',(8.119657186824E-17,0.731353701619,0.681998360062)
  );
#5575 = DIRECTION('',(-7.57170282098E-17,-0.681998360062,0.731353701619)
  );
#5576 = ADVANCED_FACE('',(#5577,#5583),#5594,.T.);
#5577 = FACE_BOUND('',#5578,.T.);
#5578 = EDGE_LOOP('',(#5579,#5580,#5581,#5582));
#5579 = ORIENTED_EDGE('',*,*,#5282,.T.);
#5580 = ORIENTED_EDGE('',*,*,#5257,.T.);
#5581 = ORIENTED_EDGE('',*,*,#5563,.F.);
#5582 = ORIENTED_EDGE('',*,*,#5225,.F.);
#5583 = FACE_BOUND('',#5584,.T.);
#5584 = EDGE_LOOP('',(#5585));
#5585 = ORIENTED_EDGE('',*,*,#5586,.T.);
#5586 = EDGE_CURVE('',#5587,#5587,#5589,.T.);
#5587 = VERTEX_POINT('',#5588);
#5588 = CARTESIAN_POINT('',(109.5,246.,19.));
#5589 = CIRCLE('',#5590,2.);
#5590 = AXIS2_PLACEMENT_3D('',#5591,#5592,#5593);
#5591 = CARTESIAN_POINT('',(109.5,246.,17.));
#5592 = DIRECTION('',(1.110223024625E-16,1.,0.));
#5593 = DIRECTION('',(0.,-0.,1.));
#5594 = PLANE('',#5595);
#5595 = AXIS2_PLACEMENT_3D('',#5596,#5597,#5598);
#5596 = CARTESIAN_POINT('',(131.,246.,20.));
#5597 = DIRECTION('',(-1.110223024625E-16,-1.,0.));
#5598 = DIRECTION('',(0.,0.,-1.));
#5599 = ADVANCED_FACE('',(#5600),#5611,.T.);
#5600 = FACE_BOUND('',#5601,.T.);
#5601 = EDGE_LOOP('',(#5602,#5608,#5609,#5610));
#5602 = ORIENTED_EDGE('',*,*,#5603,.T.);
#5603 = EDGE_CURVE('',#5338,#5370,#5604,.T.);
#5604 = LINE('',#5605,#5606);
#5605 = CARTESIAN_POINT('',(177.,246.,4.));
#5606 = VECTOR('',#5607,1.);
#5607 = DIRECTION('',(-1.,1.110223024625E-16,0.));
#5608 = ORIENTED_EDGE('',*,*,#5377,.T.);
#5609 = ORIENTED_EDGE('',*,*,#5297,.F.);
#5610 = ORIENTED_EDGE('',*,*,#5345,.F.);
#5611 = PLANE('',#5612);
#5612 = AXIS2_PLACEMENT_3D('',#5613,#5614,#5615);
#5613 = CARTESIAN_POINT('',(177.,246.,4.));
#5614 = DIRECTION('',(8.119657186824E-17,0.731353701619,0.681998360062)
  );
#5615 = DIRECTION('',(-7.57170282098E-17,-0.681998360062,0.731353701619)
  );
#5616 = ADVANCED_FACE('',(#5617,#5623),#5634,.T.);
#5617 = FACE_BOUND('',#5618,.T.);
#5618 = EDGE_LOOP('',(#5619,#5620,#5621,#5622));
#5619 = ORIENTED_EDGE('',*,*,#5394,.T.);
#5620 = ORIENTED_EDGE('',*,*,#5369,.T.);
#5621 = ORIENTED_EDGE('',*,*,#5603,.F.);
#5622 = ORIENTED_EDGE('',*,*,#5337,.F.);
#5623 = FACE_BOUND('',#5624,.T.);
#5624 = EDGE_LOOP('',(#5625));
#5625 = ORIENTED_EDGE('',*,*,#5626,.T.);
#5626 = EDGE_CURVE('',#5627,#5627,#5629,.T.);
#5627 = VERTEX_POINT('',#5628);
#5628 = CARTESIAN_POINT('',(155.5,246.,19.));
#5629 = CIRCLE('',#5630,2.);
#5630 = AXIS2_PLACEMENT_3D('',#5631,#5632,#5633);
#5631 = CARTESIAN_POINT('',(155.5,246.,17.));
#5632 = DIRECTION('',(1.110223024625E-16,1.,0.));
#5633 = DIRECTION('',(0.,-0.,1.));
#5634 = PLANE('',#5635);
#5635 = AXIS2_PLACEMENT_3D('',#5636,#5637,#5638);
#5636 = CARTESIAN_POINT('',(177.,246.,20.));
#5637 = DIRECTION('',(-1.110223024625E-16,-1.,0.));
#5638 = DIRECTION('',(0.,0.,-1.));
#5639 = ADVANCED_FACE('',(#5640),#5652,.T.);
#5640 = FACE_BOUND('',#5641,.T.);
#5641 = EDGE_LOOP('',(#5642,#5649,#5650,#5651));
#5642 = ORIENTED_EDGE('',*,*,#5643,.T.);
#5643 = EDGE_CURVE('',#5451,#5483,#5644,.T.);
#5644 = CIRCLE('',#5645,51.);
#5645 = AXIS2_PLACEMENT_3D('',#5646,#5647,#5648);
#5646 = CARTESIAN_POINT('',(195.,195.,4.));
#5647 = DIRECTION('',(0.,-0.,1.));
#5648 = DIRECTION('',(0.951056516295,0.309016994375,0.));
#5649 = ORIENTED_EDGE('',*,*,#5490,.T.);
#5650 = ORIENTED_EDGE('',*,*,#5409,.F.);
#5651 = ORIENTED_EDGE('',*,*,#5458,.F.);
#5652 = CONICAL_SURFACE('',#5653,51.,0.750491578358);
#5653 = AXIS2_PLACEMENT_3D('',#5654,#5655,#5656);
#5654 = CARTESIAN_POINT('',(195.,195.,4.));
#5655 = DIRECTION('',(-0.,-0.,-1.));
#5656 = DIRECTION('',(0.951056516295,0.309016994375,0.));
#5657 = ADVANCED_FACE('',(#5658,#5664),#5715,.F.);
#5658 = FACE_BOUND('',#5659,.T.);
#5659 = EDGE_LOOP('',(#5660,#5661,#5662,#5663));
#5660 = ORIENTED_EDGE('',*,*,#5507,.T.);
#5661 = ORIENTED_EDGE('',*,*,#5482,.T.);
#5662 = ORIENTED_EDGE('',*,*,#5643,.F.);
#5663 = ORIENTED_EDGE('',*,*,#5450,.F.);
#5664 = FACE_BOUND('',#5665,.T.);
#5665 = EDGE_LOOP('',(#5666));
#5666 = ORIENTED_EDGE('',*,*,#5667,.T.);
#5667 = EDGE_CURVE('',#5668,#5668,#5670,.T.);
#5668 = VERTEX_POINT('',#5669);
#5669 = CARTESIAN_POINT('',(229.62049193108,232.44891905582,17.));
#5670 = B_SPLINE_CURVE_WITH_KNOTS('',7,(#5671,#5672,#5673,#5674,#5675,
    #5676,#5677,#5678,#5679,#5680,#5681,#5682,#5683,#5684,#5685,#5686,
    #5687,#5688,#5689,#5690,#5691,#5692,#5693,#5694,#5695,#5696,#5697,
    #5698,#5699,#5700,#5701,#5702,#5703,#5704,#5705,#5706,#5707,#5708,
    #5709,#5710,#5711,#5712,#5713,#5714),.UNSPECIFIED.,.T.,.F.,(8,6,6,6,
    6,6,6,8),(0.,0.153614908405,0.285686833365,0.42165525964,
    0.589537626348,0.714922757297,0.837273885787,1.),.UNSPECIFIED.);
#5671 = CARTESIAN_POINT('',(229.62049193108,232.44891905582,17.));
#5672 = CARTESIAN_POINT('',(229.62049193108,232.44891905582,
    17.238455780837));
#5673 = CARTESIAN_POINT('',(229.64486663217,232.4263851932,
    17.476765047742));
#5674 = CARTESIAN_POINT('',(229.69356043771,232.38136974071,
    17.71216218456));
#5675 = CARTESIAN_POINT('',(229.76728118953,232.31303003134,
    17.941596705472));
#5676 = CARTESIAN_POINT('',(229.86714270986,232.21997415074,
    18.160790826455));
#5677 = CARTESIAN_POINT('',(229.99442210968,232.10035528475,
    18.36376556125));
#5678 = CARTESIAN_POINT('',(230.28324558317,231.82562341819,
    18.693428304723));
#5679 = CARTESIAN_POINT('',(230.44269750041,231.67287824339,
    18.832778831574));
#5680 = CARTESIAN_POINT('',(230.62451301437,231.49702774769,
    18.942510392984));
#5681 = CARTESIAN_POINT('',(230.82159241672,231.30396894457,
    19.011181229724));
#5682 = CARTESIAN_POINT('',(231.0246546635,231.10208619904,
    19.032594422408));
#5683 = CARTESIAN_POINT('',(231.2243146364,230.90085253662,
    19.006145851876));
#5684 = CARTESIAN_POINT('',(231.60609819545,230.51154855429,
    18.866151698292));
#5685 = CARTESIAN_POINT('',(231.78026380219,230.33145255713,
    18.752726790604));
#5686 = CARTESIAN_POINT('',(231.93242105572,230.17214750586,
    18.607063437532));
#5687 = CARTESIAN_POINT('',(232.0619320452,230.03523606271,
    18.437462413445));
#5688 = CARTESIAN_POINT('',(232.1689959761,229.92124140481,
    18.251047893632));
#5689 = CARTESIAN_POINT('',(232.25439073402,229.82986442712,
    18.053986000513));
#5690 = CARTESIAN_POINT('',(232.39956686916,229.67399959989,
    17.601618248834));
#5691 = CARTESIAN_POINT('',(232.44962951622,229.61978623333,
    17.34038747102));
#5692 = CARTESIAN_POINT('',(232.4716375938,229.5958520359,
    17.073806372676));
#5693 = CARTESIAN_POINT('',(232.46639964221,229.60154306294,
    16.805716710088));
#5694 = CARTESIAN_POINT('',(232.43367804764,229.63709096068,
    16.540033215873));
#5695 = CARTESIAN_POINT('',(232.37232337574,229.70342317102,
    16.281300171736));
#5696 = CARTESIAN_POINT('',(232.21179884877,229.87538016744,
    15.8536549688));
#5697 = CARTESIAN_POINT('',(232.12536585597,229.96762972488,
    15.676540779902));
#5698 = CARTESIAN_POINT('',(232.02020361809,230.07928998995,
    15.509843819324));
#5699 = CARTESIAN_POINT('',(231.89584973024,230.21039763112,
    15.358835076845));
#5700 = CARTESIAN_POINT('',(231.75236724735,230.36028454878,
    15.229393396122));
#5701 = CARTESIAN_POINT('',(231.59052310308,230.5274304469,
    15.128137155112));
#5702 = CARTESIAN_POINT('',(231.23864911038,230.88623570027,
    14.999110379055));
#5703 = CARTESIAN_POINT('',(231.05425134699,231.07225251021,
    14.971402682681));
#5704 = CARTESIAN_POINT('',(230.8659626937,231.25982762924,14.9846598302
    ));
#5705 = CARTESIAN_POINT('',(230.68158080081,231.44103900803,
    15.038999952871));
#5706 = CARTESIAN_POINT('',(230.5089386732,231.60867448166,
    15.129942356963));
#5707 = CARTESIAN_POINT('',(230.35436071505,231.75735125011,
    15.24864081962));
#5708 = CARTESIAN_POINT('',(230.04505326603,232.05271703376,
    15.55928754991));
#5709 = CARTESIAN_POINT('',(229.90020558566,232.18915044643,
    15.769414345391));
#5710 = CARTESIAN_POINT('',(229.78676043492,232.29496877268,
    15.999794170449));
#5711 = CARTESIAN_POINT('',(229.70319534981,232.3724629873,
    16.242714474559));
#5712 = CARTESIAN_POINT('',(229.64809159667,232.42340368909,
    16.49275639213));
#5713 = CARTESIAN_POINT('',(229.62049193108,232.44891905582,
    16.74625985765));
#5714 = CARTESIAN_POINT('',(229.62049193108,232.44891905582,17.));
#5715 = CYLINDRICAL_SURFACE('',#5716,51.);
#5716 = AXIS2_PLACEMENT_3D('',#5717,#5718,#5719);
#5717 = CARTESIAN_POINT('',(195.,195.,20.));
#5718 = DIRECTION('',(-0.,-0.,-1.));
#5719 = DIRECTION('',(0.951056516295,0.309016994375,0.));
#5720 = ADVANCED_FACE('',(#5721),#5740,.F.);
#5721 = FACE_BOUND('',#5722,.F.);
#5722 = EDGE_LOOP('',(#5723,#5732,#5738,#5739));
#5723 = ORIENTED_EDGE('',*,*,#5724,.F.);
#5724 = EDGE_CURVE('',#5725,#5725,#5727,.T.);
#5725 = VERTEX_POINT('',#5726);
#5726 = CARTESIAN_POINT('',(63.5,250.,19.));
#5727 = CIRCLE('',#5728,2.);
#5728 = AXIS2_PLACEMENT_3D('',#5729,#5730,#5731);
#5729 = CARTESIAN_POINT('',(63.5,250.,17.));
#5730 = DIRECTION('',(1.110223024625E-16,1.,0.));
#5731 = DIRECTION('',(0.,-0.,1.));
#5732 = ORIENTED_EDGE('',*,*,#5733,.F.);
#5733 = EDGE_CURVE('',#5547,#5725,#5734,.T.);
#5734 = LINE('',#5735,#5736);
#5735 = CARTESIAN_POINT('',(63.5,245.,19.));
#5736 = VECTOR('',#5737,1.);
#5737 = DIRECTION('',(1.110223024625E-16,1.,0.));
#5738 = ORIENTED_EDGE('',*,*,#5546,.T.);
#5739 = ORIENTED_EDGE('',*,*,#5733,.T.);
#5740 = CYLINDRICAL_SURFACE('',#5741,2.);
#5741 = AXIS2_PLACEMENT_3D('',#5742,#5743,#5744);
#5742 = CARTESIAN_POINT('',(63.5,245.,17.));
#5743 = DIRECTION('',(1.110223024625E-16,1.,0.));
#5744 = DIRECTION('',(0.,0.,1.));
#5745 = ADVANCED_FACE('',(#5746),#5765,.F.);
#5746 = FACE_BOUND('',#5747,.F.);
#5747 = EDGE_LOOP('',(#5748,#5757,#5763,#5764));
#5748 = ORIENTED_EDGE('',*,*,#5749,.F.);
#5749 = EDGE_CURVE('',#5750,#5750,#5752,.T.);
#5750 = VERTEX_POINT('',#5751);
#5751 = CARTESIAN_POINT('',(109.5,250.,19.));
#5752 = CIRCLE('',#5753,2.);
#5753 = AXIS2_PLACEMENT_3D('',#5754,#5755,#5756);
#5754 = CARTESIAN_POINT('',(109.5,250.,17.));
#5755 = DIRECTION('',(1.110223024625E-16,1.,0.));
#5756 = DIRECTION('',(0.,-0.,1.));
#5757 = ORIENTED_EDGE('',*,*,#5758,.F.);
#5758 = EDGE_CURVE('',#5587,#5750,#5759,.T.);
#5759 = LINE('',#5760,#5761);
#5760 = CARTESIAN_POINT('',(109.5,245.,19.));
#5761 = VECTOR('',#5762,1.);
#5762 = DIRECTION('',(1.110223024625E-16,1.,0.));
#5763 = ORIENTED_EDGE('',*,*,#5586,.T.);
#5764 = ORIENTED_EDGE('',*,*,#5758,.T.);
#5765 = CYLINDRICAL_SURFACE('',#5766,2.);
#5766 = AXIS2_PLACEMENT_3D('',#5767,#5768,#5769);
#5767 = CARTESIAN_POINT('',(109.5,245.,17.));
#5768 = DIRECTION('',(1.110223024625E-16,1.,0.));
#5769 = DIRECTION('',(0.,0.,1.));
#5770 = ADVANCED_FACE('',(#5771),#5790,.F.);
#5771 = FACE_BOUND('',#5772,.F.);
#5772 = EDGE_LOOP('',(#5773,#5782,#5788,#5789));
#5773 = ORIENTED_EDGE('',*,*,#5774,.F.);
#5774 = EDGE_CURVE('',#5775,#5775,#5777,.T.);
#5775 = VERTEX_POINT('',#5776);
#5776 = CARTESIAN_POINT('',(155.5,250.,19.));
#5777 = CIRCLE('',#5778,2.);
#5778 = AXIS2_PLACEMENT_3D('',#5779,#5780,#5781);
#5779 = CARTESIAN_POINT('',(155.5,250.,17.));
#5780 = DIRECTION('',(1.110223024625E-16,1.,0.));
#5781 = DIRECTION('',(0.,-0.,1.));
#5782 = ORIENTED_EDGE('',*,*,#5783,.F.);
#5783 = EDGE_CURVE('',#5627,#5775,#5784,.T.);
#5784 = LINE('',#5785,#5786);
#5785 = CARTESIAN_POINT('',(155.5,245.,19.));
#5786 = VECTOR('',#5787,1.);
#5787 = DIRECTION('',(1.110223024625E-16,1.,0.));
#5788 = ORIENTED_EDGE('',*,*,#5626,.T.);
#5789 = ORIENTED_EDGE('',*,*,#5783,.T.);
#5790 = CYLINDRICAL_SURFACE('',#5791,2.);
#5791 = AXIS2_PLACEMENT_3D('',#5792,#5793,#5794);
#5792 = CARTESIAN_POINT('',(155.5,245.,17.));
#5793 = DIRECTION('',(1.110223024625E-16,1.,0.));
#5794 = DIRECTION('',(0.,0.,1.));
#5795 = ADVANCED_FACE('',(#5796),#5855,.F.);
#5796 = FACE_BOUND('',#5797,.F.);
#5797 = EDGE_LOOP('',(#5798,#5847,#5853,#5854));
#5798 = ORIENTED_EDGE('',*,*,#5799,.F.);
#5799 = EDGE_CURVE('',#5800,#5800,#5802,.T.);
#5800 = VERTEX_POINT('',#5801);
#5801 = CARTESIAN_POINT('',(232.45093792324,235.27936504799,17.));
#5802 = B_SPLINE_CURVE_WITH_KNOTS('',7,(#5803,#5804,#5805,#5806,#5807,
    #5808,#5809,#5810,#5811,#5812,#5813,#5814,#5815,#5816,#5817,#5818,
    #5819,#5820,#5821,#5822,#5823,#5824,#5825,#5826,#5827,#5828,#5829,
    #5830,#5831,#5832,#5833,#5834,#5835,#5836,#5837,#5838,#5839,#5840,
    #5841,#5842,#5843,#5844,#5845,#5846),.UNSPECIFIED.,.T.,.F.,(8,6,6,6,
    6,6,6,8),(0.,0.153613750333,0.285684168903,0.421652021783,
    0.589538957492,0.714923694789,0.837274195265,1.),.UNSPECIFIED.);
#5803 = CARTESIAN_POINT('',(232.45093792324,235.27936504799,17.));
#5804 = CARTESIAN_POINT('',(232.45093792324,235.27936504799,
    17.238452688177));
#5805 = CARTESIAN_POINT('',(232.4752449615,235.25676474039,
    17.476756963589));
#5806 = CARTESIAN_POINT('',(232.52380287117,235.21161716235,
    17.712150300656));
#5807 = CARTESIAN_POINT('',(232.5973254935,235.14308358713,
    17.941584344104));
#5808 = CARTESIAN_POINT('',(232.69693845186,235.04978079131,
    18.160781418904));
#5809 = CARTESIAN_POINT('',(232.82394066711,234.92988169041,
    18.363760970275));
#5810 = CARTESIAN_POINT('',(233.11225838394,234.65463047888,
    18.693431662496));
#5811 = CARTESIAN_POINT('',(233.27146752251,234.5016401466,
    18.832781667873));
#5812 = CARTESIAN_POINT('',(233.45306623852,234.32557252399,
    18.942512164974));
#5813 = CARTESIAN_POINT('',(233.6499993023,234.1323676669,
    19.011182083539));
#5814 = CARTESIAN_POINT('',(233.85301803329,233.93044258287,
    19.032594163744));
#5815 = CARTESIAN_POINT('',(234.05273379026,233.7292675467,
    19.006145099555));
#5816 = CARTESIAN_POINT('',(234.43478806882,233.34023988184,
    18.866151962305));
#5817 = CARTESIAN_POINT('',(234.60917017815,233.16035875294,
    18.752727122623));
#5818 = CARTESIAN_POINT('',(234.7615887913,233.00131228807,
    18.607062625629));
#5819 = CARTESIAN_POINT('',(234.89136999957,232.86466908899,
    18.437459613134));
#5820 = CARTESIAN_POINT('',(234.99868617059,232.75092664727,
    18.251043362038));
#5821 = CARTESIAN_POINT('',(235.08429766631,232.65976850145,
    18.053981705911));
#5822 = CARTESIAN_POINT('',(235.2298623587,232.5042933901,
    17.601615695302));
#5823 = CARTESIAN_POINT('',(235.28007542067,232.45023193312,
    17.340385011581));
#5824 = CARTESIAN_POINT('',(235.30215299171,232.42636861376,
    17.073806499297));
#5825 = CARTESIAN_POINT('',(235.29689885253,232.43204279613,
    16.805719773592));
#5826 = CARTESIAN_POINT('',(235.26407531258,232.46748668719,
    16.540037737967));
#5827 = CARTESIAN_POINT('',(235.20253989869,232.53363714674,
    16.281303448044));
#5828 = CARTESIAN_POINT('',(235.04159914118,232.70517804734,
    15.853658071814));
#5829 = CARTESIAN_POINT('',(234.95495509506,232.79721520619,
    15.676543824131));
#5830 = CARTESIAN_POINT('',(234.84955615316,232.90863925966,
    15.509845387692));
#5831 = CARTESIAN_POINT('',(234.72495558179,233.03950220108,
    15.358835122033));
#5832 = CARTESIAN_POINT('',(234.58123898601,233.18915735616,
    15.229392724423));
#5833 = CARTESIAN_POINT('',(234.41920151386,233.35611092797,
    15.128136779242));
#5834 = CARTESIAN_POINT('',(234.0670778273,233.71466169735,
    14.999110872852));
#5835 = CARTESIAN_POINT('',(233.88262244792,233.90061839443,
    14.971403017918));
#5836 = CARTESIAN_POINT('',(233.69436059456,234.08821865898,
    14.984659392934));
#5837 = CARTESIAN_POINT('',(233.51009445277,234.26954487288,
    15.038998635691));
#5838 = CARTESIAN_POINT('',(233.33763444966,234.43736242064,
    15.129939963364));
#5839 = CARTESIAN_POINT('',(233.18327007422,234.5862549113,
    15.248637892322));
#5840 = CARTESIAN_POINT('',(232.87446248607,234.88213494732,
    15.559292016145));
#5841 = CARTESIAN_POINT('',(232.7299192561,235.01887611905,
    15.769423815816));
#5842 = CARTESIAN_POINT('',(232.61675243489,235.12497133451,
    15.999807015217));
#5843 = CARTESIAN_POINT('',(232.53341057714,235.20268453745,
    16.242727595898));
#5844 = CARTESIAN_POINT('',(232.4784605987,235.25377480038,
    16.49276647141));
#5845 = CARTESIAN_POINT('',(232.45093792324,235.27936504799,
    16.746264893462));
#5846 = CARTESIAN_POINT('',(232.45093792324,235.27936504799,17.));
#5847 = ORIENTED_EDGE('',*,*,#5848,.F.);
#5848 = EDGE_CURVE('',#5668,#5800,#5849,.T.);
#5849 = LINE('',#5850,#5851);
#5850 = CARTESIAN_POINT('',(228.94112549695,231.7695526217,17.));
#5851 = VECTOR('',#5852,1.);
#5852 = DIRECTION('',(0.707106781187,0.707106781187,-1.101497328414E-32)
  );
#5853 = ORIENTED_EDGE('',*,*,#5667,.T.);
#5854 = ORIENTED_EDGE('',*,*,#5848,.T.);
#5855 = CYLINDRICAL_SURFACE('',#5856,2.);
#5856 = AXIS2_PLACEMENT_3D('',#5857,#5858,#5859);
#5857 = CARTESIAN_POINT('',(230.35533905932,230.35533905932,17.));
#5858 = DIRECTION('',(0.707106781187,0.707106781187,0.));
#5859 = DIRECTION('',(-0.707106781187,0.707106781187,0.));
#5860 = ADVANCED_FACE('',(#5861,#5895),#5898,.T.);
#5861 = FACE_BOUND('',#5862,.T.);
#5862 = EDGE_LOOP('',(#5863,#5873,#5881,#5889));
#5863 = ORIENTED_EDGE('',*,*,#5864,.T.);
#5864 = EDGE_CURVE('',#5865,#5867,#5869,.T.);
#5865 = VERTEX_POINT('',#5866);
#5866 = CARTESIAN_POINT('',(85.,250.,4.));
#5867 = VERTEX_POINT('',#5868);
#5868 = CARTESIAN_POINT('',(42.,250.,4.));
#5869 = LINE('',#5870,#5871);
#5870 = CARTESIAN_POINT('',(85.,250.,4.));
#5871 = VECTOR('',#5872,1.);
#5872 = DIRECTION('',(-1.,1.110223024625E-16,0.));
#5873 = ORIENTED_EDGE('',*,*,#5874,.T.);
#5874 = EDGE_CURVE('',#5867,#5875,#5877,.T.);
#5875 = VERTEX_POINT('',#5876);
#5876 = CARTESIAN_POINT('',(42.,250.,20.));
#5877 = LINE('',#5878,#5879);
#5878 = CARTESIAN_POINT('',(42.,250.,4.));
#5879 = VECTOR('',#5880,1.);
#5880 = DIRECTION('',(0.,0.,1.));
#5881 = ORIENTED_EDGE('',*,*,#5882,.F.);
#5882 = EDGE_CURVE('',#5883,#5875,#5885,.T.);
#5883 = VERTEX_POINT('',#5884);
#5884 = CARTESIAN_POINT('',(85.,250.,20.));
#5885 = LINE('',#5886,#5887);
#5886 = CARTESIAN_POINT('',(85.,250.,20.));
#5887 = VECTOR('',#5888,1.);
#5888 = DIRECTION('',(-1.,1.110223024625E-16,0.));
#5889 = ORIENTED_EDGE('',*,*,#5890,.F.);
#5890 = EDGE_CURVE('',#5865,#5883,#5891,.T.);
#5891 = LINE('',#5892,#5893);
#5892 = CARTESIAN_POINT('',(85.,250.,4.));
#5893 = VECTOR('',#5894,1.);
#5894 = DIRECTION('',(0.,0.,1.));
#5895 = FACE_BOUND('',#5896,.T.);
#5896 = EDGE_LOOP('',(#5897));
#5897 = ORIENTED_EDGE('',*,*,#5724,.F.);
#5898 = PLANE('',#5899);
#5899 = AXIS2_PLACEMENT_3D('',#5900,#5901,#5902);
#5900 = CARTESIAN_POINT('',(85.,250.,4.));
#5901 = DIRECTION('',(1.110223024625E-16,1.,0.));
#5902 = DIRECTION('',(0.,0.,1.));
#5903 = ADVANCED_FACE('',(#5904,#5938),#5941,.T.);
#5904 = FACE_BOUND('',#5905,.T.);
#5905 = EDGE_LOOP('',(#5906,#5916,#5924,#5932));
#5906 = ORIENTED_EDGE('',*,*,#5907,.T.);
#5907 = EDGE_CURVE('',#5908,#5910,#5912,.T.);
#5908 = VERTEX_POINT('',#5909);
#5909 = CARTESIAN_POINT('',(131.,250.,4.));
#5910 = VERTEX_POINT('',#5911);
#5911 = CARTESIAN_POINT('',(88.,250.,4.));
#5912 = LINE('',#5913,#5914);
#5913 = CARTESIAN_POINT('',(131.,250.,4.));
#5914 = VECTOR('',#5915,1.);
#5915 = DIRECTION('',(-1.,1.110223024625E-16,0.));
#5916 = ORIENTED_EDGE('',*,*,#5917,.T.);
#5917 = EDGE_CURVE('',#5910,#5918,#5920,.T.);
#5918 = VERTEX_POINT('',#5919);
#5919 = CARTESIAN_POINT('',(88.,250.,20.));
#5920 = LINE('',#5921,#5922);
#5921 = CARTESIAN_POINT('',(88.,250.,4.));
#5922 = VECTOR('',#5923,1.);
#5923 = DIRECTION('',(0.,0.,1.));
#5924 = ORIENTED_EDGE('',*,*,#5925,.F.);
#5925 = EDGE_CURVE('',#5926,#5918,#5928,.T.);
#5926 = VERTEX_POINT('',#5927);
#5927 = CARTESIAN_POINT('',(131.,250.,20.));
#5928 = LINE('',#5929,#5930);
#5929 = CARTESIAN_POINT('',(131.,250.,20.));
#5930 = VECTOR('',#5931,1.);
#5931 = DIRECTION('',(-1.,1.110223024625E-16,0.));
#5932 = ORIENTED_EDGE('',*,*,#5933,.F.);
#5933 = EDGE_CURVE('',#5908,#5926,#5934,.T.);
#5934 = LINE('',#5935,#5936);
#5935 = CARTESIAN_POINT('',(131.,250.,4.));
#5936 = VECTOR('',#5937,1.);
#5937 = DIRECTION('',(0.,0.,1.));
#5938 = FACE_BOUND('',#5939,.T.);
#5939 = EDGE_LOOP('',(#5940));
#5940 = ORIENTED_EDGE('',*,*,#5749,.F.);
#5941 = PLANE('',#5942);
#5942 = AXIS2_PLACEMENT_3D('',#5943,#5944,#5945);
#5943 = CARTESIAN_POINT('',(131.,250.,4.));
#5944 = DIRECTION('',(1.110223024625E-16,1.,0.));
#5945 = DIRECTION('',(0.,0.,1.));
#5946 = ADVANCED_FACE('',(#5947,#5981),#5984,.T.);
#5947 = FACE_BOUND('',#5948,.T.);
#5948 = EDGE_LOOP('',(#5949,#5959,#5967,#5975));
#5949 = ORIENTED_EDGE('',*,*,#5950,.T.);
#5950 = EDGE_CURVE('',#5951,#5953,#5955,.T.);
#5951 = VERTEX_POINT('',#5952);
#5952 = CARTESIAN_POINT('',(177.,250.,4.));
#5953 = VERTEX_POINT('',#5954);
#5954 = CARTESIAN_POINT('',(134.,250.,4.));
#5955 = LINE('',#5956,#5957);
#5956 = CARTESIAN_POINT('',(177.,250.,4.));
#5957 = VECTOR('',#5958,1.);
#5958 = DIRECTION('',(-1.,1.110223024625E-16,0.));
#5959 = ORIENTED_EDGE('',*,*,#5960,.T.);
#5960 = EDGE_CURVE('',#5953,#5961,#5963,.T.);
#5961 = VERTEX_POINT('',#5962);
#5962 = CARTESIAN_POINT('',(134.,250.,20.));
#5963 = LINE('',#5964,#5965);
#5964 = CARTESIAN_POINT('',(134.,250.,4.));
#5965 = VECTOR('',#5966,1.);
#5966 = DIRECTION('',(0.,0.,1.));
#5967 = ORIENTED_EDGE('',*,*,#5968,.F.);
#5968 = EDGE_CURVE('',#5969,#5961,#5971,.T.);
#5969 = VERTEX_POINT('',#5970);
#5970 = CARTESIAN_POINT('',(177.,250.,20.));
#5971 = LINE('',#5972,#5973);
#5972 = CARTESIAN_POINT('',(177.,250.,20.));
#5973 = VECTOR('',#5974,1.);
#5974 = DIRECTION('',(-1.,1.110223024625E-16,0.));
#5975 = ORIENTED_EDGE('',*,*,#5976,.F.);
#5976 = EDGE_CURVE('',#5951,#5969,#5977,.T.);
#5977 = LINE('',#5978,#5979);
#5978 = CARTESIAN_POINT('',(177.,250.,4.));
#5979 = VECTOR('',#5980,1.);
#5980 = DIRECTION('',(0.,0.,1.));
#5981 = FACE_BOUND('',#5982,.T.);
#5982 = EDGE_LOOP('',(#5983));
#5983 = ORIENTED_EDGE('',*,*,#5774,.F.);
#5984 = PLANE('',#5985);
#5985 = AXIS2_PLACEMENT_3D('',#5986,#5987,#5988);
#5986 = CARTESIAN_POINT('',(177.,250.,4.));
#5987 = DIRECTION('',(1.110223024625E-16,1.,0.));
#5988 = DIRECTION('',(0.,0.,1.));
#5989 = ADVANCED_FACE('',(#5990,#6026),#6029,.T.);
#5990 = FACE_BOUND('',#5991,.T.);
#5991 = EDGE_LOOP('',(#5992,#6003,#6011,#6020));
#5992 = ORIENTED_EDGE('',*,*,#5993,.T.);
#5993 = EDGE_CURVE('',#5994,#5996,#5998,.T.);
#5994 = VERTEX_POINT('',#5995);
#5995 = CARTESIAN_POINT('',(247.30810839623,211.99593469062,4.));
#5996 = VERTEX_POINT('',#5997);
#5997 = CARTESIAN_POINT('',(211.99593469062,247.30810839623,4.));
#5998 = CIRCLE('',#5999,55.);
#5999 = AXIS2_PLACEMENT_3D('',#6000,#6001,#6002);
#6000 = CARTESIAN_POINT('',(195.,195.,4.));
#6001 = DIRECTION('',(0.,-0.,1.));
#6002 = DIRECTION('',(0.951056516295,0.309016994375,0.));
#6003 = ORIENTED_EDGE('',*,*,#6004,.T.);
#6004 = EDGE_CURVE('',#5996,#6005,#6007,.T.);
#6005 = VERTEX_POINT('',#6006);
#6006 = CARTESIAN_POINT('',(211.99593469062,247.30810839623,20.));
#6007 = LINE('',#6008,#6009);
#6008 = CARTESIAN_POINT('',(211.99593469062,247.30810839623,4.));
#6009 = VECTOR('',#6010,1.);
#6010 = DIRECTION('',(0.,0.,1.));
#6011 = ORIENTED_EDGE('',*,*,#6012,.F.);
#6012 = EDGE_CURVE('',#6013,#6005,#6015,.T.);
#6013 = VERTEX_POINT('',#6014);
#6014 = CARTESIAN_POINT('',(247.30810839623,211.99593469062,20.));
#6015 = CIRCLE('',#6016,55.);
#6016 = AXIS2_PLACEMENT_3D('',#6017,#6018,#6019);
#6017 = CARTESIAN_POINT('',(195.,195.,20.));
#6018 = DIRECTION('',(0.,-0.,1.));
#6019 = DIRECTION('',(0.951056516295,0.309016994375,0.));
#6020 = ORIENTED_EDGE('',*,*,#6021,.F.);
#6021 = EDGE_CURVE('',#5994,#6013,#6022,.T.);
#6022 = LINE('',#6023,#6024);
#6023 = CARTESIAN_POINT('',(247.30810839623,211.99593469062,4.));
#6024 = VECTOR('',#6025,1.);
#6025 = DIRECTION('',(0.,0.,1.));
#6026 = FACE_BOUND('',#6027,.T.);
#6027 = EDGE_LOOP('',(#6028));
#6028 = ORIENTED_EDGE('',*,*,#5799,.F.);
#6029 = CYLINDRICAL_SURFACE('',#6030,55.);
#6030 = AXIS2_PLACEMENT_3D('',#6031,#6032,#6033);
#6031 = CARTESIAN_POINT('',(195.,195.,4.));
#6032 = DIRECTION('',(0.,0.,1.));
#6033 = DIRECTION('',(0.951056516295,0.309016994375,0.));
#6034 = ADVANCED_FACE('',(#6035),#6060,.T.);
#6035 = FACE_BOUND('',#6036,.T.);
#6036 = EDGE_LOOP('',(#6037,#6047,#6053,#6054));
#6037 = ORIENTED_EDGE('',*,*,#6038,.T.);
#6038 = EDGE_CURVE('',#6039,#6041,#6043,.T.);
#6039 = VERTEX_POINT('',#6040);
#6040 = CARTESIAN_POINT('',(85.,258.5,13.11513403521));
#6041 = VERTEX_POINT('',#6042);
#6042 = CARTESIAN_POINT('',(42.,258.5,13.11513403521));
#6043 = LINE('',#6044,#6045);
#6044 = CARTESIAN_POINT('',(85.,258.5,13.11513403521));
#6045 = VECTOR('',#6046,1.);
#6046 = DIRECTION('',(-1.,1.110223024625E-16,0.));
#6047 = ORIENTED_EDGE('',*,*,#6048,.T.);
#6048 = EDGE_CURVE('',#6041,#5867,#6049,.T.);
#6049 = LINE('',#6050,#6051);
#6050 = CARTESIAN_POINT('',(42.,258.5,13.11513403521));
#6051 = VECTOR('',#6052,1.);
#6052 = DIRECTION('',(-7.57170282098E-17,-0.681998360062,-0.731353701619
    ));
#6053 = ORIENTED_EDGE('',*,*,#5864,.F.);
#6054 = ORIENTED_EDGE('',*,*,#6055,.F.);
#6055 = EDGE_CURVE('',#6039,#5865,#6056,.T.);
#6056 = LINE('',#6057,#6058);
#6057 = CARTESIAN_POINT('',(85.,258.5,13.11513403521));
#6058 = VECTOR('',#6059,1.);
#6059 = DIRECTION('',(-7.57170282098E-17,-0.681998360062,-0.731353701619
    ));
#6060 = PLANE('',#6061);
#6061 = AXIS2_PLACEMENT_3D('',#6062,#6063,#6064);
#6062 = CARTESIAN_POINT('',(85.,258.5,13.11513403521));
#6063 = DIRECTION('',(-8.119657186824E-17,-0.731353701619,0.681998360062
    ));
#6064 = DIRECTION('',(-7.57170282098E-17,-0.681998360062,-0.731353701619
    ));
#6065 = ADVANCED_FACE('',(#6066),#6092,.T.);
#6066 = FACE_BOUND('',#6067,.T.);
#6067 = EDGE_LOOP('',(#6068,#6069,#6077,#6085,#6091));
#6068 = ORIENTED_EDGE('',*,*,#5890,.T.);
#6069 = ORIENTED_EDGE('',*,*,#6070,.T.);
#6070 = EDGE_CURVE('',#5883,#6071,#6073,.T.);
#6071 = VERTEX_POINT('',#6072);
#6072 = CARTESIAN_POINT('',(85.,267.,20.));
#6073 = LINE('',#6074,#6075);
#6074 = CARTESIAN_POINT('',(85.,250.,20.));
#6075 = VECTOR('',#6076,1.);
#6076 = DIRECTION('',(1.110223024625E-16,1.,0.));
#6077 = ORIENTED_EDGE('',*,*,#6078,.T.);
#6078 = EDGE_CURVE('',#6071,#6079,#6081,.T.);
#6079 = VERTEX_POINT('',#6080);
#6080 = CARTESIAN_POINT('',(85.,267.,4.));
#6081 = LINE('',#6082,#6083);
#6082 = CARTESIAN_POINT('',(85.,267.,20.));
#6083 = VECTOR('',#6084,1.);
#6084 = DIRECTION('',(0.,0.,-1.));
#6085 = ORIENTED_EDGE('',*,*,#6086,.T.);
#6086 = EDGE_CURVE('',#6079,#6039,#6087,.T.);
#6087 = LINE('',#6088,#6089);
#6088 = CARTESIAN_POINT('',(85.,267.,4.));
#6089 = VECTOR('',#6090,1.);
#6090 = DIRECTION('',(-7.57170282098E-17,-0.681998360062,0.731353701619)
  );
#6091 = ORIENTED_EDGE('',*,*,#6055,.T.);
#6092 = PLANE('',#6093);
#6093 = AXIS2_PLACEMENT_3D('',#6094,#6095,#6096);
#6094 = CARTESIAN_POINT('',(85.,258.5,12.678933532167));
#6095 = DIRECTION('',(-1.,1.110223024625E-16,0.));
#6096 = DIRECTION('',(0.,0.,1.));
#6097 = ADVANCED_FACE('',(#6098),#6124,.F.);
#6098 = FACE_BOUND('',#6099,.F.);
#6099 = EDGE_LOOP('',(#6100,#6101,#6109,#6117,#6123));
#6100 = ORIENTED_EDGE('',*,*,#5874,.T.);
#6101 = ORIENTED_EDGE('',*,*,#6102,.T.);
#6102 = EDGE_CURVE('',#5875,#6103,#6105,.T.);
#6103 = VERTEX_POINT('',#6104);
#6104 = CARTESIAN_POINT('',(42.,267.,20.));
#6105 = LINE('',#6106,#6107);
#6106 = CARTESIAN_POINT('',(42.,250.,20.));
#6107 = VECTOR('',#6108,1.);
#6108 = DIRECTION('',(1.110223024625E-16,1.,0.));
#6109 = ORIENTED_EDGE('',*,*,#6110,.T.);
#6110 = EDGE_CURVE('',#6103,#6111,#6113,.T.);
#6111 = VERTEX_POINT('',#6112);
#6112 = CARTESIAN_POINT('',(42.,267.,4.));
#6113 = LINE('',#6114,#6115);
#6114 = CARTESIAN_POINT('',(42.,267.,20.));
#6115 = VECTOR('',#6116,1.);
#6116 = DIRECTION('',(0.,0.,-1.));
#6117 = ORIENTED_EDGE('',*,*,#6118,.T.);
#6118 = EDGE_CURVE('',#6111,#6041,#6119,.T.);
#6119 = LINE('',#6120,#6121);
#6120 = CARTESIAN_POINT('',(42.,267.,4.));
#6121 = VECTOR('',#6122,1.);
#6122 = DIRECTION('',(-7.57170282098E-17,-0.681998360062,0.731353701619)
  );
#6123 = ORIENTED_EDGE('',*,*,#6048,.T.);
#6124 = PLANE('',#6125);
#6125 = AXIS2_PLACEMENT_3D('',#6126,#6127,#6128);
#6126 = CARTESIAN_POINT('',(42.,258.5,12.678933532167));
#6127 = DIRECTION('',(-1.,1.110223024625E-16,0.));
#6128 = DIRECTION('',(0.,0.,1.));
#6129 = ADVANCED_FACE('',(#6130),#6141,.T.);
#6130 = FACE_BOUND('',#6131,.T.);
#6131 = EDGE_LOOP('',(#6132,#6133,#6134,#6140));
#6132 = ORIENTED_EDGE('',*,*,#5882,.T.);
#6133 = ORIENTED_EDGE('',*,*,#6102,.T.);
#6134 = ORIENTED_EDGE('',*,*,#6135,.F.);
#6135 = EDGE_CURVE('',#6071,#6103,#6136,.T.);
#6136 = LINE('',#6137,#6138);
#6137 = CARTESIAN_POINT('',(85.,267.,20.));
#6138 = VECTOR('',#6139,1.);
#6139 = DIRECTION('',(-1.,1.110223024625E-16,0.));
#6140 = ORIENTED_EDGE('',*,*,#6070,.F.);
#6141 = PLANE('',#6142);
#6142 = AXIS2_PLACEMENT_3D('',#6143,#6144,#6145);
#6143 = CARTESIAN_POINT('',(85.,250.,20.));
#6144 = DIRECTION('',(0.,0.,-1.));
#6145 = DIRECTION('',(1.110223024625E-16,1.,0.));
#6146 = ADVANCED_FACE('',(#6147),#6172,.T.);
#6147 = FACE_BOUND('',#6148,.T.);
#6148 = EDGE_LOOP('',(#6149,#6159,#6165,#6166));
#6149 = ORIENTED_EDGE('',*,*,#6150,.T.);
#6150 = EDGE_CURVE('',#6151,#6153,#6155,.T.);
#6151 = VERTEX_POINT('',#6152);
#6152 = CARTESIAN_POINT('',(131.,258.5,13.11513403521));
#6153 = VERTEX_POINT('',#6154);
#6154 = CARTESIAN_POINT('',(88.,258.5,13.11513403521));
#6155 = LINE('',#6156,#6157);
#6156 = CARTESIAN_POINT('',(131.,258.5,13.11513403521));
#6157 = VECTOR('',#6158,1.);
#6158 = DIRECTION('',(-1.,1.110223024625E-16,0.));
#6159 = ORIENTED_EDGE('',*,*,#6160,.T.);
#6160 = EDGE_CURVE('',#6153,#5910,#6161,.T.);
#6161 = LINE('',#6162,#6163);
#6162 = CARTESIAN_POINT('',(88.,258.5,13.11513403521));
#6163 = VECTOR('',#6164,1.);
#6164 = DIRECTION('',(-7.57170282098E-17,-0.681998360062,-0.731353701619
    ));
#6165 = ORIENTED_EDGE('',*,*,#5907,.F.);
#6166 = ORIENTED_EDGE('',*,*,#6167,.F.);
#6167 = EDGE_CURVE('',#6151,#5908,#6168,.T.);
#6168 = LINE('',#6169,#6170);
#6169 = CARTESIAN_POINT('',(131.,258.5,13.11513403521));
#6170 = VECTOR('',#6171,1.);
#6171 = DIRECTION('',(-7.57170282098E-17,-0.681998360062,-0.731353701619
    ));
#6172 = PLANE('',#6173);
#6173 = AXIS2_PLACEMENT_3D('',#6174,#6175,#6176);
#6174 = CARTESIAN_POINT('',(131.,258.5,13.11513403521));
#6175 = DIRECTION('',(-8.119657186824E-17,-0.731353701619,0.681998360062
    ));
#6176 = DIRECTION('',(-7.57170282098E-17,-0.681998360062,-0.731353701619
    ));
#6177 = ADVANCED_FACE('',(#6178),#6204,.T.);
#6178 = FACE_BOUND('',#6179,.T.);
#6179 = EDGE_LOOP('',(#6180,#6181,#6189,#6197,#6203));
#6180 = ORIENTED_EDGE('',*,*,#5933,.T.);
#6181 = ORIENTED_EDGE('',*,*,#6182,.T.);
#6182 = EDGE_CURVE('',#5926,#6183,#6185,.T.);
#6183 = VERTEX_POINT('',#6184);
#6184 = CARTESIAN_POINT('',(131.,267.,20.));
#6185 = LINE('',#6186,#6187);
#6186 = CARTESIAN_POINT('',(131.,250.,20.));
#6187 = VECTOR('',#6188,1.);
#6188 = DIRECTION('',(1.110223024625E-16,1.,0.));
#6189 = ORIENTED_EDGE('',*,*,#6190,.T.);
#6190 = EDGE_CURVE('',#6183,#6191,#6193,.T.);
#6191 = VERTEX_POINT('',#6192);
#6192 = CARTESIAN_POINT('',(131.,267.,4.));
#6193 = LINE('',#6194,#6195);
#6194 = CARTESIAN_POINT('',(131.,267.,20.));
#6195 = VECTOR('',#6196,1.);
#6196 = DIRECTION('',(0.,0.,-1.));
#6197 = ORIENTED_EDGE('',*,*,#6198,.T.);
#6198 = EDGE_CURVE('',#6191,#6151,#6199,.T.);
#6199 = LINE('',#6200,#6201);
#6200 = CARTESIAN_POINT('',(131.,267.,4.));
#6201 = VECTOR('',#6202,1.);
#6202 = DIRECTION('',(-7.57170282098E-17,-0.681998360062,0.731353701619)
  );
#6203 = ORIENTED_EDGE('',*,*,#6167,.T.);
#6204 = PLANE('',#6205);
#6205 = AXIS2_PLACEMENT_3D('',#6206,#6207,#6208);
#6206 = CARTESIAN_POINT('',(131.,258.5,12.678933532167));
#6207 = DIRECTION('',(-1.,1.110223024625E-16,0.));
#6208 = DIRECTION('',(0.,0.,1.));
#6209 = ADVANCED_FACE('',(#6210),#6236,.F.);
#6210 = FACE_BOUND('',#6211,.F.);
#6211 = EDGE_LOOP('',(#6212,#6213,#6221,#6229,#6235));
#6212 = ORIENTED_EDGE('',*,*,#5917,.T.);
#6213 = ORIENTED_EDGE('',*,*,#6214,.T.);
#6214 = EDGE_CURVE('',#5918,#6215,#6217,.T.);
#6215 = VERTEX_POINT('',#6216);
#6216 = CARTESIAN_POINT('',(88.,267.,20.));
#6217 = LINE('',#6218,#6219);
#6218 = CARTESIAN_POINT('',(88.,250.,20.));
#6219 = VECTOR('',#6220,1.);
#6220 = DIRECTION('',(1.110223024625E-16,1.,0.));
#6221 = ORIENTED_EDGE('',*,*,#6222,.T.);
#6222 = EDGE_CURVE('',#6215,#6223,#6225,.T.);
#6223 = VERTEX_POINT('',#6224);
#6224 = CARTESIAN_POINT('',(88.,267.,4.));
#6225 = LINE('',#6226,#6227);
#6226 = CARTESIAN_POINT('',(88.,267.,20.));
#6227 = VECTOR('',#6228,1.);
#6228 = DIRECTION('',(0.,0.,-1.));
#6229 = ORIENTED_EDGE('',*,*,#6230,.T.);
#6230 = EDGE_CURVE('',#6223,#6153,#6231,.T.);
#6231 = LINE('',#6232,#6233);
#6232 = CARTESIAN_POINT('',(88.,267.,4.));
#6233 = VECTOR('',#6234,1.);
#6234 = DIRECTION('',(-7.57170282098E-17,-0.681998360062,0.731353701619)
  );
#6235 = ORIENTED_EDGE('',*,*,#6160,.T.);
#6236 = PLANE('',#6237);
#6237 = AXIS2_PLACEMENT_3D('',#6238,#6239,#6240);
#6238 = CARTESIAN_POINT('',(88.,258.5,12.678933532167));
#6239 = DIRECTION('',(-1.,1.110223024625E-16,0.));
#6240 = DIRECTION('',(0.,0.,1.));
#6241 = ADVANCED_FACE('',(#6242),#6253,.T.);
#6242 = FACE_BOUND('',#6243,.T.);
#6243 = EDGE_LOOP('',(#6244,#6245,#6246,#6252));
#6244 = ORIENTED_EDGE('',*,*,#5925,.T.);
#6245 = ORIENTED_EDGE('',*,*,#6214,.T.);
#6246 = ORIENTED_EDGE('',*,*,#6247,.F.);
#6247 = EDGE_CURVE('',#6183,#6215,#6248,.T.);
#6248 = LINE('',#6249,#6250);
#6249 = CARTESIAN_POINT('',(131.,267.,20.));
#6250 = VECTOR('',#6251,1.);
#6251 = DIRECTION('',(-1.,1.110223024625E-16,0.));
#6252 = ORIENTED_EDGE('',*,*,#6182,.F.);
#6253 = PLANE('',#6254);
#6254 = AXIS2_PLACEMENT_3D('',#6255,#6256,#6257);
#6255 = CARTESIAN_POINT('',(131.,250.,20.));
#6256 = DIRECTION('',(0.,0.,-1.));
#6257 = DIRECTION('',(1.110223024625E-16,1.,0.));
#6258 = ADVANCED_FACE('',(#6259),#6284,.T.);
#6259 = FACE_BOUND('',#6260,.T.);
#6260 = EDGE_LOOP('',(#6261,#6271,#6277,#6278));
#6261 = ORIENTED_EDGE('',*,*,#6262,.T.);
#6262 = EDGE_CURVE('',#6263,#6265,#6267,.T.);
#6263 = VERTEX_POINT('',#6264);
#6264 = CARTESIAN_POINT('',(177.,258.5,13.11513403521));
#6265 = VERTEX_POINT('',#6266);
#6266 = CARTESIAN_POINT('',(134.,258.5,13.11513403521));
#6267 = LINE('',#6268,#6269);
#6268 = CARTESIAN_POINT('',(177.,258.5,13.11513403521));
#6269 = VECTOR('',#6270,1.);
#6270 = DIRECTION('',(-1.,1.110223024625E-16,0.));
#6271 = ORIENTED_EDGE('',*,*,#6272,.T.);
#6272 = EDGE_CURVE('',#6265,#5953,#6273,.T.);
#6273 = LINE('',#6274,#6275);
#6274 = CARTESIAN_POINT('',(134.,258.5,13.11513403521));
#6275 = VECTOR('',#6276,1.);
#6276 = DIRECTION('',(-7.57170282098E-17,-0.681998360062,-0.731353701619
    ));
#6277 = ORIENTED_EDGE('',*,*,#5950,.F.);
#6278 = ORIENTED_EDGE('',*,*,#6279,.F.);
#6279 = EDGE_CURVE('',#6263,#5951,#6280,.T.);
#6280 = LINE('',#6281,#6282);
#6281 = CARTESIAN_POINT('',(177.,258.5,13.11513403521));
#6282 = VECTOR('',#6283,1.);
#6283 = DIRECTION('',(-7.57170282098E-17,-0.681998360062,-0.731353701619
    ));
#6284 = PLANE('',#6285);
#6285 = AXIS2_PLACEMENT_3D('',#6286,#6287,#6288);
#6286 = CARTESIAN_POINT('',(177.,258.5,13.11513403521));
#6287 = DIRECTION('',(-8.119657186824E-17,-0.731353701619,0.681998360062
    ));
#6288 = DIRECTION('',(-7.57170282098E-17,-0.681998360062,-0.731353701619
    ));
#6289 = ADVANCED_FACE('',(#6290),#6316,.T.);
#6290 = FACE_BOUND('',#6291,.T.);
#6291 = EDGE_LOOP('',(#6292,#6293,#6301,#6309,#6315));
#6292 = ORIENTED_EDGE('',*,*,#5976,.T.);
#6293 = ORIENTED_EDGE('',*,*,#6294,.T.);
#6294 = EDGE_CURVE('',#5969,#6295,#6297,.T.);
#6295 = VERTEX_POINT('',#6296);
#6296 = CARTESIAN_POINT('',(177.,267.,20.));
#6297 = LINE('',#6298,#6299);
#6298 = CARTESIAN_POINT('',(177.,250.,20.));
#6299 = VECTOR('',#6300,1.);
#6300 = DIRECTION('',(1.110223024625E-16,1.,0.));
#6301 = ORIENTED_EDGE('',*,*,#6302,.T.);
#6302 = EDGE_CURVE('',#6295,#6303,#6305,.T.);
#6303 = VERTEX_POINT('',#6304);
#6304 = CARTESIAN_POINT('',(177.,267.,4.));
#6305 = LINE('',#6306,#6307);
#6306 = CARTESIAN_POINT('',(177.,267.,20.));
#6307 = VECTOR('',#6308,1.);
#6308 = DIRECTION('',(0.,0.,-1.));
#6309 = ORIENTED_EDGE('',*,*,#6310,.T.);
#6310 = EDGE_CURVE('',#6303,#6263,#6311,.T.);
#6311 = LINE('',#6312,#6313);
#6312 = CARTESIAN_POINT('',(177.,267.,4.));
#6313 = VECTOR('',#6314,1.);
#6314 = DIRECTION('',(-7.57170282098E-17,-0.681998360062,0.731353701619)
  );
#6315 = ORIENTED_EDGE('',*,*,#6279,.T.);
#6316 = PLANE('',#6317);
#6317 = AXIS2_PLACEMENT_3D('',#6318,#6319,#6320);
#6318 = CARTESIAN_POINT('',(177.,258.5,12.678933532167));
#6319 = DIRECTION('',(-1.,1.110223024625E-16,0.));
#6320 = DIRECTION('',(0.,0.,1.));
#6321 = ADVANCED_FACE('',(#6322),#6348,.F.);
#6322 = FACE_BOUND('',#6323,.F.);
#6323 = EDGE_LOOP('',(#6324,#6325,#6333,#6341,#6347));
#6324 = ORIENTED_EDGE('',*,*,#5960,.T.);
#6325 = ORIENTED_EDGE('',*,*,#6326,.T.);
#6326 = EDGE_CURVE('',#5961,#6327,#6329,.T.);
#6327 = VERTEX_POINT('',#6328);
#6328 = CARTESIAN_POINT('',(134.,267.,20.));
#6329 = LINE('',#6330,#6331);
#6330 = CARTESIAN_POINT('',(134.,250.,20.));
#6331 = VECTOR('',#6332,1.);
#6332 = DIRECTION('',(1.110223024625E-16,1.,0.));
#6333 = ORIENTED_EDGE('',*,*,#6334,.T.);
#6334 = EDGE_CURVE('',#6327,#6335,#6337,.T.);
#6335 = VERTEX_POINT('',#6336);
#6336 = CARTESIAN_POINT('',(134.,267.,4.));
#6337 = LINE('',#6338,#6339);
#6338 = CARTESIAN_POINT('',(134.,267.,20.));
#6339 = VECTOR('',#6340,1.);
#6340 = DIRECTION('',(0.,0.,-1.));
#6341 = ORIENTED_EDGE('',*,*,#6342,.T.);
#6342 = EDGE_CURVE('',#6335,#6265,#6343,.T.);
#6343 = LINE('',#6344,#6345);
#6344 = CARTESIAN_POINT('',(134.,267.,4.));
#6345 = VECTOR('',#6346,1.);
#6346 = DIRECTION('',(-7.57170282098E-17,-0.681998360062,0.731353701619)
  );
#6347 = ORIENTED_EDGE('',*,*,#6272,.T.);
#6348 = PLANE('',#6349);
#6349 = AXIS2_PLACEMENT_3D('',#6350,#6351,#6352);
#6350 = CARTESIAN_POINT('',(134.,258.5,12.678933532167));
#6351 = DIRECTION('',(-1.,1.110223024625E-16,0.));
#6352 = DIRECTION('',(0.,0.,1.));
#6353 = ADVANCED_FACE('',(#6354),#6365,.T.);
#6354 = FACE_BOUND('',#6355,.T.);
#6355 = EDGE_LOOP('',(#6356,#6357,#6358,#6364));
#6356 = ORIENTED_EDGE('',*,*,#5968,.T.);
#6357 = ORIENTED_EDGE('',*,*,#6326,.T.);
#6358 = ORIENTED_EDGE('',*,*,#6359,.F.);
#6359 = EDGE_CURVE('',#6295,#6327,#6360,.T.);
#6360 = LINE('',#6361,#6362);
#6361 = CARTESIAN_POINT('',(177.,267.,20.));
#6362 = VECTOR('',#6363,1.);
#6363 = DIRECTION('',(-1.,1.110223024625E-16,0.));
#6364 = ORIENTED_EDGE('',*,*,#6294,.F.);
#6365 = PLANE('',#6366);
#6366 = AXIS2_PLACEMENT_3D('',#6367,#6368,#6369);
#6367 = CARTESIAN_POINT('',(177.,250.,20.));
#6368 = DIRECTION('',(0.,0.,-1.));
#6369 = DIRECTION('',(1.110223024625E-16,1.,0.));
#6370 = ADVANCED_FACE('',(#6371),#6397,.F.);
#6371 = FACE_BOUND('',#6372,.T.);
#6372 = EDGE_LOOP('',(#6373,#6384,#6390,#6391));
#6373 = ORIENTED_EDGE('',*,*,#6374,.T.);
#6374 = EDGE_CURVE('',#6375,#6377,#6379,.T.);
#6375 = VERTEX_POINT('',#6376);
#6376 = CARTESIAN_POINT('',(255.39208878474,214.6225791428,
    13.11513403521));
#6377 = VERTEX_POINT('',#6378);
#6378 = CARTESIAN_POINT('',(214.6225791428,255.39208878474,
    13.11513403521));
#6379 = CIRCLE('',#6380,63.5);
#6380 = AXIS2_PLACEMENT_3D('',#6381,#6382,#6383);
#6381 = CARTESIAN_POINT('',(195.,195.,13.11513403521));
#6382 = DIRECTION('',(0.,-0.,1.));
#6383 = DIRECTION('',(0.951056516295,0.309016994375,0.));
#6384 = ORIENTED_EDGE('',*,*,#6385,.T.);
#6385 = EDGE_CURVE('',#6377,#5996,#6386,.T.);
#6386 = LINE('',#6387,#6388);
#6387 = CARTESIAN_POINT('',(214.6225791428,255.39208878474,
    13.11513403521));
#6388 = VECTOR('',#6389,1.);
#6389 = DIRECTION('',(-0.210749083395,-0.64861898444,-0.731353701619));
#6390 = ORIENTED_EDGE('',*,*,#5993,.F.);
#6391 = ORIENTED_EDGE('',*,*,#6392,.F.);
#6392 = EDGE_CURVE('',#6375,#5994,#6393,.T.);
#6393 = LINE('',#6394,#6395);
#6394 = CARTESIAN_POINT('',(255.39208878474,214.6225791428,
    13.11513403521));
#6395 = VECTOR('',#6396,1.);
#6396 = DIRECTION('',(-0.64861898444,-0.210749083395,-0.731353701619));
#6397 = CONICAL_SURFACE('',#6398,63.5,0.750491578358);
#6398 = AXIS2_PLACEMENT_3D('',#6399,#6400,#6401);
#6399 = CARTESIAN_POINT('',(195.,195.,13.11513403521));
#6400 = DIRECTION('',(0.,0.,1.));
#6401 = DIRECTION('',(0.951056516295,0.309016994375,0.));
#6402 = ADVANCED_FACE('',(#6403),#6429,.T.);
#6403 = FACE_BOUND('',#6404,.T.);
#6404 = EDGE_LOOP('',(#6405,#6406,#6414,#6422,#6428));
#6405 = ORIENTED_EDGE('',*,*,#6021,.T.);
#6406 = ORIENTED_EDGE('',*,*,#6407,.T.);
#6407 = EDGE_CURVE('',#6013,#6408,#6410,.T.);
#6408 = VERTEX_POINT('',#6409);
#6409 = CARTESIAN_POINT('',(263.47606917325,217.24922359499,20.));
#6410 = LINE('',#6411,#6412);
#6411 = CARTESIAN_POINT('',(247.30810839623,211.99593469062,20.));
#6412 = VECTOR('',#6413,1.);
#6413 = DIRECTION('',(0.951056516295,0.309016994375,0.));
#6414 = ORIENTED_EDGE('',*,*,#6415,.T.);
#6415 = EDGE_CURVE('',#6408,#6416,#6418,.T.);
#6416 = VERTEX_POINT('',#6417);
#6417 = CARTESIAN_POINT('',(263.47606917325,217.24922359499,4.));
#6418 = LINE('',#6419,#6420);
#6419 = CARTESIAN_POINT('',(263.47606917325,217.24922359499,20.));
#6420 = VECTOR('',#6421,1.);
#6421 = DIRECTION('',(0.,0.,-1.));
#6422 = ORIENTED_EDGE('',*,*,#6423,.T.);
#6423 = EDGE_CURVE('',#6416,#6375,#6424,.T.);
#6424 = LINE('',#6425,#6426);
#6425 = CARTESIAN_POINT('',(263.47606917325,217.24922359499,4.));
#6426 = VECTOR('',#6427,1.);
#6427 = DIRECTION('',(-0.64861898444,-0.210749083395,0.731353701619));
#6428 = ORIENTED_EDGE('',*,*,#6392,.T.);
#6429 = PLANE('',#6430);
#6430 = AXIS2_PLACEMENT_3D('',#6431,#6432,#6433);
#6431 = CARTESIAN_POINT('',(255.39208878474,214.6225791428,
    12.678933532167));
#6432 = DIRECTION('',(-0.309016994375,0.951056516295,0.));
#6433 = DIRECTION('',(0.,0.,1.));
#6434 = ADVANCED_FACE('',(#6435),#6461,.F.);
#6435 = FACE_BOUND('',#6436,.F.);
#6436 = EDGE_LOOP('',(#6437,#6438,#6446,#6454,#6460));
#6437 = ORIENTED_EDGE('',*,*,#6004,.T.);
#6438 = ORIENTED_EDGE('',*,*,#6439,.T.);
#6439 = EDGE_CURVE('',#6005,#6440,#6442,.T.);
#6440 = VERTEX_POINT('',#6441);
#6441 = CARTESIAN_POINT('',(217.24922359499,263.47606917325,20.));
#6442 = LINE('',#6443,#6444);
#6443 = CARTESIAN_POINT('',(211.99593469062,247.30810839623,20.));
#6444 = VECTOR('',#6445,1.);
#6445 = DIRECTION('',(0.309016994375,0.951056516295,0.));
#6446 = ORIENTED_EDGE('',*,*,#6447,.T.);
#6447 = EDGE_CURVE('',#6440,#6448,#6450,.T.);
#6448 = VERTEX_POINT('',#6449);
#6449 = CARTESIAN_POINT('',(217.24922359499,263.47606917325,4.));
#6450 = LINE('',#6451,#6452);
#6451 = CARTESIAN_POINT('',(217.24922359499,263.47606917325,20.));
#6452 = VECTOR('',#6453,1.);
#6453 = DIRECTION('',(0.,0.,-1.));
#6454 = ORIENTED_EDGE('',*,*,#6455,.T.);
#6455 = EDGE_CURVE('',#6448,#6377,#6456,.T.);
#6456 = LINE('',#6457,#6458);
#6457 = CARTESIAN_POINT('',(217.24922359499,263.47606917325,4.));
#6458 = VECTOR('',#6459,1.);
#6459 = DIRECTION('',(-0.210749083395,-0.64861898444,0.731353701619));
#6460 = ORIENTED_EDGE('',*,*,#6385,.T.);
#6461 = PLANE('',#6462);
#6462 = AXIS2_PLACEMENT_3D('',#6463,#6464,#6465);
#6463 = CARTESIAN_POINT('',(214.6225791428,255.39208878474,
    12.678933532167));
#6464 = DIRECTION('',(-0.951056516295,0.309016994375,0.));
#6465 = DIRECTION('',(0.,0.,1.));
#6466 = ADVANCED_FACE('',(#6467),#6479,.F.);
#6467 = FACE_BOUND('',#6468,.T.);
#6468 = EDGE_LOOP('',(#6469,#6470,#6471,#6478));
#6469 = ORIENTED_EDGE('',*,*,#6012,.T.);
#6470 = ORIENTED_EDGE('',*,*,#6439,.T.);
#6471 = ORIENTED_EDGE('',*,*,#6472,.F.);
#6472 = EDGE_CURVE('',#6408,#6440,#6473,.T.);
#6473 = CIRCLE('',#6474,72.);
#6474 = AXIS2_PLACEMENT_3D('',#6475,#6476,#6477);
#6475 = CARTESIAN_POINT('',(195.,195.,20.));
#6476 = DIRECTION('',(0.,-0.,1.));
#6477 = DIRECTION('',(0.951056516295,0.309016994375,0.));
#6478 = ORIENTED_EDGE('',*,*,#6407,.F.);
#6479 = PLANE('',#6480);
#6480 = AXIS2_PLACEMENT_3D('',#6481,#6482,#6483);
#6481 = CARTESIAN_POINT('',(195.,195.,20.));
#6482 = DIRECTION('',(0.,0.,1.));
#6483 = DIRECTION('',(0.951056516295,0.309016994375,0.));
#6484 = ADVANCED_FACE('',(#6485),#6496,.T.);
#6485 = FACE_BOUND('',#6486,.T.);
#6486 = EDGE_LOOP('',(#6487,#6493,#6494,#6495));
#6487 = ORIENTED_EDGE('',*,*,#6488,.T.);
#6488 = EDGE_CURVE('',#6079,#6111,#6489,.T.);
#6489 = LINE('',#6490,#6491);
#6490 = CARTESIAN_POINT('',(85.,267.,4.));
#6491 = VECTOR('',#6492,1.);
#6492 = DIRECTION('',(-1.,1.110223024625E-16,0.));
#6493 = ORIENTED_EDGE('',*,*,#6118,.T.);
#6494 = ORIENTED_EDGE('',*,*,#6038,.F.);
#6495 = ORIENTED_EDGE('',*,*,#6086,.F.);
#6496 = PLANE('',#6497);
#6497 = AXIS2_PLACEMENT_3D('',#6498,#6499,#6500);
#6498 = CARTESIAN_POINT('',(85.,267.,4.));
#6499 = DIRECTION('',(8.119657186824E-17,0.731353701619,0.681998360062)
  );
#6500 = DIRECTION('',(-7.57170282098E-17,-0.681998360062,0.731353701619)
  );
#6501 = ADVANCED_FACE('',(#6502),#6508,.T.);
#6502 = FACE_BOUND('',#6503,.T.);
#6503 = EDGE_LOOP('',(#6504,#6505,#6506,#6507));
#6504 = ORIENTED_EDGE('',*,*,#6135,.T.);
#6505 = ORIENTED_EDGE('',*,*,#6110,.T.);
#6506 = ORIENTED_EDGE('',*,*,#6488,.F.);
#6507 = ORIENTED_EDGE('',*,*,#6078,.F.);
#6508 = PLANE('',#6509);
#6509 = AXIS2_PLACEMENT_3D('',#6510,#6511,#6512);
#6510 = CARTESIAN_POINT('',(85.,267.,20.));
#6511 = DIRECTION('',(-1.110223024625E-16,-1.,0.));
#6512 = DIRECTION('',(0.,0.,-1.));
#6513 = ADVANCED_FACE('',(#6514),#6525,.T.);
#6514 = FACE_BOUND('',#6515,.T.);
#6515 = EDGE_LOOP('',(#6516,#6522,#6523,#6524));
#6516 = ORIENTED_EDGE('',*,*,#6517,.T.);
#6517 = EDGE_CURVE('',#6191,#6223,#6518,.T.);
#6518 = LINE('',#6519,#6520);
#6519 = CARTESIAN_POINT('',(131.,267.,4.));
#6520 = VECTOR('',#6521,1.);
#6521 = DIRECTION('',(-1.,1.110223024625E-16,0.));
#6522 = ORIENTED_EDGE('',*,*,#6230,.T.);
#6523 = ORIENTED_EDGE('',*,*,#6150,.F.);
#6524 = ORIENTED_EDGE('',*,*,#6198,.F.);
#6525 = PLANE('',#6526);
#6526 = AXIS2_PLACEMENT_3D('',#6527,#6528,#6529);
#6527 = CARTESIAN_POINT('',(131.,267.,4.));
#6528 = DIRECTION('',(8.119657186824E-17,0.731353701619,0.681998360062)
  );
#6529 = DIRECTION('',(-7.57170282098E-17,-0.681998360062,0.731353701619)
  );
#6530 = ADVANCED_FACE('',(#6531),#6537,.T.);
#6531 = FACE_BOUND('',#6532,.T.);
#6532 = EDGE_LOOP('',(#6533,#6534,#6535,#6536));
#6533 = ORIENTED_EDGE('',*,*,#6247,.T.);
#6534 = ORIENTED_EDGE('',*,*,#6222,.T.);
#6535 = ORIENTED_EDGE('',*,*,#6517,.F.);
#6536 = ORIENTED_EDGE('',*,*,#6190,.F.);
#6537 = PLANE('',#6538);
#6538 = AXIS2_PLACEMENT_3D('',#6539,#6540,#6541);
#6539 = CARTESIAN_POINT('',(131.,267.,20.));
#6540 = DIRECTION('',(-1.110223024625E-16,-1.,0.));
#6541 = DIRECTION('',(0.,0.,-1.));
#6542 = ADVANCED_FACE('',(#6543),#6554,.T.);
#6543 = FACE_BOUND('',#6544,.T.);
#6544 = EDGE_LOOP('',(#6545,#6551,#6552,#6553));
#6545 = ORIENTED_EDGE('',*,*,#6546,.T.);
#6546 = EDGE_CURVE('',#6303,#6335,#6547,.T.);
#6547 = LINE('',#6548,#6549);
#6548 = CARTESIAN_POINT('',(177.,267.,4.));
#6549 = VECTOR('',#6550,1.);
#6550 = DIRECTION('',(-1.,1.110223024625E-16,0.));
#6551 = ORIENTED_EDGE('',*,*,#6342,.T.);
#6552 = ORIENTED_EDGE('',*,*,#6262,.F.);
#6553 = ORIENTED_EDGE('',*,*,#6310,.F.);
#6554 = PLANE('',#6555);
#6555 = AXIS2_PLACEMENT_3D('',#6556,#6557,#6558);
#6556 = CARTESIAN_POINT('',(177.,267.,4.));
#6557 = DIRECTION('',(8.119657186824E-17,0.731353701619,0.681998360062)
  );
#6558 = DIRECTION('',(-7.57170282098E-17,-0.681998360062,0.731353701619)
  );
#6559 = ADVANCED_FACE('',(#6560),#6566,.T.);
#6560 = FACE_BOUND('',#6561,.T.);
#6561 = EDGE_LOOP('',(#6562,#6563,#6564,#6565));
#6562 = ORIENTED_EDGE('',*,*,#6359,.T.);
#6563 = ORIENTED_EDGE('',*,*,#6334,.T.);
#6564 = ORIENTED_EDGE('',*,*,#6546,.F.);
#6565 = ORIENTED_EDGE('',*,*,#6302,.F.);
#6566 = PLANE('',#6567);
#6567 = AXIS2_PLACEMENT_3D('',#6568,#6569,#6570);
#6568 = CARTESIAN_POINT('',(177.,267.,20.));
#6569 = DIRECTION('',(-1.110223024625E-16,-1.,0.));
#6570 = DIRECTION('',(0.,0.,-1.));
#6571 = ADVANCED_FACE('',(#6572),#6584,.T.);
#6572 = FACE_BOUND('',#6573,.T.);
#6573 = EDGE_LOOP('',(#6574,#6581,#6582,#6583));
#6574 = ORIENTED_EDGE('',*,*,#6575,.T.);
#6575 = EDGE_CURVE('',#6416,#6448,#6576,.T.);
#6576 = CIRCLE('',#6577,72.);
#6577 = AXIS2_PLACEMENT_3D('',#6578,#6579,#6580);
#6578 = CARTESIAN_POINT('',(195.,195.,4.));
#6579 = DIRECTION('',(0.,-0.,1.));
#6580 = DIRECTION('',(0.951056516295,0.309016994375,0.));
#6581 = ORIENTED_EDGE('',*,*,#6455,.T.);
#6582 = ORIENTED_EDGE('',*,*,#6374,.F.);
#6583 = ORIENTED_EDGE('',*,*,#6423,.F.);
#6584 = CONICAL_SURFACE('',#6585,72.,0.750491578358);
#6585 = AXIS2_PLACEMENT_3D('',#6586,#6587,#6588);
#6586 = CARTESIAN_POINT('',(195.,195.,4.));
#6587 = DIRECTION('',(-0.,-0.,-1.));
#6588 = DIRECTION('',(0.951056516295,0.309016994375,0.));
#6589 = ADVANCED_FACE('',(#6590),#6596,.F.);
#6590 = FACE_BOUND('',#6591,.T.);
#6591 = EDGE_LOOP('',(#6592,#6593,#6594,#6595));
#6592 = ORIENTED_EDGE('',*,*,#6472,.T.);
#6593 = ORIENTED_EDGE('',*,*,#6447,.T.);
#6594 = ORIENTED_EDGE('',*,*,#6575,.F.);
#6595 = ORIENTED_EDGE('',*,*,#6415,.F.);
#6596 = CYLINDRICAL_SURFACE('',#6597,72.);
#6597 = AXIS2_PLACEMENT_3D('',#6598,#6599,#6600);
#6598 = CARTESIAN_POINT('',(195.,195.,20.));
#6599 = DIRECTION('',(-0.,-0.,-1.));
#6600 = DIRECTION('',(0.951056516295,0.309016994375,0.));
#6601 = ADVANCED_FACE('',(#6602),#6615,.T.);
#6602 = FACE_BOUND('',#6603,.T.);
#6603 = EDGE_LOOP('',(#6604,#6605,#6606,#6607,#6608,#6609));
#6604 = ORIENTED_EDGE('',*,*,#1025,.T.);
#6605 = ORIENTED_EDGE('',*,*,#1380,.T.);
#6606 = ORIENTED_EDGE('',*,*,#2046,.F.);
#6607 = ORIENTED_EDGE('',*,*,#2988,.T.);
#6608 = ORIENTED_EDGE('',*,*,#3073,.F.);
#6609 = ORIENTED_EDGE('',*,*,#6610,.F.);
#6610 = EDGE_CURVE('',#1026,#3074,#6611,.T.);
#6611 = LINE('',#6612,#6613);
#6612 = CARTESIAN_POINT('',(270.,258.,4.));
#6613 = VECTOR('',#6614,1.);
#6614 = DIRECTION('',(0.,-1.,-0.));
#6615 = PLANE('',#6616);
#6616 = AXIS2_PLACEMENT_3D('',#6617,#6618,#6619);
#6617 = CARTESIAN_POINT('',(270.,-270.,0.));
#6618 = DIRECTION('',(1.,0.,-0.));
#6619 = DIRECTION('',(0.,0.,1.));
#6620 = ADVANCED_FACE('',(#6621),#6641,.T.);
#6621 = FACE_BOUND('',#6622,.T.);
#6622 = EDGE_LOOP('',(#6623,#6629,#6630,#6636,#6637,#6638,#6639,#6640));
#6623 = ORIENTED_EDGE('',*,*,#6624,.F.);
#6624 = EDGE_CURVE('',#3035,#2353,#6625,.T.);
#6625 = LINE('',#6626,#6627);
#6626 = CARTESIAN_POINT('',(195.,-197.,2.));
#6627 = VECTOR('',#6628,1.);
#6628 = DIRECTION('',(-0.,1.,0.));
#6629 = ORIENTED_EDGE('',*,*,#3042,.F.);
#6630 = ORIENTED_EDGE('',*,*,#6631,.T.);
#6631 = EDGE_CURVE('',#3043,#2387,#6632,.T.);
#6632 = LINE('',#6633,#6634);
#6633 = CARTESIAN_POINT('',(196.5,-195.5,2.));
#6634 = VECTOR('',#6635,1.);
#6635 = DIRECTION('',(8.307270137913E-19,1.,-0.));
#6636 = ORIENTED_EDGE('',*,*,#2402,.F.);
#6637 = ORIENTED_EDGE('',*,*,#1617,.T.);
#6638 = ORIENTED_EDGE('',*,*,#1301,.F.);
#6639 = ORIENTED_EDGE('',*,*,#1585,.F.);
#6640 = ORIENTED_EDGE('',*,*,#2352,.F.);
#6641 = PLANE('',#6642);
#6642 = AXIS2_PLACEMENT_3D('',#6643,#6644,#6645);
#6643 = CARTESIAN_POINT('',(-199.,-199.,2.));
#6644 = DIRECTION('',(0.,0.,1.));
#6645 = DIRECTION('',(1.,0.,-0.));
#6646 = ADVANCED_FACE('',(#6647),#6667,.F.);
#6647 = FACE_BOUND('',#6648,.T.);
#6648 = EDGE_LOOP('',(#6649,#6650,#6651,#6657,#6658,#6664,#6665,#6666));
#6649 = ORIENTED_EDGE('',*,*,#1648,.T.);
#6650 = ORIENTED_EDGE('',*,*,#2435,.F.);
#6651 = ORIENTED_EDGE('',*,*,#6652,.F.);
#6652 = EDGE_CURVE('',#3098,#2420,#6653,.T.);
#6653 = LINE('',#6654,#6655);
#6654 = CARTESIAN_POINT('',(230.,-230.,2.));
#6655 = VECTOR('',#6656,1.);
#6656 = DIRECTION('',(-0.,1.,0.));
#6657 = ORIENTED_EDGE('',*,*,#3105,.T.);
#6658 = ORIENTED_EDGE('',*,*,#6659,.T.);
#6659 = EDGE_CURVE('',#3106,#2453,#6660,.T.);
#6660 = LINE('',#6661,#6662);
#6661 = CARTESIAN_POINT('',(205.,-217.5,2.));
#6662 = VECTOR('',#6663,1.);
#6663 = DIRECTION('',(-0.,1.,0.));
#6664 = ORIENTED_EDGE('',*,*,#2468,.T.);
#6665 = ORIENTED_EDGE('',*,*,#1735,.T.);
#6666 = ORIENTED_EDGE('',*,*,#1245,.T.);
#6667 = PLANE('',#6668);
#6668 = AXIS2_PLACEMENT_3D('',#6669,#6670,#6671);
#6669 = CARTESIAN_POINT('',(-230.,-230.,2.));
#6670 = DIRECTION('',(0.,0.,1.));
#6671 = DIRECTION('',(1.,0.,-0.));
#6672 = ADVANCED_FACE('',(#6673),#6693,.T.);
#6673 = FACE_BOUND('',#6674,.T.);
#6674 = EDGE_LOOP('',(#6675,#6676,#6677,#6678,#6679,#6685,#6686,#6692));
#6675 = ORIENTED_EDGE('',*,*,#1468,.F.);
#6676 = ORIENTED_EDGE('',*,*,#1285,.F.);
#6677 = ORIENTED_EDGE('',*,*,#1610,.F.);
#6678 = ORIENTED_EDGE('',*,*,#2394,.F.);
#6679 = ORIENTED_EDGE('',*,*,#6680,.F.);
#6680 = EDGE_CURVE('',#3051,#2385,#6681,.T.);
#6681 = LINE('',#6682,#6683);
#6682 = CARTESIAN_POINT('',(198.,-192.,3.5));
#6683 = VECTOR('',#6684,1.);
#6684 = DIRECTION('',(-0.,1.,0.));
#6685 = ORIENTED_EDGE('',*,*,#3058,.F.);
#6686 = ORIENTED_EDGE('',*,*,#6687,.F.);
#6687 = EDGE_CURVE('',#2079,#3059,#6688,.T.);
#6688 = LINE('',#6689,#6690);
#6689 = CARTESIAN_POINT('',(200.,-201.,3.5));
#6690 = VECTOR('',#6691,1.);
#6691 = DIRECTION('',(0.,-1.,0.));
#6692 = ORIENTED_EDGE('',*,*,#2086,.T.);
#6693 = PLANE('',#6694);
#6694 = AXIS2_PLACEMENT_3D('',#6695,#6696,#6697);
#6695 = CARTESIAN_POINT('',(-202.,-202.,3.5));
#6696 = DIRECTION('',(0.,0.,1.));
#6697 = DIRECTION('',(1.,0.,-0.));
#6698 = ADVANCED_FACE('',(#6699,#6719,#6739,#6750,#6761,#6772,#6783,
    #6794,#6805,#6816,#6827,#6835),#6843,.F.);
#6699 = FACE_BOUND('',#6700,.T.);
#6700 = EDGE_LOOP('',(#6701,#6702,#6703,#6709,#6710,#6716,#6717,#6718));
#6701 = ORIENTED_EDGE('',*,*,#1325,.T.);
#6702 = ORIENTED_EDGE('',*,*,#1349,.T.);
#6703 = ORIENTED_EDGE('',*,*,#6704,.T.);
#6704 = EDGE_CURVE('',#1342,#3082,#6705,.T.);
#6705 = LINE('',#6706,#6707);
#6706 = CARTESIAN_POINT('',(266.,258.,0.));
#6707 = VECTOR('',#6708,1.);
#6708 = DIRECTION('',(0.,-1.,-0.));
#6709 = ORIENTED_EDGE('',*,*,#3089,.T.);
#6710 = ORIENTED_EDGE('',*,*,#6711,.T.);
#6711 = EDGE_CURVE('',#3090,#2418,#6712,.T.);
#6712 = LINE('',#6713,#6714);
#6713 = CARTESIAN_POINT('',(230.,-250.,0.));
#6714 = VECTOR('',#6715,1.);
#6715 = DIRECTION('',(-0.,1.,0.));
#6716 = ORIENTED_EDGE('',*,*,#2427,.T.);
#6717 = ORIENTED_EDGE('',*,*,#1641,.T.);
#6718 = ORIENTED_EDGE('',*,*,#1261,.T.);
#6719 = FACE_BOUND('',#6720,.F.);
#6720 = EDGE_LOOP('',(#6721,#6732));
#6721 = ORIENTED_EDGE('',*,*,#6722,.T.);
#6722 = EDGE_CURVE('',#6723,#6725,#6727,.T.);
#6723 = VERTEX_POINT('',#6724);
#6724 = CARTESIAN_POINT('',(241.5,6.73555739531E-16,0.));
#6725 = VERTEX_POINT('',#6726);
#6726 = CARTESIAN_POINT('',(230.5,-1.347111479062E-15,0.));
#6727 = CIRCLE('',#6728,5.5);
#6728 = AXIS2_PLACEMENT_3D('',#6729,#6730,#6731);
#6729 = CARTESIAN_POINT('',(236.,0.,0.));
#6730 = DIRECTION('',(0.,0.,-1.));
#6731 = DIRECTION('',(-1.,0.,-0.));
#6732 = ORIENTED_EDGE('',*,*,#6733,.T.);
#6733 = EDGE_CURVE('',#6725,#6723,#6734,.T.);
#6734 = CIRCLE('',#6735,5.5);
#6735 = AXIS2_PLACEMENT_3D('',#6736,#6737,#6738);
#6736 = CARTESIAN_POINT('',(236.,0.,0.));
#6737 = DIRECTION('',(0.,0.,-1.));
#6738 = DIRECTION('',(-1.,0.,-0.));
#6739 = FACE_BOUND('',#6740,.F.);
#6740 = EDGE_LOOP('',(#6741));
#6741 = ORIENTED_EDGE('',*,*,#6742,.T.);
#6742 = EDGE_CURVE('',#6743,#6743,#6745,.T.);
#6743 = VERTEX_POINT('',#6744);
#6744 = CARTESIAN_POINT('',(230.5,54.,0.));
#6745 = CIRCLE('',#6746,5.5);
#6746 = AXIS2_PLACEMENT_3D('',#6747,#6748,#6749);
#6747 = CARTESIAN_POINT('',(236.,54.,0.));
#6748 = DIRECTION('',(0.,0.,-1.));
#6749 = DIRECTION('',(-1.,0.,-0.));
#6750 = FACE_BOUND('',#6751,.F.);
#6751 = EDGE_LOOP('',(#6752));
#6752 = ORIENTED_EDGE('',*,*,#6753,.T.);
#6753 = EDGE_CURVE('',#6754,#6754,#6756,.T.);
#6754 = VERTEX_POINT('',#6755);
#6755 = CARTESIAN_POINT('',(230.5,108.,0.));
#6756 = CIRCLE('',#6757,5.5);
#6757 = AXIS2_PLACEMENT_3D('',#6758,#6759,#6760);
#6758 = CARTESIAN_POINT('',(236.,108.,0.));
#6759 = DIRECTION('',(0.,0.,-1.));
#6760 = DIRECTION('',(-1.,0.,-0.));
#6761 = FACE_BOUND('',#6762,.F.);
#6762 = EDGE_LOOP('',(#6763));
#6763 = ORIENTED_EDGE('',*,*,#6764,.T.);
#6764 = EDGE_CURVE('',#6765,#6765,#6767,.T.);
#6765 = VERTEX_POINT('',#6766);
#6766 = CARTESIAN_POINT('',(48.5,236.,0.));
#6767 = CIRCLE('',#6768,5.5);
#6768 = AXIS2_PLACEMENT_3D('',#6769,#6770,#6771);
#6769 = CARTESIAN_POINT('',(54.,236.,0.));
#6770 = DIRECTION('',(0.,0.,-1.));
#6771 = DIRECTION('',(-1.,0.,-0.));
#6772 = FACE_BOUND('',#6773,.F.);
#6773 = EDGE_LOOP('',(#6774));
#6774 = ORIENTED_EDGE('',*,*,#6775,.T.);
#6775 = EDGE_CURVE('',#6776,#6776,#6778,.T.);
#6776 = VERTEX_POINT('',#6777);
#6777 = CARTESIAN_POINT('',(102.5,236.,0.));
#6778 = CIRCLE('',#6779,5.5);
#6779 = AXIS2_PLACEMENT_3D('',#6780,#6781,#6782);
#6780 = CARTESIAN_POINT('',(108.,236.,0.));
#6781 = DIRECTION('',(0.,0.,-1.));
#6782 = DIRECTION('',(-1.,0.,-0.));
#6783 = FACE_BOUND('',#6784,.F.);
#6784 = EDGE_LOOP('',(#6785));
#6785 = ORIENTED_EDGE('',*,*,#6786,.T.);
#6786 = EDGE_CURVE('',#6787,#6787,#6789,.T.);
#6787 = VERTEX_POINT('',#6788);
#6788 = CARTESIAN_POINT('',(230.5,162.,0.));
#6789 = CIRCLE('',#6790,5.5);
#6790 = AXIS2_PLACEMENT_3D('',#6791,#6792,#6793);
#6791 = CARTESIAN_POINT('',(236.,162.,0.));
#6792 = DIRECTION('',(0.,0.,-1.));
#6793 = DIRECTION('',(-1.,0.,-0.));
#6794 = FACE_BOUND('',#6795,.F.);
#6795 = EDGE_LOOP('',(#6796));
#6796 = ORIENTED_EDGE('',*,*,#6797,.T.);
#6797 = EDGE_CURVE('',#6798,#6798,#6800,.T.);
#6798 = VERTEX_POINT('',#6799);
#6799 = CARTESIAN_POINT('',(156.5,236.,0.));
#6800 = CIRCLE('',#6801,5.5);
#6801 = AXIS2_PLACEMENT_3D('',#6802,#6803,#6804);
#6802 = CARTESIAN_POINT('',(162.,236.,0.));
#6803 = DIRECTION('',(0.,0.,-1.));
#6804 = DIRECTION('',(-1.,0.,-0.));
#6805 = FACE_BOUND('',#6806,.F.);
#6806 = EDGE_LOOP('',(#6807));
#6807 = ORIENTED_EDGE('',*,*,#6808,.T.);
#6808 = EDGE_CURVE('',#6809,#6809,#6811,.T.);
#6809 = VERTEX_POINT('',#6810);
#6810 = CARTESIAN_POINT('',(230.5,216.,0.));
#6811 = CIRCLE('',#6812,5.5);
#6812 = AXIS2_PLACEMENT_3D('',#6813,#6814,#6815);
#6813 = CARTESIAN_POINT('',(236.,216.,0.));
#6814 = DIRECTION('',(0.,0.,-1.));
#6815 = DIRECTION('',(-1.,0.,-0.));
#6816 = FACE_BOUND('',#6817,.F.);
#6817 = EDGE_LOOP('',(#6818));
#6818 = ORIENTED_EDGE('',*,*,#6819,.T.);
#6819 = EDGE_CURVE('',#6820,#6820,#6822,.T.);
#6820 = VERTEX_POINT('',#6821);
#6821 = CARTESIAN_POINT('',(210.5,236.,0.));
#6822 = CIRCLE('',#6823,5.5);
#6823 = AXIS2_PLACEMENT_3D('',#6824,#6825,#6826);
#6824 = CARTESIAN_POINT('',(216.,236.,0.));
#6825 = DIRECTION('',(0.,0.,-1.));
#6826 = DIRECTION('',(-1.,0.,-0.));
#6827 = FACE_BOUND('',#6828,.F.);
#6828 = EDGE_LOOP('',(#6829,#6830,#6831,#6832,#6833,#6834));
#6829 = ORIENTED_EDGE('',*,*,#303,.T.);
#6830 = ORIENTED_EDGE('',*,*,#365,.T.);
#6831 = ORIENTED_EDGE('',*,*,#396,.T.);
#6832 = ORIENTED_EDGE('',*,*,#334,.T.);
#6833 = ORIENTED_EDGE('',*,*,#272,.T.);
#6834 = ORIENTED_EDGE('',*,*,#232,.T.);
#6835 = FACE_BOUND('',#6836,.F.);
#6836 = EDGE_LOOP('',(#6837,#6838,#6839,#6840,#6841,#6842));
#6837 = ORIENTED_EDGE('',*,*,#92,.T.);
#6838 = ORIENTED_EDGE('',*,*,#154,.T.);
#6839 = ORIENTED_EDGE('',*,*,#185,.T.);
#6840 = ORIENTED_EDGE('',*,*,#123,.T.);
#6841 = ORIENTED_EDGE('',*,*,#61,.T.);
#6842 = ORIENTED_EDGE('',*,*,#21,.T.);
#6843 = PLANE('',#6844);
#6844 = AXIS2_PLACEMENT_3D('',#6845,#6846,#6847);
#6845 = CARTESIAN_POINT('',(-270.,-270.,0.));
#6846 = DIRECTION('',(0.,0.,1.));
#6847 = DIRECTION('',(1.,0.,-0.));
#6848 = ADVANCED_FACE('',(#6849),#6875,.T.);
#6849 = FACE_BOUND('',#6850,.T.);
#6850 = EDGE_LOOP('',(#6851,#6859,#6860,#6868));
#6851 = ORIENTED_EDGE('',*,*,#6852,.F.);
#6852 = EDGE_CURVE('',#6725,#6853,#6855,.T.);
#6853 = VERTEX_POINT('',#6854);
#6854 = CARTESIAN_POINT('',(232.,-9.797174393179E-16,-1.5));
#6855 = LINE('',#6856,#6857);
#6856 = CARTESIAN_POINT('',(230.5,-1.347111479062E-15,0.));
#6857 = VECTOR('',#6858,1.);
#6858 = DIRECTION('',(0.707106781187,1.731912112471E-16,-0.707106781187)
  );
#6859 = ORIENTED_EDGE('',*,*,#6733,.T.);
#6860 = ORIENTED_EDGE('',*,*,#6861,.F.);
#6861 = EDGE_CURVE('',#6862,#6723,#6864,.T.);
#6862 = VERTEX_POINT('',#6863);
#6863 = CARTESIAN_POINT('',(240.,7.969112841318E-14,-1.5));
#6864 = LINE('',#6865,#6866);
#6865 = CARTESIAN_POINT('',(236.,0.,-5.5));
#6866 = VECTOR('',#6867,1.);
#6867 = DIRECTION('',(0.707106781187,-0.,0.707106781187));
#6868 = ORIENTED_EDGE('',*,*,#6869,.F.);
#6869 = EDGE_CURVE('',#6853,#6862,#6870,.T.);
#6870 = CIRCLE('',#6871,4.);
#6871 = AXIS2_PLACEMENT_3D('',#6872,#6873,#6874);
#6872 = CARTESIAN_POINT('',(236.,0.,-1.5));
#6873 = DIRECTION('',(0.,0.,-1.));
#6874 = DIRECTION('',(-1.,0.,-0.));
#6875 = CONICAL_SURFACE('',#6876,5.5,0.785398163397);
#6876 = AXIS2_PLACEMENT_3D('',#6877,#6878,#6879);
#6877 = CARTESIAN_POINT('',(236.,0.,0.));
#6878 = DIRECTION('',(-0.,-0.,1.));
#6879 = DIRECTION('',(-1.,0.,-0.));
#6880 = ADVANCED_FACE('',(#6881),#6893,.T.);
#6881 = FACE_BOUND('',#6882,.T.);
#6882 = EDGE_LOOP('',(#6883,#6884,#6885,#6892));
#6883 = ORIENTED_EDGE('',*,*,#6722,.T.);
#6884 = ORIENTED_EDGE('',*,*,#6852,.T.);
#6885 = ORIENTED_EDGE('',*,*,#6886,.F.);
#6886 = EDGE_CURVE('',#6862,#6853,#6887,.T.);
#6887 = CIRCLE('',#6888,4.);
#6888 = AXIS2_PLACEMENT_3D('',#6889,#6890,#6891);
#6889 = CARTESIAN_POINT('',(236.,0.,-1.5));
#6890 = DIRECTION('',(0.,0.,-1.));
#6891 = DIRECTION('',(-1.,0.,-0.));
#6892 = ORIENTED_EDGE('',*,*,#6861,.T.);
#6893 = CONICAL_SURFACE('',#6894,5.5,0.785398163397);
#6894 = AXIS2_PLACEMENT_3D('',#6895,#6896,#6897);
#6895 = CARTESIAN_POINT('',(236.,0.,0.));
#6896 = DIRECTION('',(-0.,-0.,1.));
#6897 = DIRECTION('',(-1.,0.,-0.));
#6898 = ADVANCED_FACE('',(#6899),#6927,.T.);
#6899 = FACE_BOUND('',#6900,.T.);
#6900 = EDGE_LOOP('',(#6901,#6909,#6918,#6925,#6926));
#6901 = ORIENTED_EDGE('',*,*,#6902,.T.);
#6902 = EDGE_CURVE('',#6743,#6903,#6905,.T.);
#6903 = VERTEX_POINT('',#6904);
#6904 = CARTESIAN_POINT('',(232.,54.,-1.5));
#6905 = LINE('',#6906,#6907);
#6906 = CARTESIAN_POINT('',(230.5,54.,0.));
#6907 = VECTOR('',#6908,1.);
#6908 = DIRECTION('',(0.707106781187,1.731912112471E-16,-0.707106781187)
  );
#6909 = ORIENTED_EDGE('',*,*,#6910,.F.);
#6910 = EDGE_CURVE('',#6911,#6903,#6913,.T.);
#6911 = VERTEX_POINT('',#6912);
#6912 = CARTESIAN_POINT('',(240.,54.,-1.5));
#6913 = CIRCLE('',#6914,4.);
#6914 = AXIS2_PLACEMENT_3D('',#6915,#6916,#6917);
#6915 = CARTESIAN_POINT('',(236.,54.,-1.5));
#6916 = DIRECTION('',(0.,0.,-1.));
#6917 = DIRECTION('',(-1.,0.,-0.));
#6918 = ORIENTED_EDGE('',*,*,#6919,.F.);
#6919 = EDGE_CURVE('',#6903,#6911,#6920,.T.);
#6920 = CIRCLE('',#6921,4.);
#6921 = AXIS2_PLACEMENT_3D('',#6922,#6923,#6924);
#6922 = CARTESIAN_POINT('',(236.,54.,-1.5));
#6923 = DIRECTION('',(0.,0.,-1.));
#6924 = DIRECTION('',(-1.,0.,-0.));
#6925 = ORIENTED_EDGE('',*,*,#6902,.F.);
#6926 = ORIENTED_EDGE('',*,*,#6742,.T.);
#6927 = CONICAL_SURFACE('',#6928,5.5,0.785398163397);
#6928 = AXIS2_PLACEMENT_3D('',#6929,#6930,#6931);
#6929 = CARTESIAN_POINT('',(236.,54.,0.));
#6930 = DIRECTION('',(-0.,-0.,1.));
#6931 = DIRECTION('',(-1.,0.,-0.));
#6932 = ADVANCED_FACE('',(#6933),#6953,.T.);
#6933 = FACE_BOUND('',#6934,.T.);
#6934 = EDGE_LOOP('',(#6935,#6936,#6944,#6951,#6952));
#6935 = ORIENTED_EDGE('',*,*,#6919,.T.);
#6936 = ORIENTED_EDGE('',*,*,#6937,.F.);
#6937 = EDGE_CURVE('',#6938,#6911,#6940,.T.);
#6938 = VERTEX_POINT('',#6939);
#6939 = CARTESIAN_POINT('',(240.,54.,-3.));
#6940 = LINE('',#6941,#6942);
#6941 = CARTESIAN_POINT('',(240.,54.,-3.));
#6942 = VECTOR('',#6943,1.);
#6943 = DIRECTION('',(0.,0.,1.));
#6944 = ORIENTED_EDGE('',*,*,#6945,.T.);
#6945 = EDGE_CURVE('',#6938,#6938,#6946,.T.);
#6946 = CIRCLE('',#6947,4.);
#6947 = AXIS2_PLACEMENT_3D('',#6948,#6949,#6950);
#6948 = CARTESIAN_POINT('',(236.,54.,-3.));
#6949 = DIRECTION('',(0.,0.,1.));
#6950 = DIRECTION('',(1.,0.,-0.));
#6951 = ORIENTED_EDGE('',*,*,#6937,.T.);
#6952 = ORIENTED_EDGE('',*,*,#6910,.T.);
#6953 = CYLINDRICAL_SURFACE('',#6954,4.);
#6954 = AXIS2_PLACEMENT_3D('',#6955,#6956,#6957);
#6955 = CARTESIAN_POINT('',(236.,54.,-3.));
#6956 = DIRECTION('',(0.,0.,1.));
#6957 = DIRECTION('',(1.,0.,-0.));
#6958 = ADVANCED_FACE('',(#6959),#6962,.F.);
#6959 = FACE_BOUND('',#6960,.T.);
#6960 = EDGE_LOOP('',(#6961));
#6961 = ORIENTED_EDGE('',*,*,#6945,.F.);
#6962 = PLANE('',#6963);
#6963 = AXIS2_PLACEMENT_3D('',#6964,#6965,#6966);
#6964 = CARTESIAN_POINT('',(236.,54.,-3.));
#6965 = DIRECTION('',(0.,0.,1.));
#6966 = DIRECTION('',(1.,0.,-0.));
#6967 = ADVANCED_FACE('',(#6968),#6996,.T.);
#6968 = FACE_BOUND('',#6969,.T.);
#6969 = EDGE_LOOP('',(#6970,#6978,#6987,#6994,#6995));
#6970 = ORIENTED_EDGE('',*,*,#6971,.T.);
#6971 = EDGE_CURVE('',#6754,#6972,#6974,.T.);
#6972 = VERTEX_POINT('',#6973);
#6973 = CARTESIAN_POINT('',(232.,108.,-1.5));
#6974 = LINE('',#6975,#6976);
#6975 = CARTESIAN_POINT('',(230.5,108.,0.));
#6976 = VECTOR('',#6977,1.);
#6977 = DIRECTION('',(0.707106781187,1.731912112471E-16,-0.707106781187)
  );
#6978 = ORIENTED_EDGE('',*,*,#6979,.F.);
#6979 = EDGE_CURVE('',#6980,#6972,#6982,.T.);
#6980 = VERTEX_POINT('',#6981);
#6981 = CARTESIAN_POINT('',(240.,108.,-1.5));
#6982 = CIRCLE('',#6983,4.);
#6983 = AXIS2_PLACEMENT_3D('',#6984,#6985,#6986);
#6984 = CARTESIAN_POINT('',(236.,108.,-1.5));
#6985 = DIRECTION('',(0.,0.,-1.));
#6986 = DIRECTION('',(-1.,0.,-0.));
#6987 = ORIENTED_EDGE('',*,*,#6988,.F.);
#6988 = EDGE_CURVE('',#6972,#6980,#6989,.T.);
#6989 = CIRCLE('',#6990,4.);
#6990 = AXIS2_PLACEMENT_3D('',#6991,#6992,#6993);
#6991 = CARTESIAN_POINT('',(236.,108.,-1.5));
#6992 = DIRECTION('',(0.,0.,-1.));
#6993 = DIRECTION('',(-1.,0.,-0.));
#6994 = ORIENTED_EDGE('',*,*,#6971,.F.);
#6995 = ORIENTED_EDGE('',*,*,#6753,.T.);
#6996 = CONICAL_SURFACE('',#6997,5.5,0.785398163397);
#6997 = AXIS2_PLACEMENT_3D('',#6998,#6999,#7000);
#6998 = CARTESIAN_POINT('',(236.,108.,0.));
#6999 = DIRECTION('',(-0.,-0.,1.));
#7000 = DIRECTION('',(-1.,0.,-0.));
#7001 = ADVANCED_FACE('',(#7002),#7022,.T.);
#7002 = FACE_BOUND('',#7003,.T.);
#7003 = EDGE_LOOP('',(#7004,#7005,#7013,#7020,#7021));
#7004 = ORIENTED_EDGE('',*,*,#6988,.T.);
#7005 = ORIENTED_EDGE('',*,*,#7006,.F.);
#7006 = EDGE_CURVE('',#7007,#6980,#7009,.T.);
#7007 = VERTEX_POINT('',#7008);
#7008 = CARTESIAN_POINT('',(240.,108.,-3.));
#7009 = LINE('',#7010,#7011);
#7010 = CARTESIAN_POINT('',(240.,108.,-3.));
#7011 = VECTOR('',#7012,1.);
#7012 = DIRECTION('',(0.,0.,1.));
#7013 = ORIENTED_EDGE('',*,*,#7014,.T.);
#7014 = EDGE_CURVE('',#7007,#7007,#7015,.T.);
#7015 = CIRCLE('',#7016,4.);
#7016 = AXIS2_PLACEMENT_3D('',#7017,#7018,#7019);
#7017 = CARTESIAN_POINT('',(236.,108.,-3.));
#7018 = DIRECTION('',(0.,0.,1.));
#7019 = DIRECTION('',(1.,0.,-0.));
#7020 = ORIENTED_EDGE('',*,*,#7006,.T.);
#7021 = ORIENTED_EDGE('',*,*,#6979,.T.);
#7022 = CYLINDRICAL_SURFACE('',#7023,4.);
#7023 = AXIS2_PLACEMENT_3D('',#7024,#7025,#7026);
#7024 = CARTESIAN_POINT('',(236.,108.,-3.));
#7025 = DIRECTION('',(0.,0.,1.));
#7026 = DIRECTION('',(1.,0.,-0.));
#7027 = ADVANCED_FACE('',(#7028),#7031,.F.);
#7028 = FACE_BOUND('',#7029,.T.);
#7029 = EDGE_LOOP('',(#7030));
#7030 = ORIENTED_EDGE('',*,*,#7014,.F.);
#7031 = PLANE('',#7032);
#7032 = AXIS2_PLACEMENT_3D('',#7033,#7034,#7035);
#7033 = CARTESIAN_POINT('',(236.,108.,-3.));
#7034 = DIRECTION('',(0.,0.,1.));
#7035 = DIRECTION('',(1.,0.,-0.));
#7036 = ADVANCED_FACE('',(#7037),#7065,.T.);
#7037 = FACE_BOUND('',#7038,.T.);
#7038 = EDGE_LOOP('',(#7039,#7047,#7056,#7063,#7064));
#7039 = ORIENTED_EDGE('',*,*,#7040,.T.);
#7040 = EDGE_CURVE('',#6765,#7041,#7043,.T.);
#7041 = VERTEX_POINT('',#7042);
#7042 = CARTESIAN_POINT('',(50.,236.,-1.5));
#7043 = LINE('',#7044,#7045);
#7044 = CARTESIAN_POINT('',(48.5,236.,0.));
#7045 = VECTOR('',#7046,1.);
#7046 = DIRECTION('',(0.707106781187,1.731912112471E-16,-0.707106781187)
  );
#7047 = ORIENTED_EDGE('',*,*,#7048,.F.);
#7048 = EDGE_CURVE('',#7049,#7041,#7051,.T.);
#7049 = VERTEX_POINT('',#7050);
#7050 = CARTESIAN_POINT('',(58.,236.,-1.5));
#7051 = CIRCLE('',#7052,4.);
#7052 = AXIS2_PLACEMENT_3D('',#7053,#7054,#7055);
#7053 = CARTESIAN_POINT('',(54.,236.,-1.5));
#7054 = DIRECTION('',(0.,0.,-1.));
#7055 = DIRECTION('',(-1.,0.,-0.));
#7056 = ORIENTED_EDGE('',*,*,#7057,.F.);
#7057 = EDGE_CURVE('',#7041,#7049,#7058,.T.);
#7058 = CIRCLE('',#7059,4.);
#7059 = AXIS2_PLACEMENT_3D('',#7060,#7061,#7062);
#7060 = CARTESIAN_POINT('',(54.,236.,-1.5));
#7061 = DIRECTION('',(0.,0.,-1.));
#7062 = DIRECTION('',(-1.,0.,-0.));
#7063 = ORIENTED_EDGE('',*,*,#7040,.F.);
#7064 = ORIENTED_EDGE('',*,*,#6764,.T.);
#7065 = CONICAL_SURFACE('',#7066,5.5,0.785398163397);
#7066 = AXIS2_PLACEMENT_3D('',#7067,#7068,#7069);
#7067 = CARTESIAN_POINT('',(54.,236.,0.));
#7068 = DIRECTION('',(-0.,-0.,1.));
#7069 = DIRECTION('',(-1.,0.,-0.));
#7070 = ADVANCED_FACE('',(#7071),#7091,.T.);
#7071 = FACE_BOUND('',#7072,.T.);
#7072 = EDGE_LOOP('',(#7073,#7074,#7082,#7089,#7090));
#7073 = ORIENTED_EDGE('',*,*,#7057,.T.);
#7074 = ORIENTED_EDGE('',*,*,#7075,.F.);
#7075 = EDGE_CURVE('',#7076,#7049,#7078,.T.);
#7076 = VERTEX_POINT('',#7077);
#7077 = CARTESIAN_POINT('',(58.,236.,-3.));
#7078 = LINE('',#7079,#7080);
#7079 = CARTESIAN_POINT('',(58.,236.,-3.));
#7080 = VECTOR('',#7081,1.);
#7081 = DIRECTION('',(0.,0.,1.));
#7082 = ORIENTED_EDGE('',*,*,#7083,.T.);
#7083 = EDGE_CURVE('',#7076,#7076,#7084,.T.);
#7084 = CIRCLE('',#7085,4.);
#7085 = AXIS2_PLACEMENT_3D('',#7086,#7087,#7088);
#7086 = CARTESIAN_POINT('',(54.,236.,-3.));
#7087 = DIRECTION('',(0.,0.,1.));
#7088 = DIRECTION('',(1.,0.,-0.));
#7089 = ORIENTED_EDGE('',*,*,#7075,.T.);
#7090 = ORIENTED_EDGE('',*,*,#7048,.T.);
#7091 = CYLINDRICAL_SURFACE('',#7092,4.);
#7092 = AXIS2_PLACEMENT_3D('',#7093,#7094,#7095);
#7093 = CARTESIAN_POINT('',(54.,236.,-3.));
#7094 = DIRECTION('',(0.,0.,1.));
#7095 = DIRECTION('',(1.,0.,-0.));
#7096 = ADVANCED_FACE('',(#7097),#7100,.F.);
#7097 = FACE_BOUND('',#7098,.T.);
#7098 = EDGE_LOOP('',(#7099));
#7099 = ORIENTED_EDGE('',*,*,#7083,.F.);
#7100 = PLANE('',#7101);
#7101 = AXIS2_PLACEMENT_3D('',#7102,#7103,#7104);
#7102 = CARTESIAN_POINT('',(54.,236.,-3.));
#7103 = DIRECTION('',(0.,0.,1.));
#7104 = DIRECTION('',(1.,0.,-0.));
#7105 = ADVANCED_FACE('',(#7106),#7134,.T.);
#7106 = FACE_BOUND('',#7107,.T.);
#7107 = EDGE_LOOP('',(#7108,#7116,#7125,#7132,#7133));
#7108 = ORIENTED_EDGE('',*,*,#7109,.T.);
#7109 = EDGE_CURVE('',#6776,#7110,#7112,.T.);
#7110 = VERTEX_POINT('',#7111);
#7111 = CARTESIAN_POINT('',(104.,236.,-1.5));
#7112 = LINE('',#7113,#7114);
#7113 = CARTESIAN_POINT('',(102.5,236.,0.));
#7114 = VECTOR('',#7115,1.);
#7115 = DIRECTION('',(0.707106781187,1.731912112471E-16,-0.707106781187)
  );
#7116 = ORIENTED_EDGE('',*,*,#7117,.F.);
#7117 = EDGE_CURVE('',#7118,#7110,#7120,.T.);
#7118 = VERTEX_POINT('',#7119);
#7119 = CARTESIAN_POINT('',(112.,236.,-1.5));
#7120 = CIRCLE('',#7121,4.);
#7121 = AXIS2_PLACEMENT_3D('',#7122,#7123,#7124);
#7122 = CARTESIAN_POINT('',(108.,236.,-1.5));
#7123 = DIRECTION('',(0.,0.,-1.));
#7124 = DIRECTION('',(-1.,0.,-0.));
#7125 = ORIENTED_EDGE('',*,*,#7126,.F.);
#7126 = EDGE_CURVE('',#7110,#7118,#7127,.T.);
#7127 = CIRCLE('',#7128,4.);
#7128 = AXIS2_PLACEMENT_3D('',#7129,#7130,#7131);
#7129 = CARTESIAN_POINT('',(108.,236.,-1.5));
#7130 = DIRECTION('',(0.,0.,-1.));
#7131 = DIRECTION('',(-1.,0.,-0.));
#7132 = ORIENTED_EDGE('',*,*,#7109,.F.);
#7133 = ORIENTED_EDGE('',*,*,#6775,.T.);
#7134 = CONICAL_SURFACE('',#7135,5.5,0.785398163397);
#7135 = AXIS2_PLACEMENT_3D('',#7136,#7137,#7138);
#7136 = CARTESIAN_POINT('',(108.,236.,0.));
#7137 = DIRECTION('',(-0.,-0.,1.));
#7138 = DIRECTION('',(-1.,0.,-0.));
#7139 = ADVANCED_FACE('',(#7140),#7160,.T.);
#7140 = FACE_BOUND('',#7141,.T.);
#7141 = EDGE_LOOP('',(#7142,#7143,#7151,#7158,#7159));
#7142 = ORIENTED_EDGE('',*,*,#7126,.T.);
#7143 = ORIENTED_EDGE('',*,*,#7144,.F.);
#7144 = EDGE_CURVE('',#7145,#7118,#7147,.T.);
#7145 = VERTEX_POINT('',#7146);
#7146 = CARTESIAN_POINT('',(112.,236.,-3.));
#7147 = LINE('',#7148,#7149);
#7148 = CARTESIAN_POINT('',(112.,236.,-3.));
#7149 = VECTOR('',#7150,1.);
#7150 = DIRECTION('',(0.,0.,1.));
#7151 = ORIENTED_EDGE('',*,*,#7152,.T.);
#7152 = EDGE_CURVE('',#7145,#7145,#7153,.T.);
#7153 = CIRCLE('',#7154,4.);
#7154 = AXIS2_PLACEMENT_3D('',#7155,#7156,#7157);
#7155 = CARTESIAN_POINT('',(108.,236.,-3.));
#7156 = DIRECTION('',(0.,0.,1.));
#7157 = DIRECTION('',(1.,0.,-0.));
#7158 = ORIENTED_EDGE('',*,*,#7144,.T.);
#7159 = ORIENTED_EDGE('',*,*,#7117,.T.);
#7160 = CYLINDRICAL_SURFACE('',#7161,4.);
#7161 = AXIS2_PLACEMENT_3D('',#7162,#7163,#7164);
#7162 = CARTESIAN_POINT('',(108.,236.,-3.));
#7163 = DIRECTION('',(0.,0.,1.));
#7164 = DIRECTION('',(1.,0.,-0.));
#7165 = ADVANCED_FACE('',(#7166),#7169,.F.);
#7166 = FACE_BOUND('',#7167,.T.);
#7167 = EDGE_LOOP('',(#7168));
#7168 = ORIENTED_EDGE('',*,*,#7152,.F.);
#7169 = PLANE('',#7170);
#7170 = AXIS2_PLACEMENT_3D('',#7171,#7172,#7173);
#7171 = CARTESIAN_POINT('',(108.,236.,-3.));
#7172 = DIRECTION('',(0.,0.,1.));
#7173 = DIRECTION('',(1.,0.,-0.));
#7174 = ADVANCED_FACE('',(#7175),#7203,.T.);
#7175 = FACE_BOUND('',#7176,.T.);
#7176 = EDGE_LOOP('',(#7177,#7185,#7194,#7201,#7202));
#7177 = ORIENTED_EDGE('',*,*,#7178,.T.);
#7178 = EDGE_CURVE('',#6787,#7179,#7181,.T.);
#7179 = VERTEX_POINT('',#7180);
#7180 = CARTESIAN_POINT('',(232.,162.,-1.5));
#7181 = LINE('',#7182,#7183);
#7182 = CARTESIAN_POINT('',(230.5,162.,0.));
#7183 = VECTOR('',#7184,1.);
#7184 = DIRECTION('',(0.707106781187,1.731912112471E-16,-0.707106781187)
  );
#7185 = ORIENTED_EDGE('',*,*,#7186,.F.);
#7186 = EDGE_CURVE('',#7187,#7179,#7189,.T.);
#7187 = VERTEX_POINT('',#7188);
#7188 = CARTESIAN_POINT('',(240.,162.,-1.5));
#7189 = CIRCLE('',#7190,4.);
#7190 = AXIS2_PLACEMENT_3D('',#7191,#7192,#7193);
#7191 = CARTESIAN_POINT('',(236.,162.,-1.5));
#7192 = DIRECTION('',(0.,0.,-1.));
#7193 = DIRECTION('',(-1.,0.,-0.));
#7194 = ORIENTED_EDGE('',*,*,#7195,.F.);
#7195 = EDGE_CURVE('',#7179,#7187,#7196,.T.);
#7196 = CIRCLE('',#7197,4.);
#7197 = AXIS2_PLACEMENT_3D('',#7198,#7199,#7200);
#7198 = CARTESIAN_POINT('',(236.,162.,-1.5));
#7199 = DIRECTION('',(0.,0.,-1.));
#7200 = DIRECTION('',(-1.,0.,-0.));
#7201 = ORIENTED_EDGE('',*,*,#7178,.F.);
#7202 = ORIENTED_EDGE('',*,*,#6786,.T.);
#7203 = CONICAL_SURFACE('',#7204,5.5,0.785398163397);
#7204 = AXIS2_PLACEMENT_3D('',#7205,#7206,#7207);
#7205 = CARTESIAN_POINT('',(236.,162.,0.));
#7206 = DIRECTION('',(-0.,-0.,1.));
#7207 = DIRECTION('',(-1.,0.,-0.));
#7208 = ADVANCED_FACE('',(#7209),#7229,.T.);
#7209 = FACE_BOUND('',#7210,.T.);
#7210 = EDGE_LOOP('',(#7211,#7212,#7220,#7227,#7228));
#7211 = ORIENTED_EDGE('',*,*,#7195,.T.);
#7212 = ORIENTED_EDGE('',*,*,#7213,.F.);
#7213 = EDGE_CURVE('',#7214,#7187,#7216,.T.);
#7214 = VERTEX_POINT('',#7215);
#7215 = CARTESIAN_POINT('',(240.,162.,-3.));
#7216 = LINE('',#7217,#7218);
#7217 = CARTESIAN_POINT('',(240.,162.,-3.));
#7218 = VECTOR('',#7219,1.);
#7219 = DIRECTION('',(0.,0.,1.));
#7220 = ORIENTED_EDGE('',*,*,#7221,.T.);
#7221 = EDGE_CURVE('',#7214,#7214,#7222,.T.);
#7222 = CIRCLE('',#7223,4.);
#7223 = AXIS2_PLACEMENT_3D('',#7224,#7225,#7226);
#7224 = CARTESIAN_POINT('',(236.,162.,-3.));
#7225 = DIRECTION('',(0.,0.,1.));
#7226 = DIRECTION('',(1.,0.,-0.));
#7227 = ORIENTED_EDGE('',*,*,#7213,.T.);
#7228 = ORIENTED_EDGE('',*,*,#7186,.T.);
#7229 = CYLINDRICAL_SURFACE('',#7230,4.);
#7230 = AXIS2_PLACEMENT_3D('',#7231,#7232,#7233);
#7231 = CARTESIAN_POINT('',(236.,162.,-3.));
#7232 = DIRECTION('',(0.,0.,1.));
#7233 = DIRECTION('',(1.,0.,-0.));
#7234 = ADVANCED_FACE('',(#7235),#7238,.F.);
#7235 = FACE_BOUND('',#7236,.T.);
#7236 = EDGE_LOOP('',(#7237));
#7237 = ORIENTED_EDGE('',*,*,#7221,.F.);
#7238 = PLANE('',#7239);
#7239 = AXIS2_PLACEMENT_3D('',#7240,#7241,#7242);
#7240 = CARTESIAN_POINT('',(236.,162.,-3.));
#7241 = DIRECTION('',(0.,0.,1.));
#7242 = DIRECTION('',(1.,0.,-0.));
#7243 = ADVANCED_FACE('',(#7244),#7272,.T.);
#7244 = FACE_BOUND('',#7245,.T.);
#7245 = EDGE_LOOP('',(#7246,#7254,#7263,#7270,#7271));
#7246 = ORIENTED_EDGE('',*,*,#7247,.T.);
#7247 = EDGE_CURVE('',#6798,#7248,#7250,.T.);
#7248 = VERTEX_POINT('',#7249);
#7249 = CARTESIAN_POINT('',(158.,236.,-1.5));
#7250 = LINE('',#7251,#7252);
#7251 = CARTESIAN_POINT('',(156.5,236.,0.));
#7252 = VECTOR('',#7253,1.);
#7253 = DIRECTION('',(0.707106781187,1.731912112471E-16,-0.707106781187)
  );
#7254 = ORIENTED_EDGE('',*,*,#7255,.F.);
#7255 = EDGE_CURVE('',#7256,#7248,#7258,.T.);
#7256 = VERTEX_POINT('',#7257);
#7257 = CARTESIAN_POINT('',(166.,236.,-1.5));
#7258 = CIRCLE('',#7259,4.);
#7259 = AXIS2_PLACEMENT_3D('',#7260,#7261,#7262);
#7260 = CARTESIAN_POINT('',(162.,236.,-1.5));
#7261 = DIRECTION('',(0.,0.,-1.));
#7262 = DIRECTION('',(-1.,0.,-0.));
#7263 = ORIENTED_EDGE('',*,*,#7264,.F.);
#7264 = EDGE_CURVE('',#7248,#7256,#7265,.T.);
#7265 = CIRCLE('',#7266,4.);
#7266 = AXIS2_PLACEMENT_3D('',#7267,#7268,#7269);
#7267 = CARTESIAN_POINT('',(162.,236.,-1.5));
#7268 = DIRECTION('',(0.,0.,-1.));
#7269 = DIRECTION('',(-1.,0.,-0.));
#7270 = ORIENTED_EDGE('',*,*,#7247,.F.);
#7271 = ORIENTED_EDGE('',*,*,#6797,.T.);
#7272 = CONICAL_SURFACE('',#7273,5.5,0.785398163397);
#7273 = AXIS2_PLACEMENT_3D('',#7274,#7275,#7276);
#7274 = CARTESIAN_POINT('',(162.,236.,0.));
#7275 = DIRECTION('',(-0.,-0.,1.));
#7276 = DIRECTION('',(-1.,0.,-0.));
#7277 = ADVANCED_FACE('',(#7278),#7298,.T.);
#7278 = FACE_BOUND('',#7279,.T.);
#7279 = EDGE_LOOP('',(#7280,#7281,#7289,#7296,#7297));
#7280 = ORIENTED_EDGE('',*,*,#7264,.T.);
#7281 = ORIENTED_EDGE('',*,*,#7282,.F.);
#7282 = EDGE_CURVE('',#7283,#7256,#7285,.T.);
#7283 = VERTEX_POINT('',#7284);
#7284 = CARTESIAN_POINT('',(166.,236.,-3.));
#7285 = LINE('',#7286,#7287);
#7286 = CARTESIAN_POINT('',(166.,236.,-3.));
#7287 = VECTOR('',#7288,1.);
#7288 = DIRECTION('',(0.,0.,1.));
#7289 = ORIENTED_EDGE('',*,*,#7290,.T.);
#7290 = EDGE_CURVE('',#7283,#7283,#7291,.T.);
#7291 = CIRCLE('',#7292,4.);
#7292 = AXIS2_PLACEMENT_3D('',#7293,#7294,#7295);
#7293 = CARTESIAN_POINT('',(162.,236.,-3.));
#7294 = DIRECTION('',(0.,0.,1.));
#7295 = DIRECTION('',(1.,0.,-0.));
#7296 = ORIENTED_EDGE('',*,*,#7282,.T.);
#7297 = ORIENTED_EDGE('',*,*,#7255,.T.);
#7298 = CYLINDRICAL_SURFACE('',#7299,4.);
#7299 = AXIS2_PLACEMENT_3D('',#7300,#7301,#7302);
#7300 = CARTESIAN_POINT('',(162.,236.,-3.));
#7301 = DIRECTION('',(0.,0.,1.));
#7302 = DIRECTION('',(1.,0.,-0.));
#7303 = ADVANCED_FACE('',(#7304),#7307,.F.);
#7304 = FACE_BOUND('',#7305,.T.);
#7305 = EDGE_LOOP('',(#7306));
#7306 = ORIENTED_EDGE('',*,*,#7290,.F.);
#7307 = PLANE('',#7308);
#7308 = AXIS2_PLACEMENT_3D('',#7309,#7310,#7311);
#7309 = CARTESIAN_POINT('',(162.,236.,-3.));
#7310 = DIRECTION('',(0.,0.,1.));
#7311 = DIRECTION('',(1.,0.,-0.));
#7312 = ADVANCED_FACE('',(#7313),#7341,.T.);
#7313 = FACE_BOUND('',#7314,.T.);
#7314 = EDGE_LOOP('',(#7315,#7323,#7332,#7339,#7340));
#7315 = ORIENTED_EDGE('',*,*,#7316,.T.);
#7316 = EDGE_CURVE('',#6809,#7317,#7319,.T.);
#7317 = VERTEX_POINT('',#7318);
#7318 = CARTESIAN_POINT('',(232.,216.,-1.5));
#7319 = LINE('',#7320,#7321);
#7320 = CARTESIAN_POINT('',(230.5,216.,0.));
#7321 = VECTOR('',#7322,1.);
#7322 = DIRECTION('',(0.707106781187,1.731912112471E-16,-0.707106781187)
  );
#7323 = ORIENTED_EDGE('',*,*,#7324,.F.);
#7324 = EDGE_CURVE('',#7325,#7317,#7327,.T.);
#7325 = VERTEX_POINT('',#7326);
#7326 = CARTESIAN_POINT('',(240.,216.,-1.5));
#7327 = CIRCLE('',#7328,4.);
#7328 = AXIS2_PLACEMENT_3D('',#7329,#7330,#7331);
#7329 = CARTESIAN_POINT('',(236.,216.,-1.5));
#7330 = DIRECTION('',(0.,0.,-1.));
#7331 = DIRECTION('',(-1.,0.,-0.));
#7332 = ORIENTED_EDGE('',*,*,#7333,.F.);
#7333 = EDGE_CURVE('',#7317,#7325,#7334,.T.);
#7334 = CIRCLE('',#7335,4.);
#7335 = AXIS2_PLACEMENT_3D('',#7336,#7337,#7338);
#7336 = CARTESIAN_POINT('',(236.,216.,-1.5));
#7337 = DIRECTION('',(0.,0.,-1.));
#7338 = DIRECTION('',(-1.,0.,-0.));
#7339 = ORIENTED_EDGE('',*,*,#7316,.F.);
#7340 = ORIENTED_EDGE('',*,*,#6808,.T.);
#7341 = CONICAL_SURFACE('',#7342,5.5,0.785398163397);
#7342 = AXIS2_PLACEMENT_3D('',#7343,#7344,#7345);
#7343 = CARTESIAN_POINT('',(236.,216.,0.));
#7344 = DIRECTION('',(-0.,-0.,1.));
#7345 = DIRECTION('',(-1.,0.,-0.));
#7346 = ADVANCED_FACE('',(#7347),#7367,.T.);
#7347 = FACE_BOUND('',#7348,.T.);
#7348 = EDGE_LOOP('',(#7349,#7350,#7358,#7365,#7366));
#7349 = ORIENTED_EDGE('',*,*,#7333,.T.);
#7350 = ORIENTED_EDGE('',*,*,#7351,.F.);
#7351 = EDGE_CURVE('',#7352,#7325,#7354,.T.);
#7352 = VERTEX_POINT('',#7353);
#7353 = CARTESIAN_POINT('',(240.,216.,-3.));
#7354 = LINE('',#7355,#7356);
#7355 = CARTESIAN_POINT('',(240.,216.,-3.));
#7356 = VECTOR('',#7357,1.);
#7357 = DIRECTION('',(0.,0.,1.));
#7358 = ORIENTED_EDGE('',*,*,#7359,.T.);
#7359 = EDGE_CURVE('',#7352,#7352,#7360,.T.);
#7360 = CIRCLE('',#7361,4.);
#7361 = AXIS2_PLACEMENT_3D('',#7362,#7363,#7364);
#7362 = CARTESIAN_POINT('',(236.,216.,-3.));
#7363 = DIRECTION('',(0.,0.,1.));
#7364 = DIRECTION('',(1.,0.,-0.));
#7365 = ORIENTED_EDGE('',*,*,#7351,.T.);
#7366 = ORIENTED_EDGE('',*,*,#7324,.T.);
#7367 = CYLINDRICAL_SURFACE('',#7368,4.);
#7368 = AXIS2_PLACEMENT_3D('',#7369,#7370,#7371);
#7369 = CARTESIAN_POINT('',(236.,216.,-3.));
#7370 = DIRECTION('',(0.,0.,1.));
#7371 = DIRECTION('',(1.,0.,-0.));
#7372 = ADVANCED_FACE('',(#7373),#7376,.F.);
#7373 = FACE_BOUND('',#7374,.T.);
#7374 = EDGE_LOOP('',(#7375));
#7375 = ORIENTED_EDGE('',*,*,#7359,.F.);
#7376 = PLANE('',#7377);
#7377 = AXIS2_PLACEMENT_3D('',#7378,#7379,#7380);
#7378 = CARTESIAN_POINT('',(236.,216.,-3.));
#7379 = DIRECTION('',(0.,0.,1.));
#7380 = DIRECTION('',(1.,0.,-0.));
#7381 = ADVANCED_FACE('',(#7382),#7410,.T.);
#7382 = FACE_BOUND('',#7383,.T.);
#7383 = EDGE_LOOP('',(#7384,#7392,#7401,#7408,#7409));
#7384 = ORIENTED_EDGE('',*,*,#7385,.T.);
#7385 = EDGE_CURVE('',#6820,#7386,#7388,.T.);
#7386 = VERTEX_POINT('',#7387);
#7387 = CARTESIAN_POINT('',(212.,236.,-1.5));
#7388 = LINE('',#7389,#7390);
#7389 = CARTESIAN_POINT('',(210.5,236.,0.));
#7390 = VECTOR('',#7391,1.);
#7391 = DIRECTION('',(0.707106781187,1.731912112471E-16,-0.707106781187)
  );
#7392 = ORIENTED_EDGE('',*,*,#7393,.F.);
#7393 = EDGE_CURVE('',#7394,#7386,#7396,.T.);
#7394 = VERTEX_POINT('',#7395);
#7395 = CARTESIAN_POINT('',(220.,236.,-1.5));
#7396 = CIRCLE('',#7397,4.);
#7397 = AXIS2_PLACEMENT_3D('',#7398,#7399,#7400);
#7398 = CARTESIAN_POINT('',(216.,236.,-1.5));
#7399 = DIRECTION('',(0.,0.,-1.));
#7400 = DIRECTION('',(-1.,0.,-0.));
#7401 = ORIENTED_EDGE('',*,*,#7402,.F.);
#7402 = EDGE_CURVE('',#7386,#7394,#7403,.T.);
#7403 = CIRCLE('',#7404,4.);
#7404 = AXIS2_PLACEMENT_3D('',#7405,#7406,#7407);
#7405 = CARTESIAN_POINT('',(216.,236.,-1.5));
#7406 = DIRECTION('',(0.,0.,-1.));
#7407 = DIRECTION('',(-1.,0.,-0.));
#7408 = ORIENTED_EDGE('',*,*,#7385,.F.);
#7409 = ORIENTED_EDGE('',*,*,#6819,.T.);
#7410 = CONICAL_SURFACE('',#7411,5.5,0.785398163397);
#7411 = AXIS2_PLACEMENT_3D('',#7412,#7413,#7414);
#7412 = CARTESIAN_POINT('',(216.,236.,0.));
#7413 = DIRECTION('',(-0.,-0.,1.));
#7414 = DIRECTION('',(-1.,0.,-0.));
#7415 = ADVANCED_FACE('',(#7416),#7436,.T.);
#7416 = FACE_BOUND('',#7417,.T.);
#7417 = EDGE_LOOP('',(#7418,#7419,#7427,#7434,#7435));
#7418 = ORIENTED_EDGE('',*,*,#7402,.T.);
#7419 = ORIENTED_EDGE('',*,*,#7420,.F.);
#7420 = EDGE_CURVE('',#7421,#7394,#7423,.T.);
#7421 = VERTEX_POINT('',#7422);
#7422 = CARTESIAN_POINT('',(220.,236.,-3.));
#7423 = LINE('',#7424,#7425);
#7424 = CARTESIAN_POINT('',(220.,236.,-3.));
#7425 = VECTOR('',#7426,1.);
#7426 = DIRECTION('',(0.,0.,1.));
#7427 = ORIENTED_EDGE('',*,*,#7428,.T.);
#7428 = EDGE_CURVE('',#7421,#7421,#7429,.T.);
#7429 = CIRCLE('',#7430,4.);
#7430 = AXIS2_PLACEMENT_3D('',#7431,#7432,#7433);
#7431 = CARTESIAN_POINT('',(216.,236.,-3.));
#7432 = DIRECTION('',(0.,0.,1.));
#7433 = DIRECTION('',(1.,0.,-0.));
#7434 = ORIENTED_EDGE('',*,*,#7420,.T.);
#7435 = ORIENTED_EDGE('',*,*,#7393,.T.);
#7436 = CYLINDRICAL_SURFACE('',#7437,4.);
#7437 = AXIS2_PLACEMENT_3D('',#7438,#7439,#7440);
#7438 = CARTESIAN_POINT('',(216.,236.,-3.));
#7439 = DIRECTION('',(0.,0.,1.));
#7440 = DIRECTION('',(1.,0.,-0.));
#7441 = ADVANCED_FACE('',(#7442),#7445,.F.);
#7442 = FACE_BOUND('',#7443,.T.);
#7443 = EDGE_LOOP('',(#7444));
#7444 = ORIENTED_EDGE('',*,*,#7428,.F.);
#7445 = PLANE('',#7446);
#7446 = AXIS2_PLACEMENT_3D('',#7447,#7448,#7449);
#7447 = CARTESIAN_POINT('',(216.,236.,-3.));
#7448 = DIRECTION('',(0.,0.,1.));
#7449 = DIRECTION('',(1.,0.,-0.));
#7450 = ADVANCED_FACE('',(#7451),#7467,.T.);
#7451 = FACE_BOUND('',#7452,.T.);
#7452 = EDGE_LOOP('',(#7453,#7454,#7460,#7461));
#7453 = ORIENTED_EDGE('',*,*,#496,.F.);
#7454 = ORIENTED_EDGE('',*,*,#7455,.F.);
#7455 = EDGE_CURVE('',#3625,#444,#7456,.T.);
#7456 = LINE('',#7457,#7458);
#7457 = CARTESIAN_POINT('',(205.,-237.5,0.));
#7458 = VECTOR('',#7459,1.);
#7459 = DIRECTION('',(-0.,1.,0.));
#7460 = ORIENTED_EDGE('',*,*,#3624,.F.);
#7461 = ORIENTED_EDGE('',*,*,#7462,.T.);
#7462 = EDGE_CURVE('',#3616,#497,#7463,.T.);
#7463 = LINE('',#7464,#7465);
#7464 = CARTESIAN_POINT('',(199.,-200.5,0.));
#7465 = VECTOR('',#7466,1.);
#7466 = DIRECTION('',(-0.,1.,0.));
#7467 = PLANE('',#7468);
#7468 = AXIS2_PLACEMENT_3D('',#7469,#7470,#7471);
#7469 = CARTESIAN_POINT('',(201.95264771841,-1.410995391811E-14,0.));
#7470 = DIRECTION('',(-0.,-0.,-1.));
#7471 = DIRECTION('',(-1.,0.,0.));
#7472 = ADVANCED_FACE('',(#7473),#7493,.F.);
#7473 = FACE_BOUND('',#7474,.T.);
#7474 = EDGE_LOOP('',(#7475,#7476,#7477,#7483,#7484,#7490,#7491,#7492));
#7475 = ORIENTED_EDGE('',*,*,#1862,.T.);
#7476 = ORIENTED_EDGE('',*,*,#2672,.F.);
#7477 = ORIENTED_EDGE('',*,*,#7478,.F.);
#7478 = EDGE_CURVE('',#3025,#2665,#7479,.T.);
#7479 = LINE('',#7480,#7481);
#7480 = CARTESIAN_POINT('',(199.,-199.,-22.));
#7481 = VECTOR('',#7482,1.);
#7482 = DIRECTION('',(-0.,1.,0.));
#7483 = ORIENTED_EDGE('',*,*,#3024,.T.);
#7484 = ORIENTED_EDGE('',*,*,#7485,.T.);
#7485 = EDGE_CURVE('',#3027,#2362,#7486,.T.);
#7486 = LINE('',#7487,#7488);
#7487 = CARTESIAN_POINT('',(195.,-197.,-22.));
#7488 = VECTOR('',#7489,1.);
#7489 = DIRECTION('',(-0.,1.,0.));
#7490 = ORIENTED_EDGE('',*,*,#2369,.T.);
#7491 = ORIENTED_EDGE('',*,*,#1569,.T.);
#7492 = ORIENTED_EDGE('',*,*,#1188,.T.);
#7493 = PLANE('',#7494);
#7494 = AXIS2_PLACEMENT_3D('',#7495,#7496,#7497);
#7495 = CARTESIAN_POINT('',(-199.,-199.,-22.));
#7496 = DIRECTION('',(0.,0.,1.));
#7497 = DIRECTION('',(1.,0.,-0.));
#7498 = ADVANCED_FACE('',(#7499),#7505,.F.);
#7499 = FACE_BOUND('',#7500,.T.);
#7500 = EDGE_LOOP('',(#7501,#7502,#7503,#7504));
#7501 = ORIENTED_EDGE('',*,*,#1341,.F.);
#7502 = ORIENTED_EDGE('',*,*,#6610,.T.);
#7503 = ORIENTED_EDGE('',*,*,#3081,.F.);
#7504 = ORIENTED_EDGE('',*,*,#6704,.F.);
#7505 = PLANE('',#7506);
#7506 = AXIS2_PLACEMENT_3D('',#7507,#7508,#7509);
#7507 = CARTESIAN_POINT('',(268.,258.,2.));
#7508 = DIRECTION('',(-0.707106781187,-1.415442289654E-17,0.707106781187
    ));
#7509 = DIRECTION('',(-1.000868841393E-17,1.,1.000868841393E-17));
#7510 = ADVANCED_FACE('',(#7511,#7519,#7530,#7541),#7552,.F.);
#7511 = FACE_BOUND('',#7512,.T.);
#7512 = EDGE_LOOP('',(#7513,#7514,#7515,#7516,#7517,#7518));
#7513 = ORIENTED_EDGE('',*,*,#1414,.T.);
#7514 = ORIENTED_EDGE('',*,*,#2078,.F.);
#7515 = ORIENTED_EDGE('',*,*,#6687,.T.);
#7516 = ORIENTED_EDGE('',*,*,#3066,.T.);
#7517 = ORIENTED_EDGE('',*,*,#2972,.F.);
#7518 = ORIENTED_EDGE('',*,*,#2062,.T.);
#7519 = FACE_BOUND('',#7520,.F.);
#7520 = EDGE_LOOP('',(#7521));
#7521 = ORIENTED_EDGE('',*,*,#7522,.F.);
#7522 = EDGE_CURVE('',#7523,#7523,#7525,.T.);
#7523 = VERTEX_POINT('',#7524);
#7524 = CARTESIAN_POINT('',(200.,155.5,19.));
#7525 = CIRCLE('',#7526,2.);
#7526 = AXIS2_PLACEMENT_3D('',#7527,#7528,#7529);
#7527 = CARTESIAN_POINT('',(200.,155.5,17.));
#7528 = DIRECTION('',(1.,0.,-0.));
#7529 = DIRECTION('',(0.,0.,1.));
#7530 = FACE_BOUND('',#7531,.F.);
#7531 = EDGE_LOOP('',(#7532));
#7532 = ORIENTED_EDGE('',*,*,#7533,.F.);
#7533 = EDGE_CURVE('',#7534,#7534,#7536,.T.);
#7534 = VERTEX_POINT('',#7535);
#7535 = CARTESIAN_POINT('',(200.,109.5,19.));
#7536 = CIRCLE('',#7537,2.);
#7537 = AXIS2_PLACEMENT_3D('',#7538,#7539,#7540);
#7538 = CARTESIAN_POINT('',(200.,109.5,17.));
#7539 = DIRECTION('',(1.,0.,-0.));
#7540 = DIRECTION('',(0.,0.,1.));
#7541 = FACE_BOUND('',#7542,.F.);
#7542 = EDGE_LOOP('',(#7543));
#7543 = ORIENTED_EDGE('',*,*,#7544,.F.);
#7544 = EDGE_CURVE('',#7545,#7545,#7547,.T.);
#7545 = VERTEX_POINT('',#7546);
#7546 = CARTESIAN_POINT('',(200.,63.5,19.));
#7547 = CIRCLE('',#7548,2.);
#7548 = AXIS2_PLACEMENT_3D('',#7549,#7550,#7551);
#7549 = CARTESIAN_POINT('',(200.,63.5,17.));
#7550 = DIRECTION('',(1.,0.,-0.));
#7551 = DIRECTION('',(0.,0.,1.));
#7552 = PLANE('',#7553);
#7553 = AXIS2_PLACEMENT_3D('',#7554,#7555,#7556);
#7554 = CARTESIAN_POINT('',(200.,-200.,-1.));
#7555 = DIRECTION('',(1.,0.,-0.));
#7556 = DIRECTION('',(0.,0.,1.));
#7557 = ADVANCED_FACE('',(#7558),#7577,.F.);
#7558 = FACE_BOUND('',#7559,.F.);
#7559 = EDGE_LOOP('',(#7560,#7569,#7575,#7576));
#7560 = ORIENTED_EDGE('',*,*,#7561,.F.);
#7561 = EDGE_CURVE('',#7562,#7562,#7564,.T.);
#7562 = VERTEX_POINT('',#7563);
#7563 = CARTESIAN_POINT('',(208.,155.5,19.));
#7564 = CIRCLE('',#7565,2.);
#7565 = AXIS2_PLACEMENT_3D('',#7566,#7567,#7568);
#7566 = CARTESIAN_POINT('',(208.,155.5,17.));
#7567 = DIRECTION('',(1.,0.,-0.));
#7568 = DIRECTION('',(0.,0.,1.));
#7569 = ORIENTED_EDGE('',*,*,#7570,.F.);
#7570 = EDGE_CURVE('',#7523,#7562,#7571,.T.);
#7571 = LINE('',#7572,#7573);
#7572 = CARTESIAN_POINT('',(199.,155.5,19.));
#7573 = VECTOR('',#7574,1.);
#7574 = DIRECTION('',(1.,0.,0.));
#7575 = ORIENTED_EDGE('',*,*,#7522,.T.);
#7576 = ORIENTED_EDGE('',*,*,#7570,.T.);
#7577 = CYLINDRICAL_SURFACE('',#7578,2.);
#7578 = AXIS2_PLACEMENT_3D('',#7579,#7580,#7581);
#7579 = CARTESIAN_POINT('',(199.,155.5,17.));
#7580 = DIRECTION('',(1.,0.,0.));
#7581 = DIRECTION('',(0.,0.,1.));
#7582 = ADVANCED_FACE('',(#7583,#7697),#7700,.T.);
#7583 = FACE_BOUND('',#7584,.T.);
#7584 = EDGE_LOOP('',(#7585,#7595,#7603,#7611,#7619,#7627,#7635,#7643,
    #7651,#7659,#7667,#7675,#7683,#7691));
#7585 = ORIENTED_EDGE('',*,*,#7586,.F.);
#7586 = EDGE_CURVE('',#7587,#7589,#7591,.T.);
#7587 = VERTEX_POINT('',#7588);
#7588 = CARTESIAN_POINT('',(208.,134.,4.));
#7589 = VERTEX_POINT('',#7590);
#7590 = CARTESIAN_POINT('',(208.,134.,20.));
#7591 = LINE('',#7592,#7593);
#7592 = CARTESIAN_POINT('',(208.,134.,4.));
#7593 = VECTOR('',#7594,1.);
#7594 = DIRECTION('',(0.,0.,1.));
#7595 = ORIENTED_EDGE('',*,*,#7596,.T.);
#7596 = EDGE_CURVE('',#7587,#7597,#7599,.T.);
#7597 = VERTEX_POINT('',#7598);
#7598 = CARTESIAN_POINT('',(208.,177.,4.));
#7599 = LINE('',#7600,#7601);
#7600 = CARTESIAN_POINT('',(208.,134.,4.));
#7601 = VECTOR('',#7602,1.);
#7602 = DIRECTION('',(0.,1.,0.));
#7603 = ORIENTED_EDGE('',*,*,#7604,.T.);
#7604 = EDGE_CURVE('',#7597,#7605,#7607,.T.);
#7605 = VERTEX_POINT('',#7606);
#7606 = CARTESIAN_POINT('',(208.,177.,20.));
#7607 = LINE('',#7608,#7609);
#7608 = CARTESIAN_POINT('',(208.,177.,4.));
#7609 = VECTOR('',#7610,1.);
#7610 = DIRECTION('',(0.,0.,1.));
#7611 = ORIENTED_EDGE('',*,*,#7612,.F.);
#7612 = EDGE_CURVE('',#7613,#7605,#7615,.T.);
#7613 = VERTEX_POINT('',#7614);
#7614 = CARTESIAN_POINT('',(208.,170.,20.));
#7615 = LINE('',#7616,#7617);
#7616 = CARTESIAN_POINT('',(208.,134.,20.));
#7617 = VECTOR('',#7618,1.);
#7618 = DIRECTION('',(0.,1.,0.));
#7619 = ORIENTED_EDGE('',*,*,#7620,.F.);
#7620 = EDGE_CURVE('',#7621,#7613,#7623,.T.);
#7621 = VERTEX_POINT('',#7622);
#7622 = CARTESIAN_POINT('',(208.,170.,15.));
#7623 = LINE('',#7624,#7625);
#7624 = CARTESIAN_POINT('',(208.,170.,14.5));
#7625 = VECTOR('',#7626,1.);
#7626 = DIRECTION('',(0.,0.,1.));
#7627 = ORIENTED_EDGE('',*,*,#7628,.F.);
#7628 = EDGE_CURVE('',#7629,#7621,#7631,.T.);
#7629 = VERTEX_POINT('',#7630);
#7630 = CARTESIAN_POINT('',(208.,165.,10.));
#7631 = LINE('',#7632,#7633);
#7632 = CARTESIAN_POINT('',(208.,158.25,3.25));
#7633 = VECTOR('',#7634,1.);
#7634 = DIRECTION('',(-0.,0.707106781187,0.707106781187));
#7635 = ORIENTED_EDGE('',*,*,#7636,.F.);
#7636 = EDGE_CURVE('',#7637,#7629,#7639,.T.);
#7637 = VERTEX_POINT('',#7638);
#7638 = CARTESIAN_POINT('',(208.,160.,15.));
#7639 = LINE('',#7640,#7641);
#7640 = CARTESIAN_POINT('',(208.,158.75,16.25));
#7641 = VECTOR('',#7642,1.);
#7642 = DIRECTION('',(0.,0.707106781187,-0.707106781187));
#7643 = ORIENTED_EDGE('',*,*,#7644,.F.);
#7644 = EDGE_CURVE('',#7645,#7637,#7647,.T.);
#7645 = VERTEX_POINT('',#7646);
#7646 = CARTESIAN_POINT('',(208.,160.,20.));
#7647 = LINE('',#7648,#7649);
#7648 = CARTESIAN_POINT('',(208.,160.,9.5));
#7649 = VECTOR('',#7650,1.);
#7650 = DIRECTION('',(0.,0.,-1.));
#7651 = ORIENTED_EDGE('',*,*,#7652,.F.);
#7652 = EDGE_CURVE('',#7653,#7645,#7655,.T.);
#7653 = VERTEX_POINT('',#7654);
#7654 = CARTESIAN_POINT('',(208.,145.,20.));
#7655 = LINE('',#7656,#7657);
#7656 = CARTESIAN_POINT('',(208.,134.,20.));
#7657 = VECTOR('',#7658,1.);
#7658 = DIRECTION('',(0.,1.,0.));
#7659 = ORIENTED_EDGE('',*,*,#7660,.F.);
#7660 = EDGE_CURVE('',#7661,#7653,#7663,.T.);
#7661 = VERTEX_POINT('',#7662);
#7662 = CARTESIAN_POINT('',(208.,145.,15.));
#7663 = LINE('',#7664,#7665);
#7664 = CARTESIAN_POINT('',(208.,145.,14.5));
#7665 = VECTOR('',#7666,1.);
#7666 = DIRECTION('',(0.,0.,1.));
#7667 = ORIENTED_EDGE('',*,*,#7668,.F.);
#7668 = EDGE_CURVE('',#7669,#7661,#7671,.T.);
#7669 = VERTEX_POINT('',#7670);
#7670 = CARTESIAN_POINT('',(208.,140.,10.));
#7671 = LINE('',#7672,#7673);
#7672 = CARTESIAN_POINT('',(208.,139.5,9.5));
#7673 = VECTOR('',#7674,1.);
#7674 = DIRECTION('',(-0.,0.707106781187,0.707106781187));
#7675 = ORIENTED_EDGE('',*,*,#7676,.F.);
#7676 = EDGE_CURVE('',#7677,#7669,#7679,.T.);
#7677 = VERTEX_POINT('',#7678);
#7678 = CARTESIAN_POINT('',(208.,135.,15.));
#7679 = LINE('',#7680,#7681);
#7680 = CARTESIAN_POINT('',(208.,140.,10.));
#7681 = VECTOR('',#7682,1.);
#7682 = DIRECTION('',(0.,0.707106781187,-0.707106781187));
#7683 = ORIENTED_EDGE('',*,*,#7684,.F.);
#7684 = EDGE_CURVE('',#7685,#7677,#7687,.T.);
#7685 = VERTEX_POINT('',#7686);
#7686 = CARTESIAN_POINT('',(208.,135.,20.));
#7687 = LINE('',#7688,#7689);
#7688 = CARTESIAN_POINT('',(208.,135.,9.5));
#7689 = VECTOR('',#7690,1.);
#7690 = DIRECTION('',(0.,0.,-1.));
#7691 = ORIENTED_EDGE('',*,*,#7692,.F.);
#7692 = EDGE_CURVE('',#7589,#7685,#7693,.T.);
#7693 = LINE('',#7694,#7695);
#7694 = CARTESIAN_POINT('',(208.,134.,20.));
#7695 = VECTOR('',#7696,1.);
#7696 = DIRECTION('',(0.,1.,0.));
#7697 = FACE_BOUND('',#7698,.T.);
#7698 = EDGE_LOOP('',(#7699));
#7699 = ORIENTED_EDGE('',*,*,#7561,.F.);
#7700 = PLANE('',#7701);
#7701 = AXIS2_PLACEMENT_3D('',#7702,#7703,#7704);
#7702 = CARTESIAN_POINT('',(208.,134.,4.));
#7703 = DIRECTION('',(1.,0.,0.));
#7704 = DIRECTION('',(0.,0.,1.));
#7705 = ADVANCED_FACE('',(#7706),#7739,.T.);
#7706 = FACE_BOUND('',#7707,.T.);
#7707 = EDGE_LOOP('',(#7708,#7709,#7717,#7725,#7733));
#7708 = ORIENTED_EDGE('',*,*,#7586,.T.);
#7709 = ORIENTED_EDGE('',*,*,#7710,.T.);
#7710 = EDGE_CURVE('',#7589,#7711,#7713,.T.);
#7711 = VERTEX_POINT('',#7712);
#7712 = CARTESIAN_POINT('',(225.,134.,20.));
#7713 = LINE('',#7714,#7715);
#7714 = CARTESIAN_POINT('',(208.,134.,20.));
#7715 = VECTOR('',#7716,1.);
#7716 = DIRECTION('',(1.,0.,0.));
#7717 = ORIENTED_EDGE('',*,*,#7718,.T.);
#7718 = EDGE_CURVE('',#7711,#7719,#7721,.T.);
#7719 = VERTEX_POINT('',#7720);
#7720 = CARTESIAN_POINT('',(225.,134.,4.));
#7721 = LINE('',#7722,#7723);
#7722 = CARTESIAN_POINT('',(225.,134.,20.));
#7723 = VECTOR('',#7724,1.);
#7724 = DIRECTION('',(0.,0.,-1.));
#7725 = ORIENTED_EDGE('',*,*,#7726,.T.);
#7726 = EDGE_CURVE('',#7719,#7727,#7729,.T.);
#7727 = VERTEX_POINT('',#7728);
#7728 = CARTESIAN_POINT('',(216.5,134.,13.11513403521));
#7729 = LINE('',#7730,#7731);
#7730 = CARTESIAN_POINT('',(225.,134.,4.));
#7731 = VECTOR('',#7732,1.);
#7732 = DIRECTION('',(-0.681998360062,0.,0.731353701619));
#7733 = ORIENTED_EDGE('',*,*,#7734,.T.);
#7734 = EDGE_CURVE('',#7727,#7587,#7735,.T.);
#7735 = LINE('',#7736,#7737);
#7736 = CARTESIAN_POINT('',(216.5,134.,13.11513403521));
#7737 = VECTOR('',#7738,1.);
#7738 = DIRECTION('',(-0.681998360062,0.,-0.731353701619));
#7739 = PLANE('',#7740);
#7740 = AXIS2_PLACEMENT_3D('',#7741,#7742,#7743);
#7741 = CARTESIAN_POINT('',(216.5,134.,12.678933532167));
#7742 = DIRECTION('',(0.,1.,0.));
#7743 = DIRECTION('',(0.,0.,1.));
#7744 = ADVANCED_FACE('',(#7745),#7763,.T.);
#7745 = FACE_BOUND('',#7746,.T.);
#7746 = EDGE_LOOP('',(#7747,#7748,#7749,#7757));
#7747 = ORIENTED_EDGE('',*,*,#7710,.F.);
#7748 = ORIENTED_EDGE('',*,*,#7692,.T.);
#7749 = ORIENTED_EDGE('',*,*,#7750,.F.);
#7750 = EDGE_CURVE('',#7751,#7685,#7753,.T.);
#7751 = VERTEX_POINT('',#7752);
#7752 = CARTESIAN_POINT('',(225.,135.,20.));
#7753 = LINE('',#7754,#7755);
#7754 = CARTESIAN_POINT('',(204.,135.,20.));
#7755 = VECTOR('',#7756,1.);
#7756 = DIRECTION('',(-1.,-0.,-0.));
#7757 = ORIENTED_EDGE('',*,*,#7758,.F.);
#7758 = EDGE_CURVE('',#7711,#7751,#7759,.T.);
#7759 = LINE('',#7760,#7761);
#7760 = CARTESIAN_POINT('',(225.,134.,20.));
#7761 = VECTOR('',#7762,1.);
#7762 = DIRECTION('',(0.,1.,0.));
#7763 = PLANE('',#7764);
#7764 = AXIS2_PLACEMENT_3D('',#7765,#7766,#7767);
#7765 = CARTESIAN_POINT('',(208.,134.,20.));
#7766 = DIRECTION('',(0.,0.,-1.));
#7767 = DIRECTION('',(1.,0.,0.));
#7768 = ADVANCED_FACE('',(#7769),#7787,.T.);
#7769 = FACE_BOUND('',#7770,.T.);
#7770 = EDGE_LOOP('',(#7771,#7772,#7780,#7786));
#7771 = ORIENTED_EDGE('',*,*,#7684,.T.);
#7772 = ORIENTED_EDGE('',*,*,#7773,.T.);
#7773 = EDGE_CURVE('',#7677,#7774,#7776,.T.);
#7774 = VERTEX_POINT('',#7775);
#7775 = CARTESIAN_POINT('',(225.,135.,15.));
#7776 = LINE('',#7777,#7778);
#7777 = CARTESIAN_POINT('',(200.,135.,15.));
#7778 = VECTOR('',#7779,1.);
#7779 = DIRECTION('',(1.,0.,0.));
#7780 = ORIENTED_EDGE('',*,*,#7781,.T.);
#7781 = EDGE_CURVE('',#7774,#7751,#7782,.T.);
#7782 = LINE('',#7783,#7784);
#7783 = CARTESIAN_POINT('',(225.,135.,15.));
#7784 = VECTOR('',#7785,1.);
#7785 = DIRECTION('',(0.,0.,1.));
#7786 = ORIENTED_EDGE('',*,*,#7750,.T.);
#7787 = PLANE('',#7788);
#7788 = AXIS2_PLACEMENT_3D('',#7789,#7790,#7791);
#7789 = CARTESIAN_POINT('',(200.,135.,15.));
#7790 = DIRECTION('',(0.,-1.,0.));
#7791 = DIRECTION('',(0.,0.,1.));
#7792 = ADVANCED_FACE('',(#7793),#7835,.T.);
#7793 = FACE_BOUND('',#7794,.T.);
#7794 = EDGE_LOOP('',(#7795,#7796,#7804,#7812,#7820,#7828,#7834));
#7795 = ORIENTED_EDGE('',*,*,#7676,.T.);
#7796 = ORIENTED_EDGE('',*,*,#7797,.T.);
#7797 = EDGE_CURVE('',#7669,#7798,#7800,.T.);
#7798 = VERTEX_POINT('',#7799);
#7799 = CARTESIAN_POINT('',(213.59509051682,140.,10.));
#7800 = LINE('',#7801,#7802);
#7801 = CARTESIAN_POINT('',(200.,140.,10.));
#7802 = VECTOR('',#7803,1.);
#7803 = DIRECTION('',(1.,0.,0.));
#7804 = ORIENTED_EDGE('',*,*,#7805,.T.);
#7805 = EDGE_CURVE('',#7798,#7806,#7808,.T.);
#7806 = VERTEX_POINT('',#7807);
#7807 = CARTESIAN_POINT('',(216.5,136.88486596479,13.11513403521));
#7808 = LINE('',#7809,#7810);
#7809 = CARTESIAN_POINT('',(213.45639194553,140.14873600797,
    9.851263992023));
#7810 = VECTOR('',#7811,1.);
#7811 = DIRECTION('',(0.550486111274,-0.590324081033,0.590324081033));
#7812 = ORIENTED_EDGE('',*,*,#7813,.T.);
#7813 = EDGE_CURVE('',#7806,#7814,#7816,.T.);
#7814 = VERTEX_POINT('',#7815);
#7815 = CARTESIAN_POINT('',(219.40490948317,140.,10.));
#7816 = LINE('',#7817,#7818);
#7817 = CARTESIAN_POINT('',(217.31248052307,137.75614465524,
    12.243855344757));
#7818 = VECTOR('',#7819,1.);
#7819 = DIRECTION('',(0.550486111274,0.590324081033,-0.590324081033));
#7820 = ORIENTED_EDGE('',*,*,#7821,.T.);
#7821 = EDGE_CURVE('',#7814,#7822,#7824,.T.);
#7822 = VERTEX_POINT('',#7823);
#7823 = CARTESIAN_POINT('',(225.,140.,10.));
#7824 = LINE('',#7825,#7826);
#7825 = CARTESIAN_POINT('',(200.,140.,10.));
#7826 = VECTOR('',#7827,1.);
#7827 = DIRECTION('',(1.,0.,0.));
#7828 = ORIENTED_EDGE('',*,*,#7829,.T.);
#7829 = EDGE_CURVE('',#7822,#7774,#7830,.T.);
#7830 = LINE('',#7831,#7832);
#7831 = CARTESIAN_POINT('',(225.,140.,10.));
#7832 = VECTOR('',#7833,1.);
#7833 = DIRECTION('',(0.,-0.707106781187,0.707106781187));
#7834 = ORIENTED_EDGE('',*,*,#7773,.F.);
#7835 = PLANE('',#7836);
#7836 = AXIS2_PLACEMENT_3D('',#7837,#7838,#7839);
#7837 = CARTESIAN_POINT('',(200.,140.,10.));
#7838 = DIRECTION('',(0.,-0.707106781187,-0.707106781187));
#7839 = DIRECTION('',(0.,-0.707106781187,0.707106781187));
#7840 = ADVANCED_FACE('',(#7841),#7874,.T.);
#7841 = FACE_BOUND('',#7842,.T.);
#7842 = EDGE_LOOP('',(#7843,#7844,#7852,#7858,#7859,#7867,#7873));
#7843 = ORIENTED_EDGE('',*,*,#7668,.T.);
#7844 = ORIENTED_EDGE('',*,*,#7845,.T.);
#7845 = EDGE_CURVE('',#7661,#7846,#7848,.T.);
#7846 = VERTEX_POINT('',#7847);
#7847 = CARTESIAN_POINT('',(225.,145.,15.));
#7848 = LINE('',#7849,#7850);
#7849 = CARTESIAN_POINT('',(200.,145.,15.));
#7850 = VECTOR('',#7851,1.);
#7851 = DIRECTION('',(1.,0.,0.));
#7852 = ORIENTED_EDGE('',*,*,#7853,.T.);
#7853 = EDGE_CURVE('',#7846,#7822,#7854,.T.);
#7854 = LINE('',#7855,#7856);
#7855 = CARTESIAN_POINT('',(225.,145.,15.));
#7856 = VECTOR('',#7857,1.);
#7857 = DIRECTION('',(0.,-0.707106781187,-0.707106781187));
#7858 = ORIENTED_EDGE('',*,*,#7821,.F.);
#7859 = ORIENTED_EDGE('',*,*,#7860,.T.);
#7860 = EDGE_CURVE('',#7814,#7861,#7863,.T.);
#7861 = VERTEX_POINT('',#7862);
#7862 = CARTESIAN_POINT('',(216.5,143.11513403521,13.11513403521));
#7863 = LINE('',#7864,#7865);
#7864 = CARTESIAN_POINT('',(217.63744573083,141.8953728241,
    11.895372824109));
#7865 = VECTOR('',#7866,1.);
#7866 = DIRECTION('',(-0.550486111274,0.590324081033,0.590324081033));
#7867 = ORIENTED_EDGE('',*,*,#7868,.T.);
#7868 = EDGE_CURVE('',#7861,#7798,#7869,.T.);
#7869 = LINE('',#7870,#7871);
#7870 = CARTESIAN_POINT('',(213.13142673777,139.50278147137,
    9.502781471376));
#7871 = VECTOR('',#7872,1.);
#7872 = DIRECTION('',(-0.550486111274,-0.590324081033,-0.590324081033));
#7873 = ORIENTED_EDGE('',*,*,#7797,.F.);
#7874 = PLANE('',#7875);
#7875 = AXIS2_PLACEMENT_3D('',#7876,#7877,#7878);
#7876 = CARTESIAN_POINT('',(200.,145.,15.));
#7877 = DIRECTION('',(0.,0.707106781187,-0.707106781187));
#7878 = DIRECTION('',(0.,-0.707106781187,-0.707106781187));
#7879 = ADVANCED_FACE('',(#7880),#7898,.T.);
#7880 = FACE_BOUND('',#7881,.T.);
#7881 = EDGE_LOOP('',(#7882,#7890,#7896,#7897));
#7882 = ORIENTED_EDGE('',*,*,#7883,.T.);
#7883 = EDGE_CURVE('',#7653,#7884,#7886,.T.);
#7884 = VERTEX_POINT('',#7885);
#7885 = CARTESIAN_POINT('',(225.,145.,20.));
#7886 = LINE('',#7887,#7888);
#7887 = CARTESIAN_POINT('',(204.,145.,20.));
#7888 = VECTOR('',#7889,1.);
#7889 = DIRECTION('',(1.,-0.,0.));
#7890 = ORIENTED_EDGE('',*,*,#7891,.T.);
#7891 = EDGE_CURVE('',#7884,#7846,#7892,.T.);
#7892 = LINE('',#7893,#7894);
#7893 = CARTESIAN_POINT('',(225.,145.,25.));
#7894 = VECTOR('',#7895,1.);
#7895 = DIRECTION('',(0.,0.,-1.));
#7896 = ORIENTED_EDGE('',*,*,#7845,.F.);
#7897 = ORIENTED_EDGE('',*,*,#7660,.T.);
#7898 = PLANE('',#7899);
#7899 = AXIS2_PLACEMENT_3D('',#7900,#7901,#7902);
#7900 = CARTESIAN_POINT('',(200.,145.,25.));
#7901 = DIRECTION('',(0.,1.,0.));
#7902 = DIRECTION('',(0.,0.,-1.));
#7903 = ADVANCED_FACE('',(#7904),#7922,.T.);
#7904 = FACE_BOUND('',#7905,.T.);
#7905 = EDGE_LOOP('',(#7906,#7907,#7908,#7916));
#7906 = ORIENTED_EDGE('',*,*,#7883,.F.);
#7907 = ORIENTED_EDGE('',*,*,#7652,.T.);
#7908 = ORIENTED_EDGE('',*,*,#7909,.F.);
#7909 = EDGE_CURVE('',#7910,#7645,#7912,.T.);
#7910 = VERTEX_POINT('',#7911);
#7911 = CARTESIAN_POINT('',(225.,160.,20.));
#7912 = LINE('',#7913,#7914);
#7913 = CARTESIAN_POINT('',(204.,160.,20.));
#7914 = VECTOR('',#7915,1.);
#7915 = DIRECTION('',(-1.,-0.,-0.));
#7916 = ORIENTED_EDGE('',*,*,#7917,.F.);
#7917 = EDGE_CURVE('',#7884,#7910,#7918,.T.);
#7918 = LINE('',#7919,#7920);
#7919 = CARTESIAN_POINT('',(225.,134.,20.));
#7920 = VECTOR('',#7921,1.);
#7921 = DIRECTION('',(0.,1.,0.));
#7922 = PLANE('',#7923);
#7923 = AXIS2_PLACEMENT_3D('',#7924,#7925,#7926);
#7924 = CARTESIAN_POINT('',(208.,134.,20.));
#7925 = DIRECTION('',(0.,0.,-1.));
#7926 = DIRECTION('',(1.,0.,0.));
#7927 = ADVANCED_FACE('',(#7928),#7946,.T.);
#7928 = FACE_BOUND('',#7929,.T.);
#7929 = EDGE_LOOP('',(#7930,#7931,#7939,#7945));
#7930 = ORIENTED_EDGE('',*,*,#7644,.T.);
#7931 = ORIENTED_EDGE('',*,*,#7932,.T.);
#7932 = EDGE_CURVE('',#7637,#7933,#7935,.T.);
#7933 = VERTEX_POINT('',#7934);
#7934 = CARTESIAN_POINT('',(225.,160.,15.));
#7935 = LINE('',#7936,#7937);
#7936 = CARTESIAN_POINT('',(200.,160.,15.));
#7937 = VECTOR('',#7938,1.);
#7938 = DIRECTION('',(1.,0.,0.));
#7939 = ORIENTED_EDGE('',*,*,#7940,.T.);
#7940 = EDGE_CURVE('',#7933,#7910,#7941,.T.);
#7941 = LINE('',#7942,#7943);
#7942 = CARTESIAN_POINT('',(225.,160.,15.));
#7943 = VECTOR('',#7944,1.);
#7944 = DIRECTION('',(0.,0.,1.));
#7945 = ORIENTED_EDGE('',*,*,#7909,.T.);
#7946 = PLANE('',#7947);
#7947 = AXIS2_PLACEMENT_3D('',#7948,#7949,#7950);
#7948 = CARTESIAN_POINT('',(200.,160.,15.));
#7949 = DIRECTION('',(0.,-1.,0.));
#7950 = DIRECTION('',(0.,0.,1.));
#7951 = ADVANCED_FACE('',(#7952),#7994,.T.);
#7952 = FACE_BOUND('',#7953,.T.);
#7953 = EDGE_LOOP('',(#7954,#7955,#7963,#7971,#7979,#7987,#7993));
#7954 = ORIENTED_EDGE('',*,*,#7636,.T.);
#7955 = ORIENTED_EDGE('',*,*,#7956,.T.);
#7956 = EDGE_CURVE('',#7629,#7957,#7959,.T.);
#7957 = VERTEX_POINT('',#7958);
#7958 = CARTESIAN_POINT('',(213.59509051682,165.,10.));
#7959 = LINE('',#7960,#7961);
#7960 = CARTESIAN_POINT('',(200.,165.,10.));
#7961 = VECTOR('',#7962,1.);
#7962 = DIRECTION('',(1.,0.,0.));
#7963 = ORIENTED_EDGE('',*,*,#7964,.T.);
#7964 = EDGE_CURVE('',#7957,#7965,#7967,.T.);
#7965 = VERTEX_POINT('',#7966);
#7966 = CARTESIAN_POINT('',(216.5,161.88486596479,13.11513403521));
#7967 = LINE('',#7968,#7969);
#7968 = CARTESIAN_POINT('',(217.51845704252,160.79270449988,
    14.207295500116));
#7969 = VECTOR('',#7970,1.);
#7970 = DIRECTION('',(0.550486111274,-0.590324081033,0.590324081033));
#7971 = ORIENTED_EDGE('',*,*,#7972,.T.);
#7972 = EDGE_CURVE('',#7965,#7973,#7975,.T.);
#7973 = VERTEX_POINT('',#7974);
#7974 = CARTESIAN_POINT('',(219.40490948317,165.,10.));
#7975 = LINE('',#7976,#7977);
#7976 = CARTESIAN_POINT('',(213.25041542609,158.40011314715,
    16.59988685285));
#7977 = VECTOR('',#7978,1.);
#7978 = DIRECTION('',(0.550486111274,0.590324081033,-0.590324081033));
#7979 = ORIENTED_EDGE('',*,*,#7980,.T.);
#7980 = EDGE_CURVE('',#7973,#7981,#7983,.T.);
#7981 = VERTEX_POINT('',#7982);
#7982 = CARTESIAN_POINT('',(225.,165.,10.));
#7983 = LINE('',#7984,#7985);
#7984 = CARTESIAN_POINT('',(200.,165.,10.));
#7985 = VECTOR('',#7986,1.);
#7986 = DIRECTION('',(1.,0.,0.));
#7987 = ORIENTED_EDGE('',*,*,#7988,.T.);
#7988 = EDGE_CURVE('',#7981,#7933,#7989,.T.);
#7989 = LINE('',#7990,#7991);
#7990 = CARTESIAN_POINT('',(225.,165.,10.));
#7991 = VECTOR('',#7992,1.);
#7992 = DIRECTION('',(0.,-0.707106781187,0.707106781187));
#7993 = ORIENTED_EDGE('',*,*,#7932,.F.);
#7994 = PLANE('',#7995);
#7995 = AXIS2_PLACEMENT_3D('',#7996,#7997,#7998);
#7996 = CARTESIAN_POINT('',(200.,165.,10.));
#7997 = DIRECTION('',(0.,-0.707106781187,-0.707106781187));
#7998 = DIRECTION('',(0.,-0.707106781187,0.707106781187));
#7999 = ADVANCED_FACE('',(#8000),#8033,.T.);
#8000 = FACE_BOUND('',#8001,.T.);
#8001 = EDGE_LOOP('',(#8002,#8003,#8011,#8017,#8018,#8026,#8032));
#8002 = ORIENTED_EDGE('',*,*,#7628,.T.);
#8003 = ORIENTED_EDGE('',*,*,#8004,.T.);
#8004 = EDGE_CURVE('',#7621,#8005,#8007,.T.);
#8005 = VERTEX_POINT('',#8006);
#8006 = CARTESIAN_POINT('',(225.,170.,15.));
#8007 = LINE('',#8008,#8009);
#8008 = CARTESIAN_POINT('',(200.,170.,15.));
#8009 = VECTOR('',#8010,1.);
#8010 = DIRECTION('',(1.,0.,0.));
#8011 = ORIENTED_EDGE('',*,*,#8012,.T.);
#8012 = EDGE_CURVE('',#8005,#7981,#8013,.T.);
#8013 = LINE('',#8014,#8015);
#8014 = CARTESIAN_POINT('',(225.,170.,15.));
#8015 = VECTOR('',#8016,1.);
#8016 = DIRECTION('',(0.,-0.707106781187,-0.707106781187));
#8017 = ORIENTED_EDGE('',*,*,#7980,.F.);
#8018 = ORIENTED_EDGE('',*,*,#8019,.T.);
#8019 = EDGE_CURVE('',#7973,#8020,#8022,.T.);
#8020 = VERTEX_POINT('',#8021);
#8021 = CARTESIAN_POINT('',(216.5,168.11513403521,13.11513403521));
#8022 = LINE('',#8023,#8024);
#8023 = CARTESIAN_POINT('',(221.69951082782,162.53934131601,
    7.539341316016));
#8024 = VECTOR('',#8025,1.);
#8025 = DIRECTION('',(-0.550486111274,0.590324081033,0.590324081033));
#8026 = ORIENTED_EDGE('',*,*,#8027,.T.);
#8027 = EDGE_CURVE('',#8020,#7957,#8028,.T.);
#8028 = LINE('',#8029,#8030);
#8029 = CARTESIAN_POINT('',(209.06936164078,160.14674996328,
    5.146749963283));
#8030 = VECTOR('',#8031,1.);
#8031 = DIRECTION('',(-0.550486111274,-0.590324081033,-0.590324081033));
#8032 = ORIENTED_EDGE('',*,*,#7956,.F.);
#8033 = PLANE('',#8034);
#8034 = AXIS2_PLACEMENT_3D('',#8035,#8036,#8037);
#8035 = CARTESIAN_POINT('',(200.,170.,15.));
#8036 = DIRECTION('',(0.,0.707106781187,-0.707106781187));
#8037 = DIRECTION('',(0.,-0.707106781187,-0.707106781187));
#8038 = ADVANCED_FACE('',(#8039),#8057,.T.);
#8039 = FACE_BOUND('',#8040,.T.);
#8040 = EDGE_LOOP('',(#8041,#8049,#8055,#8056));
#8041 = ORIENTED_EDGE('',*,*,#8042,.T.);
#8042 = EDGE_CURVE('',#7613,#8043,#8045,.T.);
#8043 = VERTEX_POINT('',#8044);
#8044 = CARTESIAN_POINT('',(225.,170.,20.));
#8045 = LINE('',#8046,#8047);
#8046 = CARTESIAN_POINT('',(204.,170.,20.));
#8047 = VECTOR('',#8048,1.);
#8048 = DIRECTION('',(1.,-0.,0.));
#8049 = ORIENTED_EDGE('',*,*,#8050,.T.);
#8050 = EDGE_CURVE('',#8043,#8005,#8051,.T.);
#8051 = LINE('',#8052,#8053);
#8052 = CARTESIAN_POINT('',(225.,170.,25.));
#8053 = VECTOR('',#8054,1.);
#8054 = DIRECTION('',(0.,0.,-1.));
#8055 = ORIENTED_EDGE('',*,*,#8004,.F.);
#8056 = ORIENTED_EDGE('',*,*,#7620,.T.);
#8057 = PLANE('',#8058);
#8058 = AXIS2_PLACEMENT_3D('',#8059,#8060,#8061);
#8059 = CARTESIAN_POINT('',(200.,170.,25.));
#8060 = DIRECTION('',(0.,1.,0.));
#8061 = DIRECTION('',(0.,0.,-1.));
#8062 = ADVANCED_FACE('',(#8063),#8081,.T.);
#8063 = FACE_BOUND('',#8064,.T.);
#8064 = EDGE_LOOP('',(#8065,#8066,#8067,#8075));
#8065 = ORIENTED_EDGE('',*,*,#8042,.F.);
#8066 = ORIENTED_EDGE('',*,*,#7612,.T.);
#8067 = ORIENTED_EDGE('',*,*,#8068,.T.);
#8068 = EDGE_CURVE('',#7605,#8069,#8071,.T.);
#8069 = VERTEX_POINT('',#8070);
#8070 = CARTESIAN_POINT('',(225.,177.,20.));
#8071 = LINE('',#8072,#8073);
#8072 = CARTESIAN_POINT('',(208.,177.,20.));
#8073 = VECTOR('',#8074,1.);
#8074 = DIRECTION('',(1.,0.,0.));
#8075 = ORIENTED_EDGE('',*,*,#8076,.F.);
#8076 = EDGE_CURVE('',#8043,#8069,#8077,.T.);
#8077 = LINE('',#8078,#8079);
#8078 = CARTESIAN_POINT('',(225.,134.,20.));
#8079 = VECTOR('',#8080,1.);
#8080 = DIRECTION('',(0.,1.,0.));
#8081 = PLANE('',#8082);
#8082 = AXIS2_PLACEMENT_3D('',#8083,#8084,#8085);
#8083 = CARTESIAN_POINT('',(208.,134.,20.));
#8084 = DIRECTION('',(0.,0.,-1.));
#8085 = DIRECTION('',(1.,0.,0.));
#8086 = ADVANCED_FACE('',(#8087),#8113,.F.);
#8087 = FACE_BOUND('',#8088,.F.);
#8088 = EDGE_LOOP('',(#8089,#8090,#8091,#8099,#8107));
#8089 = ORIENTED_EDGE('',*,*,#7604,.T.);
#8090 = ORIENTED_EDGE('',*,*,#8068,.T.);
#8091 = ORIENTED_EDGE('',*,*,#8092,.T.);
#8092 = EDGE_CURVE('',#8069,#8093,#8095,.T.);
#8093 = VERTEX_POINT('',#8094);
#8094 = CARTESIAN_POINT('',(225.,177.,4.));
#8095 = LINE('',#8096,#8097);
#8096 = CARTESIAN_POINT('',(225.,177.,20.));
#8097 = VECTOR('',#8098,1.);
#8098 = DIRECTION('',(0.,0.,-1.));
#8099 = ORIENTED_EDGE('',*,*,#8100,.T.);
#8100 = EDGE_CURVE('',#8093,#8101,#8103,.T.);
#8101 = VERTEX_POINT('',#8102);
#8102 = CARTESIAN_POINT('',(216.5,177.,13.11513403521));
#8103 = LINE('',#8104,#8105);
#8104 = CARTESIAN_POINT('',(225.,177.,4.));
#8105 = VECTOR('',#8106,1.);
#8106 = DIRECTION('',(-0.681998360062,0.,0.731353701619));
#8107 = ORIENTED_EDGE('',*,*,#8108,.T.);
#8108 = EDGE_CURVE('',#8101,#7597,#8109,.T.);
#8109 = LINE('',#8110,#8111);
#8110 = CARTESIAN_POINT('',(216.5,177.,13.11513403521));
#8111 = VECTOR('',#8112,1.);
#8112 = DIRECTION('',(-0.681998360062,0.,-0.731353701619));
#8113 = PLANE('',#8114);
#8114 = AXIS2_PLACEMENT_3D('',#8115,#8116,#8117);
#8115 = CARTESIAN_POINT('',(216.5,177.,12.678933532167));
#8116 = DIRECTION('',(0.,1.,0.));
#8117 = DIRECTION('',(0.,0.,1.));
#8118 = ADVANCED_FACE('',(#8119),#8146,.T.);
#8119 = FACE_BOUND('',#8120,.T.);
#8120 = EDGE_LOOP('',(#8121,#8122,#8128,#8129,#8130,#8136,#8137,#8138,
    #8144,#8145));
#8121 = ORIENTED_EDGE('',*,*,#7734,.F.);
#8122 = ORIENTED_EDGE('',*,*,#8123,.T.);
#8123 = EDGE_CURVE('',#7727,#7806,#8124,.T.);
#8124 = LINE('',#8125,#8126);
#8125 = CARTESIAN_POINT('',(216.5,134.,13.11513403521));
#8126 = VECTOR('',#8127,1.);
#8127 = DIRECTION('',(0.,1.,0.));
#8128 = ORIENTED_EDGE('',*,*,#7805,.F.);
#8129 = ORIENTED_EDGE('',*,*,#7868,.F.);
#8130 = ORIENTED_EDGE('',*,*,#8131,.T.);
#8131 = EDGE_CURVE('',#7861,#7965,#8132,.T.);
#8132 = LINE('',#8133,#8134);
#8133 = CARTESIAN_POINT('',(216.5,134.,13.11513403521));
#8134 = VECTOR('',#8135,1.);
#8135 = DIRECTION('',(0.,1.,0.));
#8136 = ORIENTED_EDGE('',*,*,#7964,.F.);
#8137 = ORIENTED_EDGE('',*,*,#8027,.F.);
#8138 = ORIENTED_EDGE('',*,*,#8139,.T.);
#8139 = EDGE_CURVE('',#8020,#8101,#8140,.T.);
#8140 = LINE('',#8141,#8142);
#8141 = CARTESIAN_POINT('',(216.5,134.,13.11513403521));
#8142 = VECTOR('',#8143,1.);
#8143 = DIRECTION('',(0.,1.,0.));
#8144 = ORIENTED_EDGE('',*,*,#8108,.T.);
#8145 = ORIENTED_EDGE('',*,*,#7596,.F.);
#8146 = PLANE('',#8147);
#8147 = AXIS2_PLACEMENT_3D('',#8148,#8149,#8150);
#8148 = CARTESIAN_POINT('',(216.5,134.,13.11513403521));
#8149 = DIRECTION('',(-0.731353701619,0.,0.681998360062));
#8150 = DIRECTION('',(-0.681998360062,0.,-0.731353701619));
#8151 = ADVANCED_FACE('',(#8152,#8173),#8184,.T.);
#8152 = FACE_BOUND('',#8153,.T.);
#8153 = EDGE_LOOP('',(#8154,#8155,#8156,#8157,#8158,#8159,#8160,#8161,
    #8162,#8163,#8164,#8165,#8166,#8167));
#8154 = ORIENTED_EDGE('',*,*,#7718,.F.);
#8155 = ORIENTED_EDGE('',*,*,#7758,.T.);
#8156 = ORIENTED_EDGE('',*,*,#7781,.F.);
#8157 = ORIENTED_EDGE('',*,*,#7829,.F.);
#8158 = ORIENTED_EDGE('',*,*,#7853,.F.);
#8159 = ORIENTED_EDGE('',*,*,#7891,.F.);
#8160 = ORIENTED_EDGE('',*,*,#7917,.T.);
#8161 = ORIENTED_EDGE('',*,*,#7940,.F.);
#8162 = ORIENTED_EDGE('',*,*,#7988,.F.);
#8163 = ORIENTED_EDGE('',*,*,#8012,.F.);
#8164 = ORIENTED_EDGE('',*,*,#8050,.F.);
#8165 = ORIENTED_EDGE('',*,*,#8076,.T.);
#8166 = ORIENTED_EDGE('',*,*,#8092,.T.);
#8167 = ORIENTED_EDGE('',*,*,#8168,.F.);
#8168 = EDGE_CURVE('',#7719,#8093,#8169,.T.);
#8169 = LINE('',#8170,#8171);
#8170 = CARTESIAN_POINT('',(225.,134.,4.));
#8171 = VECTOR('',#8172,1.);
#8172 = DIRECTION('',(0.,1.,0.));
#8173 = FACE_BOUND('',#8174,.T.);
#8174 = EDGE_LOOP('',(#8175));
#8175 = ORIENTED_EDGE('',*,*,#8176,.T.);
#8176 = EDGE_CURVE('',#8177,#8177,#8179,.T.);
#8177 = VERTEX_POINT('',#8178);
#8178 = CARTESIAN_POINT('',(225.,155.5,19.));
#8179 = CIRCLE('',#8180,2.);
#8180 = AXIS2_PLACEMENT_3D('',#8181,#8182,#8183);
#8181 = CARTESIAN_POINT('',(225.,155.5,17.));
#8182 = DIRECTION('',(1.,0.,-0.));
#8183 = DIRECTION('',(0.,0.,1.));
#8184 = PLANE('',#8185);
#8185 = AXIS2_PLACEMENT_3D('',#8186,#8187,#8188);
#8186 = CARTESIAN_POINT('',(225.,134.,20.));
#8187 = DIRECTION('',(-1.,0.,0.));
#8188 = DIRECTION('',(0.,0.,-1.));
#8189 = ADVANCED_FACE('',(#8190),#8202,.T.);
#8190 = FACE_BOUND('',#8191,.T.);
#8191 = EDGE_LOOP('',(#8192,#8193,#8194,#8195,#8196,#8197,#8198,#8199,
    #8200,#8201));
#8192 = ORIENTED_EDGE('',*,*,#7726,.F.);
#8193 = ORIENTED_EDGE('',*,*,#8168,.T.);
#8194 = ORIENTED_EDGE('',*,*,#8100,.T.);
#8195 = ORIENTED_EDGE('',*,*,#8139,.F.);
#8196 = ORIENTED_EDGE('',*,*,#8019,.F.);
#8197 = ORIENTED_EDGE('',*,*,#7972,.F.);
#8198 = ORIENTED_EDGE('',*,*,#8131,.F.);
#8199 = ORIENTED_EDGE('',*,*,#7860,.F.);
#8200 = ORIENTED_EDGE('',*,*,#7813,.F.);
#8201 = ORIENTED_EDGE('',*,*,#8123,.F.);
#8202 = PLANE('',#8203);
#8203 = AXIS2_PLACEMENT_3D('',#8204,#8205,#8206);
#8204 = CARTESIAN_POINT('',(225.,134.,4.));
#8205 = DIRECTION('',(0.731353701619,0.,0.681998360062));
#8206 = DIRECTION('',(-0.681998360062,0.,0.731353701619));
#8207 = ADVANCED_FACE('',(#8208),#8227,.F.);
#8208 = FACE_BOUND('',#8209,.F.);
#8209 = EDGE_LOOP('',(#8210,#8219,#8225,#8226));
#8210 = ORIENTED_EDGE('',*,*,#8211,.F.);
#8211 = EDGE_CURVE('',#8212,#8212,#8214,.T.);
#8212 = VERTEX_POINT('',#8213);
#8213 = CARTESIAN_POINT('',(229.,155.5,19.));
#8214 = CIRCLE('',#8215,2.);
#8215 = AXIS2_PLACEMENT_3D('',#8216,#8217,#8218);
#8216 = CARTESIAN_POINT('',(229.,155.5,17.));
#8217 = DIRECTION('',(1.,0.,-0.));
#8218 = DIRECTION('',(0.,0.,1.));
#8219 = ORIENTED_EDGE('',*,*,#8220,.F.);
#8220 = EDGE_CURVE('',#8177,#8212,#8221,.T.);
#8221 = LINE('',#8222,#8223);
#8222 = CARTESIAN_POINT('',(224.,155.5,19.));
#8223 = VECTOR('',#8224,1.);
#8224 = DIRECTION('',(1.,0.,0.));
#8225 = ORIENTED_EDGE('',*,*,#8176,.T.);
#8226 = ORIENTED_EDGE('',*,*,#8220,.T.);
#8227 = CYLINDRICAL_SURFACE('',#8228,2.);
#8228 = AXIS2_PLACEMENT_3D('',#8229,#8230,#8231);
#8229 = CARTESIAN_POINT('',(224.,155.5,17.));
#8230 = DIRECTION('',(1.,0.,0.));
#8231 = DIRECTION('',(0.,0.,1.));
#8232 = ADVANCED_FACE('',(#8233,#8267),#8270,.T.);
#8233 = FACE_BOUND('',#8234,.T.);
#8234 = EDGE_LOOP('',(#8235,#8245,#8253,#8261));
#8235 = ORIENTED_EDGE('',*,*,#8236,.T.);
#8236 = EDGE_CURVE('',#8237,#8239,#8241,.T.);
#8237 = VERTEX_POINT('',#8238);
#8238 = CARTESIAN_POINT('',(229.,134.,4.));
#8239 = VERTEX_POINT('',#8240);
#8240 = CARTESIAN_POINT('',(229.,177.,4.));
#8241 = LINE('',#8242,#8243);
#8242 = CARTESIAN_POINT('',(229.,134.,4.));
#8243 = VECTOR('',#8244,1.);
#8244 = DIRECTION('',(0.,1.,0.));
#8245 = ORIENTED_EDGE('',*,*,#8246,.T.);
#8246 = EDGE_CURVE('',#8239,#8247,#8249,.T.);
#8247 = VERTEX_POINT('',#8248);
#8248 = CARTESIAN_POINT('',(229.,177.,20.));
#8249 = LINE('',#8250,#8251);
#8250 = CARTESIAN_POINT('',(229.,177.,4.));
#8251 = VECTOR('',#8252,1.);
#8252 = DIRECTION('',(0.,0.,1.));
#8253 = ORIENTED_EDGE('',*,*,#8254,.F.);
#8254 = EDGE_CURVE('',#8255,#8247,#8257,.T.);
#8255 = VERTEX_POINT('',#8256);
#8256 = CARTESIAN_POINT('',(229.,134.,20.));
#8257 = LINE('',#8258,#8259);
#8258 = CARTESIAN_POINT('',(229.,134.,20.));
#8259 = VECTOR('',#8260,1.);
#8260 = DIRECTION('',(0.,1.,0.));
#8261 = ORIENTED_EDGE('',*,*,#8262,.F.);
#8262 = EDGE_CURVE('',#8237,#8255,#8263,.T.);
#8263 = LINE('',#8264,#8265);
#8264 = CARTESIAN_POINT('',(229.,134.,4.));
#8265 = VECTOR('',#8266,1.);
#8266 = DIRECTION('',(0.,0.,1.));
#8267 = FACE_BOUND('',#8268,.T.);
#8268 = EDGE_LOOP('',(#8269));
#8269 = ORIENTED_EDGE('',*,*,#8211,.F.);
#8270 = PLANE('',#8271);
#8271 = AXIS2_PLACEMENT_3D('',#8272,#8273,#8274);
#8272 = CARTESIAN_POINT('',(229.,134.,4.));
#8273 = DIRECTION('',(1.,0.,0.));
#8274 = DIRECTION('',(0.,0.,1.));
#8275 = ADVANCED_FACE('',(#8276),#8301,.T.);
#8276 = FACE_BOUND('',#8277,.T.);
#8277 = EDGE_LOOP('',(#8278,#8288,#8294,#8295));
#8278 = ORIENTED_EDGE('',*,*,#8279,.T.);
#8279 = EDGE_CURVE('',#8280,#8282,#8284,.T.);
#8280 = VERTEX_POINT('',#8281);
#8281 = CARTESIAN_POINT('',(237.5,134.,13.11513403521));
#8282 = VERTEX_POINT('',#8283);
#8283 = CARTESIAN_POINT('',(237.5,177.,13.11513403521));
#8284 = LINE('',#8285,#8286);
#8285 = CARTESIAN_POINT('',(237.5,134.,13.11513403521));
#8286 = VECTOR('',#8287,1.);
#8287 = DIRECTION('',(0.,1.,0.));
#8288 = ORIENTED_EDGE('',*,*,#8289,.T.);
#8289 = EDGE_CURVE('',#8282,#8239,#8290,.T.);
#8290 = LINE('',#8291,#8292);
#8291 = CARTESIAN_POINT('',(237.5,177.,13.11513403521));
#8292 = VECTOR('',#8293,1.);
#8293 = DIRECTION('',(-0.681998360062,0.,-0.731353701619));
#8294 = ORIENTED_EDGE('',*,*,#8236,.F.);
#8295 = ORIENTED_EDGE('',*,*,#8296,.F.);
#8296 = EDGE_CURVE('',#8280,#8237,#8297,.T.);
#8297 = LINE('',#8298,#8299);
#8298 = CARTESIAN_POINT('',(237.5,134.,13.11513403521));
#8299 = VECTOR('',#8300,1.);
#8300 = DIRECTION('',(-0.681998360062,0.,-0.731353701619));
#8301 = PLANE('',#8302);
#8302 = AXIS2_PLACEMENT_3D('',#8303,#8304,#8305);
#8303 = CARTESIAN_POINT('',(237.5,134.,13.11513403521));
#8304 = DIRECTION('',(-0.731353701619,0.,0.681998360062));
#8305 = DIRECTION('',(-0.681998360062,0.,-0.731353701619));
#8306 = ADVANCED_FACE('',(#8307),#8333,.T.);
#8307 = FACE_BOUND('',#8308,.T.);
#8308 = EDGE_LOOP('',(#8309,#8310,#8318,#8326,#8332));
#8309 = ORIENTED_EDGE('',*,*,#8262,.T.);
#8310 = ORIENTED_EDGE('',*,*,#8311,.T.);
#8311 = EDGE_CURVE('',#8255,#8312,#8314,.T.);
#8312 = VERTEX_POINT('',#8313);
#8313 = CARTESIAN_POINT('',(246.,134.,20.));
#8314 = LINE('',#8315,#8316);
#8315 = CARTESIAN_POINT('',(229.,134.,20.));
#8316 = VECTOR('',#8317,1.);
#8317 = DIRECTION('',(1.,0.,0.));
#8318 = ORIENTED_EDGE('',*,*,#8319,.T.);
#8319 = EDGE_CURVE('',#8312,#8320,#8322,.T.);
#8320 = VERTEX_POINT('',#8321);
#8321 = CARTESIAN_POINT('',(246.,134.,4.));
#8322 = LINE('',#8323,#8324);
#8323 = CARTESIAN_POINT('',(246.,134.,20.));
#8324 = VECTOR('',#8325,1.);
#8325 = DIRECTION('',(0.,0.,-1.));
#8326 = ORIENTED_EDGE('',*,*,#8327,.T.);
#8327 = EDGE_CURVE('',#8320,#8280,#8328,.T.);
#8328 = LINE('',#8329,#8330);
#8329 = CARTESIAN_POINT('',(246.,134.,4.));
#8330 = VECTOR('',#8331,1.);
#8331 = DIRECTION('',(-0.681998360062,0.,0.731353701619));
#8332 = ORIENTED_EDGE('',*,*,#8296,.T.);
#8333 = PLANE('',#8334);
#8334 = AXIS2_PLACEMENT_3D('',#8335,#8336,#8337);
#8335 = CARTESIAN_POINT('',(237.5,134.,12.678933532167));
#8336 = DIRECTION('',(0.,1.,0.));
#8337 = DIRECTION('',(0.,0.,1.));
#8338 = ADVANCED_FACE('',(#8339),#8365,.F.);
#8339 = FACE_BOUND('',#8340,.F.);
#8340 = EDGE_LOOP('',(#8341,#8342,#8350,#8358,#8364));
#8341 = ORIENTED_EDGE('',*,*,#8246,.T.);
#8342 = ORIENTED_EDGE('',*,*,#8343,.T.);
#8343 = EDGE_CURVE('',#8247,#8344,#8346,.T.);
#8344 = VERTEX_POINT('',#8345);
#8345 = CARTESIAN_POINT('',(246.,177.,20.));
#8346 = LINE('',#8347,#8348);
#8347 = CARTESIAN_POINT('',(229.,177.,20.));
#8348 = VECTOR('',#8349,1.);
#8349 = DIRECTION('',(1.,0.,0.));
#8350 = ORIENTED_EDGE('',*,*,#8351,.T.);
#8351 = EDGE_CURVE('',#8344,#8352,#8354,.T.);
#8352 = VERTEX_POINT('',#8353);
#8353 = CARTESIAN_POINT('',(246.,177.,4.));
#8354 = LINE('',#8355,#8356);
#8355 = CARTESIAN_POINT('',(246.,177.,20.));
#8356 = VECTOR('',#8357,1.);
#8357 = DIRECTION('',(0.,0.,-1.));
#8358 = ORIENTED_EDGE('',*,*,#8359,.T.);
#8359 = EDGE_CURVE('',#8352,#8282,#8360,.T.);
#8360 = LINE('',#8361,#8362);
#8361 = CARTESIAN_POINT('',(246.,177.,4.));
#8362 = VECTOR('',#8363,1.);
#8363 = DIRECTION('',(-0.681998360062,0.,0.731353701619));
#8364 = ORIENTED_EDGE('',*,*,#8289,.T.);
#8365 = PLANE('',#8366);
#8366 = AXIS2_PLACEMENT_3D('',#8367,#8368,#8369);
#8367 = CARTESIAN_POINT('',(237.5,177.,12.678933532167));
#8368 = DIRECTION('',(0.,1.,0.));
#8369 = DIRECTION('',(0.,0.,1.));
#8370 = ADVANCED_FACE('',(#8371),#8382,.T.);
#8371 = FACE_BOUND('',#8372,.T.);
#8372 = EDGE_LOOP('',(#8373,#8374,#8375,#8381));
#8373 = ORIENTED_EDGE('',*,*,#8254,.T.);
#8374 = ORIENTED_EDGE('',*,*,#8343,.T.);
#8375 = ORIENTED_EDGE('',*,*,#8376,.F.);
#8376 = EDGE_CURVE('',#8312,#8344,#8377,.T.);
#8377 = LINE('',#8378,#8379);
#8378 = CARTESIAN_POINT('',(246.,134.,20.));
#8379 = VECTOR('',#8380,1.);
#8380 = DIRECTION('',(0.,1.,0.));
#8381 = ORIENTED_EDGE('',*,*,#8311,.F.);
#8382 = PLANE('',#8383);
#8383 = AXIS2_PLACEMENT_3D('',#8384,#8385,#8386);
#8384 = CARTESIAN_POINT('',(229.,134.,20.));
#8385 = DIRECTION('',(0.,0.,-1.));
#8386 = DIRECTION('',(1.,0.,0.));
#8387 = ADVANCED_FACE('',(#8388),#8399,.T.);
#8388 = FACE_BOUND('',#8389,.T.);
#8389 = EDGE_LOOP('',(#8390,#8396,#8397,#8398));
#8390 = ORIENTED_EDGE('',*,*,#8391,.T.);
#8391 = EDGE_CURVE('',#8320,#8352,#8392,.T.);
#8392 = LINE('',#8393,#8394);
#8393 = CARTESIAN_POINT('',(246.,134.,4.));
#8394 = VECTOR('',#8395,1.);
#8395 = DIRECTION('',(0.,1.,0.));
#8396 = ORIENTED_EDGE('',*,*,#8359,.T.);
#8397 = ORIENTED_EDGE('',*,*,#8279,.F.);
#8398 = ORIENTED_EDGE('',*,*,#8327,.F.);
#8399 = PLANE('',#8400);
#8400 = AXIS2_PLACEMENT_3D('',#8401,#8402,#8403);
#8401 = CARTESIAN_POINT('',(246.,134.,4.));
#8402 = DIRECTION('',(0.731353701619,0.,0.681998360062));
#8403 = DIRECTION('',(-0.681998360062,0.,0.731353701619));
#8404 = ADVANCED_FACE('',(#8405,#8411),#8422,.T.);
#8405 = FACE_BOUND('',#8406,.T.);
#8406 = EDGE_LOOP('',(#8407,#8408,#8409,#8410));
#8407 = ORIENTED_EDGE('',*,*,#8376,.T.);
#8408 = ORIENTED_EDGE('',*,*,#8351,.T.);
#8409 = ORIENTED_EDGE('',*,*,#8391,.F.);
#8410 = ORIENTED_EDGE('',*,*,#8319,.F.);
#8411 = FACE_BOUND('',#8412,.T.);
#8412 = EDGE_LOOP('',(#8413));
#8413 = ORIENTED_EDGE('',*,*,#8414,.T.);
#8414 = EDGE_CURVE('',#8415,#8415,#8417,.T.);
#8415 = VERTEX_POINT('',#8416);
#8416 = CARTESIAN_POINT('',(246.,155.5,19.));
#8417 = CIRCLE('',#8418,2.);
#8418 = AXIS2_PLACEMENT_3D('',#8419,#8420,#8421);
#8419 = CARTESIAN_POINT('',(246.,155.5,17.));
#8420 = DIRECTION('',(1.,0.,-0.));
#8421 = DIRECTION('',(0.,0.,1.));
#8422 = PLANE('',#8423);
#8423 = AXIS2_PLACEMENT_3D('',#8424,#8425,#8426);
#8424 = CARTESIAN_POINT('',(246.,134.,20.));
#8425 = DIRECTION('',(-1.,0.,0.));
#8426 = DIRECTION('',(0.,0.,-1.));
#8427 = ADVANCED_FACE('',(#8428),#8447,.F.);
#8428 = FACE_BOUND('',#8429,.F.);
#8429 = EDGE_LOOP('',(#8430,#8439,#8445,#8446));
#8430 = ORIENTED_EDGE('',*,*,#8431,.F.);
#8431 = EDGE_CURVE('',#8432,#8432,#8434,.T.);
#8432 = VERTEX_POINT('',#8433);
#8433 = CARTESIAN_POINT('',(250.,155.5,19.));
#8434 = CIRCLE('',#8435,2.);
#8435 = AXIS2_PLACEMENT_3D('',#8436,#8437,#8438);
#8436 = CARTESIAN_POINT('',(250.,155.5,17.));
#8437 = DIRECTION('',(1.,0.,-0.));
#8438 = DIRECTION('',(0.,0.,1.));
#8439 = ORIENTED_EDGE('',*,*,#8440,.F.);
#8440 = EDGE_CURVE('',#8415,#8432,#8441,.T.);
#8441 = LINE('',#8442,#8443);
#8442 = CARTESIAN_POINT('',(245.,155.5,19.));
#8443 = VECTOR('',#8444,1.);
#8444 = DIRECTION('',(1.,0.,0.));
#8445 = ORIENTED_EDGE('',*,*,#8414,.T.);
#8446 = ORIENTED_EDGE('',*,*,#8440,.T.);
#8447 = CYLINDRICAL_SURFACE('',#8448,2.);
#8448 = AXIS2_PLACEMENT_3D('',#8449,#8450,#8451);
#8449 = CARTESIAN_POINT('',(245.,155.5,17.));
#8450 = DIRECTION('',(1.,0.,0.));
#8451 = DIRECTION('',(0.,0.,1.));
#8452 = ADVANCED_FACE('',(#8453,#8487),#8490,.T.);
#8453 = FACE_BOUND('',#8454,.T.);
#8454 = EDGE_LOOP('',(#8455,#8465,#8473,#8481));
#8455 = ORIENTED_EDGE('',*,*,#8456,.T.);
#8456 = EDGE_CURVE('',#8457,#8459,#8461,.T.);
#8457 = VERTEX_POINT('',#8458);
#8458 = CARTESIAN_POINT('',(250.,134.,4.));
#8459 = VERTEX_POINT('',#8460);
#8460 = CARTESIAN_POINT('',(250.,177.,4.));
#8461 = LINE('',#8462,#8463);
#8462 = CARTESIAN_POINT('',(250.,134.,4.));
#8463 = VECTOR('',#8464,1.);
#8464 = DIRECTION('',(0.,1.,0.));
#8465 = ORIENTED_EDGE('',*,*,#8466,.T.);
#8466 = EDGE_CURVE('',#8459,#8467,#8469,.T.);
#8467 = VERTEX_POINT('',#8468);
#8468 = CARTESIAN_POINT('',(250.,177.,20.));
#8469 = LINE('',#8470,#8471);
#8470 = CARTESIAN_POINT('',(250.,177.,4.));
#8471 = VECTOR('',#8472,1.);
#8472 = DIRECTION('',(0.,0.,1.));
#8473 = ORIENTED_EDGE('',*,*,#8474,.F.);
#8474 = EDGE_CURVE('',#8475,#8467,#8477,.T.);
#8475 = VERTEX_POINT('',#8476);
#8476 = CARTESIAN_POINT('',(250.,134.,20.));
#8477 = LINE('',#8478,#8479);
#8478 = CARTESIAN_POINT('',(250.,134.,20.));
#8479 = VECTOR('',#8480,1.);
#8480 = DIRECTION('',(0.,1.,0.));
#8481 = ORIENTED_EDGE('',*,*,#8482,.F.);
#8482 = EDGE_CURVE('',#8457,#8475,#8483,.T.);
#8483 = LINE('',#8484,#8485);
#8484 = CARTESIAN_POINT('',(250.,134.,4.));
#8485 = VECTOR('',#8486,1.);
#8486 = DIRECTION('',(0.,0.,1.));
#8487 = FACE_BOUND('',#8488,.T.);
#8488 = EDGE_LOOP('',(#8489));
#8489 = ORIENTED_EDGE('',*,*,#8431,.F.);
#8490 = PLANE('',#8491);
#8491 = AXIS2_PLACEMENT_3D('',#8492,#8493,#8494);
#8492 = CARTESIAN_POINT('',(250.,134.,4.));
#8493 = DIRECTION('',(1.,0.,0.));
#8494 = DIRECTION('',(0.,0.,1.));
#8495 = ADVANCED_FACE('',(#8496),#8521,.T.);
#8496 = FACE_BOUND('',#8497,.T.);
#8497 = EDGE_LOOP('',(#8498,#8508,#8514,#8515));
#8498 = ORIENTED_EDGE('',*,*,#8499,.T.);
#8499 = EDGE_CURVE('',#8500,#8502,#8504,.T.);
#8500 = VERTEX_POINT('',#8501);
#8501 = CARTESIAN_POINT('',(258.5,134.,13.11513403521));
#8502 = VERTEX_POINT('',#8503);
#8503 = CARTESIAN_POINT('',(258.5,177.,13.11513403521));
#8504 = LINE('',#8505,#8506);
#8505 = CARTESIAN_POINT('',(258.5,134.,13.11513403521));
#8506 = VECTOR('',#8507,1.);
#8507 = DIRECTION('',(0.,1.,0.));
#8508 = ORIENTED_EDGE('',*,*,#8509,.T.);
#8509 = EDGE_CURVE('',#8502,#8459,#8510,.T.);
#8510 = LINE('',#8511,#8512);
#8511 = CARTESIAN_POINT('',(258.5,177.,13.11513403521));
#8512 = VECTOR('',#8513,1.);
#8513 = DIRECTION('',(-0.681998360062,0.,-0.731353701619));
#8514 = ORIENTED_EDGE('',*,*,#8456,.F.);
#8515 = ORIENTED_EDGE('',*,*,#8516,.F.);
#8516 = EDGE_CURVE('',#8500,#8457,#8517,.T.);
#8517 = LINE('',#8518,#8519);
#8518 = CARTESIAN_POINT('',(258.5,134.,13.11513403521));
#8519 = VECTOR('',#8520,1.);
#8520 = DIRECTION('',(-0.681998360062,0.,-0.731353701619));
#8521 = PLANE('',#8522);
#8522 = AXIS2_PLACEMENT_3D('',#8523,#8524,#8525);
#8523 = CARTESIAN_POINT('',(258.5,134.,13.11513403521));
#8524 = DIRECTION('',(-0.731353701619,0.,0.681998360062));
#8525 = DIRECTION('',(-0.681998360062,0.,-0.731353701619));
#8526 = ADVANCED_FACE('',(#8527),#8553,.T.);
#8527 = FACE_BOUND('',#8528,.T.);
#8528 = EDGE_LOOP('',(#8529,#8530,#8538,#8546,#8552));
#8529 = ORIENTED_EDGE('',*,*,#8482,.T.);
#8530 = ORIENTED_EDGE('',*,*,#8531,.T.);
#8531 = EDGE_CURVE('',#8475,#8532,#8534,.T.);
#8532 = VERTEX_POINT('',#8533);
#8533 = CARTESIAN_POINT('',(267.,134.,20.));
#8534 = LINE('',#8535,#8536);
#8535 = CARTESIAN_POINT('',(250.,134.,20.));
#8536 = VECTOR('',#8537,1.);
#8537 = DIRECTION('',(1.,0.,0.));
#8538 = ORIENTED_EDGE('',*,*,#8539,.T.);
#8539 = EDGE_CURVE('',#8532,#8540,#8542,.T.);
#8540 = VERTEX_POINT('',#8541);
#8541 = CARTESIAN_POINT('',(267.,134.,4.));
#8542 = LINE('',#8543,#8544);
#8543 = CARTESIAN_POINT('',(267.,134.,20.));
#8544 = VECTOR('',#8545,1.);
#8545 = DIRECTION('',(0.,0.,-1.));
#8546 = ORIENTED_EDGE('',*,*,#8547,.T.);
#8547 = EDGE_CURVE('',#8540,#8500,#8548,.T.);
#8548 = LINE('',#8549,#8550);
#8549 = CARTESIAN_POINT('',(267.,134.,4.));
#8550 = VECTOR('',#8551,1.);
#8551 = DIRECTION('',(-0.681998360062,0.,0.731353701619));
#8552 = ORIENTED_EDGE('',*,*,#8516,.T.);
#8553 = PLANE('',#8554);
#8554 = AXIS2_PLACEMENT_3D('',#8555,#8556,#8557);
#8555 = CARTESIAN_POINT('',(258.5,134.,12.678933532167));
#8556 = DIRECTION('',(0.,1.,0.));
#8557 = DIRECTION('',(0.,0.,1.));
#8558 = ADVANCED_FACE('',(#8559),#8585,.F.);
#8559 = FACE_BOUND('',#8560,.F.);
#8560 = EDGE_LOOP('',(#8561,#8562,#8570,#8578,#8584));
#8561 = ORIENTED_EDGE('',*,*,#8466,.T.);
#8562 = ORIENTED_EDGE('',*,*,#8563,.T.);
#8563 = EDGE_CURVE('',#8467,#8564,#8566,.T.);
#8564 = VERTEX_POINT('',#8565);
#8565 = CARTESIAN_POINT('',(267.,177.,20.));
#8566 = LINE('',#8567,#8568);
#8567 = CARTESIAN_POINT('',(250.,177.,20.));
#8568 = VECTOR('',#8569,1.);
#8569 = DIRECTION('',(1.,0.,0.));
#8570 = ORIENTED_EDGE('',*,*,#8571,.T.);
#8571 = EDGE_CURVE('',#8564,#8572,#8574,.T.);
#8572 = VERTEX_POINT('',#8573);
#8573 = CARTESIAN_POINT('',(267.,177.,4.));
#8574 = LINE('',#8575,#8576);
#8575 = CARTESIAN_POINT('',(267.,177.,20.));
#8576 = VECTOR('',#8577,1.);
#8577 = DIRECTION('',(0.,0.,-1.));
#8578 = ORIENTED_EDGE('',*,*,#8579,.T.);
#8579 = EDGE_CURVE('',#8572,#8502,#8580,.T.);
#8580 = LINE('',#8581,#8582);
#8581 = CARTESIAN_POINT('',(267.,177.,4.));
#8582 = VECTOR('',#8583,1.);
#8583 = DIRECTION('',(-0.681998360062,0.,0.731353701619));
#8584 = ORIENTED_EDGE('',*,*,#8509,.T.);
#8585 = PLANE('',#8586);
#8586 = AXIS2_PLACEMENT_3D('',#8587,#8588,#8589);
#8587 = CARTESIAN_POINT('',(258.5,177.,12.678933532167));
#8588 = DIRECTION('',(0.,1.,0.));
#8589 = DIRECTION('',(0.,0.,1.));
#8590 = ADVANCED_FACE('',(#8591),#8602,.T.);
#8591 = FACE_BOUND('',#8592,.T.);
#8592 = EDGE_LOOP('',(#8593,#8594,#8595,#8601));
#8593 = ORIENTED_EDGE('',*,*,#8474,.T.);
#8594 = ORIENTED_EDGE('',*,*,#8563,.T.);
#8595 = ORIENTED_EDGE('',*,*,#8596,.F.);
#8596 = EDGE_CURVE('',#8532,#8564,#8597,.T.);
#8597 = LINE('',#8598,#8599);
#8598 = CARTESIAN_POINT('',(267.,134.,20.));
#8599 = VECTOR('',#8600,1.);
#8600 = DIRECTION('',(0.,1.,0.));
#8601 = ORIENTED_EDGE('',*,*,#8531,.F.);
#8602 = PLANE('',#8603);
#8603 = AXIS2_PLACEMENT_3D('',#8604,#8605,#8606);
#8604 = CARTESIAN_POINT('',(250.,134.,20.));
#8605 = DIRECTION('',(0.,0.,-1.));
#8606 = DIRECTION('',(1.,0.,0.));
#8607 = ADVANCED_FACE('',(#8608),#8619,.T.);
#8608 = FACE_BOUND('',#8609,.T.);
#8609 = EDGE_LOOP('',(#8610,#8616,#8617,#8618));
#8610 = ORIENTED_EDGE('',*,*,#8611,.T.);
#8611 = EDGE_CURVE('',#8540,#8572,#8612,.T.);
#8612 = LINE('',#8613,#8614);
#8613 = CARTESIAN_POINT('',(267.,134.,4.));
#8614 = VECTOR('',#8615,1.);
#8615 = DIRECTION('',(0.,1.,0.));
#8616 = ORIENTED_EDGE('',*,*,#8579,.T.);
#8617 = ORIENTED_EDGE('',*,*,#8499,.F.);
#8618 = ORIENTED_EDGE('',*,*,#8547,.F.);
#8619 = PLANE('',#8620);
#8620 = AXIS2_PLACEMENT_3D('',#8621,#8622,#8623);
#8621 = CARTESIAN_POINT('',(267.,134.,4.));
#8622 = DIRECTION('',(0.731353701619,0.,0.681998360062));
#8623 = DIRECTION('',(-0.681998360062,0.,0.731353701619));
#8624 = ADVANCED_FACE('',(#8625),#8631,.T.);
#8625 = FACE_BOUND('',#8626,.T.);
#8626 = EDGE_LOOP('',(#8627,#8628,#8629,#8630));
#8627 = ORIENTED_EDGE('',*,*,#8596,.T.);
#8628 = ORIENTED_EDGE('',*,*,#8571,.T.);
#8629 = ORIENTED_EDGE('',*,*,#8611,.F.);
#8630 = ORIENTED_EDGE('',*,*,#8539,.F.);
#8631 = PLANE('',#8632);
#8632 = AXIS2_PLACEMENT_3D('',#8633,#8634,#8635);
#8633 = CARTESIAN_POINT('',(267.,134.,20.));
#8634 = DIRECTION('',(-1.,0.,0.));
#8635 = DIRECTION('',(0.,0.,-1.));
#8636 = ADVANCED_FACE('',(#8637),#8656,.F.);
#8637 = FACE_BOUND('',#8638,.F.);
#8638 = EDGE_LOOP('',(#8639,#8648,#8654,#8655));
#8639 = ORIENTED_EDGE('',*,*,#8640,.F.);
#8640 = EDGE_CURVE('',#8641,#8641,#8643,.T.);
#8641 = VERTEX_POINT('',#8642);
#8642 = CARTESIAN_POINT('',(208.,109.5,19.));
#8643 = CIRCLE('',#8644,2.);
#8644 = AXIS2_PLACEMENT_3D('',#8645,#8646,#8647);
#8645 = CARTESIAN_POINT('',(208.,109.5,17.));
#8646 = DIRECTION('',(1.,0.,-0.));
#8647 = DIRECTION('',(0.,0.,1.));
#8648 = ORIENTED_EDGE('',*,*,#8649,.F.);
#8649 = EDGE_CURVE('',#7534,#8641,#8650,.T.);
#8650 = LINE('',#8651,#8652);
#8651 = CARTESIAN_POINT('',(199.,109.5,19.));
#8652 = VECTOR('',#8653,1.);
#8653 = DIRECTION('',(1.,0.,0.));
#8654 = ORIENTED_EDGE('',*,*,#7533,.T.);
#8655 = ORIENTED_EDGE('',*,*,#8649,.T.);
#8656 = CYLINDRICAL_SURFACE('',#8657,2.);
#8657 = AXIS2_PLACEMENT_3D('',#8658,#8659,#8660);
#8658 = CARTESIAN_POINT('',(199.,109.5,17.));
#8659 = DIRECTION('',(1.,0.,0.));
#8660 = DIRECTION('',(0.,0.,1.));
#8661 = ADVANCED_FACE('',(#8662,#8696),#8699,.T.);
#8662 = FACE_BOUND('',#8663,.T.);
#8663 = EDGE_LOOP('',(#8664,#8674,#8682,#8690));
#8664 = ORIENTED_EDGE('',*,*,#8665,.T.);
#8665 = EDGE_CURVE('',#8666,#8668,#8670,.T.);
#8666 = VERTEX_POINT('',#8667);
#8667 = CARTESIAN_POINT('',(208.,88.,4.));
#8668 = VERTEX_POINT('',#8669);
#8669 = CARTESIAN_POINT('',(208.,131.,4.));
#8670 = LINE('',#8671,#8672);
#8671 = CARTESIAN_POINT('',(208.,88.,4.));
#8672 = VECTOR('',#8673,1.);
#8673 = DIRECTION('',(0.,1.,0.));
#8674 = ORIENTED_EDGE('',*,*,#8675,.T.);
#8675 = EDGE_CURVE('',#8668,#8676,#8678,.T.);
#8676 = VERTEX_POINT('',#8677);
#8677 = CARTESIAN_POINT('',(208.,131.,20.));
#8678 = LINE('',#8679,#8680);
#8679 = CARTESIAN_POINT('',(208.,131.,4.));
#8680 = VECTOR('',#8681,1.);
#8681 = DIRECTION('',(0.,0.,1.));
#8682 = ORIENTED_EDGE('',*,*,#8683,.F.);
#8683 = EDGE_CURVE('',#8684,#8676,#8686,.T.);
#8684 = VERTEX_POINT('',#8685);
#8685 = CARTESIAN_POINT('',(208.,88.,20.));
#8686 = LINE('',#8687,#8688);
#8687 = CARTESIAN_POINT('',(208.,88.,20.));
#8688 = VECTOR('',#8689,1.);
#8689 = DIRECTION('',(0.,1.,0.));
#8690 = ORIENTED_EDGE('',*,*,#8691,.F.);
#8691 = EDGE_CURVE('',#8666,#8684,#8692,.T.);
#8692 = LINE('',#8693,#8694);
#8693 = CARTESIAN_POINT('',(208.,88.,4.));
#8694 = VECTOR('',#8695,1.);
#8695 = DIRECTION('',(0.,0.,1.));
#8696 = FACE_BOUND('',#8697,.T.);
#8697 = EDGE_LOOP('',(#8698));
#8698 = ORIENTED_EDGE('',*,*,#8640,.F.);
#8699 = PLANE('',#8700);
#8700 = AXIS2_PLACEMENT_3D('',#8701,#8702,#8703);
#8701 = CARTESIAN_POINT('',(208.,88.,4.));
#8702 = DIRECTION('',(1.,0.,0.));
#8703 = DIRECTION('',(0.,0.,1.));
#8704 = ADVANCED_FACE('',(#8705),#8730,.T.);
#8705 = FACE_BOUND('',#8706,.T.);
#8706 = EDGE_LOOP('',(#8707,#8717,#8723,#8724));
#8707 = ORIENTED_EDGE('',*,*,#8708,.T.);
#8708 = EDGE_CURVE('',#8709,#8711,#8713,.T.);
#8709 = VERTEX_POINT('',#8710);
#8710 = CARTESIAN_POINT('',(216.5,88.,13.11513403521));
#8711 = VERTEX_POINT('',#8712);
#8712 = CARTESIAN_POINT('',(216.5,131.,13.11513403521));
#8713 = LINE('',#8714,#8715);
#8714 = CARTESIAN_POINT('',(216.5,88.,13.11513403521));
#8715 = VECTOR('',#8716,1.);
#8716 = DIRECTION('',(0.,1.,0.));
#8717 = ORIENTED_EDGE('',*,*,#8718,.T.);
#8718 = EDGE_CURVE('',#8711,#8668,#8719,.T.);
#8719 = LINE('',#8720,#8721);
#8720 = CARTESIAN_POINT('',(216.5,131.,13.11513403521));
#8721 = VECTOR('',#8722,1.);
#8722 = DIRECTION('',(-0.681998360062,0.,-0.731353701619));
#8723 = ORIENTED_EDGE('',*,*,#8665,.F.);
#8724 = ORIENTED_EDGE('',*,*,#8725,.F.);
#8725 = EDGE_CURVE('',#8709,#8666,#8726,.T.);
#8726 = LINE('',#8727,#8728);
#8727 = CARTESIAN_POINT('',(216.5,88.,13.11513403521));
#8728 = VECTOR('',#8729,1.);
#8729 = DIRECTION('',(-0.681998360062,0.,-0.731353701619));
#8730 = PLANE('',#8731);
#8731 = AXIS2_PLACEMENT_3D('',#8732,#8733,#8734);
#8732 = CARTESIAN_POINT('',(216.5,88.,13.11513403521));
#8733 = DIRECTION('',(-0.731353701619,0.,0.681998360062));
#8734 = DIRECTION('',(-0.681998360062,0.,-0.731353701619));
#8735 = ADVANCED_FACE('',(#8736),#8762,.T.);
#8736 = FACE_BOUND('',#8737,.T.);
#8737 = EDGE_LOOP('',(#8738,#8739,#8747,#8755,#8761));
#8738 = ORIENTED_EDGE('',*,*,#8691,.T.);
#8739 = ORIENTED_EDGE('',*,*,#8740,.T.);
#8740 = EDGE_CURVE('',#8684,#8741,#8743,.T.);
#8741 = VERTEX_POINT('',#8742);
#8742 = CARTESIAN_POINT('',(225.,88.,20.));
#8743 = LINE('',#8744,#8745);
#8744 = CARTESIAN_POINT('',(208.,88.,20.));
#8745 = VECTOR('',#8746,1.);
#8746 = DIRECTION('',(1.,0.,0.));
#8747 = ORIENTED_EDGE('',*,*,#8748,.T.);
#8748 = EDGE_CURVE('',#8741,#8749,#8751,.T.);
#8749 = VERTEX_POINT('',#8750);
#8750 = CARTESIAN_POINT('',(225.,88.,4.));
#8751 = LINE('',#8752,#8753);
#8752 = CARTESIAN_POINT('',(225.,88.,20.));
#8753 = VECTOR('',#8754,1.);
#8754 = DIRECTION('',(0.,0.,-1.));
#8755 = ORIENTED_EDGE('',*,*,#8756,.T.);
#8756 = EDGE_CURVE('',#8749,#8709,#8757,.T.);
#8757 = LINE('',#8758,#8759);
#8758 = CARTESIAN_POINT('',(225.,88.,4.));
#8759 = VECTOR('',#8760,1.);
#8760 = DIRECTION('',(-0.681998360062,0.,0.731353701619));
#8761 = ORIENTED_EDGE('',*,*,#8725,.T.);
#8762 = PLANE('',#8763);
#8763 = AXIS2_PLACEMENT_3D('',#8764,#8765,#8766);
#8764 = CARTESIAN_POINT('',(216.5,88.,12.678933532167));
#8765 = DIRECTION('',(0.,1.,0.));
#8766 = DIRECTION('',(0.,0.,1.));
#8767 = ADVANCED_FACE('',(#8768),#8794,.F.);
#8768 = FACE_BOUND('',#8769,.F.);
#8769 = EDGE_LOOP('',(#8770,#8771,#8779,#8787,#8793));
#8770 = ORIENTED_EDGE('',*,*,#8675,.T.);
#8771 = ORIENTED_EDGE('',*,*,#8772,.T.);
#8772 = EDGE_CURVE('',#8676,#8773,#8775,.T.);
#8773 = VERTEX_POINT('',#8774);
#8774 = CARTESIAN_POINT('',(225.,131.,20.));
#8775 = LINE('',#8776,#8777);
#8776 = CARTESIAN_POINT('',(208.,131.,20.));
#8777 = VECTOR('',#8778,1.);
#8778 = DIRECTION('',(1.,0.,0.));
#8779 = ORIENTED_EDGE('',*,*,#8780,.T.);
#8780 = EDGE_CURVE('',#8773,#8781,#8783,.T.);
#8781 = VERTEX_POINT('',#8782);
#8782 = CARTESIAN_POINT('',(225.,131.,4.));
#8783 = LINE('',#8784,#8785);
#8784 = CARTESIAN_POINT('',(225.,131.,20.));
#8785 = VECTOR('',#8786,1.);
#8786 = DIRECTION('',(0.,0.,-1.));
#8787 = ORIENTED_EDGE('',*,*,#8788,.T.);
#8788 = EDGE_CURVE('',#8781,#8711,#8789,.T.);
#8789 = LINE('',#8790,#8791);
#8790 = CARTESIAN_POINT('',(225.,131.,4.));
#8791 = VECTOR('',#8792,1.);
#8792 = DIRECTION('',(-0.681998360062,0.,0.731353701619));
#8793 = ORIENTED_EDGE('',*,*,#8718,.T.);
#8794 = PLANE('',#8795);
#8795 = AXIS2_PLACEMENT_3D('',#8796,#8797,#8798);
#8796 = CARTESIAN_POINT('',(216.5,131.,12.678933532167));
#8797 = DIRECTION('',(0.,1.,0.));
#8798 = DIRECTION('',(0.,0.,1.));
#8799 = ADVANCED_FACE('',(#8800),#8811,.T.);
#8800 = FACE_BOUND('',#8801,.T.);
#8801 = EDGE_LOOP('',(#8802,#8803,#8804,#8810));
#8802 = ORIENTED_EDGE('',*,*,#8683,.T.);
#8803 = ORIENTED_EDGE('',*,*,#8772,.T.);
#8804 = ORIENTED_EDGE('',*,*,#8805,.F.);
#8805 = EDGE_CURVE('',#8741,#8773,#8806,.T.);
#8806 = LINE('',#8807,#8808);
#8807 = CARTESIAN_POINT('',(225.,88.,20.));
#8808 = VECTOR('',#8809,1.);
#8809 = DIRECTION('',(0.,1.,0.));
#8810 = ORIENTED_EDGE('',*,*,#8740,.F.);
#8811 = PLANE('',#8812);
#8812 = AXIS2_PLACEMENT_3D('',#8813,#8814,#8815);
#8813 = CARTESIAN_POINT('',(208.,88.,20.));
#8814 = DIRECTION('',(0.,0.,-1.));
#8815 = DIRECTION('',(1.,0.,0.));
#8816 = ADVANCED_FACE('',(#8817),#8828,.T.);
#8817 = FACE_BOUND('',#8818,.T.);
#8818 = EDGE_LOOP('',(#8819,#8825,#8826,#8827));
#8819 = ORIENTED_EDGE('',*,*,#8820,.T.);
#8820 = EDGE_CURVE('',#8749,#8781,#8821,.T.);
#8821 = LINE('',#8822,#8823);
#8822 = CARTESIAN_POINT('',(225.,88.,4.));
#8823 = VECTOR('',#8824,1.);
#8824 = DIRECTION('',(0.,1.,0.));
#8825 = ORIENTED_EDGE('',*,*,#8788,.T.);
#8826 = ORIENTED_EDGE('',*,*,#8708,.F.);
#8827 = ORIENTED_EDGE('',*,*,#8756,.F.);
#8828 = PLANE('',#8829);
#8829 = AXIS2_PLACEMENT_3D('',#8830,#8831,#8832);
#8830 = CARTESIAN_POINT('',(225.,88.,4.));
#8831 = DIRECTION('',(0.731353701619,0.,0.681998360062));
#8832 = DIRECTION('',(-0.681998360062,0.,0.731353701619));
#8833 = ADVANCED_FACE('',(#8834,#8840),#8851,.T.);
#8834 = FACE_BOUND('',#8835,.T.);
#8835 = EDGE_LOOP('',(#8836,#8837,#8838,#8839));
#8836 = ORIENTED_EDGE('',*,*,#8805,.T.);
#8837 = ORIENTED_EDGE('',*,*,#8780,.T.);
#8838 = ORIENTED_EDGE('',*,*,#8820,.F.);
#8839 = ORIENTED_EDGE('',*,*,#8748,.F.);
#8840 = FACE_BOUND('',#8841,.T.);
#8841 = EDGE_LOOP('',(#8842));
#8842 = ORIENTED_EDGE('',*,*,#8843,.T.);
#8843 = EDGE_CURVE('',#8844,#8844,#8846,.T.);
#8844 = VERTEX_POINT('',#8845);
#8845 = CARTESIAN_POINT('',(225.,109.5,19.));
#8846 = CIRCLE('',#8847,2.);
#8847 = AXIS2_PLACEMENT_3D('',#8848,#8849,#8850);
#8848 = CARTESIAN_POINT('',(225.,109.5,17.));
#8849 = DIRECTION('',(1.,0.,-0.));
#8850 = DIRECTION('',(0.,0.,1.));
#8851 = PLANE('',#8852);
#8852 = AXIS2_PLACEMENT_3D('',#8853,#8854,#8855);
#8853 = CARTESIAN_POINT('',(225.,88.,20.));
#8854 = DIRECTION('',(-1.,0.,0.));
#8855 = DIRECTION('',(0.,0.,-1.));
#8856 = ADVANCED_FACE('',(#8857),#8876,.F.);
#8857 = FACE_BOUND('',#8858,.F.);
#8858 = EDGE_LOOP('',(#8859,#8868,#8874,#8875));
#8859 = ORIENTED_EDGE('',*,*,#8860,.F.);
#8860 = EDGE_CURVE('',#8861,#8861,#8863,.T.);
#8861 = VERTEX_POINT('',#8862);
#8862 = CARTESIAN_POINT('',(229.,109.5,19.));
#8863 = CIRCLE('',#8864,2.);
#8864 = AXIS2_PLACEMENT_3D('',#8865,#8866,#8867);
#8865 = CARTESIAN_POINT('',(229.,109.5,17.));
#8866 = DIRECTION('',(1.,0.,-0.));
#8867 = DIRECTION('',(0.,0.,1.));
#8868 = ORIENTED_EDGE('',*,*,#8869,.F.);
#8869 = EDGE_CURVE('',#8844,#8861,#8870,.T.);
#8870 = LINE('',#8871,#8872);
#8871 = CARTESIAN_POINT('',(224.,109.5,19.));
#8872 = VECTOR('',#8873,1.);
#8873 = DIRECTION('',(1.,0.,0.));
#8874 = ORIENTED_EDGE('',*,*,#8843,.T.);
#8875 = ORIENTED_EDGE('',*,*,#8869,.T.);
#8876 = CYLINDRICAL_SURFACE('',#8877,2.);
#8877 = AXIS2_PLACEMENT_3D('',#8878,#8879,#8880);
#8878 = CARTESIAN_POINT('',(224.,109.5,17.));
#8879 = DIRECTION('',(1.,0.,0.));
#8880 = DIRECTION('',(0.,0.,1.));
#8881 = ADVANCED_FACE('',(#8882,#8916),#8919,.T.);
#8882 = FACE_BOUND('',#8883,.T.);
#8883 = EDGE_LOOP('',(#8884,#8894,#8902,#8910));
#8884 = ORIENTED_EDGE('',*,*,#8885,.T.);
#8885 = EDGE_CURVE('',#8886,#8888,#8890,.T.);
#8886 = VERTEX_POINT('',#8887);
#8887 = CARTESIAN_POINT('',(229.,88.,4.));
#8888 = VERTEX_POINT('',#8889);
#8889 = CARTESIAN_POINT('',(229.,131.,4.));
#8890 = LINE('',#8891,#8892);
#8891 = CARTESIAN_POINT('',(229.,88.,4.));
#8892 = VECTOR('',#8893,1.);
#8893 = DIRECTION('',(0.,1.,0.));
#8894 = ORIENTED_EDGE('',*,*,#8895,.T.);
#8895 = EDGE_CURVE('',#8888,#8896,#8898,.T.);
#8896 = VERTEX_POINT('',#8897);
#8897 = CARTESIAN_POINT('',(229.,131.,20.));
#8898 = LINE('',#8899,#8900);
#8899 = CARTESIAN_POINT('',(229.,131.,4.));
#8900 = VECTOR('',#8901,1.);
#8901 = DIRECTION('',(0.,0.,1.));
#8902 = ORIENTED_EDGE('',*,*,#8903,.F.);
#8903 = EDGE_CURVE('',#8904,#8896,#8906,.T.);
#8904 = VERTEX_POINT('',#8905);
#8905 = CARTESIAN_POINT('',(229.,88.,20.));
#8906 = LINE('',#8907,#8908);
#8907 = CARTESIAN_POINT('',(229.,88.,20.));
#8908 = VECTOR('',#8909,1.);
#8909 = DIRECTION('',(0.,1.,0.));
#8910 = ORIENTED_EDGE('',*,*,#8911,.F.);
#8911 = EDGE_CURVE('',#8886,#8904,#8912,.T.);
#8912 = LINE('',#8913,#8914);
#8913 = CARTESIAN_POINT('',(229.,88.,4.));
#8914 = VECTOR('',#8915,1.);
#8915 = DIRECTION('',(0.,0.,1.));
#8916 = FACE_BOUND('',#8917,.T.);
#8917 = EDGE_LOOP('',(#8918));
#8918 = ORIENTED_EDGE('',*,*,#8860,.F.);
#8919 = PLANE('',#8920);
#8920 = AXIS2_PLACEMENT_3D('',#8921,#8922,#8923);
#8921 = CARTESIAN_POINT('',(229.,88.,4.));
#8922 = DIRECTION('',(1.,0.,0.));
#8923 = DIRECTION('',(0.,0.,1.));
#8924 = ADVANCED_FACE('',(#8925),#8950,.T.);
#8925 = FACE_BOUND('',#8926,.T.);
#8926 = EDGE_LOOP('',(#8927,#8937,#8943,#8944));
#8927 = ORIENTED_EDGE('',*,*,#8928,.T.);
#8928 = EDGE_CURVE('',#8929,#8931,#8933,.T.);
#8929 = VERTEX_POINT('',#8930);
#8930 = CARTESIAN_POINT('',(237.5,88.,13.11513403521));
#8931 = VERTEX_POINT('',#8932);
#8932 = CARTESIAN_POINT('',(237.5,131.,13.11513403521));
#8933 = LINE('',#8934,#8935);
#8934 = CARTESIAN_POINT('',(237.5,88.,13.11513403521));
#8935 = VECTOR('',#8936,1.);
#8936 = DIRECTION('',(0.,1.,0.));
#8937 = ORIENTED_EDGE('',*,*,#8938,.T.);
#8938 = EDGE_CURVE('',#8931,#8888,#8939,.T.);
#8939 = LINE('',#8940,#8941);
#8940 = CARTESIAN_POINT('',(237.5,131.,13.11513403521));
#8941 = VECTOR('',#8942,1.);
#8942 = DIRECTION('',(-0.681998360062,0.,-0.731353701619));
#8943 = ORIENTED_EDGE('',*,*,#8885,.F.);
#8944 = ORIENTED_EDGE('',*,*,#8945,.F.);
#8945 = EDGE_CURVE('',#8929,#8886,#8946,.T.);
#8946 = LINE('',#8947,#8948);
#8947 = CARTESIAN_POINT('',(237.5,88.,13.11513403521));
#8948 = VECTOR('',#8949,1.);
#8949 = DIRECTION('',(-0.681998360062,0.,-0.731353701619));
#8950 = PLANE('',#8951);
#8951 = AXIS2_PLACEMENT_3D('',#8952,#8953,#8954);
#8952 = CARTESIAN_POINT('',(237.5,88.,13.11513403521));
#8953 = DIRECTION('',(-0.731353701619,0.,0.681998360062));
#8954 = DIRECTION('',(-0.681998360062,0.,-0.731353701619));
#8955 = ADVANCED_FACE('',(#8956),#8982,.T.);
#8956 = FACE_BOUND('',#8957,.T.);
#8957 = EDGE_LOOP('',(#8958,#8959,#8967,#8975,#8981));
#8958 = ORIENTED_EDGE('',*,*,#8911,.T.);
#8959 = ORIENTED_EDGE('',*,*,#8960,.T.);
#8960 = EDGE_CURVE('',#8904,#8961,#8963,.T.);
#8961 = VERTEX_POINT('',#8962);
#8962 = CARTESIAN_POINT('',(246.,88.,20.));
#8963 = LINE('',#8964,#8965);
#8964 = CARTESIAN_POINT('',(229.,88.,20.));
#8965 = VECTOR('',#8966,1.);
#8966 = DIRECTION('',(1.,0.,0.));
#8967 = ORIENTED_EDGE('',*,*,#8968,.T.);
#8968 = EDGE_CURVE('',#8961,#8969,#8971,.T.);
#8969 = VERTEX_POINT('',#8970);
#8970 = CARTESIAN_POINT('',(246.,88.,4.));
#8971 = LINE('',#8972,#8973);
#8972 = CARTESIAN_POINT('',(246.,88.,20.));
#8973 = VECTOR('',#8974,1.);
#8974 = DIRECTION('',(0.,0.,-1.));
#8975 = ORIENTED_EDGE('',*,*,#8976,.T.);
#8976 = EDGE_CURVE('',#8969,#8929,#8977,.T.);
#8977 = LINE('',#8978,#8979);
#8978 = CARTESIAN_POINT('',(246.,88.,4.));
#8979 = VECTOR('',#8980,1.);
#8980 = DIRECTION('',(-0.681998360062,0.,0.731353701619));
#8981 = ORIENTED_EDGE('',*,*,#8945,.T.);
#8982 = PLANE('',#8983);
#8983 = AXIS2_PLACEMENT_3D('',#8984,#8985,#8986);
#8984 = CARTESIAN_POINT('',(237.5,88.,12.678933532167));
#8985 = DIRECTION('',(0.,1.,0.));
#8986 = DIRECTION('',(0.,0.,1.));
#8987 = ADVANCED_FACE('',(#8988),#9014,.F.);
#8988 = FACE_BOUND('',#8989,.F.);
#8989 = EDGE_LOOP('',(#8990,#8991,#8999,#9007,#9013));
#8990 = ORIENTED_EDGE('',*,*,#8895,.T.);
#8991 = ORIENTED_EDGE('',*,*,#8992,.T.);
#8992 = EDGE_CURVE('',#8896,#8993,#8995,.T.);
#8993 = VERTEX_POINT('',#8994);
#8994 = CARTESIAN_POINT('',(246.,131.,20.));
#8995 = LINE('',#8996,#8997);
#8996 = CARTESIAN_POINT('',(229.,131.,20.));
#8997 = VECTOR('',#8998,1.);
#8998 = DIRECTION('',(1.,0.,0.));
#8999 = ORIENTED_EDGE('',*,*,#9000,.T.);
#9000 = EDGE_CURVE('',#8993,#9001,#9003,.T.);
#9001 = VERTEX_POINT('',#9002);
#9002 = CARTESIAN_POINT('',(246.,131.,4.));
#9003 = LINE('',#9004,#9005);
#9004 = CARTESIAN_POINT('',(246.,131.,20.));
#9005 = VECTOR('',#9006,1.);
#9006 = DIRECTION('',(0.,0.,-1.));
#9007 = ORIENTED_EDGE('',*,*,#9008,.T.);
#9008 = EDGE_CURVE('',#9001,#8931,#9009,.T.);
#9009 = LINE('',#9010,#9011);
#9010 = CARTESIAN_POINT('',(246.,131.,4.));
#9011 = VECTOR('',#9012,1.);
#9012 = DIRECTION('',(-0.681998360062,0.,0.731353701619));
#9013 = ORIENTED_EDGE('',*,*,#8938,.T.);
#9014 = PLANE('',#9015);
#9015 = AXIS2_PLACEMENT_3D('',#9016,#9017,#9018);
#9016 = CARTESIAN_POINT('',(237.5,131.,12.678933532167));
#9017 = DIRECTION('',(0.,1.,0.));
#9018 = DIRECTION('',(0.,0.,1.));
#9019 = ADVANCED_FACE('',(#9020),#9031,.T.);
#9020 = FACE_BOUND('',#9021,.T.);
#9021 = EDGE_LOOP('',(#9022,#9023,#9024,#9030));
#9022 = ORIENTED_EDGE('',*,*,#8903,.T.);
#9023 = ORIENTED_EDGE('',*,*,#8992,.T.);
#9024 = ORIENTED_EDGE('',*,*,#9025,.F.);
#9025 = EDGE_CURVE('',#8961,#8993,#9026,.T.);
#9026 = LINE('',#9027,#9028);
#9027 = CARTESIAN_POINT('',(246.,88.,20.));
#9028 = VECTOR('',#9029,1.);
#9029 = DIRECTION('',(0.,1.,0.));
#9030 = ORIENTED_EDGE('',*,*,#8960,.F.);
#9031 = PLANE('',#9032);
#9032 = AXIS2_PLACEMENT_3D('',#9033,#9034,#9035);
#9033 = CARTESIAN_POINT('',(229.,88.,20.));
#9034 = DIRECTION('',(0.,0.,-1.));
#9035 = DIRECTION('',(1.,0.,0.));
#9036 = ADVANCED_FACE('',(#9037),#9048,.T.);
#9037 = FACE_BOUND('',#9038,.T.);
#9038 = EDGE_LOOP('',(#9039,#9045,#9046,#9047));
#9039 = ORIENTED_EDGE('',*,*,#9040,.T.);
#9040 = EDGE_CURVE('',#8969,#9001,#9041,.T.);
#9041 = LINE('',#9042,#9043);
#9042 = CARTESIAN_POINT('',(246.,88.,4.));
#9043 = VECTOR('',#9044,1.);
#9044 = DIRECTION('',(0.,1.,0.));
#9045 = ORIENTED_EDGE('',*,*,#9008,.T.);
#9046 = ORIENTED_EDGE('',*,*,#8928,.F.);
#9047 = ORIENTED_EDGE('',*,*,#8976,.F.);
#9048 = PLANE('',#9049);
#9049 = AXIS2_PLACEMENT_3D('',#9050,#9051,#9052);
#9050 = CARTESIAN_POINT('',(246.,88.,4.));
#9051 = DIRECTION('',(0.731353701619,0.,0.681998360062));
#9052 = DIRECTION('',(-0.681998360062,0.,0.731353701619));
#9053 = ADVANCED_FACE('',(#9054,#9060),#9071,.T.);
#9054 = FACE_BOUND('',#9055,.T.);
#9055 = EDGE_LOOP('',(#9056,#9057,#9058,#9059));
#9056 = ORIENTED_EDGE('',*,*,#9025,.T.);
#9057 = ORIENTED_EDGE('',*,*,#9000,.T.);
#9058 = ORIENTED_EDGE('',*,*,#9040,.F.);
#9059 = ORIENTED_EDGE('',*,*,#8968,.F.);
#9060 = FACE_BOUND('',#9061,.T.);
#9061 = EDGE_LOOP('',(#9062));
#9062 = ORIENTED_EDGE('',*,*,#9063,.T.);
#9063 = EDGE_CURVE('',#9064,#9064,#9066,.T.);
#9064 = VERTEX_POINT('',#9065);
#9065 = CARTESIAN_POINT('',(246.,109.5,19.));
#9066 = CIRCLE('',#9067,2.);
#9067 = AXIS2_PLACEMENT_3D('',#9068,#9069,#9070);
#9068 = CARTESIAN_POINT('',(246.,109.5,17.));
#9069 = DIRECTION('',(1.,0.,-0.));
#9070 = DIRECTION('',(0.,0.,1.));
#9071 = PLANE('',#9072);
#9072 = AXIS2_PLACEMENT_3D('',#9073,#9074,#9075);
#9073 = CARTESIAN_POINT('',(246.,88.,20.));
#9074 = DIRECTION('',(-1.,0.,0.));
#9075 = DIRECTION('',(0.,0.,-1.));
#9076 = ADVANCED_FACE('',(#9077),#9096,.F.);
#9077 = FACE_BOUND('',#9078,.F.);
#9078 = EDGE_LOOP('',(#9079,#9088,#9094,#9095));
#9079 = ORIENTED_EDGE('',*,*,#9080,.F.);
#9080 = EDGE_CURVE('',#9081,#9081,#9083,.T.);
#9081 = VERTEX_POINT('',#9082);
#9082 = CARTESIAN_POINT('',(250.,109.5,19.));
#9083 = CIRCLE('',#9084,2.);
#9084 = AXIS2_PLACEMENT_3D('',#9085,#9086,#9087);
#9085 = CARTESIAN_POINT('',(250.,109.5,17.));
#9086 = DIRECTION('',(1.,0.,-0.));
#9087 = DIRECTION('',(0.,0.,1.));
#9088 = ORIENTED_EDGE('',*,*,#9089,.F.);
#9089 = EDGE_CURVE('',#9064,#9081,#9090,.T.);
#9090 = LINE('',#9091,#9092);
#9091 = CARTESIAN_POINT('',(245.,109.5,19.));
#9092 = VECTOR('',#9093,1.);
#9093 = DIRECTION('',(1.,0.,0.));
#9094 = ORIENTED_EDGE('',*,*,#9063,.T.);
#9095 = ORIENTED_EDGE('',*,*,#9089,.T.);
#9096 = CYLINDRICAL_SURFACE('',#9097,2.);
#9097 = AXIS2_PLACEMENT_3D('',#9098,#9099,#9100);
#9098 = CARTESIAN_POINT('',(245.,109.5,17.));
#9099 = DIRECTION('',(1.,0.,0.));
#9100 = DIRECTION('',(0.,0.,1.));
#9101 = ADVANCED_FACE('',(#9102,#9136),#9139,.T.);
#9102 = FACE_BOUND('',#9103,.T.);
#9103 = EDGE_LOOP('',(#9104,#9114,#9122,#9130));
#9104 = ORIENTED_EDGE('',*,*,#9105,.T.);
#9105 = EDGE_CURVE('',#9106,#9108,#9110,.T.);
#9106 = VERTEX_POINT('',#9107);
#9107 = CARTESIAN_POINT('',(250.,88.,4.));
#9108 = VERTEX_POINT('',#9109);
#9109 = CARTESIAN_POINT('',(250.,131.,4.));
#9110 = LINE('',#9111,#9112);
#9111 = CARTESIAN_POINT('',(250.,88.,4.));
#9112 = VECTOR('',#9113,1.);
#9113 = DIRECTION('',(0.,1.,0.));
#9114 = ORIENTED_EDGE('',*,*,#9115,.T.);
#9115 = EDGE_CURVE('',#9108,#9116,#9118,.T.);
#9116 = VERTEX_POINT('',#9117);
#9117 = CARTESIAN_POINT('',(250.,131.,20.));
#9118 = LINE('',#9119,#9120);
#9119 = CARTESIAN_POINT('',(250.,131.,4.));
#9120 = VECTOR('',#9121,1.);
#9121 = DIRECTION('',(0.,0.,1.));
#9122 = ORIENTED_EDGE('',*,*,#9123,.F.);
#9123 = EDGE_CURVE('',#9124,#9116,#9126,.T.);
#9124 = VERTEX_POINT('',#9125);
#9125 = CARTESIAN_POINT('',(250.,88.,20.));
#9126 = LINE('',#9127,#9128);
#9127 = CARTESIAN_POINT('',(250.,88.,20.));
#9128 = VECTOR('',#9129,1.);
#9129 = DIRECTION('',(0.,1.,0.));
#9130 = ORIENTED_EDGE('',*,*,#9131,.F.);
#9131 = EDGE_CURVE('',#9106,#9124,#9132,.T.);
#9132 = LINE('',#9133,#9134);
#9133 = CARTESIAN_POINT('',(250.,88.,4.));
#9134 = VECTOR('',#9135,1.);
#9135 = DIRECTION('',(0.,0.,1.));
#9136 = FACE_BOUND('',#9137,.T.);
#9137 = EDGE_LOOP('',(#9138));
#9138 = ORIENTED_EDGE('',*,*,#9080,.F.);
#9139 = PLANE('',#9140);
#9140 = AXIS2_PLACEMENT_3D('',#9141,#9142,#9143);
#9141 = CARTESIAN_POINT('',(250.,88.,4.));
#9142 = DIRECTION('',(1.,0.,0.));
#9143 = DIRECTION('',(0.,0.,1.));
#9144 = ADVANCED_FACE('',(#9145),#9170,.T.);
#9145 = FACE_BOUND('',#9146,.T.);
#9146 = EDGE_LOOP('',(#9147,#9157,#9163,#9164));
#9147 = ORIENTED_EDGE('',*,*,#9148,.T.);
#9148 = EDGE_CURVE('',#9149,#9151,#9153,.T.);
#9149 = VERTEX_POINT('',#9150);
#9150 = CARTESIAN_POINT('',(258.5,88.,13.11513403521));
#9151 = VERTEX_POINT('',#9152);
#9152 = CARTESIAN_POINT('',(258.5,131.,13.11513403521));
#9153 = LINE('',#9154,#9155);
#9154 = CARTESIAN_POINT('',(258.5,88.,13.11513403521));
#9155 = VECTOR('',#9156,1.);
#9156 = DIRECTION('',(0.,1.,0.));
#9157 = ORIENTED_EDGE('',*,*,#9158,.T.);
#9158 = EDGE_CURVE('',#9151,#9108,#9159,.T.);
#9159 = LINE('',#9160,#9161);
#9160 = CARTESIAN_POINT('',(258.5,131.,13.11513403521));
#9161 = VECTOR('',#9162,1.);
#9162 = DIRECTION('',(-0.681998360062,0.,-0.731353701619));
#9163 = ORIENTED_EDGE('',*,*,#9105,.F.);
#9164 = ORIENTED_EDGE('',*,*,#9165,.F.);
#9165 = EDGE_CURVE('',#9149,#9106,#9166,.T.);
#9166 = LINE('',#9167,#9168);
#9167 = CARTESIAN_POINT('',(258.5,88.,13.11513403521));
#9168 = VECTOR('',#9169,1.);
#9169 = DIRECTION('',(-0.681998360062,0.,-0.731353701619));
#9170 = PLANE('',#9171);
#9171 = AXIS2_PLACEMENT_3D('',#9172,#9173,#9174);
#9172 = CARTESIAN_POINT('',(258.5,88.,13.11513403521));
#9173 = DIRECTION('',(-0.731353701619,0.,0.681998360062));
#9174 = DIRECTION('',(-0.681998360062,0.,-0.731353701619));
#9175 = ADVANCED_FACE('',(#9176),#9202,.T.);
#9176 = FACE_BOUND('',#9177,.T.);
#9177 = EDGE_LOOP('',(#9178,#9179,#9187,#9195,#9201));
#9178 = ORIENTED_EDGE('',*,*,#9131,.T.);
#9179 = ORIENTED_EDGE('',*,*,#9180,.T.);
#9180 = EDGE_CURVE('',#9124,#9181,#9183,.T.);
#9181 = VERTEX_POINT('',#9182);
#9182 = CARTESIAN_POINT('',(267.,88.,20.));
#9183 = LINE('',#9184,#9185);
#9184 = CARTESIAN_POINT('',(250.,88.,20.));
#9185 = VECTOR('',#9186,1.);
#9186 = DIRECTION('',(1.,0.,0.));
#9187 = ORIENTED_EDGE('',*,*,#9188,.T.);
#9188 = EDGE_CURVE('',#9181,#9189,#9191,.T.);
#9189 = VERTEX_POINT('',#9190);
#9190 = CARTESIAN_POINT('',(267.,88.,4.));
#9191 = LINE('',#9192,#9193);
#9192 = CARTESIAN_POINT('',(267.,88.,20.));
#9193 = VECTOR('',#9194,1.);
#9194 = DIRECTION('',(0.,0.,-1.));
#9195 = ORIENTED_EDGE('',*,*,#9196,.T.);
#9196 = EDGE_CURVE('',#9189,#9149,#9197,.T.);
#9197 = LINE('',#9198,#9199);
#9198 = CARTESIAN_POINT('',(267.,88.,4.));
#9199 = VECTOR('',#9200,1.);
#9200 = DIRECTION('',(-0.681998360062,0.,0.731353701619));
#9201 = ORIENTED_EDGE('',*,*,#9165,.T.);
#9202 = PLANE('',#9203);
#9203 = AXIS2_PLACEMENT_3D('',#9204,#9205,#9206);
#9204 = CARTESIAN_POINT('',(258.5,88.,12.678933532167));
#9205 = DIRECTION('',(0.,1.,0.));
#9206 = DIRECTION('',(0.,0.,1.));
#9207 = ADVANCED_FACE('',(#9208),#9234,.F.);
#9208 = FACE_BOUND('',#9209,.F.);
#9209 = EDGE_LOOP('',(#9210,#9211,#9219,#9227,#9233));
#9210 = ORIENTED_EDGE('',*,*,#9115,.T.);
#9211 = ORIENTED_EDGE('',*,*,#9212,.T.);
#9212 = EDGE_CURVE('',#9116,#9213,#9215,.T.);
#9213 = VERTEX_POINT('',#9214);
#9214 = CARTESIAN_POINT('',(267.,131.,20.));
#9215 = LINE('',#9216,#9217);
#9216 = CARTESIAN_POINT('',(250.,131.,20.));
#9217 = VECTOR('',#9218,1.);
#9218 = DIRECTION('',(1.,0.,0.));
#9219 = ORIENTED_EDGE('',*,*,#9220,.T.);
#9220 = EDGE_CURVE('',#9213,#9221,#9223,.T.);
#9221 = VERTEX_POINT('',#9222);
#9222 = CARTESIAN_POINT('',(267.,131.,4.));
#9223 = LINE('',#9224,#9225);
#9224 = CARTESIAN_POINT('',(267.,131.,20.));
#9225 = VECTOR('',#9226,1.);
#9226 = DIRECTION('',(0.,0.,-1.));
#9227 = ORIENTED_EDGE('',*,*,#9228,.T.);
#9228 = EDGE_CURVE('',#9221,#9151,#9229,.T.);
#9229 = LINE('',#9230,#9231);
#9230 = CARTESIAN_POINT('',(267.,131.,4.));
#9231 = VECTOR('',#9232,1.);
#9232 = DIRECTION('',(-0.681998360062,0.,0.731353701619));
#9233 = ORIENTED_EDGE('',*,*,#9158,.T.);
#9234 = PLANE('',#9235);
#9235 = AXIS2_PLACEMENT_3D('',#9236,#9237,#9238);
#9236 = CARTESIAN_POINT('',(258.5,131.,12.678933532167));
#9237 = DIRECTION('',(0.,1.,0.));
#9238 = DIRECTION('',(0.,0.,1.));
#9239 = ADVANCED_FACE('',(#9240),#9251,.T.);
#9240 = FACE_BOUND('',#9241,.T.);
#9241 = EDGE_LOOP('',(#9242,#9243,#9244,#9250));
#9242 = ORIENTED_EDGE('',*,*,#9123,.T.);
#9243 = ORIENTED_EDGE('',*,*,#9212,.T.);
#9244 = ORIENTED_EDGE('',*,*,#9245,.F.);
#9245 = EDGE_CURVE('',#9181,#9213,#9246,.T.);
#9246 = LINE('',#9247,#9248);
#9247 = CARTESIAN_POINT('',(267.,88.,20.));
#9248 = VECTOR('',#9249,1.);
#9249 = DIRECTION('',(0.,1.,0.));
#9250 = ORIENTED_EDGE('',*,*,#9180,.F.);
#9251 = PLANE('',#9252);
#9252 = AXIS2_PLACEMENT_3D('',#9253,#9254,#9255);
#9253 = CARTESIAN_POINT('',(250.,88.,20.));
#9254 = DIRECTION('',(0.,0.,-1.));
#9255 = DIRECTION('',(1.,0.,0.));
#9256 = ADVANCED_FACE('',(#9257),#9268,.T.);
#9257 = FACE_BOUND('',#9258,.T.);
#9258 = EDGE_LOOP('',(#9259,#9265,#9266,#9267));
#9259 = ORIENTED_EDGE('',*,*,#9260,.T.);
#9260 = EDGE_CURVE('',#9189,#9221,#9261,.T.);
#9261 = LINE('',#9262,#9263);
#9262 = CARTESIAN_POINT('',(267.,88.,4.));
#9263 = VECTOR('',#9264,1.);
#9264 = DIRECTION('',(0.,1.,0.));
#9265 = ORIENTED_EDGE('',*,*,#9228,.T.);
#9266 = ORIENTED_EDGE('',*,*,#9148,.F.);
#9267 = ORIENTED_EDGE('',*,*,#9196,.F.);
#9268 = PLANE('',#9269);
#9269 = AXIS2_PLACEMENT_3D('',#9270,#9271,#9272);
#9270 = CARTESIAN_POINT('',(267.,88.,4.));
#9271 = DIRECTION('',(0.731353701619,0.,0.681998360062));
#9272 = DIRECTION('',(-0.681998360062,0.,0.731353701619));
#9273 = ADVANCED_FACE('',(#9274),#9280,.T.);
#9274 = FACE_BOUND('',#9275,.T.);
#9275 = EDGE_LOOP('',(#9276,#9277,#9278,#9279));
#9276 = ORIENTED_EDGE('',*,*,#9245,.T.);
#9277 = ORIENTED_EDGE('',*,*,#9220,.T.);
#9278 = ORIENTED_EDGE('',*,*,#9260,.F.);
#9279 = ORIENTED_EDGE('',*,*,#9188,.F.);
#9280 = PLANE('',#9281);
#9281 = AXIS2_PLACEMENT_3D('',#9282,#9283,#9284);
#9282 = CARTESIAN_POINT('',(267.,88.,20.));
#9283 = DIRECTION('',(-1.,0.,0.));
#9284 = DIRECTION('',(0.,0.,-1.));
#9285 = ADVANCED_FACE('',(#9286),#9305,.F.);
#9286 = FACE_BOUND('',#9287,.F.);
#9287 = EDGE_LOOP('',(#9288,#9297,#9303,#9304));
#9288 = ORIENTED_EDGE('',*,*,#9289,.F.);
#9289 = EDGE_CURVE('',#9290,#9290,#9292,.T.);
#9290 = VERTEX_POINT('',#9291);
#9291 = CARTESIAN_POINT('',(208.,63.5,19.));
#9292 = CIRCLE('',#9293,2.);
#9293 = AXIS2_PLACEMENT_3D('',#9294,#9295,#9296);
#9294 = CARTESIAN_POINT('',(208.,63.5,17.));
#9295 = DIRECTION('',(1.,0.,-0.));
#9296 = DIRECTION('',(0.,0.,1.));
#9297 = ORIENTED_EDGE('',*,*,#9298,.F.);
#9298 = EDGE_CURVE('',#7545,#9290,#9299,.T.);
#9299 = LINE('',#9300,#9301);
#9300 = CARTESIAN_POINT('',(199.,63.5,19.));
#9301 = VECTOR('',#9302,1.);
#9302 = DIRECTION('',(1.,0.,0.));
#9303 = ORIENTED_EDGE('',*,*,#7544,.T.);
#9304 = ORIENTED_EDGE('',*,*,#9298,.T.);
#9305 = CYLINDRICAL_SURFACE('',#9306,2.);
#9306 = AXIS2_PLACEMENT_3D('',#9307,#9308,#9309);
#9307 = CARTESIAN_POINT('',(199.,63.5,17.));
#9308 = DIRECTION('',(1.,0.,0.));
#9309 = DIRECTION('',(0.,0.,1.));
#9310 = ADVANCED_FACE('',(#9311,#9345),#9348,.T.);
#9311 = FACE_BOUND('',#9312,.T.);
#9312 = EDGE_LOOP('',(#9313,#9323,#9331,#9339));
#9313 = ORIENTED_EDGE('',*,*,#9314,.T.);
#9314 = EDGE_CURVE('',#9315,#9317,#9319,.T.);
#9315 = VERTEX_POINT('',#9316);
#9316 = CARTESIAN_POINT('',(208.,42.,4.));
#9317 = VERTEX_POINT('',#9318);
#9318 = CARTESIAN_POINT('',(208.,85.,4.));
#9319 = LINE('',#9320,#9321);
#9320 = CARTESIAN_POINT('',(208.,42.,4.));
#9321 = VECTOR('',#9322,1.);
#9322 = DIRECTION('',(0.,1.,0.));
#9323 = ORIENTED_EDGE('',*,*,#9324,.T.);
#9324 = EDGE_CURVE('',#9317,#9325,#9327,.T.);
#9325 = VERTEX_POINT('',#9326);
#9326 = CARTESIAN_POINT('',(208.,85.,20.));
#9327 = LINE('',#9328,#9329);
#9328 = CARTESIAN_POINT('',(208.,85.,4.));
#9329 = VECTOR('',#9330,1.);
#9330 = DIRECTION('',(0.,0.,1.));
#9331 = ORIENTED_EDGE('',*,*,#9332,.F.);
#9332 = EDGE_CURVE('',#9333,#9325,#9335,.T.);
#9333 = VERTEX_POINT('',#9334);
#9334 = CARTESIAN_POINT('',(208.,42.,20.));
#9335 = LINE('',#9336,#9337);
#9336 = CARTESIAN_POINT('',(208.,42.,20.));
#9337 = VECTOR('',#9338,1.);
#9338 = DIRECTION('',(0.,1.,0.));
#9339 = ORIENTED_EDGE('',*,*,#9340,.F.);
#9340 = EDGE_CURVE('',#9315,#9333,#9341,.T.);
#9341 = LINE('',#9342,#9343);
#9342 = CARTESIAN_POINT('',(208.,42.,4.));
#9343 = VECTOR('',#9344,1.);
#9344 = DIRECTION('',(0.,0.,1.));
#9345 = FACE_BOUND('',#9346,.T.);
#9346 = EDGE_LOOP('',(#9347));
#9347 = ORIENTED_EDGE('',*,*,#9289,.F.);
#9348 = PLANE('',#9349);
#9349 = AXIS2_PLACEMENT_3D('',#9350,#9351,#9352);
#9350 = CARTESIAN_POINT('',(208.,42.,4.));
#9351 = DIRECTION('',(1.,0.,0.));
#9352 = DIRECTION('',(0.,0.,1.));
#9353 = ADVANCED_FACE('',(#9354),#9379,.T.);
#9354 = FACE_BOUND('',#9355,.T.);
#9355 = EDGE_LOOP('',(#9356,#9366,#9372,#9373));
#9356 = ORIENTED_EDGE('',*,*,#9357,.T.);
#9357 = EDGE_CURVE('',#9358,#9360,#9362,.T.);
#9358 = VERTEX_POINT('',#9359);
#9359 = CARTESIAN_POINT('',(216.5,42.,13.11513403521));
#9360 = VERTEX_POINT('',#9361);
#9361 = CARTESIAN_POINT('',(216.5,85.,13.11513403521));
#9362 = LINE('',#9363,#9364);
#9363 = CARTESIAN_POINT('',(216.5,42.,13.11513403521));
#9364 = VECTOR('',#9365,1.);
#9365 = DIRECTION('',(0.,1.,0.));
#9366 = ORIENTED_EDGE('',*,*,#9367,.T.);
#9367 = EDGE_CURVE('',#9360,#9317,#9368,.T.);
#9368 = LINE('',#9369,#9370);
#9369 = CARTESIAN_POINT('',(216.5,85.,13.11513403521));
#9370 = VECTOR('',#9371,1.);
#9371 = DIRECTION('',(-0.681998360062,0.,-0.731353701619));
#9372 = ORIENTED_EDGE('',*,*,#9314,.F.);
#9373 = ORIENTED_EDGE('',*,*,#9374,.F.);
#9374 = EDGE_CURVE('',#9358,#9315,#9375,.T.);
#9375 = LINE('',#9376,#9377);
#9376 = CARTESIAN_POINT('',(216.5,42.,13.11513403521));
#9377 = VECTOR('',#9378,1.);
#9378 = DIRECTION('',(-0.681998360062,0.,-0.731353701619));
#9379 = PLANE('',#9380);
#9380 = AXIS2_PLACEMENT_3D('',#9381,#9382,#9383);
#9381 = CARTESIAN_POINT('',(216.5,42.,13.11513403521));
#9382 = DIRECTION('',(-0.731353701619,0.,0.681998360062));
#9383 = DIRECTION('',(-0.681998360062,0.,-0.731353701619));
#9384 = ADVANCED_FACE('',(#9385),#9411,.T.);
#9385 = FACE_BOUND('',#9386,.T.);
#9386 = EDGE_LOOP('',(#9387,#9388,#9396,#9404,#9410));
#9387 = ORIENTED_EDGE('',*,*,#9340,.T.);
#9388 = ORIENTED_EDGE('',*,*,#9389,.T.);
#9389 = EDGE_CURVE('',#9333,#9390,#9392,.T.);
#9390 = VERTEX_POINT('',#9391);
#9391 = CARTESIAN_POINT('',(225.,42.,20.));
#9392 = LINE('',#9393,#9394);
#9393 = CARTESIAN_POINT('',(208.,42.,20.));
#9394 = VECTOR('',#9395,1.);
#9395 = DIRECTION('',(1.,0.,0.));
#9396 = ORIENTED_EDGE('',*,*,#9397,.T.);
#9397 = EDGE_CURVE('',#9390,#9398,#9400,.T.);
#9398 = VERTEX_POINT('',#9399);
#9399 = CARTESIAN_POINT('',(225.,42.,4.));
#9400 = LINE('',#9401,#9402);
#9401 = CARTESIAN_POINT('',(225.,42.,20.));
#9402 = VECTOR('',#9403,1.);
#9403 = DIRECTION('',(0.,0.,-1.));
#9404 = ORIENTED_EDGE('',*,*,#9405,.T.);
#9405 = EDGE_CURVE('',#9398,#9358,#9406,.T.);
#9406 = LINE('',#9407,#9408);
#9407 = CARTESIAN_POINT('',(225.,42.,4.));
#9408 = VECTOR('',#9409,1.);
#9409 = DIRECTION('',(-0.681998360062,0.,0.731353701619));
#9410 = ORIENTED_EDGE('',*,*,#9374,.T.);
#9411 = PLANE('',#9412);
#9412 = AXIS2_PLACEMENT_3D('',#9413,#9414,#9415);
#9413 = CARTESIAN_POINT('',(216.5,42.,12.678933532167));
#9414 = DIRECTION('',(0.,1.,0.));
#9415 = DIRECTION('',(0.,0.,1.));
#9416 = ADVANCED_FACE('',(#9417),#9443,.F.);
#9417 = FACE_BOUND('',#9418,.F.);
#9418 = EDGE_LOOP('',(#9419,#9420,#9428,#9436,#9442));
#9419 = ORIENTED_EDGE('',*,*,#9324,.T.);
#9420 = ORIENTED_EDGE('',*,*,#9421,.T.);
#9421 = EDGE_CURVE('',#9325,#9422,#9424,.T.);
#9422 = VERTEX_POINT('',#9423);
#9423 = CARTESIAN_POINT('',(225.,85.,20.));
#9424 = LINE('',#9425,#9426);
#9425 = CARTESIAN_POINT('',(208.,85.,20.));
#9426 = VECTOR('',#9427,1.);
#9427 = DIRECTION('',(1.,0.,0.));
#9428 = ORIENTED_EDGE('',*,*,#9429,.T.);
#9429 = EDGE_CURVE('',#9422,#9430,#9432,.T.);
#9430 = VERTEX_POINT('',#9431);
#9431 = CARTESIAN_POINT('',(225.,85.,4.));
#9432 = LINE('',#9433,#9434);
#9433 = CARTESIAN_POINT('',(225.,85.,20.));
#9434 = VECTOR('',#9435,1.);
#9435 = DIRECTION('',(0.,0.,-1.));
#9436 = ORIENTED_EDGE('',*,*,#9437,.T.);
#9437 = EDGE_CURVE('',#9430,#9360,#9438,.T.);
#9438 = LINE('',#9439,#9440);
#9439 = CARTESIAN_POINT('',(225.,85.,4.));
#9440 = VECTOR('',#9441,1.);
#9441 = DIRECTION('',(-0.681998360062,0.,0.731353701619));
#9442 = ORIENTED_EDGE('',*,*,#9367,.T.);
#9443 = PLANE('',#9444);
#9444 = AXIS2_PLACEMENT_3D('',#9445,#9446,#9447);
#9445 = CARTESIAN_POINT('',(216.5,85.,12.678933532167));
#9446 = DIRECTION('',(0.,1.,0.));
#9447 = DIRECTION('',(0.,0.,1.));
#9448 = ADVANCED_FACE('',(#9449),#9460,.T.);
#9449 = FACE_BOUND('',#9450,.T.);
#9450 = EDGE_LOOP('',(#9451,#9452,#9453,#9459));
#9451 = ORIENTED_EDGE('',*,*,#9332,.T.);
#9452 = ORIENTED_EDGE('',*,*,#9421,.T.);
#9453 = ORIENTED_EDGE('',*,*,#9454,.F.);
#9454 = EDGE_CURVE('',#9390,#9422,#9455,.T.);
#9455 = LINE('',#9456,#9457);
#9456 = CARTESIAN_POINT('',(225.,42.,20.));
#9457 = VECTOR('',#9458,1.);
#9458 = DIRECTION('',(0.,1.,0.));
#9459 = ORIENTED_EDGE('',*,*,#9389,.F.);
#9460 = PLANE('',#9461);
#9461 = AXIS2_PLACEMENT_3D('',#9462,#9463,#9464);
#9462 = CARTESIAN_POINT('',(208.,42.,20.));
#9463 = DIRECTION('',(0.,0.,-1.));
#9464 = DIRECTION('',(1.,0.,0.));
#9465 = ADVANCED_FACE('',(#9466),#9477,.T.);
#9466 = FACE_BOUND('',#9467,.T.);
#9467 = EDGE_LOOP('',(#9468,#9474,#9475,#9476));
#9468 = ORIENTED_EDGE('',*,*,#9469,.T.);
#9469 = EDGE_CURVE('',#9398,#9430,#9470,.T.);
#9470 = LINE('',#9471,#9472);
#9471 = CARTESIAN_POINT('',(225.,42.,4.));
#9472 = VECTOR('',#9473,1.);
#9473 = DIRECTION('',(0.,1.,0.));
#9474 = ORIENTED_EDGE('',*,*,#9437,.T.);
#9475 = ORIENTED_EDGE('',*,*,#9357,.F.);
#9476 = ORIENTED_EDGE('',*,*,#9405,.F.);
#9477 = PLANE('',#9478);
#9478 = AXIS2_PLACEMENT_3D('',#9479,#9480,#9481);
#9479 = CARTESIAN_POINT('',(225.,42.,4.));
#9480 = DIRECTION('',(0.731353701619,0.,0.681998360062));
#9481 = DIRECTION('',(-0.681998360062,0.,0.731353701619));
#9482 = ADVANCED_FACE('',(#9483,#9489),#9500,.T.);
#9483 = FACE_BOUND('',#9484,.T.);
#9484 = EDGE_LOOP('',(#9485,#9486,#9487,#9488));
#9485 = ORIENTED_EDGE('',*,*,#9454,.T.);
#9486 = ORIENTED_EDGE('',*,*,#9429,.T.);
#9487 = ORIENTED_EDGE('',*,*,#9469,.F.);
#9488 = ORIENTED_EDGE('',*,*,#9397,.F.);
#9489 = FACE_BOUND('',#9490,.T.);
#9490 = EDGE_LOOP('',(#9491));
#9491 = ORIENTED_EDGE('',*,*,#9492,.T.);
#9492 = EDGE_CURVE('',#9493,#9493,#9495,.T.);
#9493 = VERTEX_POINT('',#9494);
#9494 = CARTESIAN_POINT('',(225.,63.5,19.));
#9495 = CIRCLE('',#9496,2.);
#9496 = AXIS2_PLACEMENT_3D('',#9497,#9498,#9499);
#9497 = CARTESIAN_POINT('',(225.,63.5,17.));
#9498 = DIRECTION('',(1.,0.,-0.));
#9499 = DIRECTION('',(0.,0.,1.));
#9500 = PLANE('',#9501);
#9501 = AXIS2_PLACEMENT_3D('',#9502,#9503,#9504);
#9502 = CARTESIAN_POINT('',(225.,42.,20.));
#9503 = DIRECTION('',(-1.,0.,0.));
#9504 = DIRECTION('',(0.,0.,-1.));
#9505 = ADVANCED_FACE('',(#9506),#9525,.F.);
#9506 = FACE_BOUND('',#9507,.F.);
#9507 = EDGE_LOOP('',(#9508,#9517,#9523,#9524));
#9508 = ORIENTED_EDGE('',*,*,#9509,.F.);
#9509 = EDGE_CURVE('',#9510,#9510,#9512,.T.);
#9510 = VERTEX_POINT('',#9511);
#9511 = CARTESIAN_POINT('',(229.,63.5,19.));
#9512 = CIRCLE('',#9513,2.);
#9513 = AXIS2_PLACEMENT_3D('',#9514,#9515,#9516);
#9514 = CARTESIAN_POINT('',(229.,63.5,17.));
#9515 = DIRECTION('',(1.,0.,-0.));
#9516 = DIRECTION('',(0.,0.,1.));
#9517 = ORIENTED_EDGE('',*,*,#9518,.F.);
#9518 = EDGE_CURVE('',#9493,#9510,#9519,.T.);
#9519 = LINE('',#9520,#9521);
#9520 = CARTESIAN_POINT('',(224.,63.5,19.));
#9521 = VECTOR('',#9522,1.);
#9522 = DIRECTION('',(1.,0.,0.));
#9523 = ORIENTED_EDGE('',*,*,#9492,.T.);
#9524 = ORIENTED_EDGE('',*,*,#9518,.T.);
#9525 = CYLINDRICAL_SURFACE('',#9526,2.);
#9526 = AXIS2_PLACEMENT_3D('',#9527,#9528,#9529);
#9527 = CARTESIAN_POINT('',(224.,63.5,17.));
#9528 = DIRECTION('',(1.,0.,0.));
#9529 = DIRECTION('',(0.,0.,1.));
#9530 = ADVANCED_FACE('',(#9531,#9565),#9568,.T.);
#9531 = FACE_BOUND('',#9532,.T.);
#9532 = EDGE_LOOP('',(#9533,#9543,#9551,#9559));
#9533 = ORIENTED_EDGE('',*,*,#9534,.T.);
#9534 = EDGE_CURVE('',#9535,#9537,#9539,.T.);
#9535 = VERTEX_POINT('',#9536);
#9536 = CARTESIAN_POINT('',(229.,42.,4.));
#9537 = VERTEX_POINT('',#9538);
#9538 = CARTESIAN_POINT('',(229.,85.,4.));
#9539 = LINE('',#9540,#9541);
#9540 = CARTESIAN_POINT('',(229.,42.,4.));
#9541 = VECTOR('',#9542,1.);
#9542 = DIRECTION('',(0.,1.,0.));
#9543 = ORIENTED_EDGE('',*,*,#9544,.T.);
#9544 = EDGE_CURVE('',#9537,#9545,#9547,.T.);
#9545 = VERTEX_POINT('',#9546);
#9546 = CARTESIAN_POINT('',(229.,85.,20.));
#9547 = LINE('',#9548,#9549);
#9548 = CARTESIAN_POINT('',(229.,85.,4.));
#9549 = VECTOR('',#9550,1.);
#9550 = DIRECTION('',(0.,0.,1.));
#9551 = ORIENTED_EDGE('',*,*,#9552,.F.);
#9552 = EDGE_CURVE('',#9553,#9545,#9555,.T.);
#9553 = VERTEX_POINT('',#9554);
#9554 = CARTESIAN_POINT('',(229.,42.,20.));
#9555 = LINE('',#9556,#9557);
#9556 = CARTESIAN_POINT('',(229.,42.,20.));
#9557 = VECTOR('',#9558,1.);
#9558 = DIRECTION('',(0.,1.,0.));
#9559 = ORIENTED_EDGE('',*,*,#9560,.F.);
#9560 = EDGE_CURVE('',#9535,#9553,#9561,.T.);
#9561 = LINE('',#9562,#9563);
#9562 = CARTESIAN_POINT('',(229.,42.,4.));
#9563 = VECTOR('',#9564,1.);
#9564 = DIRECTION('',(0.,0.,1.));
#9565 = FACE_BOUND('',#9566,.T.);
#9566 = EDGE_LOOP('',(#9567));
#9567 = ORIENTED_EDGE('',*,*,#9509,.F.);
#9568 = PLANE('',#9569);
#9569 = AXIS2_PLACEMENT_3D('',#9570,#9571,#9572);
#9570 = CARTESIAN_POINT('',(229.,42.,4.));
#9571 = DIRECTION('',(1.,0.,0.));
#9572 = DIRECTION('',(0.,0.,1.));
#9573 = ADVANCED_FACE('',(#9574),#9599,.T.);
#9574 = FACE_BOUND('',#9575,.T.);
#9575 = EDGE_LOOP('',(#9576,#9586,#9592,#9593));
#9576 = ORIENTED_EDGE('',*,*,#9577,.T.);
#9577 = EDGE_CURVE('',#9578,#9580,#9582,.T.);
#9578 = VERTEX_POINT('',#9579);
#9579 = CARTESIAN_POINT('',(237.5,42.,13.11513403521));
#9580 = VERTEX_POINT('',#9581);
#9581 = CARTESIAN_POINT('',(237.5,85.,13.11513403521));
#9582 = LINE('',#9583,#9584);
#9583 = CARTESIAN_POINT('',(237.5,42.,13.11513403521));
#9584 = VECTOR('',#9585,1.);
#9585 = DIRECTION('',(0.,1.,0.));
#9586 = ORIENTED_EDGE('',*,*,#9587,.T.);
#9587 = EDGE_CURVE('',#9580,#9537,#9588,.T.);
#9588 = LINE('',#9589,#9590);
#9589 = CARTESIAN_POINT('',(237.5,85.,13.11513403521));
#9590 = VECTOR('',#9591,1.);
#9591 = DIRECTION('',(-0.681998360062,0.,-0.731353701619));
#9592 = ORIENTED_EDGE('',*,*,#9534,.F.);
#9593 = ORIENTED_EDGE('',*,*,#9594,.F.);
#9594 = EDGE_CURVE('',#9578,#9535,#9595,.T.);
#9595 = LINE('',#9596,#9597);
#9596 = CARTESIAN_POINT('',(237.5,42.,13.11513403521));
#9597 = VECTOR('',#9598,1.);
#9598 = DIRECTION('',(-0.681998360062,0.,-0.731353701619));
#9599 = PLANE('',#9600);
#9600 = AXIS2_PLACEMENT_3D('',#9601,#9602,#9603);
#9601 = CARTESIAN_POINT('',(237.5,42.,13.11513403521));
#9602 = DIRECTION('',(-0.731353701619,0.,0.681998360062));
#9603 = DIRECTION('',(-0.681998360062,0.,-0.731353701619));
#9604 = ADVANCED_FACE('',(#9605),#9631,.T.);
#9605 = FACE_BOUND('',#9606,.T.);
#9606 = EDGE_LOOP('',(#9607,#9608,#9616,#9624,#9630));
#9607 = ORIENTED_EDGE('',*,*,#9560,.T.);
#9608 = ORIENTED_EDGE('',*,*,#9609,.T.);
#9609 = EDGE_CURVE('',#9553,#9610,#9612,.T.);
#9610 = VERTEX_POINT('',#9611);
#9611 = CARTESIAN_POINT('',(246.,42.,20.));
#9612 = LINE('',#9613,#9614);
#9613 = CARTESIAN_POINT('',(229.,42.,20.));
#9614 = VECTOR('',#9615,1.);
#9615 = DIRECTION('',(1.,0.,0.));
#9616 = ORIENTED_EDGE('',*,*,#9617,.T.);
#9617 = EDGE_CURVE('',#9610,#9618,#9620,.T.);
#9618 = VERTEX_POINT('',#9619);
#9619 = CARTESIAN_POINT('',(246.,42.,4.));
#9620 = LINE('',#9621,#9622);
#9621 = CARTESIAN_POINT('',(246.,42.,20.));
#9622 = VECTOR('',#9623,1.);
#9623 = DIRECTION('',(0.,0.,-1.));
#9624 = ORIENTED_EDGE('',*,*,#9625,.T.);
#9625 = EDGE_CURVE('',#9618,#9578,#9626,.T.);
#9626 = LINE('',#9627,#9628);
#9627 = CARTESIAN_POINT('',(246.,42.,4.));
#9628 = VECTOR('',#9629,1.);
#9629 = DIRECTION('',(-0.681998360062,0.,0.731353701619));
#9630 = ORIENTED_EDGE('',*,*,#9594,.T.);
#9631 = PLANE('',#9632);
#9632 = AXIS2_PLACEMENT_3D('',#9633,#9634,#9635);
#9633 = CARTESIAN_POINT('',(237.5,42.,12.678933532167));
#9634 = DIRECTION('',(0.,1.,0.));
#9635 = DIRECTION('',(0.,0.,1.));
#9636 = ADVANCED_FACE('',(#9637),#9663,.F.);
#9637 = FACE_BOUND('',#9638,.F.);
#9638 = EDGE_LOOP('',(#9639,#9640,#9648,#9656,#9662));
#9639 = ORIENTED_EDGE('',*,*,#9544,.T.);
#9640 = ORIENTED_EDGE('',*,*,#9641,.T.);
#9641 = EDGE_CURVE('',#9545,#9642,#9644,.T.);
#9642 = VERTEX_POINT('',#9643);
#9643 = CARTESIAN_POINT('',(246.,85.,20.));
#9644 = LINE('',#9645,#9646);
#9645 = CARTESIAN_POINT('',(229.,85.,20.));
#9646 = VECTOR('',#9647,1.);
#9647 = DIRECTION('',(1.,0.,0.));
#9648 = ORIENTED_EDGE('',*,*,#9649,.T.);
#9649 = EDGE_CURVE('',#9642,#9650,#9652,.T.);
#9650 = VERTEX_POINT('',#9651);
#9651 = CARTESIAN_POINT('',(246.,85.,4.));
#9652 = LINE('',#9653,#9654);
#9653 = CARTESIAN_POINT('',(246.,85.,20.));
#9654 = VECTOR('',#9655,1.);
#9655 = DIRECTION('',(0.,0.,-1.));
#9656 = ORIENTED_EDGE('',*,*,#9657,.T.);
#9657 = EDGE_CURVE('',#9650,#9580,#9658,.T.);
#9658 = LINE('',#9659,#9660);
#9659 = CARTESIAN_POINT('',(246.,85.,4.));
#9660 = VECTOR('',#9661,1.);
#9661 = DIRECTION('',(-0.681998360062,0.,0.731353701619));
#9662 = ORIENTED_EDGE('',*,*,#9587,.T.);
#9663 = PLANE('',#9664);
#9664 = AXIS2_PLACEMENT_3D('',#9665,#9666,#9667);
#9665 = CARTESIAN_POINT('',(237.5,85.,12.678933532167));
#9666 = DIRECTION('',(0.,1.,0.));
#9667 = DIRECTION('',(0.,0.,1.));
#9668 = ADVANCED_FACE('',(#9669),#9680,.T.);
#9669 = FACE_BOUND('',#9670,.T.);
#9670 = EDGE_LOOP('',(#9671,#9672,#9673,#9679));
#9671 = ORIENTED_EDGE('',*,*,#9552,.T.);
#9672 = ORIENTED_EDGE('',*,*,#9641,.T.);
#9673 = ORIENTED_EDGE('',*,*,#9674,.F.);
#9674 = EDGE_CURVE('',#9610,#9642,#9675,.T.);
#9675 = LINE('',#9676,#9677);
#9676 = CARTESIAN_POINT('',(246.,42.,20.));
#9677 = VECTOR('',#9678,1.);
#9678 = DIRECTION('',(0.,1.,0.));
#9679 = ORIENTED_EDGE('',*,*,#9609,.F.);
#9680 = PLANE('',#9681);
#9681 = AXIS2_PLACEMENT_3D('',#9682,#9683,#9684);
#9682 = CARTESIAN_POINT('',(229.,42.,20.));
#9683 = DIRECTION('',(0.,0.,-1.));
#9684 = DIRECTION('',(1.,0.,0.));
#9685 = ADVANCED_FACE('',(#9686),#9697,.T.);
#9686 = FACE_BOUND('',#9687,.T.);
#9687 = EDGE_LOOP('',(#9688,#9694,#9695,#9696));
#9688 = ORIENTED_EDGE('',*,*,#9689,.T.);
#9689 = EDGE_CURVE('',#9618,#9650,#9690,.T.);
#9690 = LINE('',#9691,#9692);
#9691 = CARTESIAN_POINT('',(246.,42.,4.));
#9692 = VECTOR('',#9693,1.);
#9693 = DIRECTION('',(0.,1.,0.));
#9694 = ORIENTED_EDGE('',*,*,#9657,.T.);
#9695 = ORIENTED_EDGE('',*,*,#9577,.F.);
#9696 = ORIENTED_EDGE('',*,*,#9625,.F.);
#9697 = PLANE('',#9698);
#9698 = AXIS2_PLACEMENT_3D('',#9699,#9700,#9701);
#9699 = CARTESIAN_POINT('',(246.,42.,4.));
#9700 = DIRECTION('',(0.731353701619,0.,0.681998360062));
#9701 = DIRECTION('',(-0.681998360062,0.,0.731353701619));
#9702 = ADVANCED_FACE('',(#9703,#9709),#9720,.T.);
#9703 = FACE_BOUND('',#9704,.T.);
#9704 = EDGE_LOOP('',(#9705,#9706,#9707,#9708));
#9705 = ORIENTED_EDGE('',*,*,#9674,.T.);
#9706 = ORIENTED_EDGE('',*,*,#9649,.T.);
#9707 = ORIENTED_EDGE('',*,*,#9689,.F.);
#9708 = ORIENTED_EDGE('',*,*,#9617,.F.);
#9709 = FACE_BOUND('',#9710,.T.);
#9710 = EDGE_LOOP('',(#9711));
#9711 = ORIENTED_EDGE('',*,*,#9712,.T.);
#9712 = EDGE_CURVE('',#9713,#9713,#9715,.T.);
#9713 = VERTEX_POINT('',#9714);
#9714 = CARTESIAN_POINT('',(246.,63.5,19.));
#9715 = CIRCLE('',#9716,2.);
#9716 = AXIS2_PLACEMENT_3D('',#9717,#9718,#9719);
#9717 = CARTESIAN_POINT('',(246.,63.5,17.));
#9718 = DIRECTION('',(1.,0.,-0.));
#9719 = DIRECTION('',(0.,0.,1.));
#9720 = PLANE('',#9721);
#9721 = AXIS2_PLACEMENT_3D('',#9722,#9723,#9724);
#9722 = CARTESIAN_POINT('',(246.,42.,20.));
#9723 = DIRECTION('',(-1.,0.,0.));
#9724 = DIRECTION('',(0.,0.,-1.));
#9725 = ADVANCED_FACE('',(#9726),#9745,.F.);
#9726 = FACE_BOUND('',#9727,.F.);
#9727 = EDGE_LOOP('',(#9728,#9737,#9743,#9744));
#9728 = ORIENTED_EDGE('',*,*,#9729,.F.);
#9729 = EDGE_CURVE('',#9730,#9730,#9732,.T.);
#9730 = VERTEX_POINT('',#9731);
#9731 = CARTESIAN_POINT('',(250.,63.5,19.));
#9732 = CIRCLE('',#9733,2.);
#9733 = AXIS2_PLACEMENT_3D('',#9734,#9735,#9736);
#9734 = CARTESIAN_POINT('',(250.,63.5,17.));
#9735 = DIRECTION('',(1.,0.,-0.));
#9736 = DIRECTION('',(0.,0.,1.));
#9737 = ORIENTED_EDGE('',*,*,#9738,.F.);
#9738 = EDGE_CURVE('',#9713,#9730,#9739,.T.);
#9739 = LINE('',#9740,#9741);
#9740 = CARTESIAN_POINT('',(245.,63.5,19.));
#9741 = VECTOR('',#9742,1.);
#9742 = DIRECTION('',(1.,0.,0.));
#9743 = ORIENTED_EDGE('',*,*,#9712,.T.);
#9744 = ORIENTED_EDGE('',*,*,#9738,.T.);
#9745 = CYLINDRICAL_SURFACE('',#9746,2.);
#9746 = AXIS2_PLACEMENT_3D('',#9747,#9748,#9749);
#9747 = CARTESIAN_POINT('',(245.,63.5,17.));
#9748 = DIRECTION('',(1.,0.,0.));
#9749 = DIRECTION('',(0.,0.,1.));
#9750 = ADVANCED_FACE('',(#9751,#9785),#9788,.T.);
#9751 = FACE_BOUND('',#9752,.T.);
#9752 = EDGE_LOOP('',(#9753,#9763,#9771,#9779));
#9753 = ORIENTED_EDGE('',*,*,#9754,.T.);
#9754 = EDGE_CURVE('',#9755,#9757,#9759,.T.);
#9755 = VERTEX_POINT('',#9756);
#9756 = CARTESIAN_POINT('',(250.,42.,4.));
#9757 = VERTEX_POINT('',#9758);
#9758 = CARTESIAN_POINT('',(250.,85.,4.));
#9759 = LINE('',#9760,#9761);
#9760 = CARTESIAN_POINT('',(250.,42.,4.));
#9761 = VECTOR('',#9762,1.);
#9762 = DIRECTION('',(0.,1.,0.));
#9763 = ORIENTED_EDGE('',*,*,#9764,.T.);
#9764 = EDGE_CURVE('',#9757,#9765,#9767,.T.);
#9765 = VERTEX_POINT('',#9766);
#9766 = CARTESIAN_POINT('',(250.,85.,20.));
#9767 = LINE('',#9768,#9769);
#9768 = CARTESIAN_POINT('',(250.,85.,4.));
#9769 = VECTOR('',#9770,1.);
#9770 = DIRECTION('',(0.,0.,1.));
#9771 = ORIENTED_EDGE('',*,*,#9772,.F.);
#9772 = EDGE_CURVE('',#9773,#9765,#9775,.T.);
#9773 = VERTEX_POINT('',#9774);
#9774 = CARTESIAN_POINT('',(250.,42.,20.));
#9775 = LINE('',#9776,#9777);
#9776 = CARTESIAN_POINT('',(250.,42.,20.));
#9777 = VECTOR('',#9778,1.);
#9778 = DIRECTION('',(0.,1.,0.));
#9779 = ORIENTED_EDGE('',*,*,#9780,.F.);
#9780 = EDGE_CURVE('',#9755,#9773,#9781,.T.);
#9781 = LINE('',#9782,#9783);
#9782 = CARTESIAN_POINT('',(250.,42.,4.));
#9783 = VECTOR('',#9784,1.);
#9784 = DIRECTION('',(0.,0.,1.));
#9785 = FACE_BOUND('',#9786,.T.);
#9786 = EDGE_LOOP('',(#9787));
#9787 = ORIENTED_EDGE('',*,*,#9729,.F.);
#9788 = PLANE('',#9789);
#9789 = AXIS2_PLACEMENT_3D('',#9790,#9791,#9792);
#9790 = CARTESIAN_POINT('',(250.,42.,4.));
#9791 = DIRECTION('',(1.,0.,0.));
#9792 = DIRECTION('',(0.,0.,1.));
#9793 = ADVANCED_FACE('',(#9794),#9819,.T.);
#9794 = FACE_BOUND('',#9795,.T.);
#9795 = EDGE_LOOP('',(#9796,#9806,#9812,#9813));
#9796 = ORIENTED_EDGE('',*,*,#9797,.T.);
#9797 = EDGE_CURVE('',#9798,#9800,#9802,.T.);
#9798 = VERTEX_POINT('',#9799);
#9799 = CARTESIAN_POINT('',(258.5,42.,13.11513403521));
#9800 = VERTEX_POINT('',#9801);
#9801 = CARTESIAN_POINT('',(258.5,85.,13.11513403521));
#9802 = LINE('',#9803,#9804);
#9803 = CARTESIAN_POINT('',(258.5,42.,13.11513403521));
#9804 = VECTOR('',#9805,1.);
#9805 = DIRECTION('',(0.,1.,0.));
#9806 = ORIENTED_EDGE('',*,*,#9807,.T.);
#9807 = EDGE_CURVE('',#9800,#9757,#9808,.T.);
#9808 = LINE('',#9809,#9810);
#9809 = CARTESIAN_POINT('',(258.5,85.,13.11513403521));
#9810 = VECTOR('',#9811,1.);
#9811 = DIRECTION('',(-0.681998360062,0.,-0.731353701619));
#9812 = ORIENTED_EDGE('',*,*,#9754,.F.);
#9813 = ORIENTED_EDGE('',*,*,#9814,.F.);
#9814 = EDGE_CURVE('',#9798,#9755,#9815,.T.);
#9815 = LINE('',#9816,#9817);
#9816 = CARTESIAN_POINT('',(258.5,42.,13.11513403521));
#9817 = VECTOR('',#9818,1.);
#9818 = DIRECTION('',(-0.681998360062,0.,-0.731353701619));
#9819 = PLANE('',#9820);
#9820 = AXIS2_PLACEMENT_3D('',#9821,#9822,#9823);
#9821 = CARTESIAN_POINT('',(258.5,42.,13.11513403521));
#9822 = DIRECTION('',(-0.731353701619,0.,0.681998360062));
#9823 = DIRECTION('',(-0.681998360062,0.,-0.731353701619));
#9824 = ADVANCED_FACE('',(#9825),#9851,.T.);
#9825 = FACE_BOUND('',#9826,.T.);
#9826 = EDGE_LOOP('',(#9827,#9828,#9836,#9844,#9850));
#9827 = ORIENTED_EDGE('',*,*,#9780,.T.);
#9828 = ORIENTED_EDGE('',*,*,#9829,.T.);
#9829 = EDGE_CURVE('',#9773,#9830,#9832,.T.);
#9830 = VERTEX_POINT('',#9831);
#9831 = CARTESIAN_POINT('',(267.,42.,20.));
#9832 = LINE('',#9833,#9834);
#9833 = CARTESIAN_POINT('',(250.,42.,20.));
#9834 = VECTOR('',#9835,1.);
#9835 = DIRECTION('',(1.,0.,0.));
#9836 = ORIENTED_EDGE('',*,*,#9837,.T.);
#9837 = EDGE_CURVE('',#9830,#9838,#9840,.T.);
#9838 = VERTEX_POINT('',#9839);
#9839 = CARTESIAN_POINT('',(267.,42.,4.));
#9840 = LINE('',#9841,#9842);
#9841 = CARTESIAN_POINT('',(267.,42.,20.));
#9842 = VECTOR('',#9843,1.);
#9843 = DIRECTION('',(0.,0.,-1.));
#9844 = ORIENTED_EDGE('',*,*,#9845,.T.);
#9845 = EDGE_CURVE('',#9838,#9798,#9846,.T.);
#9846 = LINE('',#9847,#9848);
#9847 = CARTESIAN_POINT('',(267.,42.,4.));
#9848 = VECTOR('',#9849,1.);
#9849 = DIRECTION('',(-0.681998360062,0.,0.731353701619));
#9850 = ORIENTED_EDGE('',*,*,#9814,.T.);
#9851 = PLANE('',#9852);
#9852 = AXIS2_PLACEMENT_3D('',#9853,#9854,#9855);
#9853 = CARTESIAN_POINT('',(258.5,42.,12.678933532167));
#9854 = DIRECTION('',(0.,1.,0.));
#9855 = DIRECTION('',(0.,0.,1.));
#9856 = ADVANCED_FACE('',(#9857),#9883,.F.);
#9857 = FACE_BOUND('',#9858,.F.);
#9858 = EDGE_LOOP('',(#9859,#9860,#9868,#9876,#9882));
#9859 = ORIENTED_EDGE('',*,*,#9764,.T.);
#9860 = ORIENTED_EDGE('',*,*,#9861,.T.);
#9861 = EDGE_CURVE('',#9765,#9862,#9864,.T.);
#9862 = VERTEX_POINT('',#9863);
#9863 = CARTESIAN_POINT('',(267.,85.,20.));
#9864 = LINE('',#9865,#9866);
#9865 = CARTESIAN_POINT('',(250.,85.,20.));
#9866 = VECTOR('',#9867,1.);
#9867 = DIRECTION('',(1.,0.,0.));
#9868 = ORIENTED_EDGE('',*,*,#9869,.T.);
#9869 = EDGE_CURVE('',#9862,#9870,#9872,.T.);
#9870 = VERTEX_POINT('',#9871);
#9871 = CARTESIAN_POINT('',(267.,85.,4.));
#9872 = LINE('',#9873,#9874);
#9873 = CARTESIAN_POINT('',(267.,85.,20.));
#9874 = VECTOR('',#9875,1.);
#9875 = DIRECTION('',(0.,0.,-1.));
#9876 = ORIENTED_EDGE('',*,*,#9877,.T.);
#9877 = EDGE_CURVE('',#9870,#9800,#9878,.T.);
#9878 = LINE('',#9879,#9880);
#9879 = CARTESIAN_POINT('',(267.,85.,4.));
#9880 = VECTOR('',#9881,1.);
#9881 = DIRECTION('',(-0.681998360062,0.,0.731353701619));
#9882 = ORIENTED_EDGE('',*,*,#9807,.T.);
#9883 = PLANE('',#9884);
#9884 = AXIS2_PLACEMENT_3D('',#9885,#9886,#9887);
#9885 = CARTESIAN_POINT('',(258.5,85.,12.678933532167));
#9886 = DIRECTION('',(0.,1.,0.));
#9887 = DIRECTION('',(0.,0.,1.));
#9888 = ADVANCED_FACE('',(#9889),#9900,.T.);
#9889 = FACE_BOUND('',#9890,.T.);
#9890 = EDGE_LOOP('',(#9891,#9892,#9893,#9899));
#9891 = ORIENTED_EDGE('',*,*,#9772,.T.);
#9892 = ORIENTED_EDGE('',*,*,#9861,.T.);
#9893 = ORIENTED_EDGE('',*,*,#9894,.F.);
#9894 = EDGE_CURVE('',#9830,#9862,#9895,.T.);
#9895 = LINE('',#9896,#9897);
#9896 = CARTESIAN_POINT('',(267.,42.,20.));
#9897 = VECTOR('',#9898,1.);
#9898 = DIRECTION('',(0.,1.,0.));
#9899 = ORIENTED_EDGE('',*,*,#9829,.F.);
#9900 = PLANE('',#9901);
#9901 = AXIS2_PLACEMENT_3D('',#9902,#9903,#9904);
#9902 = CARTESIAN_POINT('',(250.,42.,20.));
#9903 = DIRECTION('',(0.,0.,-1.));
#9904 = DIRECTION('',(1.,0.,0.));
#9905 = ADVANCED_FACE('',(#9906),#9917,.T.);
#9906 = FACE_BOUND('',#9907,.T.);
#9907 = EDGE_LOOP('',(#9908,#9914,#9915,#9916));
#9908 = ORIENTED_EDGE('',*,*,#9909,.T.);
#9909 = EDGE_CURVE('',#9838,#9870,#9910,.T.);
#9910 = LINE('',#9911,#9912);
#9911 = CARTESIAN_POINT('',(267.,42.,4.));
#9912 = VECTOR('',#9913,1.);
#9913 = DIRECTION('',(0.,1.,0.));
#9914 = ORIENTED_EDGE('',*,*,#9877,.T.);
#9915 = ORIENTED_EDGE('',*,*,#9797,.F.);
#9916 = ORIENTED_EDGE('',*,*,#9845,.F.);
#9917 = PLANE('',#9918);
#9918 = AXIS2_PLACEMENT_3D('',#9919,#9920,#9921);
#9919 = CARTESIAN_POINT('',(267.,42.,4.));
#9920 = DIRECTION('',(0.731353701619,0.,0.681998360062));
#9921 = DIRECTION('',(-0.681998360062,0.,0.731353701619));
#9922 = ADVANCED_FACE('',(#9923),#9929,.T.);
#9923 = FACE_BOUND('',#9924,.T.);
#9924 = EDGE_LOOP('',(#9925,#9926,#9927,#9928));
#9925 = ORIENTED_EDGE('',*,*,#9894,.T.);
#9926 = ORIENTED_EDGE('',*,*,#9869,.T.);
#9927 = ORIENTED_EDGE('',*,*,#9909,.F.);
#9928 = ORIENTED_EDGE('',*,*,#9837,.F.);
#9929 = PLANE('',#9930);
#9930 = AXIS2_PLACEMENT_3D('',#9931,#9932,#9933);
#9931 = CARTESIAN_POINT('',(267.,42.,20.));
#9932 = DIRECTION('',(-1.,0.,0.));
#9933 = DIRECTION('',(0.,0.,-1.));
#9934 = ADVANCED_FACE('',(#9935),#9941,.T.);
#9935 = FACE_BOUND('',#9936,.T.);
#9936 = EDGE_LOOP('',(#9937,#9938,#9939,#9940));
#9937 = ORIENTED_EDGE('',*,*,#7485,.F.);
#9938 = ORIENTED_EDGE('',*,*,#3034,.T.);
#9939 = ORIENTED_EDGE('',*,*,#6624,.T.);
#9940 = ORIENTED_EDGE('',*,*,#2361,.F.);
#9941 = PLANE('',#9942);
#9942 = AXIS2_PLACEMENT_3D('',#9943,#9944,#9945);
#9943 = CARTESIAN_POINT('',(195.,83.625,-10.));
#9944 = DIRECTION('',(-1.,-0.,-0.));
#9945 = DIRECTION('',(0.,0.,-1.));
#9946 = ADVANCED_FACE('',(#9947),#9953,.F.);
#9947 = FACE_BOUND('',#9948,.T.);
#9948 = EDGE_LOOP('',(#9949,#9950,#9951,#9952));
#9949 = ORIENTED_EDGE('',*,*,#6631,.F.);
#9950 = ORIENTED_EDGE('',*,*,#3050,.F.);
#9951 = ORIENTED_EDGE('',*,*,#6680,.T.);
#9952 = ORIENTED_EDGE('',*,*,#2384,.T.);
#9953 = PLANE('',#9954);
#9954 = AXIS2_PLACEMENT_3D('',#9955,#9956,#9957);
#9955 = CARTESIAN_POINT('',(196.5,-192.,2.));
#9956 = DIRECTION('',(0.707106781187,-5.874127047667E-19,-0.707106781187
    ));
#9957 = DIRECTION('',(-4.153635068956E-19,-1.,4.153635068956E-19));
#9958 = ADVANCED_FACE('',(#9959),#9965,.F.);
#9959 = FACE_BOUND('',#9960,.T.);
#9960 = EDGE_LOOP('',(#9961,#9962,#9963,#9964));
#9961 = ORIENTED_EDGE('',*,*,#6652,.T.);
#9962 = ORIENTED_EDGE('',*,*,#2417,.F.);
#9963 = ORIENTED_EDGE('',*,*,#6711,.F.);
#9964 = ORIENTED_EDGE('',*,*,#3097,.T.);
#9965 = PLANE('',#9966);
#9966 = AXIS2_PLACEMENT_3D('',#9967,#9968,#9969);
#9967 = CARTESIAN_POINT('',(230.,-230.,-1.));
#9968 = DIRECTION('',(1.,0.,-0.));
#9969 = DIRECTION('',(0.,0.,1.));
#9970 = ADVANCED_FACE('',(#9971),#9986,.T.);
#9971 = FACE_BOUND('',#9972,.T.);
#9972 = EDGE_LOOP('',(#9973,#9974,#9975,#9976,#9977,#9978,#9979,#9980,
    #9981,#9982,#9983,#9984,#9985));
#9973 = ORIENTED_EDGE('',*,*,#6659,.F.);
#9974 = ORIENTED_EDGE('',*,*,#3113,.F.);
#9975 = ORIENTED_EDGE('',*,*,#3649,.T.);
#9976 = ORIENTED_EDGE('',*,*,#7455,.T.);
#9977 = ORIENTED_EDGE('',*,*,#443,.T.);
#9978 = ORIENTED_EDGE('',*,*,#530,.T.);
#9979 = ORIENTED_EDGE('',*,*,#680,.T.);
#9980 = ORIENTED_EDGE('',*,*,#696,.T.);
#9981 = ORIENTED_EDGE('',*,*,#846,.T.);
#9982 = ORIENTED_EDGE('',*,*,#862,.T.);
#9983 = ORIENTED_EDGE('',*,*,#954,.T.);
#9984 = ORIENTED_EDGE('',*,*,#2649,.T.);
#9985 = ORIENTED_EDGE('',*,*,#2450,.T.);
#9986 = PLANE('',#9987);
#9987 = AXIS2_PLACEMENT_3D('',#9988,#9989,#9990);
#9988 = CARTESIAN_POINT('',(205.,-205.,-2.));
#9989 = DIRECTION('',(1.,0.,-0.));
#9990 = DIRECTION('',(0.,0.,1.));
#9991 = ADVANCED_FACE('',(#9992),#10025,.T.);
#9992 = FACE_BOUND('',#9993,.T.);
#9993 = EDGE_LOOP('',(#9994,#9995,#9996,#9997,#9998,#9999,#10000,#10001,
    #10002,#10003,#10004,#10005,#10006,#10007,#10008,#10009,#10010,
    #10011,#10012,#10013,#10014,#10015,#10016,#10017,#10018,#10019,
    #10020,#10021,#10022,#10023,#10024));
#9994 = ORIENTED_EDGE('',*,*,#7462,.F.);
#9995 = ORIENTED_EDGE('',*,*,#3615,.T.);
#9996 = ORIENTED_EDGE('',*,*,#3591,.F.);
#9997 = ORIENTED_EDGE('',*,*,#3565,.T.);
#9998 = ORIENTED_EDGE('',*,*,#3154,.F.);
#9999 = ORIENTED_EDGE('',*,*,#7478,.T.);
#10000 = ORIENTED_EDGE('',*,*,#2664,.T.);
#10001 = ORIENTED_EDGE('',*,*,#2642,.F.);
#10002 = ORIENTED_EDGE('',*,*,#904,.T.);
#10003 = ORIENTED_EDGE('',*,*,#3518,.F.);
#10004 = ORIENTED_EDGE('',*,*,#3551,.T.);
#10005 = ORIENTED_EDGE('',*,*,#3526,.T.);
#10006 = ORIENTED_EDGE('',*,*,#930,.T.);
#10007 = ORIENTED_EDGE('',*,*,#879,.F.);
#10008 = ORIENTED_EDGE('',*,*,#796,.T.);
#10009 = ORIENTED_EDGE('',*,*,#3460,.F.);
#10010 = ORIENTED_EDGE('',*,*,#3493,.T.);
#10011 = ORIENTED_EDGE('',*,*,#3468,.T.);
#10012 = ORIENTED_EDGE('',*,*,#822,.T.);
#10013 = ORIENTED_EDGE('',*,*,#713,.F.);
#10014 = ORIENTED_EDGE('',*,*,#630,.T.);
#10015 = ORIENTED_EDGE('',*,*,#738,.F.);
#10016 = ORIENTED_EDGE('',*,*,#771,.T.);
#10017 = ORIENTED_EDGE('',*,*,#746,.T.);
#10018 = ORIENTED_EDGE('',*,*,#656,.T.);
#10019 = ORIENTED_EDGE('',*,*,#547,.F.);
#10020 = ORIENTED_EDGE('',*,*,#479,.T.);
#10021 = ORIENTED_EDGE('',*,*,#572,.F.);
#10022 = ORIENTED_EDGE('',*,*,#605,.T.);
#10023 = ORIENTED_EDGE('',*,*,#580,.T.);
#10024 = ORIENTED_EDGE('',*,*,#505,.T.);
#10025 = PLANE('',#10026);
#10026 = AXIS2_PLACEMENT_3D('',#10027,#10028,#10029);
#10027 = CARTESIAN_POINT('',(199.,-199.,-22.));
#10028 = DIRECTION('',(1.,0.,-0.));
#10029 = DIRECTION('',(0.,0.,1.));
#10030 = ADVANCED_FACE('',(#10031),#10059,.T.);
#10031 = FACE_BOUND('',#10032,.T.);
#10032 = EDGE_LOOP('',(#10033,#10034,#10035,#10042,#10051,#10058));
#10033 = ORIENTED_EDGE('',*,*,#6886,.T.);
#10034 = ORIENTED_EDGE('',*,*,#6869,.T.);
#10035 = ORIENTED_EDGE('',*,*,#10036,.F.);
#10036 = EDGE_CURVE('',#10037,#6862,#10039,.T.);
#10037 = VERTEX_POINT('',#10038);
#10038 = CARTESIAN_POINT('',(240.,-9.797174393179E-16,-3.));
#10039 = B_SPLINE_CURVE_WITH_KNOTS('',1,(#10040,#10041),.UNSPECIFIED.,
  .F.,.F.,(2,2),(0.,1.5),.PIECEWISE_BEZIER_KNOTS.);
#10040 = CARTESIAN_POINT('',(240.,-9.797174393179E-16,-3.));
#10041 = CARTESIAN_POINT('',(240.,-9.797174393179E-16,-1.5));
#10042 = ORIENTED_EDGE('',*,*,#10043,.T.);
#10043 = EDGE_CURVE('',#10037,#10044,#10046,.T.);
#10044 = VERTEX_POINT('',#10045);
#10045 = CARTESIAN_POINT('',(232.,4.898587196589E-16,-3.));
#10046 = CIRCLE('',#10047,4.);
#10047 = AXIS2_PLACEMENT_3D('',#10048,#10049,#10050);
#10048 = CARTESIAN_POINT('',(236.,0.,-3.));
#10049 = DIRECTION('',(0.,0.,1.));
#10050 = DIRECTION('',(1.,0.,-0.));
#10051 = ORIENTED_EDGE('',*,*,#10052,.T.);
#10052 = EDGE_CURVE('',#10044,#10037,#10053,.T.);
#10053 = CIRCLE('',#10054,4.);
#10054 = AXIS2_PLACEMENT_3D('',#10055,#10056,#10057);
#10055 = CARTESIAN_POINT('',(236.,0.,-3.));
#10056 = DIRECTION('',(0.,0.,1.));
#10057 = DIRECTION('',(1.,0.,-0.));
#10058 = ORIENTED_EDGE('',*,*,#10036,.T.);
#10059 = CYLINDRICAL_SURFACE('',#10060,4.);
#10060 = AXIS2_PLACEMENT_3D('',#10061,#10062,#10063);
#10061 = CARTESIAN_POINT('',(236.,0.,-3.));
#10062 = DIRECTION('',(0.,0.,1.));
#10063 = DIRECTION('',(1.,0.,-0.));
#10064 = ADVANCED_FACE('',(#10065),#10069,.F.);
#10065 = FACE_BOUND('',#10066,.T.);
#10066 = EDGE_LOOP('',(#10067,#10068));
#10067 = ORIENTED_EDGE('',*,*,#10043,.F.);
#10068 = ORIENTED_EDGE('',*,*,#10052,.F.);
#10069 = PLANE('',#10070);
#10070 = AXIS2_PLACEMENT_3D('',#10071,#10072,#10073);
#10071 = CARTESIAN_POINT('',(236.,0.,-3.));
#10072 = DIRECTION('',(0.,0.,1.));
#10073 = DIRECTION('',(1.,0.,-0.));
#10074 = ( GEOMETRIC_REPRESENTATION_CONTEXT(3)
GLOBAL_UNCERTAINTY_ASSIGNED_CONTEXT((#10078))
GLOBAL_UNIT_ASSIGNED_CONTEXT((#10075,#10076,#10077))
REPRESENTATION_CONTEXT('Context #1',
  '3D Context with UNIT and UNCERTAINTY') );
#10075 = ( LENGTH_UNIT() NAMED_UNIT(*) SI_UNIT(.MILLI.,.METRE.) );
#10076 = ( NAMED_UNIT(*) PLANE_ANGLE_UNIT() SI_UNIT($,.RADIAN.) );
#10077 = ( NAMED_UNIT(*) SI_UNIT($,.STERADIAN.) SOLID_ANGLE_UNIT() );
#10078 = UNCERTAINTY_MEASURE_WITH_UNIT(LENGTH_MEASURE(2.E-07),#10075,
  'distance_accuracy_value','confusion accuracy');
#10079 = PRODUCT_RELATED_PRODUCT_CATEGORY('part',$,(#7));
ENDSEC;
END-ISO-10303-21;
