ISO-10303-21;
HEADER;
FILE_DESCRIPTION(('FreeCAD Model'),'2;1');
FILE_NAME('Open CASCADE Shape Model','1970-01-01T00:00:00',('FreeCAD'),(
    'FreeCAD'),'Open CASCADE STEP processor 7.8','FreeCAD','Unknown');
FILE_SCHEMA(('AUTOMOTIVE_DESIGN { 1 0 10303 214 1 1 1 1 }'));
ENDSEC;
DATA;
#1 = APPLICATION_PROTOCOL_DEFINITION('international standard',
  'automotive_design',2000,#2);
#2 = APPLICATION_CONTEXT(
  'core data for automotive mechanical design processes');
#3 = SHAPE_DEFINITION_REPRESENTATION(#4,#10);
#4 = PRODUCT_DEFINITION_SHAPE('','',#5);
#5 = PRODUCT_DEFINITION('design','',#6,#9);
#6 = PRODUCT_DEFINITION_FORMATION('','',#7);
#7 = PRODUCT('Open CASCADE STEP translator 7.8 1',
  'Open CASCADE STEP translator 7.8 1','',(#8));
#8 = PRODUCT_CONTEXT('',#2,'mechanical');
#9 = PRODUCT_DEFINITION_CONTEXT('part definition',#2,'design');
#10 = ADVANCED_BREP_SHAPE_REPRESENTATION('',(#11,#15),#7067);
#11 = AXIS2_PLACEMENT_3D('',#12,#13,#14);
#12 = CARTESIAN_POINT('',(0.,0.,0.));
#13 = DIRECTION('',(0.,0.,1.));
#14 = DIRECTION('',(1.,0.,-0.));
#15 = MANIFOLD_SOLID_BREP('',#16);
#16 = CLOSED_SHELL('',(#17,#57,#194,#219,#250,#275,#299,#323,#348,#373,
    #390,#422,#446,#471,#495,#520,#544,#569,#586,#611,#642,#667,#691,
    #715,#740,#765,#782,#868,#893,#1022,#1039,#1056,#1073,#1090,#1107,
    #1119,#1151,#1175,#1200,#1224,#1249,#1273,#1298,#1315,#1347,#1371,
    #1396,#1420,#1445,#1469,#1494,#1511,#1597,#1683,#1715,#1739,#1763,
    #1788,#1813,#1837,#1861,#1879,#1911,#1935,#1959,#1984,#2009,#2033,
    #2057,#2075,#2225,#2311,#2343,#2374,#2398,#2415,#2440,#2464,#2488,
    #2512,#2537,#2561,#2585,#2609,#2634,#2658,#2682,#2699,#2731,#2755,
    #2780,#2804,#2829,#2853,#2878,#2895,#2913,#2931,#2962,#2993,#3011,
    #3042,#3060,#3091,#3177,#3229,#3281,#4003,#4039,#4075,#4107,#4131,
    #4155,#4180,#4205,#4229,#4253,#4271,#4295,#4319,#4336,#4360,#4384,
    #4401,#4443,#4468,#4484,#4508,#4532,#4548,#4564,#4588,#4612,#4628,
    #4644,#4679,#4703,#4719,#4735,#4759,#4783,#4799,#4815,#4850,#4874,
    #4890,#4906,#4930,#4954,#4970,#4986,#5021,#5045,#5061,#5077,#5101,
    #5136,#5152,#5177,#5201,#5225,#5250,#5266,#5301,#5325,#5341,#5357,
    #5381,#5416,#5432,#5448,#5472,#5496,#5512,#5528,#5552,#5587,#5603,
    #5619,#5643,#5667,#5683,#5699,#5723,#5758,#5774,#5790,#5814,#5838,
    #5854,#5870,#5894,#5918,#5934,#5959,#5987,#5999,#6023,#6047,#6064,
    #6088,#6112,#6129,#6141,#6153,#6165,#6251,#6369,#6394,#6419,#6444,
    #6469,#6494,#6519,#6544,#6569,#6594,#6619,#6651,#6675,#6700,#6724,
    #6749,#6773,#6798,#6815,#6852,#6877,#6902,#6935,#6968,#6993,#7018,
    #7041));
#17 = ADVANCED_FACE('',(#18),#52,.F.);
#18 = FACE_BOUND('',#19,.F.);
#19 = EDGE_LOOP('',(#20,#30,#38,#46));
#20 = ORIENTED_EDGE('',*,*,#21,.F.);
#21 = EDGE_CURVE('',#22,#24,#26,.T.);
#22 = VERTEX_POINT('',#23);
#23 = CARTESIAN_POINT('',(-225.,-207.,3.5));
#24 = VERTEX_POINT('',#25);
#25 = CARTESIAN_POINT('',(-225.,207.,3.5));
#26 = LINE('',#27,#28);
#27 = CARTESIAN_POINT('',(-225.,-225.,3.5));
#28 = VECTOR('',#29,1.);
#29 = DIRECTION('',(-0.,1.,0.));
#30 = ORIENTED_EDGE('',*,*,#31,.F.);
#31 = EDGE_CURVE('',#32,#22,#34,.T.);
#32 = VERTEX_POINT('',#33);
#33 = CARTESIAN_POINT('',(-225.,-207.,2.5));
#34 = LINE('',#35,#36);
#35 = CARTESIAN_POINT('',(-225.,-207.,2.));
#36 = VECTOR('',#37,1.);
#37 = DIRECTION('',(0.,0.,1.));
#38 = ORIENTED_EDGE('',*,*,#39,.T.);
#39 = EDGE_CURVE('',#32,#40,#42,.T.);
#40 = VERTEX_POINT('',#41);
#41 = CARTESIAN_POINT('',(-225.,207.,2.5));
#42 = LINE('',#43,#44);
#43 = CARTESIAN_POINT('',(-225.,-225.,2.5));
#44 = VECTOR('',#45,1.);
#45 = DIRECTION('',(-0.,1.,0.));
#46 = ORIENTED_EDGE('',*,*,#47,.T.);
#47 = EDGE_CURVE('',#40,#24,#48,.T.);
#48 = LINE('',#49,#50);
#49 = CARTESIAN_POINT('',(-225.,207.,2.));
#50 = VECTOR('',#51,1.);
#51 = DIRECTION('',(0.,0.,1.));
#52 = PLANE('',#53);
#53 = AXIS2_PLACEMENT_3D('',#54,#55,#56);
#54 = CARTESIAN_POINT('',(-225.,-225.,2.));
#55 = DIRECTION('',(1.,0.,-0.));
#56 = DIRECTION('',(0.,0.,1.));
#57 = ADVANCED_FACE('',(#58,#119),#189,.T.);
#58 = FACE_BOUND('',#59,.T.);
#59 = EDGE_LOOP('',(#60,#61,#70,#78,#87,#95,#104,#112));
#60 = ORIENTED_EDGE('',*,*,#21,.F.);
#61 = ORIENTED_EDGE('',*,*,#62,.T.);
#62 = EDGE_CURVE('',#22,#63,#65,.T.);
#63 = VERTEX_POINT('',#64);
#64 = CARTESIAN_POINT('',(-207.,-225.,3.5));
#65 = CIRCLE('',#66,18.);
#66 = AXIS2_PLACEMENT_3D('',#67,#68,#69);
#67 = CARTESIAN_POINT('',(-207.,-207.,3.5));
#68 = DIRECTION('',(0.,0.,1.));
#69 = DIRECTION('',(0.,-1.,0.));
#70 = ORIENTED_EDGE('',*,*,#71,.T.);
#71 = EDGE_CURVE('',#63,#72,#74,.T.);
#72 = VERTEX_POINT('',#73);
#73 = CARTESIAN_POINT('',(207.,-225.,3.5));
#74 = LINE('',#75,#76);
#75 = CARTESIAN_POINT('',(-225.,-225.,3.5));
#76 = VECTOR('',#77,1.);
#77 = DIRECTION('',(1.,0.,-0.));
#78 = ORIENTED_EDGE('',*,*,#79,.F.);
#79 = EDGE_CURVE('',#80,#72,#82,.T.);
#80 = VERTEX_POINT('',#81);
#81 = CARTESIAN_POINT('',(225.,-207.,3.5));
#82 = CIRCLE('',#83,18.);
#83 = AXIS2_PLACEMENT_3D('',#84,#85,#86);
#84 = CARTESIAN_POINT('',(207.,-207.,3.5));
#85 = DIRECTION('',(-0.,-0.,-1.));
#86 = DIRECTION('',(0.,-1.,0.));
#87 = ORIENTED_EDGE('',*,*,#88,.T.);
#88 = EDGE_CURVE('',#80,#89,#91,.T.);
#89 = VERTEX_POINT('',#90);
#90 = CARTESIAN_POINT('',(225.,207.,3.5));
#91 = LINE('',#92,#93);
#92 = CARTESIAN_POINT('',(225.,-225.,3.5));
#93 = VECTOR('',#94,1.);
#94 = DIRECTION('',(-0.,1.,0.));
#95 = ORIENTED_EDGE('',*,*,#96,.T.);
#96 = EDGE_CURVE('',#89,#97,#99,.T.);
#97 = VERTEX_POINT('',#98);
#98 = CARTESIAN_POINT('',(207.,225.,3.5));
#99 = CIRCLE('',#100,18.);
#100 = AXIS2_PLACEMENT_3D('',#101,#102,#103);
#101 = CARTESIAN_POINT('',(207.,207.,3.5));
#102 = DIRECTION('',(0.,0.,1.));
#103 = DIRECTION('',(0.,-1.,0.));
#104 = ORIENTED_EDGE('',*,*,#105,.F.);
#105 = EDGE_CURVE('',#106,#97,#108,.T.);
#106 = VERTEX_POINT('',#107);
#107 = CARTESIAN_POINT('',(-207.,225.,3.5));
#108 = LINE('',#109,#110);
#109 = CARTESIAN_POINT('',(-225.,225.,3.5));
#110 = VECTOR('',#111,1.);
#111 = DIRECTION('',(1.,0.,-0.));
#112 = ORIENTED_EDGE('',*,*,#113,.F.);
#113 = EDGE_CURVE('',#24,#106,#114,.T.);
#114 = CIRCLE('',#115,18.);
#115 = AXIS2_PLACEMENT_3D('',#116,#117,#118);
#116 = CARTESIAN_POINT('',(-207.,207.,3.5));
#117 = DIRECTION('',(-0.,-0.,-1.));
#118 = DIRECTION('',(0.,-1.,0.));
#119 = FACE_BOUND('',#120,.T.);
#120 = EDGE_LOOP('',(#121,#132,#140,#149,#157,#166,#174,#183));
#121 = ORIENTED_EDGE('',*,*,#122,.F.);
#122 = EDGE_CURVE('',#123,#125,#127,.T.);
#123 = VERTEX_POINT('',#124);
#124 = CARTESIAN_POINT('',(-184.,-161.,3.5));
#125 = VERTEX_POINT('',#126);
#126 = CARTESIAN_POINT('',(-161.,-184.,3.5));
#127 = CIRCLE('',#128,23.);
#128 = AXIS2_PLACEMENT_3D('',#129,#130,#131);
#129 = CARTESIAN_POINT('',(-161.,-161.,3.5));
#130 = DIRECTION('',(0.,0.,1.));
#131 = DIRECTION('',(0.,-1.,0.));
#132 = ORIENTED_EDGE('',*,*,#133,.T.);
#133 = EDGE_CURVE('',#123,#134,#136,.T.);
#134 = VERTEX_POINT('',#135);
#135 = CARTESIAN_POINT('',(-184.,161.,3.5));
#136 = LINE('',#137,#138);
#137 = CARTESIAN_POINT('',(-184.,-184.,3.5));
#138 = VECTOR('',#139,1.);
#139 = DIRECTION('',(-0.,1.,0.));
#140 = ORIENTED_EDGE('',*,*,#141,.T.);
#141 = EDGE_CURVE('',#134,#142,#144,.T.);
#142 = VERTEX_POINT('',#143);
#143 = CARTESIAN_POINT('',(-161.,184.,3.5));
#144 = CIRCLE('',#145,23.);
#145 = AXIS2_PLACEMENT_3D('',#146,#147,#148);
#146 = CARTESIAN_POINT('',(-161.,161.,3.5));
#147 = DIRECTION('',(-0.,-0.,-1.));
#148 = DIRECTION('',(0.,-1.,0.));
#149 = ORIENTED_EDGE('',*,*,#150,.T.);
#150 = EDGE_CURVE('',#142,#151,#153,.T.);
#151 = VERTEX_POINT('',#152);
#152 = CARTESIAN_POINT('',(161.,184.,3.5));
#153 = LINE('',#154,#155);
#154 = CARTESIAN_POINT('',(-184.,184.,3.5));
#155 = VECTOR('',#156,1.);
#156 = DIRECTION('',(1.,0.,-0.));
#157 = ORIENTED_EDGE('',*,*,#158,.F.);
#158 = EDGE_CURVE('',#159,#151,#161,.T.);
#159 = VERTEX_POINT('',#160);
#160 = CARTESIAN_POINT('',(184.,161.,3.5));
#161 = CIRCLE('',#162,23.);
#162 = AXIS2_PLACEMENT_3D('',#163,#164,#165);
#163 = CARTESIAN_POINT('',(161.,161.,3.5));
#164 = DIRECTION('',(0.,0.,1.));
#165 = DIRECTION('',(0.,-1.,0.));
#166 = ORIENTED_EDGE('',*,*,#167,.F.);
#167 = EDGE_CURVE('',#168,#159,#170,.T.);
#168 = VERTEX_POINT('',#169);
#169 = CARTESIAN_POINT('',(184.,-161.,3.5));
#170 = LINE('',#171,#172);
#171 = CARTESIAN_POINT('',(184.,-184.,3.5));
#172 = VECTOR('',#173,1.);
#173 = DIRECTION('',(-0.,1.,0.));
#174 = ORIENTED_EDGE('',*,*,#175,.T.);
#175 = EDGE_CURVE('',#168,#176,#178,.T.);
#176 = VERTEX_POINT('',#177);
#177 = CARTESIAN_POINT('',(161.,-184.,3.5));
#178 = CIRCLE('',#179,23.);
#179 = AXIS2_PLACEMENT_3D('',#180,#181,#182);
#180 = CARTESIAN_POINT('',(161.,-161.,3.5));
#181 = DIRECTION('',(-0.,-0.,-1.));
#182 = DIRECTION('',(0.,-1.,0.));
#183 = ORIENTED_EDGE('',*,*,#184,.F.);
#184 = EDGE_CURVE('',#125,#176,#185,.T.);
#185 = LINE('',#186,#187);
#186 = CARTESIAN_POINT('',(-184.,-184.,3.5));
#187 = VECTOR('',#188,1.);
#188 = DIRECTION('',(1.,0.,-0.));
#189 = PLANE('',#190);
#190 = AXIS2_PLACEMENT_3D('',#191,#192,#193);
#191 = CARTESIAN_POINT('',(-225.,-225.,3.5));
#192 = DIRECTION('',(0.,0.,1.));
#193 = DIRECTION('',(1.,0.,-0.));
#194 = ADVANCED_FACE('',(#195),#214,.T.);
#195 = FACE_BOUND('',#196,.F.);
#196 = EDGE_LOOP('',(#197,#198,#207,#213));
#197 = ORIENTED_EDGE('',*,*,#47,.F.);
#198 = ORIENTED_EDGE('',*,*,#199,.T.);
#199 = EDGE_CURVE('',#40,#200,#202,.T.);
#200 = VERTEX_POINT('',#201);
#201 = CARTESIAN_POINT('',(-207.,225.,2.5));
#202 = CIRCLE('',#203,18.);
#203 = AXIS2_PLACEMENT_3D('',#204,#205,#206);
#204 = CARTESIAN_POINT('',(-207.,207.,2.5));
#205 = DIRECTION('',(-0.,-0.,-1.));
#206 = DIRECTION('',(0.,-1.,0.));
#207 = ORIENTED_EDGE('',*,*,#208,.T.);
#208 = EDGE_CURVE('',#200,#106,#209,.T.);
#209 = LINE('',#210,#211);
#210 = CARTESIAN_POINT('',(-207.,225.,2.));
#211 = VECTOR('',#212,1.);
#212 = DIRECTION('',(0.,0.,1.));
#213 = ORIENTED_EDGE('',*,*,#113,.F.);
#214 = CYLINDRICAL_SURFACE('',#215,18.);
#215 = AXIS2_PLACEMENT_3D('',#216,#217,#218);
#216 = CARTESIAN_POINT('',(-207.,207.,2.));
#217 = DIRECTION('',(0.,0.,1.));
#218 = DIRECTION('',(-1.,-0.,0.));
#219 = ADVANCED_FACE('',(#220),#245,.F.);
#220 = FACE_BOUND('',#221,.F.);
#221 = EDGE_LOOP('',(#222,#223,#231,#239));
#222 = ORIENTED_EDGE('',*,*,#39,.F.);
#223 = ORIENTED_EDGE('',*,*,#224,.F.);
#224 = EDGE_CURVE('',#225,#32,#227,.T.);
#225 = VERTEX_POINT('',#226);
#226 = CARTESIAN_POINT('',(-225.,-207.,2.));
#227 = LINE('',#228,#229);
#228 = CARTESIAN_POINT('',(-225.,-207.,2.));
#229 = VECTOR('',#230,1.);
#230 = DIRECTION('',(0.,0.,1.));
#231 = ORIENTED_EDGE('',*,*,#232,.T.);
#232 = EDGE_CURVE('',#225,#233,#235,.T.);
#233 = VERTEX_POINT('',#234);
#234 = CARTESIAN_POINT('',(-225.,207.,2.));
#235 = LINE('',#236,#237);
#236 = CARTESIAN_POINT('',(-225.,-225.,2.));
#237 = VECTOR('',#238,1.);
#238 = DIRECTION('',(-0.,1.,0.));
#239 = ORIENTED_EDGE('',*,*,#240,.T.);
#240 = EDGE_CURVE('',#233,#40,#241,.T.);
#241 = LINE('',#242,#243);
#242 = CARTESIAN_POINT('',(-225.,207.,2.));
#243 = VECTOR('',#244,1.);
#244 = DIRECTION('',(0.,0.,1.));
#245 = PLANE('',#246);
#246 = AXIS2_PLACEMENT_3D('',#247,#248,#249);
#247 = CARTESIAN_POINT('',(-225.,-225.,2.));
#248 = DIRECTION('',(1.,0.,-0.));
#249 = DIRECTION('',(0.,0.,1.));
#250 = ADVANCED_FACE('',(#251),#270,.T.);
#251 = FACE_BOUND('',#252,.T.);
#252 = EDGE_LOOP('',(#253,#254,#263,#269));
#253 = ORIENTED_EDGE('',*,*,#31,.F.);
#254 = ORIENTED_EDGE('',*,*,#255,.T.);
#255 = EDGE_CURVE('',#32,#256,#258,.T.);
#256 = VERTEX_POINT('',#257);
#257 = CARTESIAN_POINT('',(-207.,-225.,2.5));
#258 = CIRCLE('',#259,18.);
#259 = AXIS2_PLACEMENT_3D('',#260,#261,#262);
#260 = CARTESIAN_POINT('',(-207.,-207.,2.5));
#261 = DIRECTION('',(0.,0.,1.));
#262 = DIRECTION('',(0.,-1.,0.));
#263 = ORIENTED_EDGE('',*,*,#264,.T.);
#264 = EDGE_CURVE('',#256,#63,#265,.T.);
#265 = LINE('',#266,#267);
#266 = CARTESIAN_POINT('',(-207.,-225.,2.));
#267 = VECTOR('',#268,1.);
#268 = DIRECTION('',(0.,0.,1.));
#269 = ORIENTED_EDGE('',*,*,#62,.F.);
#270 = CYLINDRICAL_SURFACE('',#271,18.);
#271 = AXIS2_PLACEMENT_3D('',#272,#273,#274);
#272 = CARTESIAN_POINT('',(-207.,-207.,2.));
#273 = DIRECTION('',(0.,0.,1.));
#274 = DIRECTION('',(-1.,-0.,0.));
#275 = ADVANCED_FACE('',(#276),#294,.F.);
#276 = FACE_BOUND('',#277,.F.);
#277 = EDGE_LOOP('',(#278,#286,#287,#288));
#278 = ORIENTED_EDGE('',*,*,#279,.F.);
#279 = EDGE_CURVE('',#256,#280,#282,.T.);
#280 = VERTEX_POINT('',#281);
#281 = CARTESIAN_POINT('',(207.,-225.,2.5));
#282 = LINE('',#283,#284);
#283 = CARTESIAN_POINT('',(-225.,-225.,2.5));
#284 = VECTOR('',#285,1.);
#285 = DIRECTION('',(1.,0.,-0.));
#286 = ORIENTED_EDGE('',*,*,#264,.T.);
#287 = ORIENTED_EDGE('',*,*,#71,.T.);
#288 = ORIENTED_EDGE('',*,*,#289,.F.);
#289 = EDGE_CURVE('',#280,#72,#290,.T.);
#290 = LINE('',#291,#292);
#291 = CARTESIAN_POINT('',(207.,-225.,2.));
#292 = VECTOR('',#293,1.);
#293 = DIRECTION('',(0.,0.,1.));
#294 = PLANE('',#295);
#295 = AXIS2_PLACEMENT_3D('',#296,#297,#298);
#296 = CARTESIAN_POINT('',(-225.,-225.,2.));
#297 = DIRECTION('',(-0.,1.,0.));
#298 = DIRECTION('',(0.,0.,1.));
#299 = ADVANCED_FACE('',(#300),#318,.T.);
#300 = FACE_BOUND('',#301,.T.);
#301 = EDGE_LOOP('',(#302,#310,#311,#312));
#302 = ORIENTED_EDGE('',*,*,#303,.F.);
#303 = EDGE_CURVE('',#200,#304,#306,.T.);
#304 = VERTEX_POINT('',#305);
#305 = CARTESIAN_POINT('',(207.,225.,2.5));
#306 = LINE('',#307,#308);
#307 = CARTESIAN_POINT('',(-225.,225.,2.5));
#308 = VECTOR('',#309,1.);
#309 = DIRECTION('',(1.,0.,-0.));
#310 = ORIENTED_EDGE('',*,*,#208,.T.);
#311 = ORIENTED_EDGE('',*,*,#105,.T.);
#312 = ORIENTED_EDGE('',*,*,#313,.F.);
#313 = EDGE_CURVE('',#304,#97,#314,.T.);
#314 = LINE('',#315,#316);
#315 = CARTESIAN_POINT('',(207.,225.,2.));
#316 = VECTOR('',#317,1.);
#317 = DIRECTION('',(0.,0.,1.));
#318 = PLANE('',#319);
#319 = AXIS2_PLACEMENT_3D('',#320,#321,#322);
#320 = CARTESIAN_POINT('',(-225.,225.,2.));
#321 = DIRECTION('',(-0.,1.,0.));
#322 = DIRECTION('',(0.,0.,1.));
#323 = ADVANCED_FACE('',(#324),#343,.T.);
#324 = FACE_BOUND('',#325,.F.);
#325 = EDGE_LOOP('',(#326,#334,#341,#342));
#326 = ORIENTED_EDGE('',*,*,#327,.F.);
#327 = EDGE_CURVE('',#328,#80,#330,.T.);
#328 = VERTEX_POINT('',#329);
#329 = CARTESIAN_POINT('',(225.,-207.,2.5));
#330 = LINE('',#331,#332);
#331 = CARTESIAN_POINT('',(225.,-207.,2.));
#332 = VECTOR('',#333,1.);
#333 = DIRECTION('',(0.,0.,1.));
#334 = ORIENTED_EDGE('',*,*,#335,.T.);
#335 = EDGE_CURVE('',#328,#280,#336,.T.);
#336 = CIRCLE('',#337,18.);
#337 = AXIS2_PLACEMENT_3D('',#338,#339,#340);
#338 = CARTESIAN_POINT('',(207.,-207.,2.5));
#339 = DIRECTION('',(-0.,-0.,-1.));
#340 = DIRECTION('',(0.,-1.,0.));
#341 = ORIENTED_EDGE('',*,*,#289,.T.);
#342 = ORIENTED_EDGE('',*,*,#79,.F.);
#343 = CYLINDRICAL_SURFACE('',#344,18.);
#344 = AXIS2_PLACEMENT_3D('',#345,#346,#347);
#345 = CARTESIAN_POINT('',(207.,-207.,2.));
#346 = DIRECTION('',(0.,0.,1.));
#347 = DIRECTION('',(1.,0.,-0.));
#348 = ADVANCED_FACE('',(#349),#368,.T.);
#349 = FACE_BOUND('',#350,.T.);
#350 = EDGE_LOOP('',(#351,#359,#366,#367));
#351 = ORIENTED_EDGE('',*,*,#352,.F.);
#352 = EDGE_CURVE('',#353,#89,#355,.T.);
#353 = VERTEX_POINT('',#354);
#354 = CARTESIAN_POINT('',(225.,207.,2.5));
#355 = LINE('',#356,#357);
#356 = CARTESIAN_POINT('',(225.,207.,2.));
#357 = VECTOR('',#358,1.);
#358 = DIRECTION('',(0.,0.,1.));
#359 = ORIENTED_EDGE('',*,*,#360,.T.);
#360 = EDGE_CURVE('',#353,#304,#361,.T.);
#361 = CIRCLE('',#362,18.);
#362 = AXIS2_PLACEMENT_3D('',#363,#364,#365);
#363 = CARTESIAN_POINT('',(207.,207.,2.5));
#364 = DIRECTION('',(0.,0.,1.));
#365 = DIRECTION('',(0.,-1.,0.));
#366 = ORIENTED_EDGE('',*,*,#313,.T.);
#367 = ORIENTED_EDGE('',*,*,#96,.F.);
#368 = CYLINDRICAL_SURFACE('',#369,18.);
#369 = AXIS2_PLACEMENT_3D('',#370,#371,#372);
#370 = CARTESIAN_POINT('',(207.,207.,2.));
#371 = DIRECTION('',(0.,0.,1.));
#372 = DIRECTION('',(1.,0.,-0.));
#373 = ADVANCED_FACE('',(#374),#385,.T.);
#374 = FACE_BOUND('',#375,.T.);
#375 = EDGE_LOOP('',(#376,#377,#378,#384));
#376 = ORIENTED_EDGE('',*,*,#88,.F.);
#377 = ORIENTED_EDGE('',*,*,#327,.F.);
#378 = ORIENTED_EDGE('',*,*,#379,.T.);
#379 = EDGE_CURVE('',#328,#353,#380,.T.);
#380 = LINE('',#381,#382);
#381 = CARTESIAN_POINT('',(225.,-225.,2.5));
#382 = VECTOR('',#383,1.);
#383 = DIRECTION('',(-0.,1.,0.));
#384 = ORIENTED_EDGE('',*,*,#352,.T.);
#385 = PLANE('',#386);
#386 = AXIS2_PLACEMENT_3D('',#387,#388,#389);
#387 = CARTESIAN_POINT('',(225.,-225.,2.));
#388 = DIRECTION('',(1.,0.,-0.));
#389 = DIRECTION('',(0.,0.,1.));
#390 = ADVANCED_FACE('',(#391),#417,.T.);
#391 = FACE_BOUND('',#392,.T.);
#392 = EDGE_LOOP('',(#393,#394,#402,#411));
#393 = ORIENTED_EDGE('',*,*,#122,.T.);
#394 = ORIENTED_EDGE('',*,*,#395,.T.);
#395 = EDGE_CURVE('',#125,#396,#398,.T.);
#396 = VERTEX_POINT('',#397);
#397 = CARTESIAN_POINT('',(-161.,-184.,11.5));
#398 = LINE('',#399,#400);
#399 = CARTESIAN_POINT('',(-161.,-184.,3.5));
#400 = VECTOR('',#401,1.);
#401 = DIRECTION('',(0.,0.,1.));
#402 = ORIENTED_EDGE('',*,*,#403,.F.);
#403 = EDGE_CURVE('',#404,#396,#406,.T.);
#404 = VERTEX_POINT('',#405);
#405 = CARTESIAN_POINT('',(-184.,-161.,11.5));
#406 = CIRCLE('',#407,23.);
#407 = AXIS2_PLACEMENT_3D('',#408,#409,#410);
#408 = CARTESIAN_POINT('',(-161.,-161.,11.5));
#409 = DIRECTION('',(0.,0.,1.));
#410 = DIRECTION('',(0.,-1.,0.));
#411 = ORIENTED_EDGE('',*,*,#412,.F.);
#412 = EDGE_CURVE('',#123,#404,#413,.T.);
#413 = LINE('',#414,#415);
#414 = CARTESIAN_POINT('',(-184.,-161.,3.5));
#415 = VECTOR('',#416,1.);
#416 = DIRECTION('',(0.,0.,1.));
#417 = CYLINDRICAL_SURFACE('',#418,23.);
#418 = AXIS2_PLACEMENT_3D('',#419,#420,#421);
#419 = CARTESIAN_POINT('',(-161.,-161.,3.5));
#420 = DIRECTION('',(0.,0.,1.));
#421 = DIRECTION('',(-1.,-0.,0.));
#422 = ADVANCED_FACE('',(#423),#441,.F.);
#423 = FACE_BOUND('',#424,.F.);
#424 = EDGE_LOOP('',(#425,#426,#427,#435));
#425 = ORIENTED_EDGE('',*,*,#184,.F.);
#426 = ORIENTED_EDGE('',*,*,#395,.T.);
#427 = ORIENTED_EDGE('',*,*,#428,.T.);
#428 = EDGE_CURVE('',#396,#429,#431,.T.);
#429 = VERTEX_POINT('',#430);
#430 = CARTESIAN_POINT('',(161.,-184.,11.5));
#431 = LINE('',#432,#433);
#432 = CARTESIAN_POINT('',(-184.,-184.,11.5));
#433 = VECTOR('',#434,1.);
#434 = DIRECTION('',(1.,0.,-0.));
#435 = ORIENTED_EDGE('',*,*,#436,.F.);
#436 = EDGE_CURVE('',#176,#429,#437,.T.);
#437 = LINE('',#438,#439);
#438 = CARTESIAN_POINT('',(161.,-184.,3.5));
#439 = VECTOR('',#440,1.);
#440 = DIRECTION('',(0.,0.,1.));
#441 = PLANE('',#442);
#442 = AXIS2_PLACEMENT_3D('',#443,#444,#445);
#443 = CARTESIAN_POINT('',(-184.,-184.,3.5));
#444 = DIRECTION('',(-0.,1.,0.));
#445 = DIRECTION('',(0.,0.,1.));
#446 = ADVANCED_FACE('',(#447),#466,.T.);
#447 = FACE_BOUND('',#448,.F.);
#448 = EDGE_LOOP('',(#449,#450,#451,#460));
#449 = ORIENTED_EDGE('',*,*,#175,.T.);
#450 = ORIENTED_EDGE('',*,*,#436,.T.);
#451 = ORIENTED_EDGE('',*,*,#452,.F.);
#452 = EDGE_CURVE('',#453,#429,#455,.T.);
#453 = VERTEX_POINT('',#454);
#454 = CARTESIAN_POINT('',(184.,-161.,11.5));
#455 = CIRCLE('',#456,23.);
#456 = AXIS2_PLACEMENT_3D('',#457,#458,#459);
#457 = CARTESIAN_POINT('',(161.,-161.,11.5));
#458 = DIRECTION('',(-0.,-0.,-1.));
#459 = DIRECTION('',(0.,-1.,0.));
#460 = ORIENTED_EDGE('',*,*,#461,.F.);
#461 = EDGE_CURVE('',#168,#453,#462,.T.);
#462 = LINE('',#463,#464);
#463 = CARTESIAN_POINT('',(184.,-161.,3.5));
#464 = VECTOR('',#465,1.);
#465 = DIRECTION('',(0.,0.,1.));
#466 = CYLINDRICAL_SURFACE('',#467,23.);
#467 = AXIS2_PLACEMENT_3D('',#468,#469,#470);
#468 = CARTESIAN_POINT('',(161.,-161.,3.5));
#469 = DIRECTION('',(0.,0.,1.));
#470 = DIRECTION('',(1.,0.,-0.));
#471 = ADVANCED_FACE('',(#472),#490,.T.);
#472 = FACE_BOUND('',#473,.T.);
#473 = EDGE_LOOP('',(#474,#482,#483,#484));
#474 = ORIENTED_EDGE('',*,*,#475,.F.);
#475 = EDGE_CURVE('',#453,#476,#478,.T.);
#476 = VERTEX_POINT('',#477);
#477 = CARTESIAN_POINT('',(184.,161.,11.5));
#478 = LINE('',#479,#480);
#479 = CARTESIAN_POINT('',(184.,-184.,11.5));
#480 = VECTOR('',#481,1.);
#481 = DIRECTION('',(-0.,1.,0.));
#482 = ORIENTED_EDGE('',*,*,#461,.F.);
#483 = ORIENTED_EDGE('',*,*,#167,.T.);
#484 = ORIENTED_EDGE('',*,*,#485,.T.);
#485 = EDGE_CURVE('',#159,#476,#486,.T.);
#486 = LINE('',#487,#488);
#487 = CARTESIAN_POINT('',(184.,161.,3.5));
#488 = VECTOR('',#489,1.);
#489 = DIRECTION('',(0.,0.,1.));
#490 = PLANE('',#491);
#491 = AXIS2_PLACEMENT_3D('',#492,#493,#494);
#492 = CARTESIAN_POINT('',(184.,-184.,3.5));
#493 = DIRECTION('',(1.,0.,-0.));
#494 = DIRECTION('',(0.,0.,1.));
#495 = ADVANCED_FACE('',(#496),#515,.T.);
#496 = FACE_BOUND('',#497,.T.);
#497 = EDGE_LOOP('',(#498,#499,#507,#514));
#498 = ORIENTED_EDGE('',*,*,#158,.T.);
#499 = ORIENTED_EDGE('',*,*,#500,.T.);
#500 = EDGE_CURVE('',#151,#501,#503,.T.);
#501 = VERTEX_POINT('',#502);
#502 = CARTESIAN_POINT('',(161.,184.,11.5));
#503 = LINE('',#504,#505);
#504 = CARTESIAN_POINT('',(161.,184.,3.5));
#505 = VECTOR('',#506,1.);
#506 = DIRECTION('',(0.,0.,1.));
#507 = ORIENTED_EDGE('',*,*,#508,.F.);
#508 = EDGE_CURVE('',#476,#501,#509,.T.);
#509 = CIRCLE('',#510,23.);
#510 = AXIS2_PLACEMENT_3D('',#511,#512,#513);
#511 = CARTESIAN_POINT('',(161.,161.,11.5));
#512 = DIRECTION('',(0.,0.,1.));
#513 = DIRECTION('',(0.,-1.,0.));
#514 = ORIENTED_EDGE('',*,*,#485,.F.);
#515 = CYLINDRICAL_SURFACE('',#516,23.);
#516 = AXIS2_PLACEMENT_3D('',#517,#518,#519);
#517 = CARTESIAN_POINT('',(161.,161.,3.5));
#518 = DIRECTION('',(0.,0.,1.));
#519 = DIRECTION('',(1.,0.,-0.));
#520 = ADVANCED_FACE('',(#521),#539,.T.);
#521 = FACE_BOUND('',#522,.T.);
#522 = EDGE_LOOP('',(#523,#524,#532,#538));
#523 = ORIENTED_EDGE('',*,*,#150,.F.);
#524 = ORIENTED_EDGE('',*,*,#525,.T.);
#525 = EDGE_CURVE('',#142,#526,#528,.T.);
#526 = VERTEX_POINT('',#527);
#527 = CARTESIAN_POINT('',(-161.,184.,11.5));
#528 = LINE('',#529,#530);
#529 = CARTESIAN_POINT('',(-161.,184.,3.5));
#530 = VECTOR('',#531,1.);
#531 = DIRECTION('',(0.,0.,1.));
#532 = ORIENTED_EDGE('',*,*,#533,.T.);
#533 = EDGE_CURVE('',#526,#501,#534,.T.);
#534 = LINE('',#535,#536);
#535 = CARTESIAN_POINT('',(-184.,184.,11.5));
#536 = VECTOR('',#537,1.);
#537 = DIRECTION('',(1.,0.,-0.));
#538 = ORIENTED_EDGE('',*,*,#500,.F.);
#539 = PLANE('',#540);
#540 = AXIS2_PLACEMENT_3D('',#541,#542,#543);
#541 = CARTESIAN_POINT('',(-184.,184.,3.5));
#542 = DIRECTION('',(-0.,1.,0.));
#543 = DIRECTION('',(0.,0.,1.));
#544 = ADVANCED_FACE('',(#545),#564,.T.);
#545 = FACE_BOUND('',#546,.F.);
#546 = EDGE_LOOP('',(#547,#548,#549,#558));
#547 = ORIENTED_EDGE('',*,*,#141,.T.);
#548 = ORIENTED_EDGE('',*,*,#525,.T.);
#549 = ORIENTED_EDGE('',*,*,#550,.F.);
#550 = EDGE_CURVE('',#551,#526,#553,.T.);
#551 = VERTEX_POINT('',#552);
#552 = CARTESIAN_POINT('',(-184.,161.,11.5));
#553 = CIRCLE('',#554,23.);
#554 = AXIS2_PLACEMENT_3D('',#555,#556,#557);
#555 = CARTESIAN_POINT('',(-161.,161.,11.5));
#556 = DIRECTION('',(-0.,-0.,-1.));
#557 = DIRECTION('',(0.,-1.,0.));
#558 = ORIENTED_EDGE('',*,*,#559,.F.);
#559 = EDGE_CURVE('',#134,#551,#560,.T.);
#560 = LINE('',#561,#562);
#561 = CARTESIAN_POINT('',(-184.,161.,3.5));
#562 = VECTOR('',#563,1.);
#563 = DIRECTION('',(0.,0.,1.));
#564 = CYLINDRICAL_SURFACE('',#565,23.);
#565 = AXIS2_PLACEMENT_3D('',#566,#567,#568);
#566 = CARTESIAN_POINT('',(-161.,161.,3.5));
#567 = DIRECTION('',(0.,0.,1.));
#568 = DIRECTION('',(-1.,-0.,0.));
#569 = ADVANCED_FACE('',(#570),#581,.F.);
#570 = FACE_BOUND('',#571,.F.);
#571 = EDGE_LOOP('',(#572,#578,#579,#580));
#572 = ORIENTED_EDGE('',*,*,#573,.F.);
#573 = EDGE_CURVE('',#404,#551,#574,.T.);
#574 = LINE('',#575,#576);
#575 = CARTESIAN_POINT('',(-184.,-184.,11.5));
#576 = VECTOR('',#577,1.);
#577 = DIRECTION('',(-0.,1.,0.));
#578 = ORIENTED_EDGE('',*,*,#412,.F.);
#579 = ORIENTED_EDGE('',*,*,#133,.T.);
#580 = ORIENTED_EDGE('',*,*,#559,.T.);
#581 = PLANE('',#582);
#582 = AXIS2_PLACEMENT_3D('',#583,#584,#585);
#583 = CARTESIAN_POINT('',(-184.,-184.,3.5));
#584 = DIRECTION('',(1.,0.,-0.));
#585 = DIRECTION('',(0.,0.,1.));
#586 = ADVANCED_FACE('',(#587),#606,.T.);
#587 = FACE_BOUND('',#588,.F.);
#588 = EDGE_LOOP('',(#589,#590,#599,#605));
#589 = ORIENTED_EDGE('',*,*,#240,.F.);
#590 = ORIENTED_EDGE('',*,*,#591,.T.);
#591 = EDGE_CURVE('',#233,#592,#594,.T.);
#592 = VERTEX_POINT('',#593);
#593 = CARTESIAN_POINT('',(-207.,225.,2.));
#594 = CIRCLE('',#595,18.);
#595 = AXIS2_PLACEMENT_3D('',#596,#597,#598);
#596 = CARTESIAN_POINT('',(-207.,207.,2.));
#597 = DIRECTION('',(-0.,-0.,-1.));
#598 = DIRECTION('',(0.,-1.,0.));
#599 = ORIENTED_EDGE('',*,*,#600,.T.);
#600 = EDGE_CURVE('',#592,#200,#601,.T.);
#601 = LINE('',#602,#603);
#602 = CARTESIAN_POINT('',(-207.,225.,2.));
#603 = VECTOR('',#604,1.);
#604 = DIRECTION('',(0.,0.,1.));
#605 = ORIENTED_EDGE('',*,*,#199,.F.);
#606 = CYLINDRICAL_SURFACE('',#607,18.);
#607 = AXIS2_PLACEMENT_3D('',#608,#609,#610);
#608 = CARTESIAN_POINT('',(-207.,207.,2.));
#609 = DIRECTION('',(0.,0.,1.));
#610 = DIRECTION('',(-1.,-0.,0.));
#611 = ADVANCED_FACE('',(#612),#637,.F.);
#612 = FACE_BOUND('',#613,.F.);
#613 = EDGE_LOOP('',(#614,#615,#623,#631));
#614 = ORIENTED_EDGE('',*,*,#232,.F.);
#615 = ORIENTED_EDGE('',*,*,#616,.F.);
#616 = EDGE_CURVE('',#617,#225,#619,.T.);
#617 = VERTEX_POINT('',#618);
#618 = CARTESIAN_POINT('',(-225.,-207.,0.));
#619 = LINE('',#620,#621);
#620 = CARTESIAN_POINT('',(-225.,-207.,0.));
#621 = VECTOR('',#622,1.);
#622 = DIRECTION('',(0.,0.,1.));
#623 = ORIENTED_EDGE('',*,*,#624,.T.);
#624 = EDGE_CURVE('',#617,#625,#627,.T.);
#625 = VERTEX_POINT('',#626);
#626 = CARTESIAN_POINT('',(-225.,207.,0.));
#627 = LINE('',#628,#629);
#628 = CARTESIAN_POINT('',(-225.,-225.,0.));
#629 = VECTOR('',#630,1.);
#630 = DIRECTION('',(-0.,1.,0.));
#631 = ORIENTED_EDGE('',*,*,#632,.T.);
#632 = EDGE_CURVE('',#625,#233,#633,.T.);
#633 = LINE('',#634,#635);
#634 = CARTESIAN_POINT('',(-225.,207.,0.));
#635 = VECTOR('',#636,1.);
#636 = DIRECTION('',(0.,0.,1.));
#637 = PLANE('',#638);
#638 = AXIS2_PLACEMENT_3D('',#639,#640,#641);
#639 = CARTESIAN_POINT('',(-225.,-225.,0.));
#640 = DIRECTION('',(1.,0.,-0.));
#641 = DIRECTION('',(0.,0.,1.));
#642 = ADVANCED_FACE('',(#643),#662,.T.);
#643 = FACE_BOUND('',#644,.T.);
#644 = EDGE_LOOP('',(#645,#646,#655,#661));
#645 = ORIENTED_EDGE('',*,*,#224,.F.);
#646 = ORIENTED_EDGE('',*,*,#647,.T.);
#647 = EDGE_CURVE('',#225,#648,#650,.T.);
#648 = VERTEX_POINT('',#649);
#649 = CARTESIAN_POINT('',(-207.,-225.,2.));
#650 = CIRCLE('',#651,18.);
#651 = AXIS2_PLACEMENT_3D('',#652,#653,#654);
#652 = CARTESIAN_POINT('',(-207.,-207.,2.));
#653 = DIRECTION('',(0.,0.,1.));
#654 = DIRECTION('',(0.,-1.,0.));
#655 = ORIENTED_EDGE('',*,*,#656,.T.);
#656 = EDGE_CURVE('',#648,#256,#657,.T.);
#657 = LINE('',#658,#659);
#658 = CARTESIAN_POINT('',(-207.,-225.,2.));
#659 = VECTOR('',#660,1.);
#660 = DIRECTION('',(0.,0.,1.));
#661 = ORIENTED_EDGE('',*,*,#255,.F.);
#662 = CYLINDRICAL_SURFACE('',#663,18.);
#663 = AXIS2_PLACEMENT_3D('',#664,#665,#666);
#664 = CARTESIAN_POINT('',(-207.,-207.,2.));
#665 = DIRECTION('',(0.,0.,1.));
#666 = DIRECTION('',(-1.,-0.,0.));
#667 = ADVANCED_FACE('',(#668),#686,.F.);
#668 = FACE_BOUND('',#669,.F.);
#669 = EDGE_LOOP('',(#670,#678,#679,#680));
#670 = ORIENTED_EDGE('',*,*,#671,.F.);
#671 = EDGE_CURVE('',#648,#672,#674,.T.);
#672 = VERTEX_POINT('',#673);
#673 = CARTESIAN_POINT('',(207.,-225.,2.));
#674 = LINE('',#675,#676);
#675 = CARTESIAN_POINT('',(-225.,-225.,2.));
#676 = VECTOR('',#677,1.);
#677 = DIRECTION('',(1.,0.,-0.));
#678 = ORIENTED_EDGE('',*,*,#656,.T.);
#679 = ORIENTED_EDGE('',*,*,#279,.T.);
#680 = ORIENTED_EDGE('',*,*,#681,.F.);
#681 = EDGE_CURVE('',#672,#280,#682,.T.);
#682 = LINE('',#683,#684);
#683 = CARTESIAN_POINT('',(207.,-225.,2.));
#684 = VECTOR('',#685,1.);
#685 = DIRECTION('',(0.,0.,1.));
#686 = PLANE('',#687);
#687 = AXIS2_PLACEMENT_3D('',#688,#689,#690);
#688 = CARTESIAN_POINT('',(-225.,-225.,2.));
#689 = DIRECTION('',(-0.,1.,0.));
#690 = DIRECTION('',(0.,0.,1.));
#691 = ADVANCED_FACE('',(#692),#710,.T.);
#692 = FACE_BOUND('',#693,.T.);
#693 = EDGE_LOOP('',(#694,#702,#703,#704));
#694 = ORIENTED_EDGE('',*,*,#695,.F.);
#695 = EDGE_CURVE('',#592,#696,#698,.T.);
#696 = VERTEX_POINT('',#697);
#697 = CARTESIAN_POINT('',(207.,225.,2.));
#698 = LINE('',#699,#700);
#699 = CARTESIAN_POINT('',(-225.,225.,2.));
#700 = VECTOR('',#701,1.);
#701 = DIRECTION('',(1.,0.,-0.));
#702 = ORIENTED_EDGE('',*,*,#600,.T.);
#703 = ORIENTED_EDGE('',*,*,#303,.T.);
#704 = ORIENTED_EDGE('',*,*,#705,.F.);
#705 = EDGE_CURVE('',#696,#304,#706,.T.);
#706 = LINE('',#707,#708);
#707 = CARTESIAN_POINT('',(207.,225.,2.));
#708 = VECTOR('',#709,1.);
#709 = DIRECTION('',(0.,0.,1.));
#710 = PLANE('',#711);
#711 = AXIS2_PLACEMENT_3D('',#712,#713,#714);
#712 = CARTESIAN_POINT('',(-225.,225.,2.));
#713 = DIRECTION('',(-0.,1.,0.));
#714 = DIRECTION('',(0.,0.,1.));
#715 = ADVANCED_FACE('',(#716),#735,.T.);
#716 = FACE_BOUND('',#717,.F.);
#717 = EDGE_LOOP('',(#718,#726,#733,#734));
#718 = ORIENTED_EDGE('',*,*,#719,.F.);
#719 = EDGE_CURVE('',#720,#328,#722,.T.);
#720 = VERTEX_POINT('',#721);
#721 = CARTESIAN_POINT('',(225.,-207.,2.));
#722 = LINE('',#723,#724);
#723 = CARTESIAN_POINT('',(225.,-207.,2.));
#724 = VECTOR('',#725,1.);
#725 = DIRECTION('',(0.,0.,1.));
#726 = ORIENTED_EDGE('',*,*,#727,.T.);
#727 = EDGE_CURVE('',#720,#672,#728,.T.);
#728 = CIRCLE('',#729,18.);
#729 = AXIS2_PLACEMENT_3D('',#730,#731,#732);
#730 = CARTESIAN_POINT('',(207.,-207.,2.));
#731 = DIRECTION('',(-0.,-0.,-1.));
#732 = DIRECTION('',(0.,-1.,0.));
#733 = ORIENTED_EDGE('',*,*,#681,.T.);
#734 = ORIENTED_EDGE('',*,*,#335,.F.);
#735 = CYLINDRICAL_SURFACE('',#736,18.);
#736 = AXIS2_PLACEMENT_3D('',#737,#738,#739);
#737 = CARTESIAN_POINT('',(207.,-207.,2.));
#738 = DIRECTION('',(0.,0.,1.));
#739 = DIRECTION('',(1.,0.,-0.));
#740 = ADVANCED_FACE('',(#741),#760,.T.);
#741 = FACE_BOUND('',#742,.T.);
#742 = EDGE_LOOP('',(#743,#751,#758,#759));
#743 = ORIENTED_EDGE('',*,*,#744,.F.);
#744 = EDGE_CURVE('',#745,#353,#747,.T.);
#745 = VERTEX_POINT('',#746);
#746 = CARTESIAN_POINT('',(225.,207.,2.));
#747 = LINE('',#748,#749);
#748 = CARTESIAN_POINT('',(225.,207.,2.));
#749 = VECTOR('',#750,1.);
#750 = DIRECTION('',(0.,0.,1.));
#751 = ORIENTED_EDGE('',*,*,#752,.T.);
#752 = EDGE_CURVE('',#745,#696,#753,.T.);
#753 = CIRCLE('',#754,18.);
#754 = AXIS2_PLACEMENT_3D('',#755,#756,#757);
#755 = CARTESIAN_POINT('',(207.,207.,2.));
#756 = DIRECTION('',(0.,0.,1.));
#757 = DIRECTION('',(0.,-1.,0.));
#758 = ORIENTED_EDGE('',*,*,#705,.T.);
#759 = ORIENTED_EDGE('',*,*,#360,.F.);
#760 = CYLINDRICAL_SURFACE('',#761,18.);
#761 = AXIS2_PLACEMENT_3D('',#762,#763,#764);
#762 = CARTESIAN_POINT('',(207.,207.,2.));
#763 = DIRECTION('',(0.,0.,1.));
#764 = DIRECTION('',(1.,0.,-0.));
#765 = ADVANCED_FACE('',(#766),#777,.T.);
#766 = FACE_BOUND('',#767,.T.);
#767 = EDGE_LOOP('',(#768,#769,#770,#776));
#768 = ORIENTED_EDGE('',*,*,#379,.F.);
#769 = ORIENTED_EDGE('',*,*,#719,.F.);
#770 = ORIENTED_EDGE('',*,*,#771,.T.);
#771 = EDGE_CURVE('',#720,#745,#772,.T.);
#772 = LINE('',#773,#774);
#773 = CARTESIAN_POINT('',(225.,-225.,2.));
#774 = VECTOR('',#775,1.);
#775 = DIRECTION('',(-0.,1.,0.));
#776 = ORIENTED_EDGE('',*,*,#744,.T.);
#777 = PLANE('',#778);
#778 = AXIS2_PLACEMENT_3D('',#779,#780,#781);
#779 = CARTESIAN_POINT('',(225.,-225.,2.));
#780 = DIRECTION('',(1.,0.,-0.));
#781 = DIRECTION('',(0.,0.,1.));
#782 = ADVANCED_FACE('',(#783,#793),#863,.T.);
#783 = FACE_BOUND('',#784,.T.);
#784 = EDGE_LOOP('',(#785,#786,#787,#788,#789,#790,#791,#792));
#785 = ORIENTED_EDGE('',*,*,#573,.F.);
#786 = ORIENTED_EDGE('',*,*,#403,.T.);
#787 = ORIENTED_EDGE('',*,*,#428,.T.);
#788 = ORIENTED_EDGE('',*,*,#452,.F.);
#789 = ORIENTED_EDGE('',*,*,#475,.T.);
#790 = ORIENTED_EDGE('',*,*,#508,.T.);
#791 = ORIENTED_EDGE('',*,*,#533,.F.);
#792 = ORIENTED_EDGE('',*,*,#550,.F.);
#793 = FACE_BOUND('',#794,.T.);
#794 = EDGE_LOOP('',(#795,#806,#814,#823,#831,#840,#848,#857));
#795 = ORIENTED_EDGE('',*,*,#796,.F.);
#796 = EDGE_CURVE('',#797,#799,#801,.T.);
#797 = VERTEX_POINT('',#798);
#798 = CARTESIAN_POINT('',(-182.,-160.,11.5));
#799 = VERTEX_POINT('',#800);
#800 = CARTESIAN_POINT('',(-160.,-182.,11.5));
#801 = CIRCLE('',#802,22.);
#802 = AXIS2_PLACEMENT_3D('',#803,#804,#805);
#803 = CARTESIAN_POINT('',(-160.,-160.,11.5));
#804 = DIRECTION('',(0.,0.,1.));
#805 = DIRECTION('',(-1.,-0.,0.));
#806 = ORIENTED_EDGE('',*,*,#807,.T.);
#807 = EDGE_CURVE('',#797,#808,#810,.T.);
#808 = VERTEX_POINT('',#809);
#809 = CARTESIAN_POINT('',(-182.,160.,11.5));
#810 = LINE('',#811,#812);
#811 = CARTESIAN_POINT('',(-182.,-183.,11.5));
#812 = VECTOR('',#813,1.);
#813 = DIRECTION('',(-0.,1.,0.));
#814 = ORIENTED_EDGE('',*,*,#815,.F.);
#815 = EDGE_CURVE('',#816,#808,#818,.T.);
#816 = VERTEX_POINT('',#817);
#817 = CARTESIAN_POINT('',(-160.,182.,11.5));
#818 = CIRCLE('',#819,22.);
#819 = AXIS2_PLACEMENT_3D('',#820,#821,#822);
#820 = CARTESIAN_POINT('',(-160.,160.,11.5));
#821 = DIRECTION('',(0.,0.,1.));
#822 = DIRECTION('',(-1.,-0.,0.));
#823 = ORIENTED_EDGE('',*,*,#824,.F.);
#824 = EDGE_CURVE('',#825,#816,#827,.T.);
#825 = VERTEX_POINT('',#826);
#826 = CARTESIAN_POINT('',(160.,182.,11.5));
#827 = LINE('',#828,#829);
#828 = CARTESIAN_POINT('',(-183.,182.,11.5));
#829 = VECTOR('',#830,1.);
#830 = DIRECTION('',(-1.,-0.,0.));
#831 = ORIENTED_EDGE('',*,*,#832,.F.);
#832 = EDGE_CURVE('',#833,#825,#835,.T.);
#833 = VERTEX_POINT('',#834);
#834 = CARTESIAN_POINT('',(182.,160.,11.5));
#835 = CIRCLE('',#836,22.);
#836 = AXIS2_PLACEMENT_3D('',#837,#838,#839);
#837 = CARTESIAN_POINT('',(160.,160.,11.5));
#838 = DIRECTION('',(0.,0.,1.));
#839 = DIRECTION('',(1.,0.,-0.));
#840 = ORIENTED_EDGE('',*,*,#841,.F.);
#841 = EDGE_CURVE('',#842,#833,#844,.T.);
#842 = VERTEX_POINT('',#843);
#843 = CARTESIAN_POINT('',(182.,-160.,11.5));
#844 = LINE('',#845,#846);
#845 = CARTESIAN_POINT('',(182.,-183.,11.5));
#846 = VECTOR('',#847,1.);
#847 = DIRECTION('',(-0.,1.,0.));
#848 = ORIENTED_EDGE('',*,*,#849,.F.);
#849 = EDGE_CURVE('',#850,#842,#852,.T.);
#850 = VERTEX_POINT('',#851);
#851 = CARTESIAN_POINT('',(160.,-182.,11.5));
#852 = CIRCLE('',#853,22.);
#853 = AXIS2_PLACEMENT_3D('',#854,#855,#856);
#854 = CARTESIAN_POINT('',(160.,-160.,11.5));
#855 = DIRECTION('',(0.,0.,1.));
#856 = DIRECTION('',(1.,0.,-0.));
#857 = ORIENTED_EDGE('',*,*,#858,.T.);
#858 = EDGE_CURVE('',#850,#799,#859,.T.);
#859 = LINE('',#860,#861);
#860 = CARTESIAN_POINT('',(-183.,-182.,11.5));
#861 = VECTOR('',#862,1.);
#862 = DIRECTION('',(-1.,-0.,0.));
#863 = PLANE('',#864);
#864 = AXIS2_PLACEMENT_3D('',#865,#866,#867);
#865 = CARTESIAN_POINT('',(-184.,-184.,11.5));
#866 = DIRECTION('',(0.,0.,1.));
#867 = DIRECTION('',(1.,0.,-0.));
#868 = ADVANCED_FACE('',(#869),#888,.T.);
#869 = FACE_BOUND('',#870,.F.);
#870 = EDGE_LOOP('',(#871,#872,#881,#887));
#871 = ORIENTED_EDGE('',*,*,#632,.F.);
#872 = ORIENTED_EDGE('',*,*,#873,.T.);
#873 = EDGE_CURVE('',#625,#874,#876,.T.);
#874 = VERTEX_POINT('',#875);
#875 = CARTESIAN_POINT('',(-207.,225.,0.));
#876 = CIRCLE('',#877,18.);
#877 = AXIS2_PLACEMENT_3D('',#878,#879,#880);
#878 = CARTESIAN_POINT('',(-207.,207.,0.));
#879 = DIRECTION('',(-0.,-0.,-1.));
#880 = DIRECTION('',(0.,-1.,0.));
#881 = ORIENTED_EDGE('',*,*,#882,.T.);
#882 = EDGE_CURVE('',#874,#592,#883,.T.);
#883 = LINE('',#884,#885);
#884 = CARTESIAN_POINT('',(-207.,225.,0.));
#885 = VECTOR('',#886,1.);
#886 = DIRECTION('',(0.,0.,1.));
#887 = ORIENTED_EDGE('',*,*,#591,.F.);
#888 = CYLINDRICAL_SURFACE('',#889,18.);
#889 = AXIS2_PLACEMENT_3D('',#890,#891,#892);
#890 = CARTESIAN_POINT('',(-207.,207.,0.));
#891 = DIRECTION('',(0.,0.,1.));
#892 = DIRECTION('',(-1.,-0.,0.));
#893 = ADVANCED_FACE('',(#894,#947),#1017,.F.);
#894 = FACE_BOUND('',#895,.F.);
#895 = EDGE_LOOP('',(#896,#897,#906,#914,#923,#931,#940,#946));
#896 = ORIENTED_EDGE('',*,*,#624,.F.);
#897 = ORIENTED_EDGE('',*,*,#898,.T.);
#898 = EDGE_CURVE('',#617,#899,#901,.T.);
#899 = VERTEX_POINT('',#900);
#900 = CARTESIAN_POINT('',(-207.,-225.,0.));
#901 = CIRCLE('',#902,18.);
#902 = AXIS2_PLACEMENT_3D('',#903,#904,#905);
#903 = CARTESIAN_POINT('',(-207.,-207.,0.));
#904 = DIRECTION('',(0.,0.,1.));
#905 = DIRECTION('',(0.,-1.,0.));
#906 = ORIENTED_EDGE('',*,*,#907,.T.);
#907 = EDGE_CURVE('',#899,#908,#910,.T.);
#908 = VERTEX_POINT('',#909);
#909 = CARTESIAN_POINT('',(207.,-225.,0.));
#910 = LINE('',#911,#912);
#911 = CARTESIAN_POINT('',(-225.,-225.,0.));
#912 = VECTOR('',#913,1.);
#913 = DIRECTION('',(1.,0.,-0.));
#914 = ORIENTED_EDGE('',*,*,#915,.F.);
#915 = EDGE_CURVE('',#916,#908,#918,.T.);
#916 = VERTEX_POINT('',#917);
#917 = CARTESIAN_POINT('',(225.,-207.,0.));
#918 = CIRCLE('',#919,18.);
#919 = AXIS2_PLACEMENT_3D('',#920,#921,#922);
#920 = CARTESIAN_POINT('',(207.,-207.,0.));
#921 = DIRECTION('',(-0.,-0.,-1.));
#922 = DIRECTION('',(0.,-1.,0.));
#923 = ORIENTED_EDGE('',*,*,#924,.T.);
#924 = EDGE_CURVE('',#916,#925,#927,.T.);
#925 = VERTEX_POINT('',#926);
#926 = CARTESIAN_POINT('',(225.,207.,0.));
#927 = LINE('',#928,#929);
#928 = CARTESIAN_POINT('',(225.,-225.,0.));
#929 = VECTOR('',#930,1.);
#930 = DIRECTION('',(-0.,1.,0.));
#931 = ORIENTED_EDGE('',*,*,#932,.T.);
#932 = EDGE_CURVE('',#925,#933,#935,.T.);
#933 = VERTEX_POINT('',#934);
#934 = CARTESIAN_POINT('',(207.,225.,0.));
#935 = CIRCLE('',#936,18.);
#936 = AXIS2_PLACEMENT_3D('',#937,#938,#939);
#937 = CARTESIAN_POINT('',(207.,207.,0.));
#938 = DIRECTION('',(0.,0.,1.));
#939 = DIRECTION('',(0.,-1.,0.));
#940 = ORIENTED_EDGE('',*,*,#941,.F.);
#941 = EDGE_CURVE('',#874,#933,#942,.T.);
#942 = LINE('',#943,#944);
#943 = CARTESIAN_POINT('',(-225.,225.,0.));
#944 = VECTOR('',#945,1.);
#945 = DIRECTION('',(1.,0.,-0.));
#946 = ORIENTED_EDGE('',*,*,#873,.F.);
#947 = FACE_BOUND('',#948,.F.);
#948 = EDGE_LOOP('',(#949,#960,#968,#977,#985,#994,#1002,#1011));
#949 = ORIENTED_EDGE('',*,*,#950,.F.);
#950 = EDGE_CURVE('',#951,#953,#955,.T.);
#951 = VERTEX_POINT('',#952);
#952 = CARTESIAN_POINT('',(-223.,-207.,0.));
#953 = VERTEX_POINT('',#954);
#954 = CARTESIAN_POINT('',(-207.,-223.,0.));
#955 = CIRCLE('',#956,16.);
#956 = AXIS2_PLACEMENT_3D('',#957,#958,#959);
#957 = CARTESIAN_POINT('',(-207.,-207.,0.));
#958 = DIRECTION('',(0.,0.,1.));
#959 = DIRECTION('',(-1.,-0.,0.));
#960 = ORIENTED_EDGE('',*,*,#961,.T.);
#961 = EDGE_CURVE('',#951,#962,#964,.T.);
#962 = VERTEX_POINT('',#963);
#963 = CARTESIAN_POINT('',(-223.,207.,0.));
#964 = LINE('',#965,#966);
#965 = CARTESIAN_POINT('',(-223.,-224.,0.));
#966 = VECTOR('',#967,1.);
#967 = DIRECTION('',(-0.,1.,0.));
#968 = ORIENTED_EDGE('',*,*,#969,.F.);
#969 = EDGE_CURVE('',#970,#962,#972,.T.);
#970 = VERTEX_POINT('',#971);
#971 = CARTESIAN_POINT('',(-207.,223.,0.));
#972 = CIRCLE('',#973,16.);
#973 = AXIS2_PLACEMENT_3D('',#974,#975,#976);
#974 = CARTESIAN_POINT('',(-207.,207.,0.));
#975 = DIRECTION('',(0.,0.,1.));
#976 = DIRECTION('',(-1.,-0.,0.));
#977 = ORIENTED_EDGE('',*,*,#978,.F.);
#978 = EDGE_CURVE('',#979,#970,#981,.T.);
#979 = VERTEX_POINT('',#980);
#980 = CARTESIAN_POINT('',(207.,223.,0.));
#981 = LINE('',#982,#983);
#982 = CARTESIAN_POINT('',(-224.,223.,0.));
#983 = VECTOR('',#984,1.);
#984 = DIRECTION('',(-1.,-0.,0.));
#985 = ORIENTED_EDGE('',*,*,#986,.F.);
#986 = EDGE_CURVE('',#987,#979,#989,.T.);
#987 = VERTEX_POINT('',#988);
#988 = CARTESIAN_POINT('',(223.,207.,0.));
#989 = CIRCLE('',#990,16.);
#990 = AXIS2_PLACEMENT_3D('',#991,#992,#993);
#991 = CARTESIAN_POINT('',(207.,207.,0.));
#992 = DIRECTION('',(0.,0.,1.));
#993 = DIRECTION('',(1.,0.,-0.));
#994 = ORIENTED_EDGE('',*,*,#995,.F.);
#995 = EDGE_CURVE('',#996,#987,#998,.T.);
#996 = VERTEX_POINT('',#997);
#997 = CARTESIAN_POINT('',(223.,-207.,0.));
#998 = LINE('',#999,#1000);
#999 = CARTESIAN_POINT('',(223.,-224.,0.));
#1000 = VECTOR('',#1001,1.);
#1001 = DIRECTION('',(-0.,1.,0.));
#1002 = ORIENTED_EDGE('',*,*,#1003,.F.);
#1003 = EDGE_CURVE('',#1004,#996,#1006,.T.);
#1004 = VERTEX_POINT('',#1005);
#1005 = CARTESIAN_POINT('',(207.,-223.,0.));
#1006 = CIRCLE('',#1007,16.);
#1007 = AXIS2_PLACEMENT_3D('',#1008,#1009,#1010);
#1008 = CARTESIAN_POINT('',(207.,-207.,0.));
#1009 = DIRECTION('',(0.,0.,1.));
#1010 = DIRECTION('',(1.,0.,-0.));
#1011 = ORIENTED_EDGE('',*,*,#1012,.T.);
#1012 = EDGE_CURVE('',#1004,#953,#1013,.T.);
#1013 = LINE('',#1014,#1015);
#1014 = CARTESIAN_POINT('',(-224.,-223.,0.));
#1015 = VECTOR('',#1016,1.);
#1016 = DIRECTION('',(-1.,-0.,0.));
#1017 = PLANE('',#1018);
#1018 = AXIS2_PLACEMENT_3D('',#1019,#1020,#1021);
#1019 = CARTESIAN_POINT('',(-225.,-225.,0.));
#1020 = DIRECTION('',(0.,0.,1.));
#1021 = DIRECTION('',(1.,0.,-0.));
#1022 = ADVANCED_FACE('',(#1023),#1034,.T.);
#1023 = FACE_BOUND('',#1024,.T.);
#1024 = EDGE_LOOP('',(#1025,#1026,#1027,#1033));
#1025 = ORIENTED_EDGE('',*,*,#616,.F.);
#1026 = ORIENTED_EDGE('',*,*,#898,.T.);
#1027 = ORIENTED_EDGE('',*,*,#1028,.T.);
#1028 = EDGE_CURVE('',#899,#648,#1029,.T.);
#1029 = LINE('',#1030,#1031);
#1030 = CARTESIAN_POINT('',(-207.,-225.,0.));
#1031 = VECTOR('',#1032,1.);
#1032 = DIRECTION('',(0.,0.,1.));
#1033 = ORIENTED_EDGE('',*,*,#647,.F.);
#1034 = CYLINDRICAL_SURFACE('',#1035,18.);
#1035 = AXIS2_PLACEMENT_3D('',#1036,#1037,#1038);
#1036 = CARTESIAN_POINT('',(-207.,-207.,0.));
#1037 = DIRECTION('',(0.,0.,1.));
#1038 = DIRECTION('',(-1.,-0.,0.));
#1039 = ADVANCED_FACE('',(#1040),#1051,.F.);
#1040 = FACE_BOUND('',#1041,.F.);
#1041 = EDGE_LOOP('',(#1042,#1043,#1044,#1045));
#1042 = ORIENTED_EDGE('',*,*,#907,.F.);
#1043 = ORIENTED_EDGE('',*,*,#1028,.T.);
#1044 = ORIENTED_EDGE('',*,*,#671,.T.);
#1045 = ORIENTED_EDGE('',*,*,#1046,.F.);
#1046 = EDGE_CURVE('',#908,#672,#1047,.T.);
#1047 = LINE('',#1048,#1049);
#1048 = CARTESIAN_POINT('',(207.,-225.,0.));
#1049 = VECTOR('',#1050,1.);
#1050 = DIRECTION('',(0.,0.,1.));
#1051 = PLANE('',#1052);
#1052 = AXIS2_PLACEMENT_3D('',#1053,#1054,#1055);
#1053 = CARTESIAN_POINT('',(-225.,-225.,0.));
#1054 = DIRECTION('',(-0.,1.,0.));
#1055 = DIRECTION('',(0.,0.,1.));
#1056 = ADVANCED_FACE('',(#1057),#1068,.T.);
#1057 = FACE_BOUND('',#1058,.T.);
#1058 = EDGE_LOOP('',(#1059,#1060,#1061,#1062));
#1059 = ORIENTED_EDGE('',*,*,#941,.F.);
#1060 = ORIENTED_EDGE('',*,*,#882,.T.);
#1061 = ORIENTED_EDGE('',*,*,#695,.T.);
#1062 = ORIENTED_EDGE('',*,*,#1063,.F.);
#1063 = EDGE_CURVE('',#933,#696,#1064,.T.);
#1064 = LINE('',#1065,#1066);
#1065 = CARTESIAN_POINT('',(207.,225.,0.));
#1066 = VECTOR('',#1067,1.);
#1067 = DIRECTION('',(0.,0.,1.));
#1068 = PLANE('',#1069);
#1069 = AXIS2_PLACEMENT_3D('',#1070,#1071,#1072);
#1070 = CARTESIAN_POINT('',(-225.,225.,0.));
#1071 = DIRECTION('',(-0.,1.,0.));
#1072 = DIRECTION('',(0.,0.,1.));
#1073 = ADVANCED_FACE('',(#1074),#1085,.T.);
#1074 = FACE_BOUND('',#1075,.F.);
#1075 = EDGE_LOOP('',(#1076,#1082,#1083,#1084));
#1076 = ORIENTED_EDGE('',*,*,#1077,.F.);
#1077 = EDGE_CURVE('',#916,#720,#1078,.T.);
#1078 = LINE('',#1079,#1080);
#1079 = CARTESIAN_POINT('',(225.,-207.,0.));
#1080 = VECTOR('',#1081,1.);
#1081 = DIRECTION('',(0.,0.,1.));
#1082 = ORIENTED_EDGE('',*,*,#915,.T.);
#1083 = ORIENTED_EDGE('',*,*,#1046,.T.);
#1084 = ORIENTED_EDGE('',*,*,#727,.F.);
#1085 = CYLINDRICAL_SURFACE('',#1086,18.);
#1086 = AXIS2_PLACEMENT_3D('',#1087,#1088,#1089);
#1087 = CARTESIAN_POINT('',(207.,-207.,0.));
#1088 = DIRECTION('',(0.,0.,1.));
#1089 = DIRECTION('',(1.,0.,-0.));
#1090 = ADVANCED_FACE('',(#1091),#1102,.T.);
#1091 = FACE_BOUND('',#1092,.T.);
#1092 = EDGE_LOOP('',(#1093,#1099,#1100,#1101));
#1093 = ORIENTED_EDGE('',*,*,#1094,.F.);
#1094 = EDGE_CURVE('',#925,#745,#1095,.T.);
#1095 = LINE('',#1096,#1097);
#1096 = CARTESIAN_POINT('',(225.,207.,0.));
#1097 = VECTOR('',#1098,1.);
#1098 = DIRECTION('',(0.,0.,1.));
#1099 = ORIENTED_EDGE('',*,*,#932,.T.);
#1100 = ORIENTED_EDGE('',*,*,#1063,.T.);
#1101 = ORIENTED_EDGE('',*,*,#752,.F.);
#1102 = CYLINDRICAL_SURFACE('',#1103,18.);
#1103 = AXIS2_PLACEMENT_3D('',#1104,#1105,#1106);
#1104 = CARTESIAN_POINT('',(207.,207.,0.));
#1105 = DIRECTION('',(0.,0.,1.));
#1106 = DIRECTION('',(1.,0.,-0.));
#1107 = ADVANCED_FACE('',(#1108),#1114,.T.);
#1108 = FACE_BOUND('',#1109,.T.);
#1109 = EDGE_LOOP('',(#1110,#1111,#1112,#1113));
#1110 = ORIENTED_EDGE('',*,*,#771,.F.);
#1111 = ORIENTED_EDGE('',*,*,#1077,.F.);
#1112 = ORIENTED_EDGE('',*,*,#924,.T.);
#1113 = ORIENTED_EDGE('',*,*,#1094,.T.);
#1114 = PLANE('',#1115);
#1115 = AXIS2_PLACEMENT_3D('',#1116,#1117,#1118);
#1116 = CARTESIAN_POINT('',(225.,-225.,0.));
#1117 = DIRECTION('',(1.,0.,-0.));
#1118 = DIRECTION('',(0.,0.,1.));
#1119 = ADVANCED_FACE('',(#1120),#1146,.F.);
#1120 = FACE_BOUND('',#1121,.F.);
#1121 = EDGE_LOOP('',(#1122,#1130,#1139,#1145));
#1122 = ORIENTED_EDGE('',*,*,#1123,.F.);
#1123 = EDGE_CURVE('',#1124,#797,#1126,.T.);
#1124 = VERTEX_POINT('',#1125);
#1125 = CARTESIAN_POINT('',(-182.,-160.,3.5));
#1126 = LINE('',#1127,#1128);
#1127 = CARTESIAN_POINT('',(-182.,-160.,2.5));
#1128 = VECTOR('',#1129,1.);
#1129 = DIRECTION('',(0.,0.,1.));
#1130 = ORIENTED_EDGE('',*,*,#1131,.T.);
#1131 = EDGE_CURVE('',#1124,#1132,#1134,.T.);
#1132 = VERTEX_POINT('',#1133);
#1133 = CARTESIAN_POINT('',(-160.,-182.,3.5));
#1134 = CIRCLE('',#1135,22.);
#1135 = AXIS2_PLACEMENT_3D('',#1136,#1137,#1138);
#1136 = CARTESIAN_POINT('',(-160.,-160.,3.5));
#1137 = DIRECTION('',(0.,0.,1.));
#1138 = DIRECTION('',(-1.,-0.,0.));
#1139 = ORIENTED_EDGE('',*,*,#1140,.T.);
#1140 = EDGE_CURVE('',#1132,#799,#1141,.T.);
#1141 = LINE('',#1142,#1143);
#1142 = CARTESIAN_POINT('',(-160.,-182.,2.5));
#1143 = VECTOR('',#1144,1.);
#1144 = DIRECTION('',(0.,0.,1.));
#1145 = ORIENTED_EDGE('',*,*,#796,.F.);
#1146 = CYLINDRICAL_SURFACE('',#1147,22.);
#1147 = AXIS2_PLACEMENT_3D('',#1148,#1149,#1150);
#1148 = CARTESIAN_POINT('',(-160.,-160.,2.5));
#1149 = DIRECTION('',(0.,0.,1.));
#1150 = DIRECTION('',(-1.,-0.,0.));
#1151 = ADVANCED_FACE('',(#1152),#1170,.T.);
#1152 = FACE_BOUND('',#1153,.T.);
#1153 = EDGE_LOOP('',(#1154,#1162,#1163,#1164));
#1154 = ORIENTED_EDGE('',*,*,#1155,.T.);
#1155 = EDGE_CURVE('',#1156,#1132,#1158,.T.);
#1156 = VERTEX_POINT('',#1157);
#1157 = CARTESIAN_POINT('',(160.,-182.,3.5));
#1158 = LINE('',#1159,#1160);
#1159 = CARTESIAN_POINT('',(-183.,-182.,3.5));
#1160 = VECTOR('',#1161,1.);
#1161 = DIRECTION('',(-1.,-0.,0.));
#1162 = ORIENTED_EDGE('',*,*,#1140,.T.);
#1163 = ORIENTED_EDGE('',*,*,#858,.F.);
#1164 = ORIENTED_EDGE('',*,*,#1165,.F.);
#1165 = EDGE_CURVE('',#1156,#850,#1166,.T.);
#1166 = LINE('',#1167,#1168);
#1167 = CARTESIAN_POINT('',(160.,-182.,2.5));
#1168 = VECTOR('',#1169,1.);
#1169 = DIRECTION('',(0.,0.,1.));
#1170 = PLANE('',#1171);
#1171 = AXIS2_PLACEMENT_3D('',#1172,#1173,#1174);
#1172 = CARTESIAN_POINT('',(-182.,-182.,2.5));
#1173 = DIRECTION('',(-0.,1.,0.));
#1174 = DIRECTION('',(0.,0.,1.));
#1175 = ADVANCED_FACE('',(#1176),#1195,.F.);
#1176 = FACE_BOUND('',#1177,.T.);
#1177 = EDGE_LOOP('',(#1178,#1186,#1193,#1194));
#1178 = ORIENTED_EDGE('',*,*,#1179,.F.);
#1179 = EDGE_CURVE('',#1180,#842,#1182,.T.);
#1180 = VERTEX_POINT('',#1181);
#1181 = CARTESIAN_POINT('',(182.,-160.,3.5));
#1182 = LINE('',#1183,#1184);
#1183 = CARTESIAN_POINT('',(182.,-160.,2.5));
#1184 = VECTOR('',#1185,1.);
#1185 = DIRECTION('',(0.,0.,1.));
#1186 = ORIENTED_EDGE('',*,*,#1187,.F.);
#1187 = EDGE_CURVE('',#1156,#1180,#1188,.T.);
#1188 = CIRCLE('',#1189,22.);
#1189 = AXIS2_PLACEMENT_3D('',#1190,#1191,#1192);
#1190 = CARTESIAN_POINT('',(160.,-160.,3.5));
#1191 = DIRECTION('',(0.,0.,1.));
#1192 = DIRECTION('',(1.,0.,-0.));
#1193 = ORIENTED_EDGE('',*,*,#1165,.T.);
#1194 = ORIENTED_EDGE('',*,*,#849,.T.);
#1195 = CYLINDRICAL_SURFACE('',#1196,22.);
#1196 = AXIS2_PLACEMENT_3D('',#1197,#1198,#1199);
#1197 = CARTESIAN_POINT('',(160.,-160.,2.5));
#1198 = DIRECTION('',(0.,0.,1.));
#1199 = DIRECTION('',(1.,0.,-0.));
#1200 = ADVANCED_FACE('',(#1201),#1219,.F.);
#1201 = FACE_BOUND('',#1202,.F.);
#1202 = EDGE_LOOP('',(#1203,#1204,#1205,#1213));
#1203 = ORIENTED_EDGE('',*,*,#841,.F.);
#1204 = ORIENTED_EDGE('',*,*,#1179,.F.);
#1205 = ORIENTED_EDGE('',*,*,#1206,.T.);
#1206 = EDGE_CURVE('',#1180,#1207,#1209,.T.);
#1207 = VERTEX_POINT('',#1208);
#1208 = CARTESIAN_POINT('',(182.,160.,3.5));
#1209 = LINE('',#1210,#1211);
#1210 = CARTESIAN_POINT('',(182.,-183.,3.5));
#1211 = VECTOR('',#1212,1.);
#1212 = DIRECTION('',(-0.,1.,0.));
#1213 = ORIENTED_EDGE('',*,*,#1214,.T.);
#1214 = EDGE_CURVE('',#1207,#833,#1215,.T.);
#1215 = LINE('',#1216,#1217);
#1216 = CARTESIAN_POINT('',(182.,160.,2.5));
#1217 = VECTOR('',#1218,1.);
#1218 = DIRECTION('',(0.,0.,1.));
#1219 = PLANE('',#1220);
#1220 = AXIS2_PLACEMENT_3D('',#1221,#1222,#1223);
#1221 = CARTESIAN_POINT('',(182.,-182.,2.5));
#1222 = DIRECTION('',(1.,0.,-0.));
#1223 = DIRECTION('',(0.,0.,1.));
#1224 = ADVANCED_FACE('',(#1225),#1244,.F.);
#1225 = FACE_BOUND('',#1226,.F.);
#1226 = EDGE_LOOP('',(#1227,#1228,#1237,#1243));
#1227 = ORIENTED_EDGE('',*,*,#1214,.F.);
#1228 = ORIENTED_EDGE('',*,*,#1229,.T.);
#1229 = EDGE_CURVE('',#1207,#1230,#1232,.T.);
#1230 = VERTEX_POINT('',#1231);
#1231 = CARTESIAN_POINT('',(160.,182.,3.5));
#1232 = CIRCLE('',#1233,22.);
#1233 = AXIS2_PLACEMENT_3D('',#1234,#1235,#1236);
#1234 = CARTESIAN_POINT('',(160.,160.,3.5));
#1235 = DIRECTION('',(0.,0.,1.));
#1236 = DIRECTION('',(1.,0.,-0.));
#1237 = ORIENTED_EDGE('',*,*,#1238,.T.);
#1238 = EDGE_CURVE('',#1230,#825,#1239,.T.);
#1239 = LINE('',#1240,#1241);
#1240 = CARTESIAN_POINT('',(160.,182.,2.5));
#1241 = VECTOR('',#1242,1.);
#1242 = DIRECTION('',(0.,0.,1.));
#1243 = ORIENTED_EDGE('',*,*,#832,.F.);
#1244 = CYLINDRICAL_SURFACE('',#1245,22.);
#1245 = AXIS2_PLACEMENT_3D('',#1246,#1247,#1248);
#1246 = CARTESIAN_POINT('',(160.,160.,2.5));
#1247 = DIRECTION('',(0.,0.,1.));
#1248 = DIRECTION('',(1.,0.,-0.));
#1249 = ADVANCED_FACE('',(#1250),#1268,.F.);
#1250 = FACE_BOUND('',#1251,.F.);
#1251 = EDGE_LOOP('',(#1252,#1260,#1266,#1267));
#1252 = ORIENTED_EDGE('',*,*,#1253,.T.);
#1253 = EDGE_CURVE('',#1230,#1254,#1256,.T.);
#1254 = VERTEX_POINT('',#1255);
#1255 = CARTESIAN_POINT('',(-160.,182.,3.5));
#1256 = LINE('',#1257,#1258);
#1257 = CARTESIAN_POINT('',(-183.,182.,3.5));
#1258 = VECTOR('',#1259,1.);
#1259 = DIRECTION('',(-1.,-0.,0.));
#1260 = ORIENTED_EDGE('',*,*,#1261,.T.);
#1261 = EDGE_CURVE('',#1254,#816,#1262,.T.);
#1262 = LINE('',#1263,#1264);
#1263 = CARTESIAN_POINT('',(-160.,182.,2.5));
#1264 = VECTOR('',#1265,1.);
#1265 = DIRECTION('',(0.,0.,1.));
#1266 = ORIENTED_EDGE('',*,*,#824,.F.);
#1267 = ORIENTED_EDGE('',*,*,#1238,.F.);
#1268 = PLANE('',#1269);
#1269 = AXIS2_PLACEMENT_3D('',#1270,#1271,#1272);
#1270 = CARTESIAN_POINT('',(-182.,182.,2.5));
#1271 = DIRECTION('',(-0.,1.,0.));
#1272 = DIRECTION('',(0.,0.,1.));
#1273 = ADVANCED_FACE('',(#1274),#1293,.F.);
#1274 = FACE_BOUND('',#1275,.T.);
#1275 = EDGE_LOOP('',(#1276,#1284,#1291,#1292));
#1276 = ORIENTED_EDGE('',*,*,#1277,.F.);
#1277 = EDGE_CURVE('',#1278,#808,#1280,.T.);
#1278 = VERTEX_POINT('',#1279);
#1279 = CARTESIAN_POINT('',(-182.,160.,3.5));
#1280 = LINE('',#1281,#1282);
#1281 = CARTESIAN_POINT('',(-182.,160.,2.5));
#1282 = VECTOR('',#1283,1.);
#1283 = DIRECTION('',(0.,0.,1.));
#1284 = ORIENTED_EDGE('',*,*,#1285,.F.);
#1285 = EDGE_CURVE('',#1254,#1278,#1286,.T.);
#1286 = CIRCLE('',#1287,22.);
#1287 = AXIS2_PLACEMENT_3D('',#1288,#1289,#1290);
#1288 = CARTESIAN_POINT('',(-160.,160.,3.5));
#1289 = DIRECTION('',(0.,0.,1.));
#1290 = DIRECTION('',(-1.,-0.,0.));
#1291 = ORIENTED_EDGE('',*,*,#1261,.T.);
#1292 = ORIENTED_EDGE('',*,*,#815,.T.);
#1293 = CYLINDRICAL_SURFACE('',#1294,22.);
#1294 = AXIS2_PLACEMENT_3D('',#1295,#1296,#1297);
#1295 = CARTESIAN_POINT('',(-160.,160.,2.5));
#1296 = DIRECTION('',(0.,0.,1.));
#1297 = DIRECTION('',(-1.,-0.,0.));
#1298 = ADVANCED_FACE('',(#1299),#1310,.T.);
#1299 = FACE_BOUND('',#1300,.T.);
#1300 = EDGE_LOOP('',(#1301,#1302,#1303,#1309));
#1301 = ORIENTED_EDGE('',*,*,#807,.F.);
#1302 = ORIENTED_EDGE('',*,*,#1123,.F.);
#1303 = ORIENTED_EDGE('',*,*,#1304,.T.);
#1304 = EDGE_CURVE('',#1124,#1278,#1305,.T.);
#1305 = LINE('',#1306,#1307);
#1306 = CARTESIAN_POINT('',(-182.,-183.,3.5));
#1307 = VECTOR('',#1308,1.);
#1308 = DIRECTION('',(-0.,1.,0.));
#1309 = ORIENTED_EDGE('',*,*,#1277,.T.);
#1310 = PLANE('',#1311);
#1311 = AXIS2_PLACEMENT_3D('',#1312,#1313,#1314);
#1312 = CARTESIAN_POINT('',(-182.,-182.,2.5));
#1313 = DIRECTION('',(1.,0.,-0.));
#1314 = DIRECTION('',(0.,0.,1.));
#1315 = ADVANCED_FACE('',(#1316),#1342,.F.);
#1316 = FACE_BOUND('',#1317,.F.);
#1317 = EDGE_LOOP('',(#1318,#1326,#1327,#1335));
#1318 = ORIENTED_EDGE('',*,*,#1319,.F.);
#1319 = EDGE_CURVE('',#951,#1320,#1322,.T.);
#1320 = VERTEX_POINT('',#1321);
#1321 = CARTESIAN_POINT('',(-223.,-207.,2.));
#1322 = LINE('',#1323,#1324);
#1323 = CARTESIAN_POINT('',(-223.,-207.,-1.));
#1324 = VECTOR('',#1325,1.);
#1325 = DIRECTION('',(0.,0.,1.));
#1326 = ORIENTED_EDGE('',*,*,#950,.T.);
#1327 = ORIENTED_EDGE('',*,*,#1328,.T.);
#1328 = EDGE_CURVE('',#953,#1329,#1331,.T.);
#1329 = VERTEX_POINT('',#1330);
#1330 = CARTESIAN_POINT('',(-207.,-223.,2.));
#1331 = LINE('',#1332,#1333);
#1332 = CARTESIAN_POINT('',(-207.,-223.,-1.));
#1333 = VECTOR('',#1334,1.);
#1334 = DIRECTION('',(0.,0.,1.));
#1335 = ORIENTED_EDGE('',*,*,#1336,.F.);
#1336 = EDGE_CURVE('',#1320,#1329,#1337,.T.);
#1337 = CIRCLE('',#1338,16.);
#1338 = AXIS2_PLACEMENT_3D('',#1339,#1340,#1341);
#1339 = CARTESIAN_POINT('',(-207.,-207.,2.));
#1340 = DIRECTION('',(0.,0.,1.));
#1341 = DIRECTION('',(-1.,-0.,0.));
#1342 = CYLINDRICAL_SURFACE('',#1343,16.);
#1343 = AXIS2_PLACEMENT_3D('',#1344,#1345,#1346);
#1344 = CARTESIAN_POINT('',(-207.,-207.,-1.));
#1345 = DIRECTION('',(0.,0.,1.));
#1346 = DIRECTION('',(-1.,-0.,0.));
#1347 = ADVANCED_FACE('',(#1348),#1366,.T.);
#1348 = FACE_BOUND('',#1349,.T.);
#1349 = EDGE_LOOP('',(#1350,#1358,#1359,#1360));
#1350 = ORIENTED_EDGE('',*,*,#1351,.F.);
#1351 = EDGE_CURVE('',#1004,#1352,#1354,.T.);
#1352 = VERTEX_POINT('',#1353);
#1353 = CARTESIAN_POINT('',(207.,-223.,2.));
#1354 = LINE('',#1355,#1356);
#1355 = CARTESIAN_POINT('',(207.,-223.,-1.));
#1356 = VECTOR('',#1357,1.);
#1357 = DIRECTION('',(0.,0.,1.));
#1358 = ORIENTED_EDGE('',*,*,#1012,.T.);
#1359 = ORIENTED_EDGE('',*,*,#1328,.T.);
#1360 = ORIENTED_EDGE('',*,*,#1361,.F.);
#1361 = EDGE_CURVE('',#1352,#1329,#1362,.T.);
#1362 = LINE('',#1363,#1364);
#1363 = CARTESIAN_POINT('',(-224.,-223.,2.));
#1364 = VECTOR('',#1365,1.);
#1365 = DIRECTION('',(-1.,-0.,0.));
#1366 = PLANE('',#1367);
#1367 = AXIS2_PLACEMENT_3D('',#1368,#1369,#1370);
#1368 = CARTESIAN_POINT('',(-223.,-223.,-1.));
#1369 = DIRECTION('',(-0.,1.,0.));
#1370 = DIRECTION('',(0.,0.,1.));
#1371 = ADVANCED_FACE('',(#1372),#1391,.F.);
#1372 = FACE_BOUND('',#1373,.T.);
#1373 = EDGE_LOOP('',(#1374,#1382,#1383,#1384));
#1374 = ORIENTED_EDGE('',*,*,#1375,.F.);
#1375 = EDGE_CURVE('',#996,#1376,#1378,.T.);
#1376 = VERTEX_POINT('',#1377);
#1377 = CARTESIAN_POINT('',(223.,-207.,2.));
#1378 = LINE('',#1379,#1380);
#1379 = CARTESIAN_POINT('',(223.,-207.,-1.));
#1380 = VECTOR('',#1381,1.);
#1381 = DIRECTION('',(0.,0.,1.));
#1382 = ORIENTED_EDGE('',*,*,#1003,.F.);
#1383 = ORIENTED_EDGE('',*,*,#1351,.T.);
#1384 = ORIENTED_EDGE('',*,*,#1385,.T.);
#1385 = EDGE_CURVE('',#1352,#1376,#1386,.T.);
#1386 = CIRCLE('',#1387,16.);
#1387 = AXIS2_PLACEMENT_3D('',#1388,#1389,#1390);
#1388 = CARTESIAN_POINT('',(207.,-207.,2.));
#1389 = DIRECTION('',(0.,0.,1.));
#1390 = DIRECTION('',(1.,0.,-0.));
#1391 = CYLINDRICAL_SURFACE('',#1392,16.);
#1392 = AXIS2_PLACEMENT_3D('',#1393,#1394,#1395);
#1393 = CARTESIAN_POINT('',(207.,-207.,-1.));
#1394 = DIRECTION('',(0.,0.,1.));
#1395 = DIRECTION('',(1.,0.,-0.));
#1396 = ADVANCED_FACE('',(#1397),#1415,.F.);
#1397 = FACE_BOUND('',#1398,.F.);
#1398 = EDGE_LOOP('',(#1399,#1407,#1408,#1409));
#1399 = ORIENTED_EDGE('',*,*,#1400,.F.);
#1400 = EDGE_CURVE('',#1376,#1401,#1403,.T.);
#1401 = VERTEX_POINT('',#1402);
#1402 = CARTESIAN_POINT('',(223.,207.,2.));
#1403 = LINE('',#1404,#1405);
#1404 = CARTESIAN_POINT('',(223.,-224.,2.));
#1405 = VECTOR('',#1406,1.);
#1406 = DIRECTION('',(-0.,1.,0.));
#1407 = ORIENTED_EDGE('',*,*,#1375,.F.);
#1408 = ORIENTED_EDGE('',*,*,#995,.T.);
#1409 = ORIENTED_EDGE('',*,*,#1410,.T.);
#1410 = EDGE_CURVE('',#987,#1401,#1411,.T.);
#1411 = LINE('',#1412,#1413);
#1412 = CARTESIAN_POINT('',(223.,207.,-1.));
#1413 = VECTOR('',#1414,1.);
#1414 = DIRECTION('',(0.,0.,1.));
#1415 = PLANE('',#1416);
#1416 = AXIS2_PLACEMENT_3D('',#1417,#1418,#1419);
#1417 = CARTESIAN_POINT('',(223.,-223.,-1.));
#1418 = DIRECTION('',(1.,0.,-0.));
#1419 = DIRECTION('',(0.,0.,1.));
#1420 = ADVANCED_FACE('',(#1421),#1440,.F.);
#1421 = FACE_BOUND('',#1422,.F.);
#1422 = EDGE_LOOP('',(#1423,#1424,#1425,#1433));
#1423 = ORIENTED_EDGE('',*,*,#1410,.F.);
#1424 = ORIENTED_EDGE('',*,*,#986,.T.);
#1425 = ORIENTED_EDGE('',*,*,#1426,.T.);
#1426 = EDGE_CURVE('',#979,#1427,#1429,.T.);
#1427 = VERTEX_POINT('',#1428);
#1428 = CARTESIAN_POINT('',(207.,223.,2.));
#1429 = LINE('',#1430,#1431);
#1430 = CARTESIAN_POINT('',(207.,223.,-1.));
#1431 = VECTOR('',#1432,1.);
#1432 = DIRECTION('',(0.,0.,1.));
#1433 = ORIENTED_EDGE('',*,*,#1434,.F.);
#1434 = EDGE_CURVE('',#1401,#1427,#1435,.T.);
#1435 = CIRCLE('',#1436,16.);
#1436 = AXIS2_PLACEMENT_3D('',#1437,#1438,#1439);
#1437 = CARTESIAN_POINT('',(207.,207.,2.));
#1438 = DIRECTION('',(0.,0.,1.));
#1439 = DIRECTION('',(1.,0.,-0.));
#1440 = CYLINDRICAL_SURFACE('',#1441,16.);
#1441 = AXIS2_PLACEMENT_3D('',#1442,#1443,#1444);
#1442 = CARTESIAN_POINT('',(207.,207.,-1.));
#1443 = DIRECTION('',(0.,0.,1.));
#1444 = DIRECTION('',(1.,0.,-0.));
#1445 = ADVANCED_FACE('',(#1446),#1464,.F.);
#1446 = FACE_BOUND('',#1447,.F.);
#1447 = EDGE_LOOP('',(#1448,#1449,#1450,#1458));
#1448 = ORIENTED_EDGE('',*,*,#1426,.F.);
#1449 = ORIENTED_EDGE('',*,*,#978,.T.);
#1450 = ORIENTED_EDGE('',*,*,#1451,.T.);
#1451 = EDGE_CURVE('',#970,#1452,#1454,.T.);
#1452 = VERTEX_POINT('',#1453);
#1453 = CARTESIAN_POINT('',(-207.,223.,2.));
#1454 = LINE('',#1455,#1456);
#1455 = CARTESIAN_POINT('',(-207.,223.,-1.));
#1456 = VECTOR('',#1457,1.);
#1457 = DIRECTION('',(0.,0.,1.));
#1458 = ORIENTED_EDGE('',*,*,#1459,.F.);
#1459 = EDGE_CURVE('',#1427,#1452,#1460,.T.);
#1460 = LINE('',#1461,#1462);
#1461 = CARTESIAN_POINT('',(-224.,223.,2.));
#1462 = VECTOR('',#1463,1.);
#1463 = DIRECTION('',(-1.,-0.,0.));
#1464 = PLANE('',#1465);
#1465 = AXIS2_PLACEMENT_3D('',#1466,#1467,#1468);
#1466 = CARTESIAN_POINT('',(-223.,223.,-1.));
#1467 = DIRECTION('',(-0.,1.,0.));
#1468 = DIRECTION('',(0.,0.,1.));
#1469 = ADVANCED_FACE('',(#1470),#1489,.F.);
#1470 = FACE_BOUND('',#1471,.T.);
#1471 = EDGE_LOOP('',(#1472,#1480,#1481,#1482));
#1472 = ORIENTED_EDGE('',*,*,#1473,.F.);
#1473 = EDGE_CURVE('',#962,#1474,#1476,.T.);
#1474 = VERTEX_POINT('',#1475);
#1475 = CARTESIAN_POINT('',(-223.,207.,2.));
#1476 = LINE('',#1477,#1478);
#1477 = CARTESIAN_POINT('',(-223.,207.,-1.));
#1478 = VECTOR('',#1479,1.);
#1479 = DIRECTION('',(0.,0.,1.));
#1480 = ORIENTED_EDGE('',*,*,#969,.F.);
#1481 = ORIENTED_EDGE('',*,*,#1451,.T.);
#1482 = ORIENTED_EDGE('',*,*,#1483,.T.);
#1483 = EDGE_CURVE('',#1452,#1474,#1484,.T.);
#1484 = CIRCLE('',#1485,16.);
#1485 = AXIS2_PLACEMENT_3D('',#1486,#1487,#1488);
#1486 = CARTESIAN_POINT('',(-207.,207.,2.));
#1487 = DIRECTION('',(0.,0.,1.));
#1488 = DIRECTION('',(-1.,-0.,0.));
#1489 = CYLINDRICAL_SURFACE('',#1490,16.);
#1490 = AXIS2_PLACEMENT_3D('',#1491,#1492,#1493);
#1491 = CARTESIAN_POINT('',(-207.,207.,-1.));
#1492 = DIRECTION('',(0.,0.,1.));
#1493 = DIRECTION('',(-1.,-0.,0.));
#1494 = ADVANCED_FACE('',(#1495),#1506,.T.);
#1495 = FACE_BOUND('',#1496,.T.);
#1496 = EDGE_LOOP('',(#1497,#1503,#1504,#1505));
#1497 = ORIENTED_EDGE('',*,*,#1498,.F.);
#1498 = EDGE_CURVE('',#1320,#1474,#1499,.T.);
#1499 = LINE('',#1500,#1501);
#1500 = CARTESIAN_POINT('',(-223.,-224.,2.));
#1501 = VECTOR('',#1502,1.);
#1502 = DIRECTION('',(-0.,1.,0.));
#1503 = ORIENTED_EDGE('',*,*,#1319,.F.);
#1504 = ORIENTED_EDGE('',*,*,#961,.T.);
#1505 = ORIENTED_EDGE('',*,*,#1473,.T.);
#1506 = PLANE('',#1507);
#1507 = AXIS2_PLACEMENT_3D('',#1508,#1509,#1510);
#1508 = CARTESIAN_POINT('',(-223.,-223.,-1.));
#1509 = DIRECTION('',(1.,0.,-0.));
#1510 = DIRECTION('',(0.,0.,1.));
#1511 = ADVANCED_FACE('',(#1512,#1522),#1592,.T.);
#1512 = FACE_BOUND('',#1513,.T.);
#1513 = EDGE_LOOP('',(#1514,#1515,#1516,#1517,#1518,#1519,#1520,#1521));
#1514 = ORIENTED_EDGE('',*,*,#1304,.F.);
#1515 = ORIENTED_EDGE('',*,*,#1131,.T.);
#1516 = ORIENTED_EDGE('',*,*,#1155,.F.);
#1517 = ORIENTED_EDGE('',*,*,#1187,.T.);
#1518 = ORIENTED_EDGE('',*,*,#1206,.T.);
#1519 = ORIENTED_EDGE('',*,*,#1229,.T.);
#1520 = ORIENTED_EDGE('',*,*,#1253,.T.);
#1521 = ORIENTED_EDGE('',*,*,#1285,.T.);
#1522 = FACE_BOUND('',#1523,.T.);
#1523 = EDGE_LOOP('',(#1524,#1535,#1543,#1552,#1560,#1569,#1577,#1586));
#1524 = ORIENTED_EDGE('',*,*,#1525,.F.);
#1525 = EDGE_CURVE('',#1526,#1528,#1530,.T.);
#1526 = VERTEX_POINT('',#1527);
#1527 = CARTESIAN_POINT('',(-176.,-155.,3.5));
#1528 = VERTEX_POINT('',#1529);
#1529 = CARTESIAN_POINT('',(-155.,-176.,3.5));
#1530 = CIRCLE('',#1531,21.);
#1531 = AXIS2_PLACEMENT_3D('',#1532,#1533,#1534);
#1532 = CARTESIAN_POINT('',(-155.,-155.,3.5));
#1533 = DIRECTION('',(0.,0.,1.));
#1534 = DIRECTION('',(0.,-1.,0.));
#1535 = ORIENTED_EDGE('',*,*,#1536,.T.);
#1536 = EDGE_CURVE('',#1526,#1537,#1539,.T.);
#1537 = VERTEX_POINT('',#1538);
#1538 = CARTESIAN_POINT('',(-176.,155.,3.5));
#1539 = LINE('',#1540,#1541);
#1540 = CARTESIAN_POINT('',(-176.,-176.,3.5));
#1541 = VECTOR('',#1542,1.);
#1542 = DIRECTION('',(-0.,1.,0.));
#1543 = ORIENTED_EDGE('',*,*,#1544,.T.);
#1544 = EDGE_CURVE('',#1537,#1545,#1547,.T.);
#1545 = VERTEX_POINT('',#1546);
#1546 = CARTESIAN_POINT('',(-155.,176.,3.5));
#1547 = CIRCLE('',#1548,21.);
#1548 = AXIS2_PLACEMENT_3D('',#1549,#1550,#1551);
#1549 = CARTESIAN_POINT('',(-155.,155.,3.5));
#1550 = DIRECTION('',(-0.,-0.,-1.));
#1551 = DIRECTION('',(0.,-1.,0.));
#1552 = ORIENTED_EDGE('',*,*,#1553,.T.);
#1553 = EDGE_CURVE('',#1545,#1554,#1556,.T.);
#1554 = VERTEX_POINT('',#1555);
#1555 = CARTESIAN_POINT('',(155.,176.,3.5));
#1556 = LINE('',#1557,#1558);
#1557 = CARTESIAN_POINT('',(-176.,176.,3.5));
#1558 = VECTOR('',#1559,1.);
#1559 = DIRECTION('',(1.,0.,-0.));
#1560 = ORIENTED_EDGE('',*,*,#1561,.F.);
#1561 = EDGE_CURVE('',#1562,#1554,#1564,.T.);
#1562 = VERTEX_POINT('',#1563);
#1563 = CARTESIAN_POINT('',(176.,155.,3.5));
#1564 = CIRCLE('',#1565,21.);
#1565 = AXIS2_PLACEMENT_3D('',#1566,#1567,#1568);
#1566 = CARTESIAN_POINT('',(155.,155.,3.5));
#1567 = DIRECTION('',(0.,0.,1.));
#1568 = DIRECTION('',(0.,-1.,0.));
#1569 = ORIENTED_EDGE('',*,*,#1570,.F.);
#1570 = EDGE_CURVE('',#1571,#1562,#1573,.T.);
#1571 = VERTEX_POINT('',#1572);
#1572 = CARTESIAN_POINT('',(176.,-155.,3.5));
#1573 = LINE('',#1574,#1575);
#1574 = CARTESIAN_POINT('',(176.,-176.,3.5));
#1575 = VECTOR('',#1576,1.);
#1576 = DIRECTION('',(-0.,1.,0.));
#1577 = ORIENTED_EDGE('',*,*,#1578,.T.);
#1578 = EDGE_CURVE('',#1571,#1579,#1581,.T.);
#1579 = VERTEX_POINT('',#1580);
#1580 = CARTESIAN_POINT('',(155.,-176.,3.5));
#1581 = CIRCLE('',#1582,21.);
#1582 = AXIS2_PLACEMENT_3D('',#1583,#1584,#1585);
#1583 = CARTESIAN_POINT('',(155.,-155.,3.5));
#1584 = DIRECTION('',(-0.,-0.,-1.));
#1585 = DIRECTION('',(0.,-1.,0.));
#1586 = ORIENTED_EDGE('',*,*,#1587,.F.);
#1587 = EDGE_CURVE('',#1528,#1579,#1588,.T.);
#1588 = LINE('',#1589,#1590);
#1589 = CARTESIAN_POINT('',(-176.,-176.,3.5));
#1590 = VECTOR('',#1591,1.);
#1591 = DIRECTION('',(1.,0.,-0.));
#1592 = PLANE('',#1593);
#1593 = AXIS2_PLACEMENT_3D('',#1594,#1595,#1596);
#1594 = CARTESIAN_POINT('',(-225.,-225.,3.5));
#1595 = DIRECTION('',(0.,0.,1.));
#1596 = DIRECTION('',(1.,0.,-0.));
#1597 = ADVANCED_FACE('',(#1598,#1608),#1678,.F.);
#1598 = FACE_BOUND('',#1599,.F.);
#1599 = EDGE_LOOP('',(#1600,#1601,#1602,#1603,#1604,#1605,#1606,#1607));
#1600 = ORIENTED_EDGE('',*,*,#1498,.F.);
#1601 = ORIENTED_EDGE('',*,*,#1336,.T.);
#1602 = ORIENTED_EDGE('',*,*,#1361,.F.);
#1603 = ORIENTED_EDGE('',*,*,#1385,.T.);
#1604 = ORIENTED_EDGE('',*,*,#1400,.T.);
#1605 = ORIENTED_EDGE('',*,*,#1434,.T.);
#1606 = ORIENTED_EDGE('',*,*,#1459,.T.);
#1607 = ORIENTED_EDGE('',*,*,#1483,.T.);
#1608 = FACE_BOUND('',#1609,.F.);
#1609 = EDGE_LOOP('',(#1610,#1621,#1629,#1638,#1646,#1655,#1663,#1672));
#1610 = ORIENTED_EDGE('',*,*,#1611,.F.);
#1611 = EDGE_CURVE('',#1612,#1614,#1616,.T.);
#1612 = VERTEX_POINT('',#1613);
#1613 = CARTESIAN_POINT('',(-217.,-207.,2.));
#1614 = VERTEX_POINT('',#1615);
#1615 = CARTESIAN_POINT('',(-207.,-217.,2.));
#1616 = CIRCLE('',#1617,10.);
#1617 = AXIS2_PLACEMENT_3D('',#1618,#1619,#1620);
#1618 = CARTESIAN_POINT('',(-207.,-207.,2.));
#1619 = DIRECTION('',(0.,0.,1.));
#1620 = DIRECTION('',(-1.,-0.,0.));
#1621 = ORIENTED_EDGE('',*,*,#1622,.T.);
#1622 = EDGE_CURVE('',#1612,#1623,#1625,.T.);
#1623 = VERTEX_POINT('',#1624);
#1624 = CARTESIAN_POINT('',(-217.,207.,2.));
#1625 = LINE('',#1626,#1627);
#1626 = CARTESIAN_POINT('',(-217.,-221.,2.));
#1627 = VECTOR('',#1628,1.);
#1628 = DIRECTION('',(-0.,1.,0.));
#1629 = ORIENTED_EDGE('',*,*,#1630,.F.);
#1630 = EDGE_CURVE('',#1631,#1623,#1633,.T.);
#1631 = VERTEX_POINT('',#1632);
#1632 = CARTESIAN_POINT('',(-207.,217.,2.));
#1633 = CIRCLE('',#1634,10.);
#1634 = AXIS2_PLACEMENT_3D('',#1635,#1636,#1637);
#1635 = CARTESIAN_POINT('',(-207.,207.,2.));
#1636 = DIRECTION('',(0.,0.,1.));
#1637 = DIRECTION('',(-1.,-0.,0.));
#1638 = ORIENTED_EDGE('',*,*,#1639,.F.);
#1639 = EDGE_CURVE('',#1640,#1631,#1642,.T.);
#1640 = VERTEX_POINT('',#1641);
#1641 = CARTESIAN_POINT('',(207.,217.,2.));
#1642 = LINE('',#1643,#1644);
#1643 = CARTESIAN_POINT('',(-221.,217.,2.));
#1644 = VECTOR('',#1645,1.);
#1645 = DIRECTION('',(-1.,-0.,0.));
#1646 = ORIENTED_EDGE('',*,*,#1647,.F.);
#1647 = EDGE_CURVE('',#1648,#1640,#1650,.T.);
#1648 = VERTEX_POINT('',#1649);
#1649 = CARTESIAN_POINT('',(217.,207.,2.));
#1650 = CIRCLE('',#1651,10.);
#1651 = AXIS2_PLACEMENT_3D('',#1652,#1653,#1654);
#1652 = CARTESIAN_POINT('',(207.,207.,2.));
#1653 = DIRECTION('',(0.,0.,1.));
#1654 = DIRECTION('',(1.,0.,-0.));
#1655 = ORIENTED_EDGE('',*,*,#1656,.F.);
#1656 = EDGE_CURVE('',#1657,#1648,#1659,.T.);
#1657 = VERTEX_POINT('',#1658);
#1658 = CARTESIAN_POINT('',(217.,-207.,2.));
#1659 = LINE('',#1660,#1661);
#1660 = CARTESIAN_POINT('',(217.,-221.,2.));
#1661 = VECTOR('',#1662,1.);
#1662 = DIRECTION('',(-0.,1.,0.));
#1663 = ORIENTED_EDGE('',*,*,#1664,.F.);
#1664 = EDGE_CURVE('',#1665,#1657,#1667,.T.);
#1665 = VERTEX_POINT('',#1666);
#1666 = CARTESIAN_POINT('',(207.,-217.,2.));
#1667 = CIRCLE('',#1668,10.);
#1668 = AXIS2_PLACEMENT_3D('',#1669,#1670,#1671);
#1669 = CARTESIAN_POINT('',(207.,-207.,2.));
#1670 = DIRECTION('',(0.,0.,1.));
#1671 = DIRECTION('',(1.,0.,-0.));
#1672 = ORIENTED_EDGE('',*,*,#1673,.T.);
#1673 = EDGE_CURVE('',#1665,#1614,#1674,.T.);
#1674 = LINE('',#1675,#1676);
#1675 = CARTESIAN_POINT('',(-221.,-217.,2.));
#1676 = VECTOR('',#1677,1.);
#1677 = DIRECTION('',(-1.,-0.,0.));
#1678 = PLANE('',#1679);
#1679 = AXIS2_PLACEMENT_3D('',#1680,#1681,#1682);
#1680 = CARTESIAN_POINT('',(-225.,-225.,2.));
#1681 = DIRECTION('',(0.,0.,1.));
#1682 = DIRECTION('',(1.,0.,-0.));
#1683 = ADVANCED_FACE('',(#1684),#1710,.T.);
#1684 = FACE_BOUND('',#1685,.T.);
#1685 = EDGE_LOOP('',(#1686,#1687,#1695,#1704));
#1686 = ORIENTED_EDGE('',*,*,#1525,.T.);
#1687 = ORIENTED_EDGE('',*,*,#1688,.T.);
#1688 = EDGE_CURVE('',#1528,#1689,#1691,.T.);
#1689 = VERTEX_POINT('',#1690);
#1690 = CARTESIAN_POINT('',(-155.,-176.,23.5));
#1691 = LINE('',#1692,#1693);
#1692 = CARTESIAN_POINT('',(-155.,-176.,3.5));
#1693 = VECTOR('',#1694,1.);
#1694 = DIRECTION('',(0.,0.,1.));
#1695 = ORIENTED_EDGE('',*,*,#1696,.F.);
#1696 = EDGE_CURVE('',#1697,#1689,#1699,.T.);
#1697 = VERTEX_POINT('',#1698);
#1698 = CARTESIAN_POINT('',(-176.,-155.,23.5));
#1699 = CIRCLE('',#1700,21.);
#1700 = AXIS2_PLACEMENT_3D('',#1701,#1702,#1703);
#1701 = CARTESIAN_POINT('',(-155.,-155.,23.5));
#1702 = DIRECTION('',(0.,0.,1.));
#1703 = DIRECTION('',(0.,-1.,0.));
#1704 = ORIENTED_EDGE('',*,*,#1705,.F.);
#1705 = EDGE_CURVE('',#1526,#1697,#1706,.T.);
#1706 = LINE('',#1707,#1708);
#1707 = CARTESIAN_POINT('',(-176.,-155.,3.5));
#1708 = VECTOR('',#1709,1.);
#1709 = DIRECTION('',(0.,0.,1.));
#1710 = CYLINDRICAL_SURFACE('',#1711,21.);
#1711 = AXIS2_PLACEMENT_3D('',#1712,#1713,#1714);
#1712 = CARTESIAN_POINT('',(-155.,-155.,3.5));
#1713 = DIRECTION('',(0.,0.,1.));
#1714 = DIRECTION('',(-1.,-0.,0.));
#1715 = ADVANCED_FACE('',(#1716),#1734,.F.);
#1716 = FACE_BOUND('',#1717,.F.);
#1717 = EDGE_LOOP('',(#1718,#1726,#1727,#1728));
#1718 = ORIENTED_EDGE('',*,*,#1719,.F.);
#1719 = EDGE_CURVE('',#1697,#1720,#1722,.T.);
#1720 = VERTEX_POINT('',#1721);
#1721 = CARTESIAN_POINT('',(-176.,155.,23.5));
#1722 = LINE('',#1723,#1724);
#1723 = CARTESIAN_POINT('',(-176.,-176.,23.5));
#1724 = VECTOR('',#1725,1.);
#1725 = DIRECTION('',(-0.,1.,0.));
#1726 = ORIENTED_EDGE('',*,*,#1705,.F.);
#1727 = ORIENTED_EDGE('',*,*,#1536,.T.);
#1728 = ORIENTED_EDGE('',*,*,#1729,.T.);
#1729 = EDGE_CURVE('',#1537,#1720,#1730,.T.);
#1730 = LINE('',#1731,#1732);
#1731 = CARTESIAN_POINT('',(-176.,155.,3.5));
#1732 = VECTOR('',#1733,1.);
#1733 = DIRECTION('',(0.,0.,1.));
#1734 = PLANE('',#1735);
#1735 = AXIS2_PLACEMENT_3D('',#1736,#1737,#1738);
#1736 = CARTESIAN_POINT('',(-176.,-176.,3.5));
#1737 = DIRECTION('',(1.,0.,-0.));
#1738 = DIRECTION('',(0.,0.,1.));
#1739 = ADVANCED_FACE('',(#1740),#1758,.F.);
#1740 = FACE_BOUND('',#1741,.F.);
#1741 = EDGE_LOOP('',(#1742,#1743,#1744,#1752));
#1742 = ORIENTED_EDGE('',*,*,#1587,.F.);
#1743 = ORIENTED_EDGE('',*,*,#1688,.T.);
#1744 = ORIENTED_EDGE('',*,*,#1745,.T.);
#1745 = EDGE_CURVE('',#1689,#1746,#1748,.T.);
#1746 = VERTEX_POINT('',#1747);
#1747 = CARTESIAN_POINT('',(155.,-176.,23.5));
#1748 = LINE('',#1749,#1750);
#1749 = CARTESIAN_POINT('',(-176.,-176.,23.5));
#1750 = VECTOR('',#1751,1.);
#1751 = DIRECTION('',(1.,0.,-0.));
#1752 = ORIENTED_EDGE('',*,*,#1753,.F.);
#1753 = EDGE_CURVE('',#1579,#1746,#1754,.T.);
#1754 = LINE('',#1755,#1756);
#1755 = CARTESIAN_POINT('',(155.,-176.,3.5));
#1756 = VECTOR('',#1757,1.);
#1757 = DIRECTION('',(0.,0.,1.));
#1758 = PLANE('',#1759);
#1759 = AXIS2_PLACEMENT_3D('',#1760,#1761,#1762);
#1760 = CARTESIAN_POINT('',(-176.,-176.,3.5));
#1761 = DIRECTION('',(-0.,1.,0.));
#1762 = DIRECTION('',(0.,0.,1.));
#1763 = ADVANCED_FACE('',(#1764),#1783,.T.);
#1764 = FACE_BOUND('',#1765,.F.);
#1765 = EDGE_LOOP('',(#1766,#1767,#1775,#1782));
#1766 = ORIENTED_EDGE('',*,*,#1544,.T.);
#1767 = ORIENTED_EDGE('',*,*,#1768,.T.);
#1768 = EDGE_CURVE('',#1545,#1769,#1771,.T.);
#1769 = VERTEX_POINT('',#1770);
#1770 = CARTESIAN_POINT('',(-155.,176.,23.5));
#1771 = LINE('',#1772,#1773);
#1772 = CARTESIAN_POINT('',(-155.,176.,3.5));
#1773 = VECTOR('',#1774,1.);
#1774 = DIRECTION('',(0.,0.,1.));
#1775 = ORIENTED_EDGE('',*,*,#1776,.F.);
#1776 = EDGE_CURVE('',#1720,#1769,#1777,.T.);
#1777 = CIRCLE('',#1778,21.);
#1778 = AXIS2_PLACEMENT_3D('',#1779,#1780,#1781);
#1779 = CARTESIAN_POINT('',(-155.,155.,23.5));
#1780 = DIRECTION('',(-0.,-0.,-1.));
#1781 = DIRECTION('',(0.,-1.,0.));
#1782 = ORIENTED_EDGE('',*,*,#1729,.F.);
#1783 = CYLINDRICAL_SURFACE('',#1784,21.);
#1784 = AXIS2_PLACEMENT_3D('',#1785,#1786,#1787);
#1785 = CARTESIAN_POINT('',(-155.,155.,3.5));
#1786 = DIRECTION('',(0.,0.,1.));
#1787 = DIRECTION('',(-1.,-0.,0.));
#1788 = ADVANCED_FACE('',(#1789),#1808,.T.);
#1789 = FACE_BOUND('',#1790,.F.);
#1790 = EDGE_LOOP('',(#1791,#1792,#1793,#1802));
#1791 = ORIENTED_EDGE('',*,*,#1578,.T.);
#1792 = ORIENTED_EDGE('',*,*,#1753,.T.);
#1793 = ORIENTED_EDGE('',*,*,#1794,.F.);
#1794 = EDGE_CURVE('',#1795,#1746,#1797,.T.);
#1795 = VERTEX_POINT('',#1796);
#1796 = CARTESIAN_POINT('',(176.,-155.,23.5));
#1797 = CIRCLE('',#1798,21.);
#1798 = AXIS2_PLACEMENT_3D('',#1799,#1800,#1801);
#1799 = CARTESIAN_POINT('',(155.,-155.,23.5));
#1800 = DIRECTION('',(-0.,-0.,-1.));
#1801 = DIRECTION('',(0.,-1.,0.));
#1802 = ORIENTED_EDGE('',*,*,#1803,.F.);
#1803 = EDGE_CURVE('',#1571,#1795,#1804,.T.);
#1804 = LINE('',#1805,#1806);
#1805 = CARTESIAN_POINT('',(176.,-155.,3.5));
#1806 = VECTOR('',#1807,1.);
#1807 = DIRECTION('',(0.,0.,1.));
#1808 = CYLINDRICAL_SURFACE('',#1809,21.);
#1809 = AXIS2_PLACEMENT_3D('',#1810,#1811,#1812);
#1810 = CARTESIAN_POINT('',(155.,-155.,3.5));
#1811 = DIRECTION('',(0.,0.,1.));
#1812 = DIRECTION('',(1.,0.,-0.));
#1813 = ADVANCED_FACE('',(#1814),#1832,.T.);
#1814 = FACE_BOUND('',#1815,.T.);
#1815 = EDGE_LOOP('',(#1816,#1817,#1818,#1826));
#1816 = ORIENTED_EDGE('',*,*,#1553,.F.);
#1817 = ORIENTED_EDGE('',*,*,#1768,.T.);
#1818 = ORIENTED_EDGE('',*,*,#1819,.T.);
#1819 = EDGE_CURVE('',#1769,#1820,#1822,.T.);
#1820 = VERTEX_POINT('',#1821);
#1821 = CARTESIAN_POINT('',(155.,176.,23.5));
#1822 = LINE('',#1823,#1824);
#1823 = CARTESIAN_POINT('',(-176.,176.,23.5));
#1824 = VECTOR('',#1825,1.);
#1825 = DIRECTION('',(1.,0.,-0.));
#1826 = ORIENTED_EDGE('',*,*,#1827,.F.);
#1827 = EDGE_CURVE('',#1554,#1820,#1828,.T.);
#1828 = LINE('',#1829,#1830);
#1829 = CARTESIAN_POINT('',(155.,176.,3.5));
#1830 = VECTOR('',#1831,1.);
#1831 = DIRECTION('',(0.,0.,1.));
#1832 = PLANE('',#1833);
#1833 = AXIS2_PLACEMENT_3D('',#1834,#1835,#1836);
#1834 = CARTESIAN_POINT('',(-176.,176.,3.5));
#1835 = DIRECTION('',(-0.,1.,0.));
#1836 = DIRECTION('',(0.,0.,1.));
#1837 = ADVANCED_FACE('',(#1838),#1856,.T.);
#1838 = FACE_BOUND('',#1839,.T.);
#1839 = EDGE_LOOP('',(#1840,#1848,#1849,#1850));
#1840 = ORIENTED_EDGE('',*,*,#1841,.F.);
#1841 = EDGE_CURVE('',#1795,#1842,#1844,.T.);
#1842 = VERTEX_POINT('',#1843);
#1843 = CARTESIAN_POINT('',(176.,155.,23.5));
#1844 = LINE('',#1845,#1846);
#1845 = CARTESIAN_POINT('',(176.,-176.,23.5));
#1846 = VECTOR('',#1847,1.);
#1847 = DIRECTION('',(-0.,1.,0.));
#1848 = ORIENTED_EDGE('',*,*,#1803,.F.);
#1849 = ORIENTED_EDGE('',*,*,#1570,.T.);
#1850 = ORIENTED_EDGE('',*,*,#1851,.T.);
#1851 = EDGE_CURVE('',#1562,#1842,#1852,.T.);
#1852 = LINE('',#1853,#1854);
#1853 = CARTESIAN_POINT('',(176.,155.,3.5));
#1854 = VECTOR('',#1855,1.);
#1855 = DIRECTION('',(0.,0.,1.));
#1856 = PLANE('',#1857);
#1857 = AXIS2_PLACEMENT_3D('',#1858,#1859,#1860);
#1858 = CARTESIAN_POINT('',(176.,-176.,3.5));
#1859 = DIRECTION('',(1.,0.,-0.));
#1860 = DIRECTION('',(0.,0.,1.));
#1861 = ADVANCED_FACE('',(#1862),#1874,.T.);
#1862 = FACE_BOUND('',#1863,.T.);
#1863 = EDGE_LOOP('',(#1864,#1865,#1866,#1873));
#1864 = ORIENTED_EDGE('',*,*,#1561,.T.);
#1865 = ORIENTED_EDGE('',*,*,#1827,.T.);
#1866 = ORIENTED_EDGE('',*,*,#1867,.F.);
#1867 = EDGE_CURVE('',#1842,#1820,#1868,.T.);
#1868 = CIRCLE('',#1869,21.);
#1869 = AXIS2_PLACEMENT_3D('',#1870,#1871,#1872);
#1870 = CARTESIAN_POINT('',(155.,155.,23.5));
#1871 = DIRECTION('',(0.,0.,1.));
#1872 = DIRECTION('',(0.,-1.,0.));
#1873 = ORIENTED_EDGE('',*,*,#1851,.F.);
#1874 = CYLINDRICAL_SURFACE('',#1875,21.);
#1875 = AXIS2_PLACEMENT_3D('',#1876,#1877,#1878);
#1876 = CARTESIAN_POINT('',(155.,155.,3.5));
#1877 = DIRECTION('',(0.,0.,1.));
#1878 = DIRECTION('',(1.,0.,-0.));
#1879 = ADVANCED_FACE('',(#1880),#1906,.T.);
#1880 = FACE_BOUND('',#1881,.T.);
#1881 = EDGE_LOOP('',(#1882,#1890,#1899,#1905));
#1882 = ORIENTED_EDGE('',*,*,#1883,.F.);
#1883 = EDGE_CURVE('',#1884,#1612,#1886,.T.);
#1884 = VERTEX_POINT('',#1885);
#1885 = CARTESIAN_POINT('',(-217.,-207.,0.));
#1886 = LINE('',#1887,#1888);
#1887 = CARTESIAN_POINT('',(-217.,-207.,0.));
#1888 = VECTOR('',#1889,1.);
#1889 = DIRECTION('',(0.,0.,1.));
#1890 = ORIENTED_EDGE('',*,*,#1891,.T.);
#1891 = EDGE_CURVE('',#1884,#1892,#1894,.T.);
#1892 = VERTEX_POINT('',#1893);
#1893 = CARTESIAN_POINT('',(-207.,-217.,0.));
#1894 = CIRCLE('',#1895,10.);
#1895 = AXIS2_PLACEMENT_3D('',#1896,#1897,#1898);
#1896 = CARTESIAN_POINT('',(-207.,-207.,0.));
#1897 = DIRECTION('',(0.,0.,1.));
#1898 = DIRECTION('',(0.,-1.,0.));
#1899 = ORIENTED_EDGE('',*,*,#1900,.T.);
#1900 = EDGE_CURVE('',#1892,#1614,#1901,.T.);
#1901 = LINE('',#1902,#1903);
#1902 = CARTESIAN_POINT('',(-207.,-217.,0.));
#1903 = VECTOR('',#1904,1.);
#1904 = DIRECTION('',(0.,0.,1.));
#1905 = ORIENTED_EDGE('',*,*,#1611,.F.);
#1906 = CYLINDRICAL_SURFACE('',#1907,10.);
#1907 = AXIS2_PLACEMENT_3D('',#1908,#1909,#1910);
#1908 = CARTESIAN_POINT('',(-207.,-207.,0.));
#1909 = DIRECTION('',(0.,0.,1.));
#1910 = DIRECTION('',(-1.,-0.,0.));
#1911 = ADVANCED_FACE('',(#1912),#1930,.F.);
#1912 = FACE_BOUND('',#1913,.F.);
#1913 = EDGE_LOOP('',(#1914,#1915,#1916,#1924));
#1914 = ORIENTED_EDGE('',*,*,#1622,.F.);
#1915 = ORIENTED_EDGE('',*,*,#1883,.F.);
#1916 = ORIENTED_EDGE('',*,*,#1917,.T.);
#1917 = EDGE_CURVE('',#1884,#1918,#1920,.T.);
#1918 = VERTEX_POINT('',#1919);
#1919 = CARTESIAN_POINT('',(-217.,207.,0.));
#1920 = LINE('',#1921,#1922);
#1921 = CARTESIAN_POINT('',(-217.,-217.,0.));
#1922 = VECTOR('',#1923,1.);
#1923 = DIRECTION('',(-0.,1.,0.));
#1924 = ORIENTED_EDGE('',*,*,#1925,.T.);
#1925 = EDGE_CURVE('',#1918,#1623,#1926,.T.);
#1926 = LINE('',#1927,#1928);
#1927 = CARTESIAN_POINT('',(-217.,207.,0.));
#1928 = VECTOR('',#1929,1.);
#1929 = DIRECTION('',(0.,0.,1.));
#1930 = PLANE('',#1931);
#1931 = AXIS2_PLACEMENT_3D('',#1932,#1933,#1934);
#1932 = CARTESIAN_POINT('',(-217.,-217.,0.));
#1933 = DIRECTION('',(1.,0.,-0.));
#1934 = DIRECTION('',(0.,0.,1.));
#1935 = ADVANCED_FACE('',(#1936),#1954,.F.);
#1936 = FACE_BOUND('',#1937,.F.);
#1937 = EDGE_LOOP('',(#1938,#1946,#1947,#1948));
#1938 = ORIENTED_EDGE('',*,*,#1939,.F.);
#1939 = EDGE_CURVE('',#1892,#1940,#1942,.T.);
#1940 = VERTEX_POINT('',#1941);
#1941 = CARTESIAN_POINT('',(207.,-217.,0.));
#1942 = LINE('',#1943,#1944);
#1943 = CARTESIAN_POINT('',(-217.,-217.,0.));
#1944 = VECTOR('',#1945,1.);
#1945 = DIRECTION('',(1.,0.,-0.));
#1946 = ORIENTED_EDGE('',*,*,#1900,.T.);
#1947 = ORIENTED_EDGE('',*,*,#1673,.F.);
#1948 = ORIENTED_EDGE('',*,*,#1949,.F.);
#1949 = EDGE_CURVE('',#1940,#1665,#1950,.T.);
#1950 = LINE('',#1951,#1952);
#1951 = CARTESIAN_POINT('',(207.,-217.,0.));
#1952 = VECTOR('',#1953,1.);
#1953 = DIRECTION('',(0.,0.,1.));
#1954 = PLANE('',#1955);
#1955 = AXIS2_PLACEMENT_3D('',#1956,#1957,#1958);
#1956 = CARTESIAN_POINT('',(-217.,-217.,0.));
#1957 = DIRECTION('',(-0.,1.,0.));
#1958 = DIRECTION('',(0.,0.,1.));
#1959 = ADVANCED_FACE('',(#1960),#1979,.T.);
#1960 = FACE_BOUND('',#1961,.F.);
#1961 = EDGE_LOOP('',(#1962,#1963,#1972,#1978));
#1962 = ORIENTED_EDGE('',*,*,#1925,.F.);
#1963 = ORIENTED_EDGE('',*,*,#1964,.T.);
#1964 = EDGE_CURVE('',#1918,#1965,#1967,.T.);
#1965 = VERTEX_POINT('',#1966);
#1966 = CARTESIAN_POINT('',(-207.,217.,0.));
#1967 = CIRCLE('',#1968,10.);
#1968 = AXIS2_PLACEMENT_3D('',#1969,#1970,#1971);
#1969 = CARTESIAN_POINT('',(-207.,207.,0.));
#1970 = DIRECTION('',(-0.,-0.,-1.));
#1971 = DIRECTION('',(0.,-1.,0.));
#1972 = ORIENTED_EDGE('',*,*,#1973,.T.);
#1973 = EDGE_CURVE('',#1965,#1631,#1974,.T.);
#1974 = LINE('',#1975,#1976);
#1975 = CARTESIAN_POINT('',(-207.,217.,0.));
#1976 = VECTOR('',#1977,1.);
#1977 = DIRECTION('',(0.,0.,1.));
#1978 = ORIENTED_EDGE('',*,*,#1630,.T.);
#1979 = CYLINDRICAL_SURFACE('',#1980,10.);
#1980 = AXIS2_PLACEMENT_3D('',#1981,#1982,#1983);
#1981 = CARTESIAN_POINT('',(-207.,207.,0.));
#1982 = DIRECTION('',(0.,0.,1.));
#1983 = DIRECTION('',(-1.,-0.,0.));
#1984 = ADVANCED_FACE('',(#1985),#2004,.T.);
#1985 = FACE_BOUND('',#1986,.F.);
#1986 = EDGE_LOOP('',(#1987,#1995,#2002,#2003));
#1987 = ORIENTED_EDGE('',*,*,#1988,.F.);
#1988 = EDGE_CURVE('',#1989,#1657,#1991,.T.);
#1989 = VERTEX_POINT('',#1990);
#1990 = CARTESIAN_POINT('',(217.,-207.,0.));
#1991 = LINE('',#1992,#1993);
#1992 = CARTESIAN_POINT('',(217.,-207.,0.));
#1993 = VECTOR('',#1994,1.);
#1994 = DIRECTION('',(0.,0.,1.));
#1995 = ORIENTED_EDGE('',*,*,#1996,.T.);
#1996 = EDGE_CURVE('',#1989,#1940,#1997,.T.);
#1997 = CIRCLE('',#1998,10.);
#1998 = AXIS2_PLACEMENT_3D('',#1999,#2000,#2001);
#1999 = CARTESIAN_POINT('',(207.,-207.,0.));
#2000 = DIRECTION('',(-0.,-0.,-1.));
#2001 = DIRECTION('',(0.,-1.,0.));
#2002 = ORIENTED_EDGE('',*,*,#1949,.T.);
#2003 = ORIENTED_EDGE('',*,*,#1664,.T.);
#2004 = CYLINDRICAL_SURFACE('',#2005,10.);
#2005 = AXIS2_PLACEMENT_3D('',#2006,#2007,#2008);
#2006 = CARTESIAN_POINT('',(207.,-207.,0.));
#2007 = DIRECTION('',(0.,0.,1.));
#2008 = DIRECTION('',(1.,0.,-0.));
#2009 = ADVANCED_FACE('',(#2010),#2028,.T.);
#2010 = FACE_BOUND('',#2011,.T.);
#2011 = EDGE_LOOP('',(#2012,#2020,#2021,#2022));
#2012 = ORIENTED_EDGE('',*,*,#2013,.F.);
#2013 = EDGE_CURVE('',#1965,#2014,#2016,.T.);
#2014 = VERTEX_POINT('',#2015);
#2015 = CARTESIAN_POINT('',(207.,217.,0.));
#2016 = LINE('',#2017,#2018);
#2017 = CARTESIAN_POINT('',(-217.,217.,0.));
#2018 = VECTOR('',#2019,1.);
#2019 = DIRECTION('',(1.,0.,-0.));
#2020 = ORIENTED_EDGE('',*,*,#1973,.T.);
#2021 = ORIENTED_EDGE('',*,*,#1639,.F.);
#2022 = ORIENTED_EDGE('',*,*,#2023,.F.);
#2023 = EDGE_CURVE('',#2014,#1640,#2024,.T.);
#2024 = LINE('',#2025,#2026);
#2025 = CARTESIAN_POINT('',(207.,217.,0.));
#2026 = VECTOR('',#2027,1.);
#2027 = DIRECTION('',(0.,0.,1.));
#2028 = PLANE('',#2029);
#2029 = AXIS2_PLACEMENT_3D('',#2030,#2031,#2032);
#2030 = CARTESIAN_POINT('',(-217.,217.,0.));
#2031 = DIRECTION('',(-0.,1.,0.));
#2032 = DIRECTION('',(0.,0.,1.));
#2033 = ADVANCED_FACE('',(#2034),#2052,.T.);
#2034 = FACE_BOUND('',#2035,.T.);
#2035 = EDGE_LOOP('',(#2036,#2037,#2038,#2046));
#2036 = ORIENTED_EDGE('',*,*,#1656,.F.);
#2037 = ORIENTED_EDGE('',*,*,#1988,.F.);
#2038 = ORIENTED_EDGE('',*,*,#2039,.T.);
#2039 = EDGE_CURVE('',#1989,#2040,#2042,.T.);
#2040 = VERTEX_POINT('',#2041);
#2041 = CARTESIAN_POINT('',(217.,207.,0.));
#2042 = LINE('',#2043,#2044);
#2043 = CARTESIAN_POINT('',(217.,-217.,0.));
#2044 = VECTOR('',#2045,1.);
#2045 = DIRECTION('',(-0.,1.,0.));
#2046 = ORIENTED_EDGE('',*,*,#2047,.T.);
#2047 = EDGE_CURVE('',#2040,#1648,#2048,.T.);
#2048 = LINE('',#2049,#2050);
#2049 = CARTESIAN_POINT('',(217.,207.,0.));
#2050 = VECTOR('',#2051,1.);
#2051 = DIRECTION('',(0.,0.,1.));
#2052 = PLANE('',#2053);
#2053 = AXIS2_PLACEMENT_3D('',#2054,#2055,#2056);
#2054 = CARTESIAN_POINT('',(217.,-217.,0.));
#2055 = DIRECTION('',(1.,0.,-0.));
#2056 = DIRECTION('',(0.,0.,1.));
#2057 = ADVANCED_FACE('',(#2058),#2070,.T.);
#2058 = FACE_BOUND('',#2059,.T.);
#2059 = EDGE_LOOP('',(#2060,#2061,#2068,#2069));
#2060 = ORIENTED_EDGE('',*,*,#2047,.F.);
#2061 = ORIENTED_EDGE('',*,*,#2062,.T.);
#2062 = EDGE_CURVE('',#2040,#2014,#2063,.T.);
#2063 = CIRCLE('',#2064,10.);
#2064 = AXIS2_PLACEMENT_3D('',#2065,#2066,#2067);
#2065 = CARTESIAN_POINT('',(207.,207.,0.));
#2066 = DIRECTION('',(0.,0.,1.));
#2067 = DIRECTION('',(0.,-1.,0.));
#2068 = ORIENTED_EDGE('',*,*,#2023,.T.);
#2069 = ORIENTED_EDGE('',*,*,#1647,.F.);
#2070 = CYLINDRICAL_SURFACE('',#2071,10.);
#2071 = AXIS2_PLACEMENT_3D('',#2072,#2073,#2074);
#2072 = CARTESIAN_POINT('',(207.,207.,0.));
#2073 = DIRECTION('',(0.,0.,1.));
#2074 = DIRECTION('',(1.,0.,-0.));
#2075 = ADVANCED_FACE('',(#2076,#2086),#2220,.T.);
#2076 = FACE_BOUND('',#2077,.T.);
#2077 = EDGE_LOOP('',(#2078,#2079,#2080,#2081,#2082,#2083,#2084,#2085));
#2078 = ORIENTED_EDGE('',*,*,#1719,.F.);
#2079 = ORIENTED_EDGE('',*,*,#1696,.T.);
#2080 = ORIENTED_EDGE('',*,*,#1745,.T.);
#2081 = ORIENTED_EDGE('',*,*,#1794,.F.);
#2082 = ORIENTED_EDGE('',*,*,#1841,.T.);
#2083 = ORIENTED_EDGE('',*,*,#1867,.T.);
#2084 = ORIENTED_EDGE('',*,*,#1819,.F.);
#2085 = ORIENTED_EDGE('',*,*,#1776,.F.);
#2086 = FACE_BOUND('',#2087,.T.);
#2087 = EDGE_LOOP('',(#2088,#2099,#2107,#2115,#2123,#2132,#2140,#2148,
    #2156,#2165,#2173,#2181,#2189,#2198,#2206,#2214));
#2088 = ORIENTED_EDGE('',*,*,#2089,.F.);
#2089 = EDGE_CURVE('',#2090,#2092,#2094,.T.);
#2090 = VERTEX_POINT('',#2091);
#2091 = CARTESIAN_POINT('',(-173.,-153.,23.5));
#2092 = VERTEX_POINT('',#2093);
#2093 = CARTESIAN_POINT('',(-153.,-173.,23.5));
#2094 = CIRCLE('',#2095,20.);
#2095 = AXIS2_PLACEMENT_3D('',#2096,#2097,#2098);
#2096 = CARTESIAN_POINT('',(-153.,-153.,23.5));
#2097 = DIRECTION('',(0.,0.,1.));
#2098 = DIRECTION('',(-1.,-0.,0.));
#2099 = ORIENTED_EDGE('',*,*,#2100,.T.);
#2100 = EDGE_CURVE('',#2090,#2101,#2103,.T.);
#2101 = VERTEX_POINT('',#2102);
#2102 = CARTESIAN_POINT('',(-173.,-148.,23.5));
#2103 = LINE('',#2104,#2105);
#2104 = CARTESIAN_POINT('',(-173.,-174.5,23.5));
#2105 = VECTOR('',#2106,1.);
#2106 = DIRECTION('',(-0.,1.,0.));
#2107 = ORIENTED_EDGE('',*,*,#2108,.T.);
#2108 = EDGE_CURVE('',#2101,#2109,#2111,.T.);
#2109 = VERTEX_POINT('',#2110);
#2110 = CARTESIAN_POINT('',(-173.,148.,23.5));
#2111 = LINE('',#2112,#2113);
#2112 = CARTESIAN_POINT('',(-173.,-174.5,23.5));
#2113 = VECTOR('',#2114,1.);
#2114 = DIRECTION('',(-0.,1.,0.));
#2115 = ORIENTED_EDGE('',*,*,#2116,.T.);
#2116 = EDGE_CURVE('',#2109,#2117,#2119,.T.);
#2117 = VERTEX_POINT('',#2118);
#2118 = CARTESIAN_POINT('',(-173.,153.,23.5));
#2119 = LINE('',#2120,#2121);
#2120 = CARTESIAN_POINT('',(-173.,-174.5,23.5));
#2121 = VECTOR('',#2122,1.);
#2122 = DIRECTION('',(-0.,1.,0.));
#2123 = ORIENTED_EDGE('',*,*,#2124,.F.);
#2124 = EDGE_CURVE('',#2125,#2117,#2127,.T.);
#2125 = VERTEX_POINT('',#2126);
#2126 = CARTESIAN_POINT('',(-153.,173.,23.5));
#2127 = CIRCLE('',#2128,20.);
#2128 = AXIS2_PLACEMENT_3D('',#2129,#2130,#2131);
#2129 = CARTESIAN_POINT('',(-153.,153.,23.5));
#2130 = DIRECTION('',(0.,0.,1.));
#2131 = DIRECTION('',(-1.,-0.,0.));
#2132 = ORIENTED_EDGE('',*,*,#2133,.F.);
#2133 = EDGE_CURVE('',#2134,#2125,#2136,.T.);
#2134 = VERTEX_POINT('',#2135);
#2135 = CARTESIAN_POINT('',(-148.,173.,23.5));
#2136 = LINE('',#2137,#2138);
#2137 = CARTESIAN_POINT('',(-174.5,173.,23.5));
#2138 = VECTOR('',#2139,1.);
#2139 = DIRECTION('',(-1.,-0.,0.));
#2140 = ORIENTED_EDGE('',*,*,#2141,.F.);
#2141 = EDGE_CURVE('',#2142,#2134,#2144,.T.);
#2142 = VERTEX_POINT('',#2143);
#2143 = CARTESIAN_POINT('',(148.,173.,23.5));
#2144 = LINE('',#2145,#2146);
#2145 = CARTESIAN_POINT('',(-174.5,173.,23.5));
#2146 = VECTOR('',#2147,1.);
#2147 = DIRECTION('',(-1.,-0.,0.));
#2148 = ORIENTED_EDGE('',*,*,#2149,.F.);
#2149 = EDGE_CURVE('',#2150,#2142,#2152,.T.);
#2150 = VERTEX_POINT('',#2151);
#2151 = CARTESIAN_POINT('',(153.,173.,23.5));
#2152 = LINE('',#2153,#2154);
#2153 = CARTESIAN_POINT('',(-174.5,173.,23.5));
#2154 = VECTOR('',#2155,1.);
#2155 = DIRECTION('',(-1.,-0.,0.));
#2156 = ORIENTED_EDGE('',*,*,#2157,.F.);
#2157 = EDGE_CURVE('',#2158,#2150,#2160,.T.);
#2158 = VERTEX_POINT('',#2159);
#2159 = CARTESIAN_POINT('',(173.,153.,23.5));
#2160 = CIRCLE('',#2161,20.);
#2161 = AXIS2_PLACEMENT_3D('',#2162,#2163,#2164);
#2162 = CARTESIAN_POINT('',(153.,153.,23.5));
#2163 = DIRECTION('',(0.,0.,1.));
#2164 = DIRECTION('',(1.,0.,-0.));
#2165 = ORIENTED_EDGE('',*,*,#2166,.F.);
#2166 = EDGE_CURVE('',#2167,#2158,#2169,.T.);
#2167 = VERTEX_POINT('',#2168);
#2168 = CARTESIAN_POINT('',(173.,148.,23.5));
#2169 = LINE('',#2170,#2171);
#2170 = CARTESIAN_POINT('',(173.,-174.5,23.5));
#2171 = VECTOR('',#2172,1.);
#2172 = DIRECTION('',(-0.,1.,0.));
#2173 = ORIENTED_EDGE('',*,*,#2174,.F.);
#2174 = EDGE_CURVE('',#2175,#2167,#2177,.T.);
#2175 = VERTEX_POINT('',#2176);
#2176 = CARTESIAN_POINT('',(173.,-148.,23.5));
#2177 = LINE('',#2178,#2179);
#2178 = CARTESIAN_POINT('',(173.,-174.5,23.5));
#2179 = VECTOR('',#2180,1.);
#2180 = DIRECTION('',(-0.,1.,0.));
#2181 = ORIENTED_EDGE('',*,*,#2182,.F.);
#2182 = EDGE_CURVE('',#2183,#2175,#2185,.T.);
#2183 = VERTEX_POINT('',#2184);
#2184 = CARTESIAN_POINT('',(173.,-153.,23.5));
#2185 = LINE('',#2186,#2187);
#2186 = CARTESIAN_POINT('',(173.,-174.5,23.5));
#2187 = VECTOR('',#2188,1.);
#2188 = DIRECTION('',(-0.,1.,0.));
#2189 = ORIENTED_EDGE('',*,*,#2190,.F.);
#2190 = EDGE_CURVE('',#2191,#2183,#2193,.T.);
#2191 = VERTEX_POINT('',#2192);
#2192 = CARTESIAN_POINT('',(153.,-173.,23.5));
#2193 = CIRCLE('',#2194,20.);
#2194 = AXIS2_PLACEMENT_3D('',#2195,#2196,#2197);
#2195 = CARTESIAN_POINT('',(153.,-153.,23.5));
#2196 = DIRECTION('',(0.,0.,1.));
#2197 = DIRECTION('',(1.,0.,-0.));
#2198 = ORIENTED_EDGE('',*,*,#2199,.T.);
#2199 = EDGE_CURVE('',#2191,#2200,#2202,.T.);
#2200 = VERTEX_POINT('',#2201);
#2201 = CARTESIAN_POINT('',(148.,-173.,23.5));
#2202 = LINE('',#2203,#2204);
#2203 = CARTESIAN_POINT('',(-174.5,-173.,23.5));
#2204 = VECTOR('',#2205,1.);
#2205 = DIRECTION('',(-1.,-0.,0.));
#2206 = ORIENTED_EDGE('',*,*,#2207,.T.);
#2207 = EDGE_CURVE('',#2200,#2208,#2210,.T.);
#2208 = VERTEX_POINT('',#2209);
#2209 = CARTESIAN_POINT('',(-148.,-173.,23.5));
#2210 = LINE('',#2211,#2212);
#2211 = CARTESIAN_POINT('',(-174.5,-173.,23.5));
#2212 = VECTOR('',#2213,1.);
#2213 = DIRECTION('',(-1.,-0.,0.));
#2214 = ORIENTED_EDGE('',*,*,#2215,.T.);
#2215 = EDGE_CURVE('',#2208,#2092,#2216,.T.);
#2216 = LINE('',#2217,#2218);
#2217 = CARTESIAN_POINT('',(-174.5,-173.,23.5));
#2218 = VECTOR('',#2219,1.);
#2219 = DIRECTION('',(-1.,-0.,0.));
#2220 = PLANE('',#2221);
#2221 = AXIS2_PLACEMENT_3D('',#2222,#2223,#2224);
#2222 = CARTESIAN_POINT('',(-176.,-176.,23.5));
#2223 = DIRECTION('',(0.,0.,1.));
#2224 = DIRECTION('',(1.,0.,-0.));
#2225 = ADVANCED_FACE('',(#2226,#2236),#2306,.F.);
#2226 = FACE_BOUND('',#2227,.F.);
#2227 = EDGE_LOOP('',(#2228,#2229,#2230,#2231,#2232,#2233,#2234,#2235));
#2228 = ORIENTED_EDGE('',*,*,#1917,.F.);
#2229 = ORIENTED_EDGE('',*,*,#1891,.T.);
#2230 = ORIENTED_EDGE('',*,*,#1939,.T.);
#2231 = ORIENTED_EDGE('',*,*,#1996,.F.);
#2232 = ORIENTED_EDGE('',*,*,#2039,.T.);
#2233 = ORIENTED_EDGE('',*,*,#2062,.T.);
#2234 = ORIENTED_EDGE('',*,*,#2013,.F.);
#2235 = ORIENTED_EDGE('',*,*,#1964,.F.);
#2236 = FACE_BOUND('',#2237,.F.);
#2237 = EDGE_LOOP('',(#2238,#2249,#2257,#2266,#2274,#2283,#2291,#2300));
#2238 = ORIENTED_EDGE('',*,*,#2239,.F.);
#2239 = EDGE_CURVE('',#2240,#2242,#2244,.T.);
#2240 = VERTEX_POINT('',#2241);
#2241 = CARTESIAN_POINT('',(-215.,-207.,0.));
#2242 = VERTEX_POINT('',#2243);
#2243 = CARTESIAN_POINT('',(-207.,-215.,0.));
#2244 = CIRCLE('',#2245,8.);
#2245 = AXIS2_PLACEMENT_3D('',#2246,#2247,#2248);
#2246 = CARTESIAN_POINT('',(-207.,-207.,0.));
#2247 = DIRECTION('',(0.,0.,1.));
#2248 = DIRECTION('',(-1.,-0.,0.));
#2249 = ORIENTED_EDGE('',*,*,#2250,.T.);
#2250 = EDGE_CURVE('',#2240,#2251,#2253,.T.);
#2251 = VERTEX_POINT('',#2252);
#2252 = CARTESIAN_POINT('',(-215.,207.,0.));
#2253 = LINE('',#2254,#2255);
#2254 = CARTESIAN_POINT('',(-215.,-216.,0.));
#2255 = VECTOR('',#2256,1.);
#2256 = DIRECTION('',(-0.,1.,0.));
#2257 = ORIENTED_EDGE('',*,*,#2258,.F.);
#2258 = EDGE_CURVE('',#2259,#2251,#2261,.T.);
#2259 = VERTEX_POINT('',#2260);
#2260 = CARTESIAN_POINT('',(-207.,215.,0.));
#2261 = CIRCLE('',#2262,8.);
#2262 = AXIS2_PLACEMENT_3D('',#2263,#2264,#2265);
#2263 = CARTESIAN_POINT('',(-207.,207.,0.));
#2264 = DIRECTION('',(0.,0.,1.));
#2265 = DIRECTION('',(-1.,-0.,0.));
#2266 = ORIENTED_EDGE('',*,*,#2267,.F.);
#2267 = EDGE_CURVE('',#2268,#2259,#2270,.T.);
#2268 = VERTEX_POINT('',#2269);
#2269 = CARTESIAN_POINT('',(207.,215.,0.));
#2270 = LINE('',#2271,#2272);
#2271 = CARTESIAN_POINT('',(-216.,215.,0.));
#2272 = VECTOR('',#2273,1.);
#2273 = DIRECTION('',(-1.,-0.,0.));
#2274 = ORIENTED_EDGE('',*,*,#2275,.F.);
#2275 = EDGE_CURVE('',#2276,#2268,#2278,.T.);
#2276 = VERTEX_POINT('',#2277);
#2277 = CARTESIAN_POINT('',(215.,207.,0.));
#2278 = CIRCLE('',#2279,8.);
#2279 = AXIS2_PLACEMENT_3D('',#2280,#2281,#2282);
#2280 = CARTESIAN_POINT('',(207.,207.,0.));
#2281 = DIRECTION('',(0.,0.,1.));
#2282 = DIRECTION('',(1.,0.,-0.));
#2283 = ORIENTED_EDGE('',*,*,#2284,.F.);
#2284 = EDGE_CURVE('',#2285,#2276,#2287,.T.);
#2285 = VERTEX_POINT('',#2286);
#2286 = CARTESIAN_POINT('',(215.,-207.,0.));
#2287 = LINE('',#2288,#2289);
#2288 = CARTESIAN_POINT('',(215.,-216.,0.));
#2289 = VECTOR('',#2290,1.);
#2290 = DIRECTION('',(-0.,1.,0.));
#2291 = ORIENTED_EDGE('',*,*,#2292,.F.);
#2292 = EDGE_CURVE('',#2293,#2285,#2295,.T.);
#2293 = VERTEX_POINT('',#2294);
#2294 = CARTESIAN_POINT('',(207.,-215.,0.));
#2295 = CIRCLE('',#2296,8.);
#2296 = AXIS2_PLACEMENT_3D('',#2297,#2298,#2299);
#2297 = CARTESIAN_POINT('',(207.,-207.,0.));
#2298 = DIRECTION('',(0.,0.,1.));
#2299 = DIRECTION('',(1.,0.,-0.));
#2300 = ORIENTED_EDGE('',*,*,#2301,.T.);
#2301 = EDGE_CURVE('',#2293,#2242,#2302,.T.);
#2302 = LINE('',#2303,#2304);
#2303 = CARTESIAN_POINT('',(-216.,-215.,0.));
#2304 = VECTOR('',#2305,1.);
#2305 = DIRECTION('',(-1.,-0.,0.));
#2306 = PLANE('',#2307);
#2307 = AXIS2_PLACEMENT_3D('',#2308,#2309,#2310);
#2308 = CARTESIAN_POINT('',(-217.,-217.,0.));
#2309 = DIRECTION('',(0.,0.,1.));
#2310 = DIRECTION('',(1.,0.,-0.));
#2311 = ADVANCED_FACE('',(#2312),#2338,.F.);
#2312 = FACE_BOUND('',#2313,.F.);
#2313 = EDGE_LOOP('',(#2314,#2322,#2331,#2337));
#2314 = ORIENTED_EDGE('',*,*,#2315,.F.);
#2315 = EDGE_CURVE('',#2316,#2090,#2318,.T.);
#2316 = VERTEX_POINT('',#2317);
#2317 = CARTESIAN_POINT('',(-173.,-153.,3.5));
#2318 = LINE('',#2319,#2320);
#2319 = CARTESIAN_POINT('',(-173.,-153.,2.5));
#2320 = VECTOR('',#2321,1.);
#2321 = DIRECTION('',(0.,0.,1.));
#2322 = ORIENTED_EDGE('',*,*,#2323,.T.);
#2323 = EDGE_CURVE('',#2316,#2324,#2326,.T.);
#2324 = VERTEX_POINT('',#2325);
#2325 = CARTESIAN_POINT('',(-153.,-173.,3.5));
#2326 = CIRCLE('',#2327,20.);
#2327 = AXIS2_PLACEMENT_3D('',#2328,#2329,#2330);
#2328 = CARTESIAN_POINT('',(-153.,-153.,3.5));
#2329 = DIRECTION('',(0.,0.,1.));
#2330 = DIRECTION('',(-1.,-0.,0.));
#2331 = ORIENTED_EDGE('',*,*,#2332,.T.);
#2332 = EDGE_CURVE('',#2324,#2092,#2333,.T.);
#2333 = LINE('',#2334,#2335);
#2334 = CARTESIAN_POINT('',(-153.,-173.,2.5));
#2335 = VECTOR('',#2336,1.);
#2336 = DIRECTION('',(0.,0.,1.));
#2337 = ORIENTED_EDGE('',*,*,#2089,.F.);
#2338 = CYLINDRICAL_SURFACE('',#2339,20.);
#2339 = AXIS2_PLACEMENT_3D('',#2340,#2341,#2342);
#2340 = CARTESIAN_POINT('',(-153.,-153.,2.5));
#2341 = DIRECTION('',(0.,0.,1.));
#2342 = DIRECTION('',(-1.,-0.,0.));
#2343 = ADVANCED_FACE('',(#2344),#2369,.T.);
#2344 = FACE_BOUND('',#2345,.T.);
#2345 = EDGE_LOOP('',(#2346,#2354,#2362,#2368));
#2346 = ORIENTED_EDGE('',*,*,#2347,.F.);
#2347 = EDGE_CURVE('',#2348,#2191,#2350,.T.);
#2348 = VERTEX_POINT('',#2349);
#2349 = CARTESIAN_POINT('',(153.,-173.,3.5));
#2350 = LINE('',#2351,#2352);
#2351 = CARTESIAN_POINT('',(153.,-173.,2.5));
#2352 = VECTOR('',#2353,1.);
#2353 = DIRECTION('',(0.,0.,1.));
#2354 = ORIENTED_EDGE('',*,*,#2355,.T.);
#2355 = EDGE_CURVE('',#2348,#2356,#2358,.T.);
#2356 = VERTEX_POINT('',#2357);
#2357 = CARTESIAN_POINT('',(148.,-173.,3.5));
#2358 = LINE('',#2359,#2360);
#2359 = CARTESIAN_POINT('',(-174.5,-173.,3.5));
#2360 = VECTOR('',#2361,1.);
#2361 = DIRECTION('',(-1.,-0.,0.));
#2362 = ORIENTED_EDGE('',*,*,#2363,.T.);
#2363 = EDGE_CURVE('',#2356,#2200,#2364,.T.);
#2364 = LINE('',#2365,#2366);
#2365 = CARTESIAN_POINT('',(148.,-173.,-24.));
#2366 = VECTOR('',#2367,1.);
#2367 = DIRECTION('',(0.,0.,1.));
#2368 = ORIENTED_EDGE('',*,*,#2199,.F.);
#2369 = PLANE('',#2370);
#2370 = AXIS2_PLACEMENT_3D('',#2371,#2372,#2373);
#2371 = CARTESIAN_POINT('',(-173.,-173.,2.5));
#2372 = DIRECTION('',(-0.,1.,0.));
#2373 = DIRECTION('',(0.,0.,1.));
#2374 = ADVANCED_FACE('',(#2375),#2393,.T.);
#2375 = FACE_BOUND('',#2376,.T.);
#2376 = EDGE_LOOP('',(#2377,#2378,#2386,#2392));
#2377 = ORIENTED_EDGE('',*,*,#2363,.F.);
#2378 = ORIENTED_EDGE('',*,*,#2379,.T.);
#2379 = EDGE_CURVE('',#2356,#2380,#2382,.T.);
#2380 = VERTEX_POINT('',#2381);
#2381 = CARTESIAN_POINT('',(-148.,-173.,3.5));
#2382 = LINE('',#2383,#2384);
#2383 = CARTESIAN_POINT('',(-174.5,-173.,3.5));
#2384 = VECTOR('',#2385,1.);
#2385 = DIRECTION('',(-1.,-0.,0.));
#2386 = ORIENTED_EDGE('',*,*,#2387,.T.);
#2387 = EDGE_CURVE('',#2380,#2208,#2388,.T.);
#2388 = LINE('',#2389,#2390);
#2389 = CARTESIAN_POINT('',(-148.,-173.,-24.));
#2390 = VECTOR('',#2391,1.);
#2391 = DIRECTION('',(0.,0.,1.));
#2392 = ORIENTED_EDGE('',*,*,#2207,.F.);
#2393 = PLANE('',#2394);
#2394 = AXIS2_PLACEMENT_3D('',#2395,#2396,#2397);
#2395 = CARTESIAN_POINT('',(-173.,-173.,2.5));
#2396 = DIRECTION('',(-0.,1.,0.));
#2397 = DIRECTION('',(0.,0.,1.));
#2398 = ADVANCED_FACE('',(#2399),#2410,.T.);
#2399 = FACE_BOUND('',#2400,.T.);
#2400 = EDGE_LOOP('',(#2401,#2402,#2408,#2409));
#2401 = ORIENTED_EDGE('',*,*,#2387,.F.);
#2402 = ORIENTED_EDGE('',*,*,#2403,.T.);
#2403 = EDGE_CURVE('',#2380,#2324,#2404,.T.);
#2404 = LINE('',#2405,#2406);
#2405 = CARTESIAN_POINT('',(-174.5,-173.,3.5));
#2406 = VECTOR('',#2407,1.);
#2407 = DIRECTION('',(-1.,-0.,0.));
#2408 = ORIENTED_EDGE('',*,*,#2332,.T.);
#2409 = ORIENTED_EDGE('',*,*,#2215,.F.);
#2410 = PLANE('',#2411);
#2411 = AXIS2_PLACEMENT_3D('',#2412,#2413,#2414);
#2412 = CARTESIAN_POINT('',(-173.,-173.,2.5));
#2413 = DIRECTION('',(-0.,1.,0.));
#2414 = DIRECTION('',(0.,0.,1.));
#2415 = ADVANCED_FACE('',(#2416),#2435,.F.);
#2416 = FACE_BOUND('',#2417,.T.);
#2417 = EDGE_LOOP('',(#2418,#2426,#2433,#2434));
#2418 = ORIENTED_EDGE('',*,*,#2419,.F.);
#2419 = EDGE_CURVE('',#2420,#2183,#2422,.T.);
#2420 = VERTEX_POINT('',#2421);
#2421 = CARTESIAN_POINT('',(173.,-153.,3.5));
#2422 = LINE('',#2423,#2424);
#2423 = CARTESIAN_POINT('',(173.,-153.,2.5));
#2424 = VECTOR('',#2425,1.);
#2425 = DIRECTION('',(0.,0.,1.));
#2426 = ORIENTED_EDGE('',*,*,#2427,.F.);
#2427 = EDGE_CURVE('',#2348,#2420,#2428,.T.);
#2428 = CIRCLE('',#2429,20.);
#2429 = AXIS2_PLACEMENT_3D('',#2430,#2431,#2432);
#2430 = CARTESIAN_POINT('',(153.,-153.,3.5));
#2431 = DIRECTION('',(0.,0.,1.));
#2432 = DIRECTION('',(1.,0.,-0.));
#2433 = ORIENTED_EDGE('',*,*,#2347,.T.);
#2434 = ORIENTED_EDGE('',*,*,#2190,.T.);
#2435 = CYLINDRICAL_SURFACE('',#2436,20.);
#2436 = AXIS2_PLACEMENT_3D('',#2437,#2438,#2439);
#2437 = CARTESIAN_POINT('',(153.,-153.,2.5));
#2438 = DIRECTION('',(0.,0.,1.));
#2439 = DIRECTION('',(1.,0.,-0.));
#2440 = ADVANCED_FACE('',(#2441),#2459,.F.);
#2441 = FACE_BOUND('',#2442,.F.);
#2442 = EDGE_LOOP('',(#2443,#2444,#2445,#2453));
#2443 = ORIENTED_EDGE('',*,*,#2182,.F.);
#2444 = ORIENTED_EDGE('',*,*,#2419,.F.);
#2445 = ORIENTED_EDGE('',*,*,#2446,.T.);
#2446 = EDGE_CURVE('',#2420,#2447,#2449,.T.);
#2447 = VERTEX_POINT('',#2448);
#2448 = CARTESIAN_POINT('',(173.,-148.,3.5));
#2449 = LINE('',#2450,#2451);
#2450 = CARTESIAN_POINT('',(173.,-174.5,3.5));
#2451 = VECTOR('',#2452,1.);
#2452 = DIRECTION('',(-0.,1.,0.));
#2453 = ORIENTED_EDGE('',*,*,#2454,.T.);
#2454 = EDGE_CURVE('',#2447,#2175,#2455,.T.);
#2455 = LINE('',#2456,#2457);
#2456 = CARTESIAN_POINT('',(173.,-148.,-24.));
#2457 = VECTOR('',#2458,1.);
#2458 = DIRECTION('',(0.,0.,1.));
#2459 = PLANE('',#2460);
#2460 = AXIS2_PLACEMENT_3D('',#2461,#2462,#2463);
#2461 = CARTESIAN_POINT('',(173.,-173.,2.5));
#2462 = DIRECTION('',(1.,0.,-0.));
#2463 = DIRECTION('',(0.,0.,1.));
#2464 = ADVANCED_FACE('',(#2465),#2483,.F.);
#2465 = FACE_BOUND('',#2466,.F.);
#2466 = EDGE_LOOP('',(#2467,#2468,#2469,#2477));
#2467 = ORIENTED_EDGE('',*,*,#2174,.F.);
#2468 = ORIENTED_EDGE('',*,*,#2454,.F.);
#2469 = ORIENTED_EDGE('',*,*,#2470,.T.);
#2470 = EDGE_CURVE('',#2447,#2471,#2473,.T.);
#2471 = VERTEX_POINT('',#2472);
#2472 = CARTESIAN_POINT('',(173.,148.,3.5));
#2473 = LINE('',#2474,#2475);
#2474 = CARTESIAN_POINT('',(173.,-174.5,3.5));
#2475 = VECTOR('',#2476,1.);
#2476 = DIRECTION('',(-0.,1.,0.));
#2477 = ORIENTED_EDGE('',*,*,#2478,.T.);
#2478 = EDGE_CURVE('',#2471,#2167,#2479,.T.);
#2479 = LINE('',#2480,#2481);
#2480 = CARTESIAN_POINT('',(173.,148.,-24.));
#2481 = VECTOR('',#2482,1.);
#2482 = DIRECTION('',(0.,0.,1.));
#2483 = PLANE('',#2484);
#2484 = AXIS2_PLACEMENT_3D('',#2485,#2486,#2487);
#2485 = CARTESIAN_POINT('',(173.,-173.,2.5));
#2486 = DIRECTION('',(1.,0.,-0.));
#2487 = DIRECTION('',(0.,0.,1.));
#2488 = ADVANCED_FACE('',(#2489),#2507,.F.);
#2489 = FACE_BOUND('',#2490,.F.);
#2490 = EDGE_LOOP('',(#2491,#2492,#2493,#2501));
#2491 = ORIENTED_EDGE('',*,*,#2166,.F.);
#2492 = ORIENTED_EDGE('',*,*,#2478,.F.);
#2493 = ORIENTED_EDGE('',*,*,#2494,.T.);
#2494 = EDGE_CURVE('',#2471,#2495,#2497,.T.);
#2495 = VERTEX_POINT('',#2496);
#2496 = CARTESIAN_POINT('',(173.,153.,3.5));
#2497 = LINE('',#2498,#2499);
#2498 = CARTESIAN_POINT('',(173.,-174.5,3.5));
#2499 = VECTOR('',#2500,1.);
#2500 = DIRECTION('',(-0.,1.,0.));
#2501 = ORIENTED_EDGE('',*,*,#2502,.T.);
#2502 = EDGE_CURVE('',#2495,#2158,#2503,.T.);
#2503 = LINE('',#2504,#2505);
#2504 = CARTESIAN_POINT('',(173.,153.,2.5));
#2505 = VECTOR('',#2506,1.);
#2506 = DIRECTION('',(0.,0.,1.));
#2507 = PLANE('',#2508);
#2508 = AXIS2_PLACEMENT_3D('',#2509,#2510,#2511);
#2509 = CARTESIAN_POINT('',(173.,-173.,2.5));
#2510 = DIRECTION('',(1.,0.,-0.));
#2511 = DIRECTION('',(0.,0.,1.));
#2512 = ADVANCED_FACE('',(#2513),#2532,.F.);
#2513 = FACE_BOUND('',#2514,.F.);
#2514 = EDGE_LOOP('',(#2515,#2516,#2525,#2531));
#2515 = ORIENTED_EDGE('',*,*,#2502,.F.);
#2516 = ORIENTED_EDGE('',*,*,#2517,.T.);
#2517 = EDGE_CURVE('',#2495,#2518,#2520,.T.);
#2518 = VERTEX_POINT('',#2519);
#2519 = CARTESIAN_POINT('',(153.,173.,3.5));
#2520 = CIRCLE('',#2521,20.);
#2521 = AXIS2_PLACEMENT_3D('',#2522,#2523,#2524);
#2522 = CARTESIAN_POINT('',(153.,153.,3.5));
#2523 = DIRECTION('',(0.,0.,1.));
#2524 = DIRECTION('',(1.,0.,-0.));
#2525 = ORIENTED_EDGE('',*,*,#2526,.T.);
#2526 = EDGE_CURVE('',#2518,#2150,#2527,.T.);
#2527 = LINE('',#2528,#2529);
#2528 = CARTESIAN_POINT('',(153.,173.,2.5));
#2529 = VECTOR('',#2530,1.);
#2530 = DIRECTION('',(0.,0.,1.));
#2531 = ORIENTED_EDGE('',*,*,#2157,.F.);
#2532 = CYLINDRICAL_SURFACE('',#2533,20.);
#2533 = AXIS2_PLACEMENT_3D('',#2534,#2535,#2536);
#2534 = CARTESIAN_POINT('',(153.,153.,2.5));
#2535 = DIRECTION('',(0.,0.,1.));
#2536 = DIRECTION('',(1.,0.,-0.));
#2537 = ADVANCED_FACE('',(#2538),#2556,.F.);
#2538 = FACE_BOUND('',#2539,.F.);
#2539 = EDGE_LOOP('',(#2540,#2541,#2549,#2555));
#2540 = ORIENTED_EDGE('',*,*,#2526,.F.);
#2541 = ORIENTED_EDGE('',*,*,#2542,.T.);
#2542 = EDGE_CURVE('',#2518,#2543,#2545,.T.);
#2543 = VERTEX_POINT('',#2544);
#2544 = CARTESIAN_POINT('',(148.,173.,3.5));
#2545 = LINE('',#2546,#2547);
#2546 = CARTESIAN_POINT('',(-174.5,173.,3.5));
#2547 = VECTOR('',#2548,1.);
#2548 = DIRECTION('',(-1.,-0.,0.));
#2549 = ORIENTED_EDGE('',*,*,#2550,.T.);
#2550 = EDGE_CURVE('',#2543,#2142,#2551,.T.);
#2551 = LINE('',#2552,#2553);
#2552 = CARTESIAN_POINT('',(148.,173.,-24.));
#2553 = VECTOR('',#2554,1.);
#2554 = DIRECTION('',(0.,0.,1.));
#2555 = ORIENTED_EDGE('',*,*,#2149,.F.);
#2556 = PLANE('',#2557);
#2557 = AXIS2_PLACEMENT_3D('',#2558,#2559,#2560);
#2558 = CARTESIAN_POINT('',(-173.,173.,2.5));
#2559 = DIRECTION('',(-0.,1.,0.));
#2560 = DIRECTION('',(0.,0.,1.));
#2561 = ADVANCED_FACE('',(#2562),#2580,.F.);
#2562 = FACE_BOUND('',#2563,.F.);
#2563 = EDGE_LOOP('',(#2564,#2565,#2573,#2579));
#2564 = ORIENTED_EDGE('',*,*,#2550,.F.);
#2565 = ORIENTED_EDGE('',*,*,#2566,.T.);
#2566 = EDGE_CURVE('',#2543,#2567,#2569,.T.);
#2567 = VERTEX_POINT('',#2568);
#2568 = CARTESIAN_POINT('',(-148.,173.,3.5));
#2569 = LINE('',#2570,#2571);
#2570 = CARTESIAN_POINT('',(-174.5,173.,3.5));
#2571 = VECTOR('',#2572,1.);
#2572 = DIRECTION('',(-1.,-0.,0.));
#2573 = ORIENTED_EDGE('',*,*,#2574,.T.);
#2574 = EDGE_CURVE('',#2567,#2134,#2575,.T.);
#2575 = LINE('',#2576,#2577);
#2576 = CARTESIAN_POINT('',(-148.,173.,-24.));
#2577 = VECTOR('',#2578,1.);
#2578 = DIRECTION('',(0.,0.,1.));
#2579 = ORIENTED_EDGE('',*,*,#2141,.F.);
#2580 = PLANE('',#2581);
#2581 = AXIS2_PLACEMENT_3D('',#2582,#2583,#2584);
#2582 = CARTESIAN_POINT('',(-173.,173.,2.5));
#2583 = DIRECTION('',(-0.,1.,0.));
#2584 = DIRECTION('',(0.,0.,1.));
#2585 = ADVANCED_FACE('',(#2586),#2604,.F.);
#2586 = FACE_BOUND('',#2587,.F.);
#2587 = EDGE_LOOP('',(#2588,#2589,#2597,#2603));
#2588 = ORIENTED_EDGE('',*,*,#2574,.F.);
#2589 = ORIENTED_EDGE('',*,*,#2590,.T.);
#2590 = EDGE_CURVE('',#2567,#2591,#2593,.T.);
#2591 = VERTEX_POINT('',#2592);
#2592 = CARTESIAN_POINT('',(-153.,173.,3.5));
#2593 = LINE('',#2594,#2595);
#2594 = CARTESIAN_POINT('',(-174.5,173.,3.5));
#2595 = VECTOR('',#2596,1.);
#2596 = DIRECTION('',(-1.,-0.,0.));
#2597 = ORIENTED_EDGE('',*,*,#2598,.T.);
#2598 = EDGE_CURVE('',#2591,#2125,#2599,.T.);
#2599 = LINE('',#2600,#2601);
#2600 = CARTESIAN_POINT('',(-153.,173.,2.5));
#2601 = VECTOR('',#2602,1.);
#2602 = DIRECTION('',(0.,0.,1.));
#2603 = ORIENTED_EDGE('',*,*,#2133,.F.);
#2604 = PLANE('',#2605);
#2605 = AXIS2_PLACEMENT_3D('',#2606,#2607,#2608);
#2606 = CARTESIAN_POINT('',(-173.,173.,2.5));
#2607 = DIRECTION('',(-0.,1.,0.));
#2608 = DIRECTION('',(0.,0.,1.));
#2609 = ADVANCED_FACE('',(#2610),#2629,.F.);
#2610 = FACE_BOUND('',#2611,.T.);
#2611 = EDGE_LOOP('',(#2612,#2620,#2627,#2628));
#2612 = ORIENTED_EDGE('',*,*,#2613,.F.);
#2613 = EDGE_CURVE('',#2614,#2117,#2616,.T.);
#2614 = VERTEX_POINT('',#2615);
#2615 = CARTESIAN_POINT('',(-173.,153.,3.5));
#2616 = LINE('',#2617,#2618);
#2617 = CARTESIAN_POINT('',(-173.,153.,2.5));
#2618 = VECTOR('',#2619,1.);
#2619 = DIRECTION('',(0.,0.,1.));
#2620 = ORIENTED_EDGE('',*,*,#2621,.F.);
#2621 = EDGE_CURVE('',#2591,#2614,#2622,.T.);
#2622 = CIRCLE('',#2623,20.);
#2623 = AXIS2_PLACEMENT_3D('',#2624,#2625,#2626);
#2624 = CARTESIAN_POINT('',(-153.,153.,3.5));
#2625 = DIRECTION('',(0.,0.,1.));
#2626 = DIRECTION('',(-1.,-0.,0.));
#2627 = ORIENTED_EDGE('',*,*,#2598,.T.);
#2628 = ORIENTED_EDGE('',*,*,#2124,.T.);
#2629 = CYLINDRICAL_SURFACE('',#2630,20.);
#2630 = AXIS2_PLACEMENT_3D('',#2631,#2632,#2633);
#2631 = CARTESIAN_POINT('',(-153.,153.,2.5));
#2632 = DIRECTION('',(0.,0.,1.));
#2633 = DIRECTION('',(-1.,-0.,0.));
#2634 = ADVANCED_FACE('',(#2635),#2653,.T.);
#2635 = FACE_BOUND('',#2636,.T.);
#2636 = EDGE_LOOP('',(#2637,#2638,#2639,#2647));
#2637 = ORIENTED_EDGE('',*,*,#2100,.F.);
#2638 = ORIENTED_EDGE('',*,*,#2315,.F.);
#2639 = ORIENTED_EDGE('',*,*,#2640,.T.);
#2640 = EDGE_CURVE('',#2316,#2641,#2643,.T.);
#2641 = VERTEX_POINT('',#2642);
#2642 = CARTESIAN_POINT('',(-173.,-148.,3.5));
#2643 = LINE('',#2644,#2645);
#2644 = CARTESIAN_POINT('',(-173.,-174.5,3.5));
#2645 = VECTOR('',#2646,1.);
#2646 = DIRECTION('',(-0.,1.,0.));
#2647 = ORIENTED_EDGE('',*,*,#2648,.T.);
#2648 = EDGE_CURVE('',#2641,#2101,#2649,.T.);
#2649 = LINE('',#2650,#2651);
#2650 = CARTESIAN_POINT('',(-173.,-148.,-24.));
#2651 = VECTOR('',#2652,1.);
#2652 = DIRECTION('',(0.,0.,1.));
#2653 = PLANE('',#2654);
#2654 = AXIS2_PLACEMENT_3D('',#2655,#2656,#2657);
#2655 = CARTESIAN_POINT('',(-173.,-173.,2.5));
#2656 = DIRECTION('',(1.,0.,-0.));
#2657 = DIRECTION('',(0.,0.,1.));
#2658 = ADVANCED_FACE('',(#2659),#2677,.T.);
#2659 = FACE_BOUND('',#2660,.T.);
#2660 = EDGE_LOOP('',(#2661,#2662,#2663,#2671));
#2661 = ORIENTED_EDGE('',*,*,#2108,.F.);
#2662 = ORIENTED_EDGE('',*,*,#2648,.F.);
#2663 = ORIENTED_EDGE('',*,*,#2664,.T.);
#2664 = EDGE_CURVE('',#2641,#2665,#2667,.T.);
#2665 = VERTEX_POINT('',#2666);
#2666 = CARTESIAN_POINT('',(-173.,148.,3.5));
#2667 = LINE('',#2668,#2669);
#2668 = CARTESIAN_POINT('',(-173.,-174.5,3.5));
#2669 = VECTOR('',#2670,1.);
#2670 = DIRECTION('',(-0.,1.,0.));
#2671 = ORIENTED_EDGE('',*,*,#2672,.T.);
#2672 = EDGE_CURVE('',#2665,#2109,#2673,.T.);
#2673 = LINE('',#2674,#2675);
#2674 = CARTESIAN_POINT('',(-173.,148.,-24.));
#2675 = VECTOR('',#2676,1.);
#2676 = DIRECTION('',(0.,0.,1.));
#2677 = PLANE('',#2678);
#2678 = AXIS2_PLACEMENT_3D('',#2679,#2680,#2681);
#2679 = CARTESIAN_POINT('',(-173.,-173.,2.5));
#2680 = DIRECTION('',(1.,0.,-0.));
#2681 = DIRECTION('',(0.,0.,1.));
#2682 = ADVANCED_FACE('',(#2683),#2694,.T.);
#2683 = FACE_BOUND('',#2684,.T.);
#2684 = EDGE_LOOP('',(#2685,#2686,#2687,#2693));
#2685 = ORIENTED_EDGE('',*,*,#2116,.F.);
#2686 = ORIENTED_EDGE('',*,*,#2672,.F.);
#2687 = ORIENTED_EDGE('',*,*,#2688,.T.);
#2688 = EDGE_CURVE('',#2665,#2614,#2689,.T.);
#2689 = LINE('',#2690,#2691);
#2690 = CARTESIAN_POINT('',(-173.,-174.5,3.5));
#2691 = VECTOR('',#2692,1.);
#2692 = DIRECTION('',(-0.,1.,0.));
#2693 = ORIENTED_EDGE('',*,*,#2613,.T.);
#2694 = PLANE('',#2695);
#2695 = AXIS2_PLACEMENT_3D('',#2696,#2697,#2698);
#2696 = CARTESIAN_POINT('',(-173.,-173.,2.5));
#2697 = DIRECTION('',(1.,0.,-0.));
#2698 = DIRECTION('',(0.,0.,1.));
#2699 = ADVANCED_FACE('',(#2700),#2726,.F.);
#2700 = FACE_BOUND('',#2701,.F.);
#2701 = EDGE_LOOP('',(#2702,#2710,#2711,#2719));
#2702 = ORIENTED_EDGE('',*,*,#2703,.F.);
#2703 = EDGE_CURVE('',#2240,#2704,#2706,.T.);
#2704 = VERTEX_POINT('',#2705);
#2705 = CARTESIAN_POINT('',(-215.,-207.,2.));
#2706 = LINE('',#2707,#2708);
#2707 = CARTESIAN_POINT('',(-215.,-207.,-1.));
#2708 = VECTOR('',#2709,1.);
#2709 = DIRECTION('',(0.,0.,1.));
#2710 = ORIENTED_EDGE('',*,*,#2239,.T.);
#2711 = ORIENTED_EDGE('',*,*,#2712,.T.);
#2712 = EDGE_CURVE('',#2242,#2713,#2715,.T.);
#2713 = VERTEX_POINT('',#2714);
#2714 = CARTESIAN_POINT('',(-207.,-215.,2.));
#2715 = LINE('',#2716,#2717);
#2716 = CARTESIAN_POINT('',(-207.,-215.,-1.));
#2717 = VECTOR('',#2718,1.);
#2718 = DIRECTION('',(0.,0.,1.));
#2719 = ORIENTED_EDGE('',*,*,#2720,.F.);
#2720 = EDGE_CURVE('',#2704,#2713,#2721,.T.);
#2721 = CIRCLE('',#2722,8.);
#2722 = AXIS2_PLACEMENT_3D('',#2723,#2724,#2725);
#2723 = CARTESIAN_POINT('',(-207.,-207.,2.));
#2724 = DIRECTION('',(0.,0.,1.));
#2725 = DIRECTION('',(-1.,-0.,0.));
#2726 = CYLINDRICAL_SURFACE('',#2727,8.);
#2727 = AXIS2_PLACEMENT_3D('',#2728,#2729,#2730);
#2728 = CARTESIAN_POINT('',(-207.,-207.,-1.));
#2729 = DIRECTION('',(0.,0.,1.));
#2730 = DIRECTION('',(-1.,-0.,0.));
#2731 = ADVANCED_FACE('',(#2732),#2750,.T.);
#2732 = FACE_BOUND('',#2733,.T.);
#2733 = EDGE_LOOP('',(#2734,#2742,#2743,#2744));
#2734 = ORIENTED_EDGE('',*,*,#2735,.F.);
#2735 = EDGE_CURVE('',#2293,#2736,#2738,.T.);
#2736 = VERTEX_POINT('',#2737);
#2737 = CARTESIAN_POINT('',(207.,-215.,2.));
#2738 = LINE('',#2739,#2740);
#2739 = CARTESIAN_POINT('',(207.,-215.,-1.));
#2740 = VECTOR('',#2741,1.);
#2741 = DIRECTION('',(0.,0.,1.));
#2742 = ORIENTED_EDGE('',*,*,#2301,.T.);
#2743 = ORIENTED_EDGE('',*,*,#2712,.T.);
#2744 = ORIENTED_EDGE('',*,*,#2745,.F.);
#2745 = EDGE_CURVE('',#2736,#2713,#2746,.T.);
#2746 = LINE('',#2747,#2748);
#2747 = CARTESIAN_POINT('',(-220.,-215.,2.));
#2748 = VECTOR('',#2749,1.);
#2749 = DIRECTION('',(-1.,-0.,0.));
#2750 = PLANE('',#2751);
#2751 = AXIS2_PLACEMENT_3D('',#2752,#2753,#2754);
#2752 = CARTESIAN_POINT('',(-215.,-215.,-1.));
#2753 = DIRECTION('',(-0.,1.,0.));
#2754 = DIRECTION('',(0.,0.,1.));
#2755 = ADVANCED_FACE('',(#2756),#2775,.F.);
#2756 = FACE_BOUND('',#2757,.T.);
#2757 = EDGE_LOOP('',(#2758,#2766,#2767,#2768));
#2758 = ORIENTED_EDGE('',*,*,#2759,.F.);
#2759 = EDGE_CURVE('',#2285,#2760,#2762,.T.);
#2760 = VERTEX_POINT('',#2761);
#2761 = CARTESIAN_POINT('',(215.,-207.,2.));
#2762 = LINE('',#2763,#2764);
#2763 = CARTESIAN_POINT('',(215.,-207.,-1.));
#2764 = VECTOR('',#2765,1.);
#2765 = DIRECTION('',(0.,0.,1.));
#2766 = ORIENTED_EDGE('',*,*,#2292,.F.);
#2767 = ORIENTED_EDGE('',*,*,#2735,.T.);
#2768 = ORIENTED_EDGE('',*,*,#2769,.T.);
#2769 = EDGE_CURVE('',#2736,#2760,#2770,.T.);
#2770 = CIRCLE('',#2771,8.);
#2771 = AXIS2_PLACEMENT_3D('',#2772,#2773,#2774);
#2772 = CARTESIAN_POINT('',(207.,-207.,2.));
#2773 = DIRECTION('',(0.,0.,1.));
#2774 = DIRECTION('',(1.,0.,-0.));
#2775 = CYLINDRICAL_SURFACE('',#2776,8.);
#2776 = AXIS2_PLACEMENT_3D('',#2777,#2778,#2779);
#2777 = CARTESIAN_POINT('',(207.,-207.,-1.));
#2778 = DIRECTION('',(0.,0.,1.));
#2779 = DIRECTION('',(1.,0.,-0.));
#2780 = ADVANCED_FACE('',(#2781),#2799,.F.);
#2781 = FACE_BOUND('',#2782,.F.);
#2782 = EDGE_LOOP('',(#2783,#2791,#2792,#2793));
#2783 = ORIENTED_EDGE('',*,*,#2784,.F.);
#2784 = EDGE_CURVE('',#2760,#2785,#2787,.T.);
#2785 = VERTEX_POINT('',#2786);
#2786 = CARTESIAN_POINT('',(215.,207.,2.));
#2787 = LINE('',#2788,#2789);
#2788 = CARTESIAN_POINT('',(215.,-220.,2.));
#2789 = VECTOR('',#2790,1.);
#2790 = DIRECTION('',(-0.,1.,0.));
#2791 = ORIENTED_EDGE('',*,*,#2759,.F.);
#2792 = ORIENTED_EDGE('',*,*,#2284,.T.);
#2793 = ORIENTED_EDGE('',*,*,#2794,.T.);
#2794 = EDGE_CURVE('',#2276,#2785,#2795,.T.);
#2795 = LINE('',#2796,#2797);
#2796 = CARTESIAN_POINT('',(215.,207.,-1.));
#2797 = VECTOR('',#2798,1.);
#2798 = DIRECTION('',(0.,0.,1.));
#2799 = PLANE('',#2800);
#2800 = AXIS2_PLACEMENT_3D('',#2801,#2802,#2803);
#2801 = CARTESIAN_POINT('',(215.,-215.,-1.));
#2802 = DIRECTION('',(1.,0.,-0.));
#2803 = DIRECTION('',(0.,0.,1.));
#2804 = ADVANCED_FACE('',(#2805),#2824,.F.);
#2805 = FACE_BOUND('',#2806,.F.);
#2806 = EDGE_LOOP('',(#2807,#2808,#2809,#2817));
#2807 = ORIENTED_EDGE('',*,*,#2794,.F.);
#2808 = ORIENTED_EDGE('',*,*,#2275,.T.);
#2809 = ORIENTED_EDGE('',*,*,#2810,.T.);
#2810 = EDGE_CURVE('',#2268,#2811,#2813,.T.);
#2811 = VERTEX_POINT('',#2812);
#2812 = CARTESIAN_POINT('',(207.,215.,2.));
#2813 = LINE('',#2814,#2815);
#2814 = CARTESIAN_POINT('',(207.,215.,-1.));
#2815 = VECTOR('',#2816,1.);
#2816 = DIRECTION('',(0.,0.,1.));
#2817 = ORIENTED_EDGE('',*,*,#2818,.F.);
#2818 = EDGE_CURVE('',#2785,#2811,#2819,.T.);
#2819 = CIRCLE('',#2820,8.);
#2820 = AXIS2_PLACEMENT_3D('',#2821,#2822,#2823);
#2821 = CARTESIAN_POINT('',(207.,207.,2.));
#2822 = DIRECTION('',(0.,0.,1.));
#2823 = DIRECTION('',(1.,0.,-0.));
#2824 = CYLINDRICAL_SURFACE('',#2825,8.);
#2825 = AXIS2_PLACEMENT_3D('',#2826,#2827,#2828);
#2826 = CARTESIAN_POINT('',(207.,207.,-1.));
#2827 = DIRECTION('',(0.,0.,1.));
#2828 = DIRECTION('',(1.,0.,-0.));
#2829 = ADVANCED_FACE('',(#2830),#2848,.F.);
#2830 = FACE_BOUND('',#2831,.F.);
#2831 = EDGE_LOOP('',(#2832,#2833,#2834,#2842));
#2832 = ORIENTED_EDGE('',*,*,#2810,.F.);
#2833 = ORIENTED_EDGE('',*,*,#2267,.T.);
#2834 = ORIENTED_EDGE('',*,*,#2835,.T.);
#2835 = EDGE_CURVE('',#2259,#2836,#2838,.T.);
#2836 = VERTEX_POINT('',#2837);
#2837 = CARTESIAN_POINT('',(-207.,215.,2.));
#2838 = LINE('',#2839,#2840);
#2839 = CARTESIAN_POINT('',(-207.,215.,-1.));
#2840 = VECTOR('',#2841,1.);
#2841 = DIRECTION('',(0.,0.,1.));
#2842 = ORIENTED_EDGE('',*,*,#2843,.F.);
#2843 = EDGE_CURVE('',#2811,#2836,#2844,.T.);
#2844 = LINE('',#2845,#2846);
#2845 = CARTESIAN_POINT('',(-220.,215.,2.));
#2846 = VECTOR('',#2847,1.);
#2847 = DIRECTION('',(-1.,-0.,0.));
#2848 = PLANE('',#2849);
#2849 = AXIS2_PLACEMENT_3D('',#2850,#2851,#2852);
#2850 = CARTESIAN_POINT('',(-215.,215.,-1.));
#2851 = DIRECTION('',(-0.,1.,0.));
#2852 = DIRECTION('',(0.,0.,1.));
#2853 = ADVANCED_FACE('',(#2854),#2873,.F.);
#2854 = FACE_BOUND('',#2855,.T.);
#2855 = EDGE_LOOP('',(#2856,#2864,#2865,#2866));
#2856 = ORIENTED_EDGE('',*,*,#2857,.F.);
#2857 = EDGE_CURVE('',#2251,#2858,#2860,.T.);
#2858 = VERTEX_POINT('',#2859);
#2859 = CARTESIAN_POINT('',(-215.,207.,2.));
#2860 = LINE('',#2861,#2862);
#2861 = CARTESIAN_POINT('',(-215.,207.,-1.));
#2862 = VECTOR('',#2863,1.);
#2863 = DIRECTION('',(0.,0.,1.));
#2864 = ORIENTED_EDGE('',*,*,#2258,.F.);
#2865 = ORIENTED_EDGE('',*,*,#2835,.T.);
#2866 = ORIENTED_EDGE('',*,*,#2867,.T.);
#2867 = EDGE_CURVE('',#2836,#2858,#2868,.T.);
#2868 = CIRCLE('',#2869,8.);
#2869 = AXIS2_PLACEMENT_3D('',#2870,#2871,#2872);
#2870 = CARTESIAN_POINT('',(-207.,207.,2.));
#2871 = DIRECTION('',(0.,0.,1.));
#2872 = DIRECTION('',(-1.,-0.,0.));
#2873 = CYLINDRICAL_SURFACE('',#2874,8.);
#2874 = AXIS2_PLACEMENT_3D('',#2875,#2876,#2877);
#2875 = CARTESIAN_POINT('',(-207.,207.,-1.));
#2876 = DIRECTION('',(0.,0.,1.));
#2877 = DIRECTION('',(-1.,-0.,0.));
#2878 = ADVANCED_FACE('',(#2879),#2890,.T.);
#2879 = FACE_BOUND('',#2880,.T.);
#2880 = EDGE_LOOP('',(#2881,#2887,#2888,#2889));
#2881 = ORIENTED_EDGE('',*,*,#2882,.F.);
#2882 = EDGE_CURVE('',#2704,#2858,#2883,.T.);
#2883 = LINE('',#2884,#2885);
#2884 = CARTESIAN_POINT('',(-215.,-220.,2.));
#2885 = VECTOR('',#2886,1.);
#2886 = DIRECTION('',(-0.,1.,0.));
#2887 = ORIENTED_EDGE('',*,*,#2703,.F.);
#2888 = ORIENTED_EDGE('',*,*,#2250,.T.);
#2889 = ORIENTED_EDGE('',*,*,#2857,.T.);
#2890 = PLANE('',#2891);
#2891 = AXIS2_PLACEMENT_3D('',#2892,#2893,#2894);
#2892 = CARTESIAN_POINT('',(-215.,-215.,-1.));
#2893 = DIRECTION('',(1.,0.,-0.));
#2894 = DIRECTION('',(0.,0.,1.));
#2895 = ADVANCED_FACE('',(#2896),#2908,.T.);
#2896 = FACE_BOUND('',#2897,.T.);
#2897 = EDGE_LOOP('',(#2898,#2899,#2900,#2901));
#2898 = ORIENTED_EDGE('',*,*,#2640,.F.);
#2899 = ORIENTED_EDGE('',*,*,#2323,.T.);
#2900 = ORIENTED_EDGE('',*,*,#2403,.F.);
#2901 = ORIENTED_EDGE('',*,*,#2902,.F.);
#2902 = EDGE_CURVE('',#2641,#2380,#2903,.T.);
#2903 = CIRCLE('',#2904,25.);
#2904 = AXIS2_PLACEMENT_3D('',#2905,#2906,#2907);
#2905 = CARTESIAN_POINT('',(-148.,-148.,3.5));
#2906 = DIRECTION('',(0.,0.,1.));
#2907 = DIRECTION('',(-1.,-0.,0.));
#2908 = PLANE('',#2909);
#2909 = AXIS2_PLACEMENT_3D('',#2910,#2911,#2912);
#2910 = CARTESIAN_POINT('',(-225.,-225.,3.5));
#2911 = DIRECTION('',(0.,0.,1.));
#2912 = DIRECTION('',(1.,0.,-0.));
#2913 = ADVANCED_FACE('',(#2914),#2926,.T.);
#2914 = FACE_BOUND('',#2915,.T.);
#2915 = EDGE_LOOP('',(#2916,#2923,#2924,#2925));
#2916 = ORIENTED_EDGE('',*,*,#2917,.F.);
#2917 = EDGE_CURVE('',#2356,#2447,#2918,.T.);
#2918 = CIRCLE('',#2919,25.);
#2919 = AXIS2_PLACEMENT_3D('',#2920,#2921,#2922);
#2920 = CARTESIAN_POINT('',(148.,-148.,3.5));
#2921 = DIRECTION('',(0.,0.,1.));
#2922 = DIRECTION('',(1.,0.,-0.));
#2923 = ORIENTED_EDGE('',*,*,#2355,.F.);
#2924 = ORIENTED_EDGE('',*,*,#2427,.T.);
#2925 = ORIENTED_EDGE('',*,*,#2446,.T.);
#2926 = PLANE('',#2927);
#2927 = AXIS2_PLACEMENT_3D('',#2928,#2929,#2930);
#2928 = CARTESIAN_POINT('',(-225.,-225.,3.5));
#2929 = DIRECTION('',(0.,0.,1.));
#2930 = DIRECTION('',(1.,0.,-0.));
#2931 = ADVANCED_FACE('',(#2932),#2957,.T.);
#2932 = FACE_BOUND('',#2933,.T.);
#2933 = EDGE_LOOP('',(#2934,#2944,#2950,#2951));
#2934 = ORIENTED_EDGE('',*,*,#2935,.T.);
#2935 = EDGE_CURVE('',#2936,#2938,#2940,.T.);
#2936 = VERTEX_POINT('',#2937);
#2937 = CARTESIAN_POINT('',(148.,-173.,2.));
#2938 = VERTEX_POINT('',#2939);
#2939 = CARTESIAN_POINT('',(-148.,-173.,2.));
#2940 = LINE('',#2941,#2942);
#2941 = CARTESIAN_POINT('',(-199.,-173.,2.));
#2942 = VECTOR('',#2943,1.);
#2943 = DIRECTION('',(-1.,-0.,0.));
#2944 = ORIENTED_EDGE('',*,*,#2945,.T.);
#2945 = EDGE_CURVE('',#2938,#2380,#2946,.T.);
#2946 = LINE('',#2947,#2948);
#2947 = CARTESIAN_POINT('',(-148.,-173.,-24.));
#2948 = VECTOR('',#2949,1.);
#2949 = DIRECTION('',(0.,0.,1.));
#2950 = ORIENTED_EDGE('',*,*,#2379,.F.);
#2951 = ORIENTED_EDGE('',*,*,#2952,.F.);
#2952 = EDGE_CURVE('',#2936,#2356,#2953,.T.);
#2953 = LINE('',#2954,#2955);
#2954 = CARTESIAN_POINT('',(148.,-173.,-24.));
#2955 = VECTOR('',#2956,1.);
#2956 = DIRECTION('',(0.,0.,1.));
#2957 = PLANE('',#2958);
#2958 = AXIS2_PLACEMENT_3D('',#2959,#2960,#2961);
#2959 = CARTESIAN_POINT('',(-173.,-173.,-24.));
#2960 = DIRECTION('',(-0.,1.,0.));
#2961 = DIRECTION('',(0.,0.,1.));
#2962 = ADVANCED_FACE('',(#2963),#2988,.F.);
#2963 = FACE_BOUND('',#2964,.F.);
#2964 = EDGE_LOOP('',(#2965,#2966,#2974,#2982));
#2965 = ORIENTED_EDGE('',*,*,#2470,.F.);
#2966 = ORIENTED_EDGE('',*,*,#2967,.F.);
#2967 = EDGE_CURVE('',#2968,#2447,#2970,.T.);
#2968 = VERTEX_POINT('',#2969);
#2969 = CARTESIAN_POINT('',(173.,-148.,2.));
#2970 = LINE('',#2971,#2972);
#2971 = CARTESIAN_POINT('',(173.,-148.,-24.));
#2972 = VECTOR('',#2973,1.);
#2973 = DIRECTION('',(0.,0.,1.));
#2974 = ORIENTED_EDGE('',*,*,#2975,.T.);
#2975 = EDGE_CURVE('',#2968,#2976,#2978,.T.);
#2976 = VERTEX_POINT('',#2977);
#2977 = CARTESIAN_POINT('',(173.,148.,2.));
#2978 = LINE('',#2979,#2980);
#2979 = CARTESIAN_POINT('',(173.,-199.,2.));
#2980 = VECTOR('',#2981,1.);
#2981 = DIRECTION('',(-0.,1.,0.));
#2982 = ORIENTED_EDGE('',*,*,#2983,.T.);
#2983 = EDGE_CURVE('',#2976,#2471,#2984,.T.);
#2984 = LINE('',#2985,#2986);
#2985 = CARTESIAN_POINT('',(173.,148.,-24.));
#2986 = VECTOR('',#2987,1.);
#2987 = DIRECTION('',(0.,0.,1.));
#2988 = PLANE('',#2989);
#2989 = AXIS2_PLACEMENT_3D('',#2990,#2991,#2992);
#2990 = CARTESIAN_POINT('',(173.,-173.,-24.));
#2991 = DIRECTION('',(1.,0.,-0.));
#2992 = DIRECTION('',(0.,0.,1.));
#2993 = ADVANCED_FACE('',(#2994),#3006,.T.);
#2994 = FACE_BOUND('',#2995,.T.);
#2995 = EDGE_LOOP('',(#2996,#2997,#3004,#3005));
#2996 = ORIENTED_EDGE('',*,*,#2542,.T.);
#2997 = ORIENTED_EDGE('',*,*,#2998,.F.);
#2998 = EDGE_CURVE('',#2471,#2543,#2999,.T.);
#2999 = CIRCLE('',#3000,25.);
#3000 = AXIS2_PLACEMENT_3D('',#3001,#3002,#3003);
#3001 = CARTESIAN_POINT('',(148.,148.,3.5));
#3002 = DIRECTION('',(0.,0.,1.));
#3003 = DIRECTION('',(1.,0.,-0.));
#3004 = ORIENTED_EDGE('',*,*,#2494,.T.);
#3005 = ORIENTED_EDGE('',*,*,#2517,.T.);
#3006 = PLANE('',#3007);
#3007 = AXIS2_PLACEMENT_3D('',#3008,#3009,#3010);
#3008 = CARTESIAN_POINT('',(-225.,-225.,3.5));
#3009 = DIRECTION('',(0.,0.,1.));
#3010 = DIRECTION('',(1.,0.,-0.));
#3011 = ADVANCED_FACE('',(#3012),#3037,.F.);
#3012 = FACE_BOUND('',#3013,.F.);
#3013 = EDGE_LOOP('',(#3014,#3024,#3030,#3031));
#3014 = ORIENTED_EDGE('',*,*,#3015,.T.);
#3015 = EDGE_CURVE('',#3016,#3018,#3020,.T.);
#3016 = VERTEX_POINT('',#3017);
#3017 = CARTESIAN_POINT('',(148.,173.,2.));
#3018 = VERTEX_POINT('',#3019);
#3019 = CARTESIAN_POINT('',(-148.,173.,2.));
#3020 = LINE('',#3021,#3022);
#3021 = CARTESIAN_POINT('',(-199.,173.,2.));
#3022 = VECTOR('',#3023,1.);
#3023 = DIRECTION('',(-1.,-0.,0.));
#3024 = ORIENTED_EDGE('',*,*,#3025,.T.);
#3025 = EDGE_CURVE('',#3018,#2567,#3026,.T.);
#3026 = LINE('',#3027,#3028);
#3027 = CARTESIAN_POINT('',(-148.,173.,-24.));
#3028 = VECTOR('',#3029,1.);
#3029 = DIRECTION('',(0.,0.,1.));
#3030 = ORIENTED_EDGE('',*,*,#2566,.F.);
#3031 = ORIENTED_EDGE('',*,*,#3032,.F.);
#3032 = EDGE_CURVE('',#3016,#2543,#3033,.T.);
#3033 = LINE('',#3034,#3035);
#3034 = CARTESIAN_POINT('',(148.,173.,-24.));
#3035 = VECTOR('',#3036,1.);
#3036 = DIRECTION('',(0.,0.,1.));
#3037 = PLANE('',#3038);
#3038 = AXIS2_PLACEMENT_3D('',#3039,#3040,#3041);
#3039 = CARTESIAN_POINT('',(-173.,173.,-24.));
#3040 = DIRECTION('',(-0.,1.,0.));
#3041 = DIRECTION('',(0.,0.,1.));
#3042 = ADVANCED_FACE('',(#3043),#3055,.T.);
#3043 = FACE_BOUND('',#3044,.T.);
#3044 = EDGE_LOOP('',(#3045,#3046,#3053,#3054));
#3045 = ORIENTED_EDGE('',*,*,#2688,.F.);
#3046 = ORIENTED_EDGE('',*,*,#3047,.F.);
#3047 = EDGE_CURVE('',#2567,#2665,#3048,.T.);
#3048 = CIRCLE('',#3049,25.);
#3049 = AXIS2_PLACEMENT_3D('',#3050,#3051,#3052);
#3050 = CARTESIAN_POINT('',(-148.,148.,3.5));
#3051 = DIRECTION('',(0.,0.,1.));
#3052 = DIRECTION('',(-1.,-0.,0.));
#3053 = ORIENTED_EDGE('',*,*,#2590,.T.);
#3054 = ORIENTED_EDGE('',*,*,#2621,.T.);
#3055 = PLANE('',#3056);
#3056 = AXIS2_PLACEMENT_3D('',#3057,#3058,#3059);
#3057 = CARTESIAN_POINT('',(-225.,-225.,3.5));
#3058 = DIRECTION('',(0.,0.,1.));
#3059 = DIRECTION('',(1.,0.,-0.));
#3060 = ADVANCED_FACE('',(#3061),#3086,.T.);
#3061 = FACE_BOUND('',#3062,.T.);
#3062 = EDGE_LOOP('',(#3063,#3064,#3072,#3080));
#3063 = ORIENTED_EDGE('',*,*,#2664,.F.);
#3064 = ORIENTED_EDGE('',*,*,#3065,.F.);
#3065 = EDGE_CURVE('',#3066,#2641,#3068,.T.);
#3066 = VERTEX_POINT('',#3067);
#3067 = CARTESIAN_POINT('',(-173.,-148.,2.));
#3068 = LINE('',#3069,#3070);
#3069 = CARTESIAN_POINT('',(-173.,-148.,-24.));
#3070 = VECTOR('',#3071,1.);
#3071 = DIRECTION('',(0.,0.,1.));
#3072 = ORIENTED_EDGE('',*,*,#3073,.T.);
#3073 = EDGE_CURVE('',#3066,#3074,#3076,.T.);
#3074 = VERTEX_POINT('',#3075);
#3075 = CARTESIAN_POINT('',(-173.,148.,2.));
#3076 = LINE('',#3077,#3078);
#3077 = CARTESIAN_POINT('',(-173.,-199.,2.));
#3078 = VECTOR('',#3079,1.);
#3079 = DIRECTION('',(-0.,1.,0.));
#3080 = ORIENTED_EDGE('',*,*,#3081,.T.);
#3081 = EDGE_CURVE('',#3074,#2665,#3082,.T.);
#3082 = LINE('',#3083,#3084);
#3083 = CARTESIAN_POINT('',(-173.,148.,-24.));
#3084 = VECTOR('',#3085,1.);
#3085 = DIRECTION('',(0.,0.,1.));
#3086 = PLANE('',#3087);
#3087 = AXIS2_PLACEMENT_3D('',#3088,#3089,#3090);
#3088 = CARTESIAN_POINT('',(-173.,-173.,-24.));
#3089 = DIRECTION('',(1.,0.,-0.));
#3090 = DIRECTION('',(0.,0.,1.));
#3091 = ADVANCED_FACE('',(#3092,#3102),#3172,.F.);
#3092 = FACE_BOUND('',#3093,.F.);
#3093 = EDGE_LOOP('',(#3094,#3095,#3096,#3097,#3098,#3099,#3100,#3101));
#3094 = ORIENTED_EDGE('',*,*,#2882,.F.);
#3095 = ORIENTED_EDGE('',*,*,#2720,.T.);
#3096 = ORIENTED_EDGE('',*,*,#2745,.F.);
#3097 = ORIENTED_EDGE('',*,*,#2769,.T.);
#3098 = ORIENTED_EDGE('',*,*,#2784,.T.);
#3099 = ORIENTED_EDGE('',*,*,#2818,.T.);
#3100 = ORIENTED_EDGE('',*,*,#2843,.T.);
#3101 = ORIENTED_EDGE('',*,*,#2867,.T.);
#3102 = FACE_BOUND('',#3103,.F.);
#3103 = EDGE_LOOP('',(#3104,#3115,#3123,#3132,#3140,#3149,#3157,#3166));
#3104 = ORIENTED_EDGE('',*,*,#3105,.F.);
#3105 = EDGE_CURVE('',#3106,#3108,#3110,.T.);
#3106 = VERTEX_POINT('',#3107);
#3107 = CARTESIAN_POINT('',(-209.,-206.,2.));
#3108 = VERTEX_POINT('',#3109);
#3109 = CARTESIAN_POINT('',(-206.,-209.,2.));
#3110 = CIRCLE('',#3111,3.);
#3111 = AXIS2_PLACEMENT_3D('',#3112,#3113,#3114);
#3112 = CARTESIAN_POINT('',(-206.,-206.,2.));
#3113 = DIRECTION('',(0.,0.,1.));
#3114 = DIRECTION('',(-1.,-0.,0.));
#3115 = ORIENTED_EDGE('',*,*,#3116,.T.);
#3116 = EDGE_CURVE('',#3106,#3117,#3119,.T.);
#3117 = VERTEX_POINT('',#3118);
#3118 = CARTESIAN_POINT('',(-209.,206.,2.));
#3119 = LINE('',#3120,#3121);
#3120 = CARTESIAN_POINT('',(-209.,-217.,2.));
#3121 = VECTOR('',#3122,1.);
#3122 = DIRECTION('',(-0.,1.,0.));
#3123 = ORIENTED_EDGE('',*,*,#3124,.F.);
#3124 = EDGE_CURVE('',#3125,#3117,#3127,.T.);
#3125 = VERTEX_POINT('',#3126);
#3126 = CARTESIAN_POINT('',(-206.,209.,2.));
#3127 = CIRCLE('',#3128,3.);
#3128 = AXIS2_PLACEMENT_3D('',#3129,#3130,#3131);
#3129 = CARTESIAN_POINT('',(-206.,206.,2.));
#3130 = DIRECTION('',(0.,0.,1.));
#3131 = DIRECTION('',(-1.,-0.,0.));
#3132 = ORIENTED_EDGE('',*,*,#3133,.F.);
#3133 = EDGE_CURVE('',#3134,#3125,#3136,.T.);
#3134 = VERTEX_POINT('',#3135);
#3135 = CARTESIAN_POINT('',(206.,209.,2.));
#3136 = LINE('',#3137,#3138);
#3137 = CARTESIAN_POINT('',(-217.,209.,2.));
#3138 = VECTOR('',#3139,1.);
#3139 = DIRECTION('',(-1.,-0.,0.));
#3140 = ORIENTED_EDGE('',*,*,#3141,.F.);
#3141 = EDGE_CURVE('',#3142,#3134,#3144,.T.);
#3142 = VERTEX_POINT('',#3143);
#3143 = CARTESIAN_POINT('',(209.,206.,2.));
#3144 = CIRCLE('',#3145,3.);
#3145 = AXIS2_PLACEMENT_3D('',#3146,#3147,#3148);
#3146 = CARTESIAN_POINT('',(206.,206.,2.));
#3147 = DIRECTION('',(0.,0.,1.));
#3148 = DIRECTION('',(1.,0.,-0.));
#3149 = ORIENTED_EDGE('',*,*,#3150,.F.);
#3150 = EDGE_CURVE('',#3151,#3142,#3153,.T.);
#3151 = VERTEX_POINT('',#3152);
#3152 = CARTESIAN_POINT('',(209.,-206.,2.));
#3153 = LINE('',#3154,#3155);
#3154 = CARTESIAN_POINT('',(209.,-217.,2.));
#3155 = VECTOR('',#3156,1.);
#3156 = DIRECTION('',(-0.,1.,0.));
#3157 = ORIENTED_EDGE('',*,*,#3158,.F.);
#3158 = EDGE_CURVE('',#3159,#3151,#3161,.T.);
#3159 = VERTEX_POINT('',#3160);
#3160 = CARTESIAN_POINT('',(206.,-209.,2.));
#3161 = CIRCLE('',#3162,3.);
#3162 = AXIS2_PLACEMENT_3D('',#3163,#3164,#3165);
#3163 = CARTESIAN_POINT('',(206.,-206.,2.));
#3164 = DIRECTION('',(0.,0.,1.));
#3165 = DIRECTION('',(1.,0.,-0.));
#3166 = ORIENTED_EDGE('',*,*,#3167,.T.);
#3167 = EDGE_CURVE('',#3159,#3108,#3168,.T.);
#3168 = LINE('',#3169,#3170);
#3169 = CARTESIAN_POINT('',(-217.,-209.,2.));
#3170 = VECTOR('',#3171,1.);
#3171 = DIRECTION('',(-1.,-0.,0.));
#3172 = PLANE('',#3173);
#3173 = AXIS2_PLACEMENT_3D('',#3174,#3175,#3176);
#3174 = CARTESIAN_POINT('',(-225.,-225.,2.));
#3175 = DIRECTION('',(0.,0.,1.));
#3176 = DIRECTION('',(1.,0.,-0.));
#3177 = ADVANCED_FACE('',(#3178),#3224,.F.);
#3178 = FACE_BOUND('',#3179,.F.);
#3179 = EDGE_LOOP('',(#3180,#3181,#3190,#3198,#3207,#3215,#3222,#3223));
#3180 = ORIENTED_EDGE('',*,*,#3065,.F.);
#3181 = ORIENTED_EDGE('',*,*,#3182,.T.);
#3182 = EDGE_CURVE('',#3066,#3183,#3185,.T.);
#3183 = VERTEX_POINT('',#3184);
#3184 = CARTESIAN_POINT('',(-165.6776695296,-165.6776695296,2.));
#3185 = CIRCLE('',#3186,25.);
#3186 = AXIS2_PLACEMENT_3D('',#3187,#3188,#3189);
#3187 = CARTESIAN_POINT('',(-148.,-148.,2.));
#3188 = DIRECTION('',(0.,0.,1.));
#3189 = DIRECTION('',(-1.,-0.,0.));
#3190 = ORIENTED_EDGE('',*,*,#3191,.F.);
#3191 = EDGE_CURVE('',#3192,#3183,#3194,.T.);
#3192 = VERTEX_POINT('',#3193);
#3193 = CARTESIAN_POINT('',(-165.6776695296,-165.6776695296,
    1.124234570245));
#3194 = LINE('',#3195,#3196);
#3195 = CARTESIAN_POINT('',(-165.6776695296,-165.6776695296,-24.));
#3196 = VECTOR('',#3197,1.);
#3197 = DIRECTION('',(0.,0.,1.));
#3198 = ORIENTED_EDGE('',*,*,#3199,.T.);
#3199 = EDGE_CURVE('',#3192,#3200,#3202,.T.);
#3200 = VERTEX_POINT('',#3201);
#3201 = CARTESIAN_POINT('',(-164.2067966243,-167.035223749,
    1.172089038072));
#3202 = ELLIPSE('',#3203,29.119091489906,25.);
#3203 = AXIS2_PLACEMENT_3D('',#3204,#3205,#3206);
#3204 = CARTESIAN_POINT('',(-148.,-148.,16.0547901258));
#3205 = DIRECTION('',(-0.362562722256,-0.362562722256,0.858543269067));
#3206 = DIRECTION('',(0.607081767499,0.607081767499,0.512741119026));
#3207 = ORIENTED_EDGE('',*,*,#3208,.T.);
#3208 = EDGE_CURVE('',#3200,#3209,#3211,.T.);
#3209 = VERTEX_POINT('',#3210);
#3210 = CARTESIAN_POINT('',(-164.2067966243,-167.035223749,2.));
#3211 = LINE('',#3212,#3213);
#3212 = CARTESIAN_POINT('',(-164.2067966243,-167.035223749,-24.));
#3213 = VECTOR('',#3214,1.);
#3214 = DIRECTION('',(0.,0.,1.));
#3215 = ORIENTED_EDGE('',*,*,#3216,.T.);
#3216 = EDGE_CURVE('',#3209,#2938,#3217,.T.);
#3217 = CIRCLE('',#3218,25.);
#3218 = AXIS2_PLACEMENT_3D('',#3219,#3220,#3221);
#3219 = CARTESIAN_POINT('',(-148.,-148.,2.));
#3220 = DIRECTION('',(0.,0.,1.));
#3221 = DIRECTION('',(-1.,-0.,0.));
#3222 = ORIENTED_EDGE('',*,*,#2945,.T.);
#3223 = ORIENTED_EDGE('',*,*,#2902,.F.);
#3224 = CYLINDRICAL_SURFACE('',#3225,25.);
#3225 = AXIS2_PLACEMENT_3D('',#3226,#3227,#3228);
#3226 = CARTESIAN_POINT('',(-148.,-148.,-24.));
#3227 = DIRECTION('',(0.,0.,1.));
#3228 = DIRECTION('',(-1.,-0.,0.));
#3229 = ADVANCED_FACE('',(#3230),#3276,.F.);
#3230 = FACE_BOUND('',#3231,.T.);
#3231 = EDGE_LOOP('',(#3232,#3233,#3242,#3250,#3259,#3267,#3274,#3275));
#3232 = ORIENTED_EDGE('',*,*,#2967,.F.);
#3233 = ORIENTED_EDGE('',*,*,#3234,.F.);
#3234 = EDGE_CURVE('',#3235,#2968,#3237,.T.);
#3235 = VERTEX_POINT('',#3236);
#3236 = CARTESIAN_POINT('',(167.03522374907,-164.2067966243,2.));
#3237 = CIRCLE('',#3238,25.);
#3238 = AXIS2_PLACEMENT_3D('',#3239,#3240,#3241);
#3239 = CARTESIAN_POINT('',(148.,-148.,2.));
#3240 = DIRECTION('',(0.,0.,1.));
#3241 = DIRECTION('',(1.,0.,-0.));
#3242 = ORIENTED_EDGE('',*,*,#3243,.F.);
#3243 = EDGE_CURVE('',#3244,#3235,#3246,.T.);
#3244 = VERTEX_POINT('',#3245);
#3245 = CARTESIAN_POINT('',(167.03522374907,-164.2067966243,
    1.172089038072));
#3246 = LINE('',#3247,#3248);
#3247 = CARTESIAN_POINT('',(167.03522374907,-164.2067966243,-24.));
#3248 = VECTOR('',#3249,1.);
#3249 = DIRECTION('',(0.,0.,1.));
#3250 = ORIENTED_EDGE('',*,*,#3251,.F.);
#3251 = EDGE_CURVE('',#3252,#3244,#3254,.T.);
#3252 = VERTEX_POINT('',#3253);
#3253 = CARTESIAN_POINT('',(165.67766952966,-165.6776695296,
    1.124234570245));
#3254 = ELLIPSE('',#3255,29.119091489906,25.);
#3255 = AXIS2_PLACEMENT_3D('',#3256,#3257,#3258);
#3256 = CARTESIAN_POINT('',(148.,-148.,16.0547901258));
#3257 = DIRECTION('',(0.362562722256,-0.362562722256,0.858543269067));
#3258 = DIRECTION('',(-0.607081767499,0.607081767499,0.512741119026));
#3259 = ORIENTED_EDGE('',*,*,#3260,.T.);
#3260 = EDGE_CURVE('',#3252,#3261,#3263,.T.);
#3261 = VERTEX_POINT('',#3262);
#3262 = CARTESIAN_POINT('',(165.67766952966,-165.6776695296,2.));
#3263 = LINE('',#3264,#3265);
#3264 = CARTESIAN_POINT('',(165.67766952966,-165.6776695296,-24.));
#3265 = VECTOR('',#3266,1.);
#3266 = DIRECTION('',(0.,0.,1.));
#3267 = ORIENTED_EDGE('',*,*,#3268,.F.);
#3268 = EDGE_CURVE('',#2936,#3261,#3269,.T.);
#3269 = CIRCLE('',#3270,25.);
#3270 = AXIS2_PLACEMENT_3D('',#3271,#3272,#3273);
#3271 = CARTESIAN_POINT('',(148.,-148.,2.));
#3272 = DIRECTION('',(0.,0.,1.));
#3273 = DIRECTION('',(1.,0.,-0.));
#3274 = ORIENTED_EDGE('',*,*,#2952,.T.);
#3275 = ORIENTED_EDGE('',*,*,#2917,.T.);
#3276 = CYLINDRICAL_SURFACE('',#3277,25.);
#3277 = AXIS2_PLACEMENT_3D('',#3278,#3279,#3280);
#3278 = CARTESIAN_POINT('',(148.,-148.,-24.));
#3279 = DIRECTION('',(0.,0.,1.));
#3280 = DIRECTION('',(1.,0.,-0.));
#3281 = ADVANCED_FACE('',(#3282,#3864),#3998,.F.);
#3282 = FACE_BOUND('',#3283,.F.);
#3283 = EDGE_LOOP('',(#3284,#3294,#3303,#3311,#3319,#3327,#3335,#3343,
    #3351,#3359,#3367,#3375,#3383,#3391,#3399,#3407,#3415,#3423,#3431,
    #3439,#3448,#3456,#3464,#3472,#3480,#3488,#3496,#3504,#3512,#3520,
    #3528,#3536,#3544,#3552,#3560,#3568,#3576,#3584,#3593,#3601,#3609,
    #3617,#3625,#3633,#3641,#3649,#3657,#3665,#3673,#3681,#3689,#3697,
    #3705,#3713,#3721,#3729,#3738,#3746,#3754,#3762,#3770,#3778,#3786,
    #3794,#3802,#3810,#3818,#3826,#3834,#3842,#3850,#3858));
#3284 = ORIENTED_EDGE('',*,*,#3285,.F.);
#3285 = EDGE_CURVE('',#3286,#3288,#3290,.T.);
#3286 = VERTEX_POINT('',#3287);
#3287 = CARTESIAN_POINT('',(-197.,-173.,2.));
#3288 = VERTEX_POINT('',#3289);
#3289 = CARTESIAN_POINT('',(-197.,-150.5,2.));
#3290 = LINE('',#3291,#3292);
#3291 = CARTESIAN_POINT('',(-197.,-211.,2.));
#3292 = VECTOR('',#3293,1.);
#3293 = DIRECTION('',(-0.,1.,0.));
#3294 = ORIENTED_EDGE('',*,*,#3295,.T.);
#3295 = EDGE_CURVE('',#3286,#3296,#3298,.T.);
#3296 = VERTEX_POINT('',#3297);
#3297 = CARTESIAN_POINT('',(-173.,-197.,2.));
#3298 = CIRCLE('',#3299,24.);
#3299 = AXIS2_PLACEMENT_3D('',#3300,#3301,#3302);
#3300 = CARTESIAN_POINT('',(-173.,-173.,2.));
#3301 = DIRECTION('',(0.,0.,1.));
#3302 = DIRECTION('',(-1.,-0.,0.));
#3303 = ORIENTED_EDGE('',*,*,#3304,.F.);
#3304 = EDGE_CURVE('',#3305,#3296,#3307,.T.);
#3305 = VERTEX_POINT('',#3306);
#3306 = CARTESIAN_POINT('',(-150.5,-197.,2.));
#3307 = LINE('',#3308,#3309);
#3308 = CARTESIAN_POINT('',(-211.,-197.,2.));
#3309 = VECTOR('',#3310,1.);
#3310 = DIRECTION('',(-1.,-0.,0.));
#3311 = ORIENTED_EDGE('',*,*,#3312,.T.);
#3312 = EDGE_CURVE('',#3305,#3313,#3315,.T.);
#3313 = VERTEX_POINT('',#3314);
#3314 = CARTESIAN_POINT('',(-150.5,-173.5581395348,2.));
#3315 = LINE('',#3316,#3317);
#3316 = CARTESIAN_POINT('',(-150.5,-206.6597641285,2.));
#3317 = VECTOR('',#3318,1.);
#3318 = DIRECTION('',(1.224646799147E-16,1.,-0.));
#3319 = ORIENTED_EDGE('',*,*,#3320,.F.);
#3320 = EDGE_CURVE('',#3321,#3313,#3323,.T.);
#3321 = VERTEX_POINT('',#3322);
#3322 = CARTESIAN_POINT('',(-149.5,-173.5581395348,2.));
#3323 = LINE('',#3324,#3325);
#3324 = CARTESIAN_POINT('',(-187.25,-173.5581395348,2.));
#3325 = VECTOR('',#3326,1.);
#3326 = DIRECTION('',(-1.,1.224646799147E-16,0.));
#3327 = ORIENTED_EDGE('',*,*,#3328,.F.);
#3328 = EDGE_CURVE('',#3329,#3321,#3331,.T.);
#3329 = VERTEX_POINT('',#3330);
#3330 = CARTESIAN_POINT('',(-149.5,-197.,2.));
#3331 = LINE('',#3332,#3333);
#3332 = CARTESIAN_POINT('',(-149.5,-206.6597641285,2.));
#3333 = VECTOR('',#3334,1.);
#3334 = DIRECTION('',(1.224646799147E-16,1.,-0.));
#3335 = ORIENTED_EDGE('',*,*,#3336,.F.);
#3336 = EDGE_CURVE('',#3337,#3329,#3339,.T.);
#3337 = VERTEX_POINT('',#3338);
#3338 = CARTESIAN_POINT('',(-50.5,-197.,2.));
#3339 = LINE('',#3340,#3341);
#3340 = CARTESIAN_POINT('',(-211.,-197.,2.));
#3341 = VECTOR('',#3342,1.);
#3342 = DIRECTION('',(-1.,-0.,0.));
#3343 = ORIENTED_EDGE('',*,*,#3344,.T.);
#3344 = EDGE_CURVE('',#3337,#3345,#3347,.T.);
#3345 = VERTEX_POINT('',#3346);
#3346 = CARTESIAN_POINT('',(-50.5,-173.5581395348,2.));
#3347 = LINE('',#3348,#3349);
#3348 = CARTESIAN_POINT('',(-50.5,-206.6597641285,2.));
#3349 = VECTOR('',#3350,1.);
#3350 = DIRECTION('',(1.224646799147E-16,1.,-0.));
#3351 = ORIENTED_EDGE('',*,*,#3352,.F.);
#3352 = EDGE_CURVE('',#3353,#3345,#3355,.T.);
#3353 = VERTEX_POINT('',#3354);
#3354 = CARTESIAN_POINT('',(-49.5,-173.5581395348,2.));
#3355 = LINE('',#3356,#3357);
#3356 = CARTESIAN_POINT('',(-137.25,-173.5581395348,2.));
#3357 = VECTOR('',#3358,1.);
#3358 = DIRECTION('',(-1.,1.224646799147E-16,0.));
#3359 = ORIENTED_EDGE('',*,*,#3360,.F.);
#3360 = EDGE_CURVE('',#3361,#3353,#3363,.T.);
#3361 = VERTEX_POINT('',#3362);
#3362 = CARTESIAN_POINT('',(-49.5,-197.,2.));
#3363 = LINE('',#3364,#3365);
#3364 = CARTESIAN_POINT('',(-49.5,-206.6597641285,2.));
#3365 = VECTOR('',#3366,1.);
#3366 = DIRECTION('',(1.224646799147E-16,1.,-0.));
#3367 = ORIENTED_EDGE('',*,*,#3368,.F.);
#3368 = EDGE_CURVE('',#3369,#3361,#3371,.T.);
#3369 = VERTEX_POINT('',#3370);
#3370 = CARTESIAN_POINT('',(49.5,-197.,2.));
#3371 = LINE('',#3372,#3373);
#3372 = CARTESIAN_POINT('',(-211.,-197.,2.));
#3373 = VECTOR('',#3374,1.);
#3374 = DIRECTION('',(-1.,-0.,0.));
#3375 = ORIENTED_EDGE('',*,*,#3376,.T.);
#3376 = EDGE_CURVE('',#3369,#3377,#3379,.T.);
#3377 = VERTEX_POINT('',#3378);
#3378 = CARTESIAN_POINT('',(49.5,-173.5581395348,2.));
#3379 = LINE('',#3380,#3381);
#3380 = CARTESIAN_POINT('',(49.5,-206.6597641285,2.));
#3381 = VECTOR('',#3382,1.);
#3382 = DIRECTION('',(1.224646799147E-16,1.,-0.));
#3383 = ORIENTED_EDGE('',*,*,#3384,.F.);
#3384 = EDGE_CURVE('',#3385,#3377,#3387,.T.);
#3385 = VERTEX_POINT('',#3386);
#3386 = CARTESIAN_POINT('',(50.5,-173.5581395348,2.));
#3387 = LINE('',#3388,#3389);
#3388 = CARTESIAN_POINT('',(-87.25,-173.5581395348,2.));
#3389 = VECTOR('',#3390,1.);
#3390 = DIRECTION('',(-1.,1.224646799147E-16,0.));
#3391 = ORIENTED_EDGE('',*,*,#3392,.F.);
#3392 = EDGE_CURVE('',#3393,#3385,#3395,.T.);
#3393 = VERTEX_POINT('',#3394);
#3394 = CARTESIAN_POINT('',(50.5,-197.,2.));
#3395 = LINE('',#3396,#3397);
#3396 = CARTESIAN_POINT('',(50.5,-206.6597641285,2.));
#3397 = VECTOR('',#3398,1.);
#3398 = DIRECTION('',(1.224646799147E-16,1.,-0.));
#3399 = ORIENTED_EDGE('',*,*,#3400,.F.);
#3400 = EDGE_CURVE('',#3401,#3393,#3403,.T.);
#3401 = VERTEX_POINT('',#3402);
#3402 = CARTESIAN_POINT('',(149.5,-197.,2.));
#3403 = LINE('',#3404,#3405);
#3404 = CARTESIAN_POINT('',(-211.,-197.,2.));
#3405 = VECTOR('',#3406,1.);
#3406 = DIRECTION('',(-1.,-0.,0.));
#3407 = ORIENTED_EDGE('',*,*,#3408,.T.);
#3408 = EDGE_CURVE('',#3401,#3409,#3411,.T.);
#3409 = VERTEX_POINT('',#3410);
#3410 = CARTESIAN_POINT('',(149.5,-173.5581395348,2.));
#3411 = LINE('',#3412,#3413);
#3412 = CARTESIAN_POINT('',(149.5,-206.6597641285,2.));
#3413 = VECTOR('',#3414,1.);
#3414 = DIRECTION('',(1.224646799147E-16,1.,-0.));
#3415 = ORIENTED_EDGE('',*,*,#3416,.F.);
#3416 = EDGE_CURVE('',#3417,#3409,#3419,.T.);
#3417 = VERTEX_POINT('',#3418);
#3418 = CARTESIAN_POINT('',(150.5,-173.5581395348,2.));
#3419 = LINE('',#3420,#3421);
#3420 = CARTESIAN_POINT('',(-37.25,-173.5581395348,2.));
#3421 = VECTOR('',#3422,1.);
#3422 = DIRECTION('',(-1.,1.224646799147E-16,0.));
#3423 = ORIENTED_EDGE('',*,*,#3424,.F.);
#3424 = EDGE_CURVE('',#3425,#3417,#3427,.T.);
#3425 = VERTEX_POINT('',#3426);
#3426 = CARTESIAN_POINT('',(150.5,-197.,2.));
#3427 = LINE('',#3428,#3429);
#3428 = CARTESIAN_POINT('',(150.5,-206.6597641285,2.));
#3429 = VECTOR('',#3430,1.);
#3430 = DIRECTION('',(1.224646799147E-16,1.,-0.));
#3431 = ORIENTED_EDGE('',*,*,#3432,.F.);
#3432 = EDGE_CURVE('',#3433,#3425,#3435,.T.);
#3433 = VERTEX_POINT('',#3434);
#3434 = CARTESIAN_POINT('',(173.,-197.,2.));
#3435 = LINE('',#3436,#3437);
#3436 = CARTESIAN_POINT('',(-211.,-197.,2.));
#3437 = VECTOR('',#3438,1.);
#3438 = DIRECTION('',(-1.,-0.,0.));
#3439 = ORIENTED_EDGE('',*,*,#3440,.T.);
#3440 = EDGE_CURVE('',#3433,#3441,#3443,.T.);
#3441 = VERTEX_POINT('',#3442);
#3442 = CARTESIAN_POINT('',(197.,-173.,2.));
#3443 = CIRCLE('',#3444,24.);
#3444 = AXIS2_PLACEMENT_3D('',#3445,#3446,#3447);
#3445 = CARTESIAN_POINT('',(173.,-173.,2.));
#3446 = DIRECTION('',(0.,0.,1.));
#3447 = DIRECTION('',(1.,0.,-0.));
#3448 = ORIENTED_EDGE('',*,*,#3449,.T.);
#3449 = EDGE_CURVE('',#3441,#3450,#3452,.T.);
#3450 = VERTEX_POINT('',#3451);
#3451 = CARTESIAN_POINT('',(197.,-150.5,2.));
#3452 = LINE('',#3453,#3454);
#3453 = CARTESIAN_POINT('',(197.,-211.,2.));
#3454 = VECTOR('',#3455,1.);
#3455 = DIRECTION('',(-0.,1.,0.));
#3456 = ORIENTED_EDGE('',*,*,#3457,.T.);
#3457 = EDGE_CURVE('',#3450,#3458,#3460,.T.);
#3458 = VERTEX_POINT('',#3459);
#3459 = CARTESIAN_POINT('',(173.55813953488,-150.5,2.));
#3460 = LINE('',#3461,#3462);
#3461 = CARTESIAN_POINT('',(-18.34023587142,-150.5,2.));
#3462 = VECTOR('',#3463,1.);
#3463 = DIRECTION('',(-1.,2.22044604925E-16,0.));
#3464 = ORIENTED_EDGE('',*,*,#3465,.F.);
#3465 = EDGE_CURVE('',#3466,#3458,#3468,.T.);
#3466 = VERTEX_POINT('',#3467);
#3467 = CARTESIAN_POINT('',(173.55813953488,-149.5,2.));
#3468 = LINE('',#3469,#3470);
#3469 = CARTESIAN_POINT('',(173.55813953488,-187.25,2.));
#3470 = VECTOR('',#3471,1.);
#3471 = DIRECTION('',(-2.22044604925E-16,-1.,0.));
#3472 = ORIENTED_EDGE('',*,*,#3473,.F.);
#3473 = EDGE_CURVE('',#3474,#3466,#3476,.T.);
#3474 = VERTEX_POINT('',#3475);
#3475 = CARTESIAN_POINT('',(197.,-149.5,2.));
#3476 = LINE('',#3477,#3478);
#3477 = CARTESIAN_POINT('',(-18.34023587142,-149.5,2.));
#3478 = VECTOR('',#3479,1.);
#3479 = DIRECTION('',(-1.,2.22044604925E-16,0.));
#3480 = ORIENTED_EDGE('',*,*,#3481,.T.);
#3481 = EDGE_CURVE('',#3474,#3482,#3484,.T.);
#3482 = VERTEX_POINT('',#3483);
#3483 = CARTESIAN_POINT('',(197.,-50.5,2.));
#3484 = LINE('',#3485,#3486);
#3485 = CARTESIAN_POINT('',(197.,-211.,2.));
#3486 = VECTOR('',#3487,1.);
#3487 = DIRECTION('',(-0.,1.,0.));
#3488 = ORIENTED_EDGE('',*,*,#3489,.T.);
#3489 = EDGE_CURVE('',#3482,#3490,#3492,.T.);
#3490 = VERTEX_POINT('',#3491);
#3491 = CARTESIAN_POINT('',(173.55813953488,-50.5,2.));
#3492 = LINE('',#3493,#3494);
#3493 = CARTESIAN_POINT('',(-18.34023587142,-50.5,2.));
#3494 = VECTOR('',#3495,1.);
#3495 = DIRECTION('',(-1.,2.22044604925E-16,0.));
#3496 = ORIENTED_EDGE('',*,*,#3497,.F.);
#3497 = EDGE_CURVE('',#3498,#3490,#3500,.T.);
#3498 = VERTEX_POINT('',#3499);
#3499 = CARTESIAN_POINT('',(173.55813953488,-49.5,2.));
#3500 = LINE('',#3501,#3502);
#3501 = CARTESIAN_POINT('',(173.55813953488,-137.25,2.));
#3502 = VECTOR('',#3503,1.);
#3503 = DIRECTION('',(-2.22044604925E-16,-1.,0.));
#3504 = ORIENTED_EDGE('',*,*,#3505,.F.);
#3505 = EDGE_CURVE('',#3506,#3498,#3508,.T.);
#3506 = VERTEX_POINT('',#3507);
#3507 = CARTESIAN_POINT('',(197.,-49.5,2.));
#3508 = LINE('',#3509,#3510);
#3509 = CARTESIAN_POINT('',(-18.34023587142,-49.5,2.));
#3510 = VECTOR('',#3511,1.);
#3511 = DIRECTION('',(-1.,2.22044604925E-16,0.));
#3512 = ORIENTED_EDGE('',*,*,#3513,.T.);
#3513 = EDGE_CURVE('',#3506,#3514,#3516,.T.);
#3514 = VERTEX_POINT('',#3515);
#3515 = CARTESIAN_POINT('',(197.,49.5,2.));
#3516 = LINE('',#3517,#3518);
#3517 = CARTESIAN_POINT('',(197.,-211.,2.));
#3518 = VECTOR('',#3519,1.);
#3519 = DIRECTION('',(-0.,1.,0.));
#3520 = ORIENTED_EDGE('',*,*,#3521,.T.);
#3521 = EDGE_CURVE('',#3514,#3522,#3524,.T.);
#3522 = VERTEX_POINT('',#3523);
#3523 = CARTESIAN_POINT('',(173.55813953488,49.5,2.));
#3524 = LINE('',#3525,#3526);
#3525 = CARTESIAN_POINT('',(-18.34023587142,49.5,2.));
#3526 = VECTOR('',#3527,1.);
#3527 = DIRECTION('',(-1.,2.22044604925E-16,0.));
#3528 = ORIENTED_EDGE('',*,*,#3529,.F.);
#3529 = EDGE_CURVE('',#3530,#3522,#3532,.T.);
#3530 = VERTEX_POINT('',#3531);
#3531 = CARTESIAN_POINT('',(173.55813953488,50.5,2.));
#3532 = LINE('',#3533,#3534);
#3533 = CARTESIAN_POINT('',(173.55813953488,-87.25,2.));
#3534 = VECTOR('',#3535,1.);
#3535 = DIRECTION('',(-2.22044604925E-16,-1.,0.));
#3536 = ORIENTED_EDGE('',*,*,#3537,.F.);
#3537 = EDGE_CURVE('',#3538,#3530,#3540,.T.);
#3538 = VERTEX_POINT('',#3539);
#3539 = CARTESIAN_POINT('',(197.,50.5,2.));
#3540 = LINE('',#3541,#3542);
#3541 = CARTESIAN_POINT('',(-18.34023587142,50.5,2.));
#3542 = VECTOR('',#3543,1.);
#3543 = DIRECTION('',(-1.,2.22044604925E-16,0.));
#3544 = ORIENTED_EDGE('',*,*,#3545,.T.);
#3545 = EDGE_CURVE('',#3538,#3546,#3548,.T.);
#3546 = VERTEX_POINT('',#3547);
#3547 = CARTESIAN_POINT('',(197.,149.5,2.));
#3548 = LINE('',#3549,#3550);
#3549 = CARTESIAN_POINT('',(197.,-211.,2.));
#3550 = VECTOR('',#3551,1.);
#3551 = DIRECTION('',(-0.,1.,0.));
#3552 = ORIENTED_EDGE('',*,*,#3553,.T.);
#3553 = EDGE_CURVE('',#3546,#3554,#3556,.T.);
#3554 = VERTEX_POINT('',#3555);
#3555 = CARTESIAN_POINT('',(173.55813953488,149.5,2.));
#3556 = LINE('',#3557,#3558);
#3557 = CARTESIAN_POINT('',(-18.34023587142,149.5,2.));
#3558 = VECTOR('',#3559,1.);
#3559 = DIRECTION('',(-1.,2.22044604925E-16,0.));
#3560 = ORIENTED_EDGE('',*,*,#3561,.F.);
#3561 = EDGE_CURVE('',#3562,#3554,#3564,.T.);
#3562 = VERTEX_POINT('',#3563);
#3563 = CARTESIAN_POINT('',(173.55813953488,150.5,2.));
#3564 = LINE('',#3565,#3566);
#3565 = CARTESIAN_POINT('',(173.55813953488,-37.25,2.));
#3566 = VECTOR('',#3567,1.);
#3567 = DIRECTION('',(-2.22044604925E-16,-1.,0.));
#3568 = ORIENTED_EDGE('',*,*,#3569,.F.);
#3569 = EDGE_CURVE('',#3570,#3562,#3572,.T.);
#3570 = VERTEX_POINT('',#3571);
#3571 = CARTESIAN_POINT('',(197.,150.5,2.));
#3572 = LINE('',#3573,#3574);
#3573 = CARTESIAN_POINT('',(-18.34023587142,150.5,2.));
#3574 = VECTOR('',#3575,1.);
#3575 = DIRECTION('',(-1.,2.22044604925E-16,0.));
#3576 = ORIENTED_EDGE('',*,*,#3577,.T.);
#3577 = EDGE_CURVE('',#3570,#3578,#3580,.T.);
#3578 = VERTEX_POINT('',#3579);
#3579 = CARTESIAN_POINT('',(197.,173.,2.));
#3580 = LINE('',#3581,#3582);
#3581 = CARTESIAN_POINT('',(197.,-211.,2.));
#3582 = VECTOR('',#3583,1.);
#3583 = DIRECTION('',(-0.,1.,0.));
#3584 = ORIENTED_EDGE('',*,*,#3585,.T.);
#3585 = EDGE_CURVE('',#3578,#3586,#3588,.T.);
#3586 = VERTEX_POINT('',#3587);
#3587 = CARTESIAN_POINT('',(173.,197.,2.));
#3588 = CIRCLE('',#3589,24.);
#3589 = AXIS2_PLACEMENT_3D('',#3590,#3591,#3592);
#3590 = CARTESIAN_POINT('',(173.,173.,2.));
#3591 = DIRECTION('',(0.,0.,1.));
#3592 = DIRECTION('',(1.,0.,-0.));
#3593 = ORIENTED_EDGE('',*,*,#3594,.T.);
#3594 = EDGE_CURVE('',#3586,#3595,#3597,.T.);
#3595 = VERTEX_POINT('',#3596);
#3596 = CARTESIAN_POINT('',(150.5,197.,2.));
#3597 = LINE('',#3598,#3599);
#3598 = CARTESIAN_POINT('',(-211.,197.,2.));
#3599 = VECTOR('',#3600,1.);
#3600 = DIRECTION('',(-1.,-0.,0.));
#3601 = ORIENTED_EDGE('',*,*,#3602,.T.);
#3602 = EDGE_CURVE('',#3595,#3603,#3605,.T.);
#3603 = VERTEX_POINT('',#3604);
#3604 = CARTESIAN_POINT('',(150.5,173.55813953488,2.));
#3605 = LINE('',#3606,#3607);
#3606 = CARTESIAN_POINT('',(150.5,-18.34023587142,2.));
#3607 = VECTOR('',#3608,1.);
#3608 = DIRECTION('',(0.,-1.,0.));
#3609 = ORIENTED_EDGE('',*,*,#3610,.F.);
#3610 = EDGE_CURVE('',#3611,#3603,#3613,.T.);
#3611 = VERTEX_POINT('',#3612);
#3612 = CARTESIAN_POINT('',(149.5,173.55813953488,2.));
#3613 = LINE('',#3614,#3615);
#3614 = CARTESIAN_POINT('',(-37.75,173.55813953488,2.));
#3615 = VECTOR('',#3616,1.);
#3616 = DIRECTION('',(1.,0.,-0.));
#3617 = ORIENTED_EDGE('',*,*,#3618,.F.);
#3618 = EDGE_CURVE('',#3619,#3611,#3621,.T.);
#3619 = VERTEX_POINT('',#3620);
#3620 = CARTESIAN_POINT('',(149.5,197.,2.));
#3621 = LINE('',#3622,#3623);
#3622 = CARTESIAN_POINT('',(149.5,-18.34023587142,2.));
#3623 = VECTOR('',#3624,1.);
#3624 = DIRECTION('',(0.,-1.,0.));
#3625 = ORIENTED_EDGE('',*,*,#3626,.T.);
#3626 = EDGE_CURVE('',#3619,#3627,#3629,.T.);
#3627 = VERTEX_POINT('',#3628);
#3628 = CARTESIAN_POINT('',(50.5,197.,2.));
#3629 = LINE('',#3630,#3631);
#3630 = CARTESIAN_POINT('',(-211.,197.,2.));
#3631 = VECTOR('',#3632,1.);
#3632 = DIRECTION('',(-1.,-0.,0.));
#3633 = ORIENTED_EDGE('',*,*,#3634,.T.);
#3634 = EDGE_CURVE('',#3627,#3635,#3637,.T.);
#3635 = VERTEX_POINT('',#3636);
#3636 = CARTESIAN_POINT('',(50.5,173.55813953488,2.));
#3637 = LINE('',#3638,#3639);
#3638 = CARTESIAN_POINT('',(50.5,-18.34023587142,2.));
#3639 = VECTOR('',#3640,1.);
#3640 = DIRECTION('',(0.,-1.,0.));
#3641 = ORIENTED_EDGE('',*,*,#3642,.F.);
#3642 = EDGE_CURVE('',#3643,#3635,#3645,.T.);
#3643 = VERTEX_POINT('',#3644);
#3644 = CARTESIAN_POINT('',(49.5,173.55813953488,2.));
#3645 = LINE('',#3646,#3647);
#3646 = CARTESIAN_POINT('',(-87.75,173.55813953488,2.));
#3647 = VECTOR('',#3648,1.);
#3648 = DIRECTION('',(1.,0.,-0.));
#3649 = ORIENTED_EDGE('',*,*,#3650,.F.);
#3650 = EDGE_CURVE('',#3651,#3643,#3653,.T.);
#3651 = VERTEX_POINT('',#3652);
#3652 = CARTESIAN_POINT('',(49.5,197.,2.));
#3653 = LINE('',#3654,#3655);
#3654 = CARTESIAN_POINT('',(49.5,-18.34023587142,2.));
#3655 = VECTOR('',#3656,1.);
#3656 = DIRECTION('',(0.,-1.,0.));
#3657 = ORIENTED_EDGE('',*,*,#3658,.T.);
#3658 = EDGE_CURVE('',#3651,#3659,#3661,.T.);
#3659 = VERTEX_POINT('',#3660);
#3660 = CARTESIAN_POINT('',(-49.5,197.,2.));
#3661 = LINE('',#3662,#3663);
#3662 = CARTESIAN_POINT('',(-211.,197.,2.));
#3663 = VECTOR('',#3664,1.);
#3664 = DIRECTION('',(-1.,-0.,0.));
#3665 = ORIENTED_EDGE('',*,*,#3666,.T.);
#3666 = EDGE_CURVE('',#3659,#3667,#3669,.T.);
#3667 = VERTEX_POINT('',#3668);
#3668 = CARTESIAN_POINT('',(-49.5,173.55813953488,2.));
#3669 = LINE('',#3670,#3671);
#3670 = CARTESIAN_POINT('',(-49.5,-18.34023587142,2.));
#3671 = VECTOR('',#3672,1.);
#3672 = DIRECTION('',(0.,-1.,0.));
#3673 = ORIENTED_EDGE('',*,*,#3674,.F.);
#3674 = EDGE_CURVE('',#3675,#3667,#3677,.T.);
#3675 = VERTEX_POINT('',#3676);
#3676 = CARTESIAN_POINT('',(-50.5,173.55813953488,2.));
#3677 = LINE('',#3678,#3679);
#3678 = CARTESIAN_POINT('',(-137.75,173.55813953488,2.));
#3679 = VECTOR('',#3680,1.);
#3680 = DIRECTION('',(1.,0.,-0.));
#3681 = ORIENTED_EDGE('',*,*,#3682,.F.);
#3682 = EDGE_CURVE('',#3683,#3675,#3685,.T.);
#3683 = VERTEX_POINT('',#3684);
#3684 = CARTESIAN_POINT('',(-50.5,197.,2.));
#3685 = LINE('',#3686,#3687);
#3686 = CARTESIAN_POINT('',(-50.5,-18.34023587142,2.));
#3687 = VECTOR('',#3688,1.);
#3688 = DIRECTION('',(0.,-1.,0.));
#3689 = ORIENTED_EDGE('',*,*,#3690,.T.);
#3690 = EDGE_CURVE('',#3683,#3691,#3693,.T.);
#3691 = VERTEX_POINT('',#3692);
#3692 = CARTESIAN_POINT('',(-149.5,197.,2.));
#3693 = LINE('',#3694,#3695);
#3694 = CARTESIAN_POINT('',(-211.,197.,2.));
#3695 = VECTOR('',#3696,1.);
#3696 = DIRECTION('',(-1.,-0.,0.));
#3697 = ORIENTED_EDGE('',*,*,#3698,.T.);
#3698 = EDGE_CURVE('',#3691,#3699,#3701,.T.);
#3699 = VERTEX_POINT('',#3700);
#3700 = CARTESIAN_POINT('',(-149.5,173.55813953488,2.));
#3701 = LINE('',#3702,#3703);
#3702 = CARTESIAN_POINT('',(-149.5,-18.34023587142,2.));
#3703 = VECTOR('',#3704,1.);
#3704 = DIRECTION('',(0.,-1.,0.));
#3705 = ORIENTED_EDGE('',*,*,#3706,.F.);
#3706 = EDGE_CURVE('',#3707,#3699,#3709,.T.);
#3707 = VERTEX_POINT('',#3708);
#3708 = CARTESIAN_POINT('',(-150.5,173.55813953488,2.));
#3709 = LINE('',#3710,#3711);
#3710 = CARTESIAN_POINT('',(-187.75,173.55813953488,2.));
#3711 = VECTOR('',#3712,1.);
#3712 = DIRECTION('',(1.,0.,-0.));
#3713 = ORIENTED_EDGE('',*,*,#3714,.F.);
#3714 = EDGE_CURVE('',#3715,#3707,#3717,.T.);
#3715 = VERTEX_POINT('',#3716);
#3716 = CARTESIAN_POINT('',(-150.5,197.,2.));
#3717 = LINE('',#3718,#3719);
#3718 = CARTESIAN_POINT('',(-150.5,-18.34023587142,2.));
#3719 = VECTOR('',#3720,1.);
#3720 = DIRECTION('',(0.,-1.,0.));
#3721 = ORIENTED_EDGE('',*,*,#3722,.T.);
#3722 = EDGE_CURVE('',#3715,#3723,#3725,.T.);
#3723 = VERTEX_POINT('',#3724);
#3724 = CARTESIAN_POINT('',(-173.,197.,2.));
#3725 = LINE('',#3726,#3727);
#3726 = CARTESIAN_POINT('',(-211.,197.,2.));
#3727 = VECTOR('',#3728,1.);
#3728 = DIRECTION('',(-1.,-0.,0.));
#3729 = ORIENTED_EDGE('',*,*,#3730,.T.);
#3730 = EDGE_CURVE('',#3723,#3731,#3733,.T.);
#3731 = VERTEX_POINT('',#3732);
#3732 = CARTESIAN_POINT('',(-197.,173.,2.));
#3733 = CIRCLE('',#3734,24.);
#3734 = AXIS2_PLACEMENT_3D('',#3735,#3736,#3737);
#3735 = CARTESIAN_POINT('',(-173.,173.,2.));
#3736 = DIRECTION('',(0.,0.,1.));
#3737 = DIRECTION('',(-1.,-0.,0.));
#3738 = ORIENTED_EDGE('',*,*,#3739,.F.);
#3739 = EDGE_CURVE('',#3740,#3731,#3742,.T.);
#3740 = VERTEX_POINT('',#3741);
#3741 = CARTESIAN_POINT('',(-197.,150.5,2.));
#3742 = LINE('',#3743,#3744);
#3743 = CARTESIAN_POINT('',(-197.,-211.,2.));
#3744 = VECTOR('',#3745,1.);
#3745 = DIRECTION('',(-0.,1.,0.));
#3746 = ORIENTED_EDGE('',*,*,#3747,.T.);
#3747 = EDGE_CURVE('',#3740,#3748,#3750,.T.);
#3748 = VERTEX_POINT('',#3749);
#3749 = CARTESIAN_POINT('',(-173.5581395348,150.5,2.));
#3750 = LINE('',#3751,#3752);
#3751 = CARTESIAN_POINT('',(-206.6597641285,150.5,2.));
#3752 = VECTOR('',#3753,1.);
#3753 = DIRECTION('',(1.,-1.110223024625E-16,0.));
#3754 = ORIENTED_EDGE('',*,*,#3755,.F.);
#3755 = EDGE_CURVE('',#3756,#3748,#3758,.T.);
#3756 = VERTEX_POINT('',#3757);
#3757 = CARTESIAN_POINT('',(-173.5581395348,149.5,2.));
#3758 = LINE('',#3759,#3760);
#3759 = CARTESIAN_POINT('',(-173.5581395348,-37.75,2.));
#3760 = VECTOR('',#3761,1.);
#3761 = DIRECTION('',(1.110223024625E-16,1.,-0.));
#3762 = ORIENTED_EDGE('',*,*,#3763,.F.);
#3763 = EDGE_CURVE('',#3764,#3756,#3766,.T.);
#3764 = VERTEX_POINT('',#3765);
#3765 = CARTESIAN_POINT('',(-197.,149.5,2.));
#3766 = LINE('',#3767,#3768);
#3767 = CARTESIAN_POINT('',(-206.6597641285,149.5,2.));
#3768 = VECTOR('',#3769,1.);
#3769 = DIRECTION('',(1.,-1.110223024625E-16,0.));
#3770 = ORIENTED_EDGE('',*,*,#3771,.F.);
#3771 = EDGE_CURVE('',#3772,#3764,#3774,.T.);
#3772 = VERTEX_POINT('',#3773);
#3773 = CARTESIAN_POINT('',(-197.,50.5,2.));
#3774 = LINE('',#3775,#3776);
#3775 = CARTESIAN_POINT('',(-197.,-211.,2.));
#3776 = VECTOR('',#3777,1.);
#3777 = DIRECTION('',(-0.,1.,0.));
#3778 = ORIENTED_EDGE('',*,*,#3779,.T.);
#3779 = EDGE_CURVE('',#3772,#3780,#3782,.T.);
#3780 = VERTEX_POINT('',#3781);
#3781 = CARTESIAN_POINT('',(-173.5581395348,50.5,2.));
#3782 = LINE('',#3783,#3784);
#3783 = CARTESIAN_POINT('',(-206.6597641285,50.5,2.));
#3784 = VECTOR('',#3785,1.);
#3785 = DIRECTION('',(1.,-1.110223024625E-16,0.));
#3786 = ORIENTED_EDGE('',*,*,#3787,.F.);
#3787 = EDGE_CURVE('',#3788,#3780,#3790,.T.);
#3788 = VERTEX_POINT('',#3789);
#3789 = CARTESIAN_POINT('',(-173.5581395348,49.5,2.));
#3790 = LINE('',#3791,#3792);
#3791 = CARTESIAN_POINT('',(-173.5581395348,-87.75,2.));
#3792 = VECTOR('',#3793,1.);
#3793 = DIRECTION('',(1.110223024625E-16,1.,-0.));
#3794 = ORIENTED_EDGE('',*,*,#3795,.F.);
#3795 = EDGE_CURVE('',#3796,#3788,#3798,.T.);
#3796 = VERTEX_POINT('',#3797);
#3797 = CARTESIAN_POINT('',(-197.,49.5,2.));
#3798 = LINE('',#3799,#3800);
#3799 = CARTESIAN_POINT('',(-206.6597641285,49.5,2.));
#3800 = VECTOR('',#3801,1.);
#3801 = DIRECTION('',(1.,-1.110223024625E-16,0.));
#3802 = ORIENTED_EDGE('',*,*,#3803,.F.);
#3803 = EDGE_CURVE('',#3804,#3796,#3806,.T.);
#3804 = VERTEX_POINT('',#3805);
#3805 = CARTESIAN_POINT('',(-197.,-49.5,2.));
#3806 = LINE('',#3807,#3808);
#3807 = CARTESIAN_POINT('',(-197.,-211.,2.));
#3808 = VECTOR('',#3809,1.);
#3809 = DIRECTION('',(-0.,1.,0.));
#3810 = ORIENTED_EDGE('',*,*,#3811,.T.);
#3811 = EDGE_CURVE('',#3804,#3812,#3814,.T.);
#3812 = VERTEX_POINT('',#3813);
#3813 = CARTESIAN_POINT('',(-173.5581395348,-49.5,2.));
#3814 = LINE('',#3815,#3816);
#3815 = CARTESIAN_POINT('',(-206.6597641285,-49.5,2.));
#3816 = VECTOR('',#3817,1.);
#3817 = DIRECTION('',(1.,-1.110223024625E-16,0.));
#3818 = ORIENTED_EDGE('',*,*,#3819,.F.);
#3819 = EDGE_CURVE('',#3820,#3812,#3822,.T.);
#3820 = VERTEX_POINT('',#3821);
#3821 = CARTESIAN_POINT('',(-173.5581395348,-50.5,2.));
#3822 = LINE('',#3823,#3824);
#3823 = CARTESIAN_POINT('',(-173.5581395348,-137.75,2.));
#3824 = VECTOR('',#3825,1.);
#3825 = DIRECTION('',(1.110223024625E-16,1.,-0.));
#3826 = ORIENTED_EDGE('',*,*,#3827,.F.);
#3827 = EDGE_CURVE('',#3828,#3820,#3830,.T.);
#3828 = VERTEX_POINT('',#3829);
#3829 = CARTESIAN_POINT('',(-197.,-50.5,2.));
#3830 = LINE('',#3831,#3832);
#3831 = CARTESIAN_POINT('',(-206.6597641285,-50.5,2.));
#3832 = VECTOR('',#3833,1.);
#3833 = DIRECTION('',(1.,-1.110223024625E-16,0.));
#3834 = ORIENTED_EDGE('',*,*,#3835,.F.);
#3835 = EDGE_CURVE('',#3836,#3828,#3838,.T.);
#3836 = VERTEX_POINT('',#3837);
#3837 = CARTESIAN_POINT('',(-197.,-149.5,2.));
#3838 = LINE('',#3839,#3840);
#3839 = CARTESIAN_POINT('',(-197.,-211.,2.));
#3840 = VECTOR('',#3841,1.);
#3841 = DIRECTION('',(-0.,1.,0.));
#3842 = ORIENTED_EDGE('',*,*,#3843,.T.);
#3843 = EDGE_CURVE('',#3836,#3844,#3846,.T.);
#3844 = VERTEX_POINT('',#3845);
#3845 = CARTESIAN_POINT('',(-173.5581395348,-149.5,2.));
#3846 = LINE('',#3847,#3848);
#3847 = CARTESIAN_POINT('',(-206.6597641285,-149.5,2.));
#3848 = VECTOR('',#3849,1.);
#3849 = DIRECTION('',(1.,-1.110223024625E-16,0.));
#3850 = ORIENTED_EDGE('',*,*,#3851,.F.);
#3851 = EDGE_CURVE('',#3852,#3844,#3854,.T.);
#3852 = VERTEX_POINT('',#3853);
#3853 = CARTESIAN_POINT('',(-173.5581395348,-150.5,2.));
#3854 = LINE('',#3855,#3856);
#3855 = CARTESIAN_POINT('',(-173.5581395348,-187.75,2.));
#3856 = VECTOR('',#3857,1.);
#3857 = DIRECTION('',(1.110223024625E-16,1.,-0.));
#3858 = ORIENTED_EDGE('',*,*,#3859,.F.);
#3859 = EDGE_CURVE('',#3288,#3852,#3860,.T.);
#3860 = LINE('',#3861,#3862);
#3861 = CARTESIAN_POINT('',(-206.6597641285,-150.5,2.));
#3862 = VECTOR('',#3863,1.);
#3863 = DIRECTION('',(1.,-1.110223024625E-16,0.));
#3864 = FACE_BOUND('',#3865,.F.);
#3865 = EDGE_LOOP('',(#3866,#3874,#3882,#3888,#3889,#3890,#3899,#3907,
    #3915,#3923,#3930,#3931,#3940,#3948,#3956,#3964,#3971,#3972,#3973,
    #3981,#3989,#3995,#3996,#3997));
#3866 = ORIENTED_EDGE('',*,*,#3867,.F.);
#3867 = EDGE_CURVE('',#3868,#3209,#3870,.T.);
#3868 = VERTEX_POINT('',#3869);
#3869 = CARTESIAN_POINT('',(-188.0904037956,-190.9188309203,2.));
#3870 = LINE('',#3871,#3872);
#3871 = CARTESIAN_POINT('',(-200.8502088059,-203.6786359306,2.));
#3872 = VECTOR('',#3873,1.);
#3873 = DIRECTION('',(0.707106781187,0.707106781187,-0.));
#3874 = ORIENTED_EDGE('',*,*,#3875,.T.);
#3875 = EDGE_CURVE('',#3868,#3876,#3878,.T.);
#3876 = VERTEX_POINT('',#3877);
#3877 = CARTESIAN_POINT('',(-189.5046173579,-189.5046173579,2.));
#3878 = LINE('',#3879,#3880);
#3879 = CARTESIAN_POINT('',(-189.5046173579,-189.5046173579,2.));
#3880 = VECTOR('',#3881,1.);
#3881 = DIRECTION('',(-0.707106781187,0.707106781187,0.));
#3882 = ORIENTED_EDGE('',*,*,#3883,.T.);
#3883 = EDGE_CURVE('',#3876,#3183,#3884,.T.);
#3884 = LINE('',#3885,#3886);
#3885 = CARTESIAN_POINT('',(-202.2644223682,-202.2644223682,2.));
#3886 = VECTOR('',#3887,1.);
#3887 = DIRECTION('',(0.707106781187,0.707106781187,-0.));
#3888 = ORIENTED_EDGE('',*,*,#3182,.F.);
#3889 = ORIENTED_EDGE('',*,*,#3073,.T.);
#3890 = ORIENTED_EDGE('',*,*,#3891,.F.);
#3891 = EDGE_CURVE('',#3892,#3074,#3894,.T.);
#3892 = VERTEX_POINT('',#3893);
#3893 = CARTESIAN_POINT('',(-167.035223749,164.20679662433,2.));
#3894 = CIRCLE('',#3895,25.);
#3895 = AXIS2_PLACEMENT_3D('',#3896,#3897,#3898);
#3896 = CARTESIAN_POINT('',(-148.,148.,2.));
#3897 = DIRECTION('',(0.,0.,1.));
#3898 = DIRECTION('',(-1.,-0.,0.));
#3899 = ORIENTED_EDGE('',*,*,#3900,.F.);
#3900 = EDGE_CURVE('',#3901,#3892,#3903,.T.);
#3901 = VERTEX_POINT('',#3902);
#3902 = CARTESIAN_POINT('',(-190.9188309203,188.09040379562,2.));
#3903 = LINE('',#3904,#3905);
#3904 = CARTESIAN_POINT('',(-91.17863593065,88.350208805913,2.));
#3905 = VECTOR('',#3906,1.);
#3906 = DIRECTION('',(0.707106781187,-0.707106781187,0.));
#3907 = ORIENTED_EDGE('',*,*,#3908,.T.);
#3908 = EDGE_CURVE('',#3901,#3909,#3911,.T.);
#3909 = VERTEX_POINT('',#3910);
#3910 = CARTESIAN_POINT('',(-189.5046173579,189.50461735799,2.));
#3911 = LINE('',#3912,#3913);
#3912 = CARTESIAN_POINT('',(-302.0046173579,77.004617357995,2.));
#3913 = VECTOR('',#3914,1.);
#3914 = DIRECTION('',(0.707106781187,0.707106781187,-0.));
#3915 = ORIENTED_EDGE('',*,*,#3916,.T.);
#3916 = EDGE_CURVE('',#3909,#3917,#3919,.T.);
#3917 = VERTEX_POINT('',#3918);
#3918 = CARTESIAN_POINT('',(-165.6776695296,165.67766952966,2.));
#3919 = LINE('',#3920,#3921);
#3920 = CARTESIAN_POINT('',(-89.76442236828,89.764422368286,2.));
#3921 = VECTOR('',#3922,1.);
#3922 = DIRECTION('',(0.707106781187,-0.707106781187,0.));
#3923 = ORIENTED_EDGE('',*,*,#3924,.F.);
#3924 = EDGE_CURVE('',#3018,#3917,#3925,.T.);
#3925 = CIRCLE('',#3926,25.);
#3926 = AXIS2_PLACEMENT_3D('',#3927,#3928,#3929);
#3927 = CARTESIAN_POINT('',(-148.,148.,2.));
#3928 = DIRECTION('',(0.,0.,1.));
#3929 = DIRECTION('',(-1.,-0.,0.));
#3930 = ORIENTED_EDGE('',*,*,#3015,.F.);
#3931 = ORIENTED_EDGE('',*,*,#3932,.F.);
#3932 = EDGE_CURVE('',#3933,#3016,#3935,.T.);
#3933 = VERTEX_POINT('',#3934);
#3934 = CARTESIAN_POINT('',(164.20679662433,167.03522374907,2.));
#3935 = CIRCLE('',#3936,25.);
#3936 = AXIS2_PLACEMENT_3D('',#3937,#3938,#3939);
#3937 = CARTESIAN_POINT('',(148.,148.,2.));
#3938 = DIRECTION('',(0.,0.,1.));
#3939 = DIRECTION('',(1.,0.,-0.));
#3940 = ORIENTED_EDGE('',*,*,#3941,.F.);
#3941 = EDGE_CURVE('',#3942,#3933,#3944,.T.);
#3942 = VERTEX_POINT('',#3943);
#3943 = CARTESIAN_POINT('',(188.09040379562,190.91883092036,2.));
#3944 = LINE('',#3945,#3946);
#3945 = CARTESIAN_POINT('',(-24.14979119408,-21.32136406934,2.));
#3946 = VECTOR('',#3947,1.);
#3947 = DIRECTION('',(-0.707106781187,-0.707106781187,0.));
#3948 = ORIENTED_EDGE('',*,*,#3949,.T.);
#3949 = EDGE_CURVE('',#3942,#3950,#3952,.T.);
#3950 = VERTEX_POINT('',#3951);
#3951 = CARTESIAN_POINT('',(189.50461735799,189.50461735799,2.));
#3952 = LINE('',#3953,#3954);
#3953 = CARTESIAN_POINT('',(189.50461735799,189.50461735799,2.));
#3954 = VECTOR('',#3955,1.);
#3955 = DIRECTION('',(0.707106781187,-0.707106781187,0.));
#3956 = ORIENTED_EDGE('',*,*,#3957,.T.);
#3957 = EDGE_CURVE('',#3950,#3958,#3960,.T.);
#3958 = VERTEX_POINT('',#3959);
#3959 = CARTESIAN_POINT('',(165.67766952966,165.67766952966,2.));
#3960 = LINE('',#3961,#3962);
#3961 = CARTESIAN_POINT('',(-22.73557763171,-22.73557763171,2.));
#3962 = VECTOR('',#3963,1.);
#3963 = DIRECTION('',(-0.707106781187,-0.707106781187,0.));
#3964 = ORIENTED_EDGE('',*,*,#3965,.F.);
#3965 = EDGE_CURVE('',#2976,#3958,#3966,.T.);
#3966 = CIRCLE('',#3967,25.);
#3967 = AXIS2_PLACEMENT_3D('',#3968,#3969,#3970);
#3968 = CARTESIAN_POINT('',(148.,148.,2.));
#3969 = DIRECTION('',(0.,0.,1.));
#3970 = DIRECTION('',(1.,0.,-0.));
#3971 = ORIENTED_EDGE('',*,*,#2975,.F.);
#3972 = ORIENTED_EDGE('',*,*,#3234,.F.);
#3973 = ORIENTED_EDGE('',*,*,#3974,.F.);
#3974 = EDGE_CURVE('',#3975,#3235,#3977,.T.);
#3975 = VERTEX_POINT('',#3976);
#3976 = CARTESIAN_POINT('',(190.91883092036,-188.0904037956,2.));
#3977 = LINE('',#3978,#3979);
#3978 = CARTESIAN_POINT('',(91.178635930659,-88.35020880591,2.));
#3979 = VECTOR('',#3980,1.);
#3980 = DIRECTION('',(-0.707106781187,0.707106781187,0.));
#3981 = ORIENTED_EDGE('',*,*,#3982,.T.);
#3982 = EDGE_CURVE('',#3975,#3983,#3985,.T.);
#3983 = VERTEX_POINT('',#3984);
#3984 = CARTESIAN_POINT('',(189.50461735799,-189.5046173579,2.));
#3985 = LINE('',#3986,#3987);
#3986 = CARTESIAN_POINT('',(77.004617357995,-302.0046173579,2.));
#3987 = VECTOR('',#3988,1.);
#3988 = DIRECTION('',(-0.707106781187,-0.707106781187,0.));
#3989 = ORIENTED_EDGE('',*,*,#3990,.T.);
#3990 = EDGE_CURVE('',#3983,#3261,#3991,.T.);
#3991 = LINE('',#3992,#3993);
#3992 = CARTESIAN_POINT('',(89.764422368286,-89.76442236828,2.));
#3993 = VECTOR('',#3994,1.);
#3994 = DIRECTION('',(-0.707106781187,0.707106781187,0.));
#3995 = ORIENTED_EDGE('',*,*,#3268,.F.);
#3996 = ORIENTED_EDGE('',*,*,#2935,.T.);
#3997 = ORIENTED_EDGE('',*,*,#3216,.F.);
#3998 = PLANE('',#3999);
#3999 = AXIS2_PLACEMENT_3D('',#4000,#4001,#4002);
#4000 = CARTESIAN_POINT('',(-225.,-225.,2.));
#4001 = DIRECTION('',(0.,0.,1.));
#4002 = DIRECTION('',(1.,0.,-0.));
#4003 = ADVANCED_FACE('',(#4004),#4034,.F.);
#4004 = FACE_BOUND('',#4005,.F.);
#4005 = EDGE_LOOP('',(#4006,#4007,#4008,#4016,#4025,#4031,#4032,#4033));
#4006 = ORIENTED_EDGE('',*,*,#2983,.F.);
#4007 = ORIENTED_EDGE('',*,*,#3965,.T.);
#4008 = ORIENTED_EDGE('',*,*,#4009,.F.);
#4009 = EDGE_CURVE('',#4010,#3958,#4012,.T.);
#4010 = VERTEX_POINT('',#4011);
#4011 = CARTESIAN_POINT('',(165.67766952966,165.67766952966,
    1.124234570245));
#4012 = LINE('',#4013,#4014);
#4013 = CARTESIAN_POINT('',(165.67766952966,165.67766952966,-24.));
#4014 = VECTOR('',#4015,1.);
#4015 = DIRECTION('',(0.,0.,1.));
#4016 = ORIENTED_EDGE('',*,*,#4017,.T.);
#4017 = EDGE_CURVE('',#4010,#4018,#4020,.T.);
#4018 = VERTEX_POINT('',#4019);
#4019 = CARTESIAN_POINT('',(164.20679662433,167.03522374907,
    1.172089038072));
#4020 = ELLIPSE('',#4021,29.119091489906,25.);
#4021 = AXIS2_PLACEMENT_3D('',#4022,#4023,#4024);
#4022 = CARTESIAN_POINT('',(148.,148.,16.0547901258));
#4023 = DIRECTION('',(0.362562722256,0.362562722256,0.858543269067));
#4024 = DIRECTION('',(-0.607081767499,-0.607081767499,0.512741119026));
#4025 = ORIENTED_EDGE('',*,*,#4026,.T.);
#4026 = EDGE_CURVE('',#4018,#3933,#4027,.T.);
#4027 = LINE('',#4028,#4029);
#4028 = CARTESIAN_POINT('',(164.20679662433,167.03522374907,-24.));
#4029 = VECTOR('',#4030,1.);
#4030 = DIRECTION('',(0.,0.,1.));
#4031 = ORIENTED_EDGE('',*,*,#3932,.T.);
#4032 = ORIENTED_EDGE('',*,*,#3032,.T.);
#4033 = ORIENTED_EDGE('',*,*,#2998,.F.);
#4034 = CYLINDRICAL_SURFACE('',#4035,25.);
#4035 = AXIS2_PLACEMENT_3D('',#4036,#4037,#4038);
#4036 = CARTESIAN_POINT('',(148.,148.,-24.));
#4037 = DIRECTION('',(0.,0.,1.));
#4038 = DIRECTION('',(1.,0.,-0.));
#4039 = ADVANCED_FACE('',(#4040),#4070,.F.);
#4040 = FACE_BOUND('',#4041,.T.);
#4041 = EDGE_LOOP('',(#4042,#4043,#4044,#4052,#4061,#4067,#4068,#4069));
#4042 = ORIENTED_EDGE('',*,*,#3081,.F.);
#4043 = ORIENTED_EDGE('',*,*,#3891,.F.);
#4044 = ORIENTED_EDGE('',*,*,#4045,.F.);
#4045 = EDGE_CURVE('',#4046,#3892,#4048,.T.);
#4046 = VERTEX_POINT('',#4047);
#4047 = CARTESIAN_POINT('',(-167.035223749,164.20679662433,
    1.172089038072));
#4048 = LINE('',#4049,#4050);
#4049 = CARTESIAN_POINT('',(-167.035223749,164.20679662433,-24.));
#4050 = VECTOR('',#4051,1.);
#4051 = DIRECTION('',(0.,0.,1.));
#4052 = ORIENTED_EDGE('',*,*,#4053,.F.);
#4053 = EDGE_CURVE('',#4054,#4046,#4056,.T.);
#4054 = VERTEX_POINT('',#4055);
#4055 = CARTESIAN_POINT('',(-165.6776695296,165.67766952966,
    1.124234570245));
#4056 = ELLIPSE('',#4057,29.119091489906,25.);
#4057 = AXIS2_PLACEMENT_3D('',#4058,#4059,#4060);
#4058 = CARTESIAN_POINT('',(-148.,148.,16.0547901258));
#4059 = DIRECTION('',(-0.362562722256,0.362562722256,0.858543269067));
#4060 = DIRECTION('',(0.607081767499,-0.607081767499,0.512741119026));
#4061 = ORIENTED_EDGE('',*,*,#4062,.T.);
#4062 = EDGE_CURVE('',#4054,#3917,#4063,.T.);
#4063 = LINE('',#4064,#4065);
#4064 = CARTESIAN_POINT('',(-165.6776695296,165.67766952966,-24.));
#4065 = VECTOR('',#4066,1.);
#4066 = DIRECTION('',(0.,0.,1.));
#4067 = ORIENTED_EDGE('',*,*,#3924,.F.);
#4068 = ORIENTED_EDGE('',*,*,#3025,.T.);
#4069 = ORIENTED_EDGE('',*,*,#3047,.T.);
#4070 = CYLINDRICAL_SURFACE('',#4071,25.);
#4071 = AXIS2_PLACEMENT_3D('',#4072,#4073,#4074);
#4072 = CARTESIAN_POINT('',(-148.,148.,-24.));
#4073 = DIRECTION('',(0.,0.,1.));
#4074 = DIRECTION('',(-1.,-0.,0.));
#4075 = ADVANCED_FACE('',(#4076),#4102,.T.);
#4076 = FACE_BOUND('',#4077,.T.);
#4077 = EDGE_LOOP('',(#4078,#4086,#4095,#4101));
#4078 = ORIENTED_EDGE('',*,*,#4079,.F.);
#4079 = EDGE_CURVE('',#4080,#3106,#4082,.T.);
#4080 = VERTEX_POINT('',#4081);
#4081 = CARTESIAN_POINT('',(-209.,-206.,0.));
#4082 = LINE('',#4083,#4084);
#4083 = CARTESIAN_POINT('',(-209.,-206.,0.));
#4084 = VECTOR('',#4085,1.);
#4085 = DIRECTION('',(0.,0.,1.));
#4086 = ORIENTED_EDGE('',*,*,#4087,.T.);
#4087 = EDGE_CURVE('',#4080,#4088,#4090,.T.);
#4088 = VERTEX_POINT('',#4089);
#4089 = CARTESIAN_POINT('',(-206.,-209.,0.));
#4090 = CIRCLE('',#4091,3.);
#4091 = AXIS2_PLACEMENT_3D('',#4092,#4093,#4094);
#4092 = CARTESIAN_POINT('',(-206.,-206.,0.));
#4093 = DIRECTION('',(0.,0.,1.));
#4094 = DIRECTION('',(0.,-1.,0.));
#4095 = ORIENTED_EDGE('',*,*,#4096,.T.);
#4096 = EDGE_CURVE('',#4088,#3108,#4097,.T.);
#4097 = LINE('',#4098,#4099);
#4098 = CARTESIAN_POINT('',(-206.,-209.,0.));
#4099 = VECTOR('',#4100,1.);
#4100 = DIRECTION('',(0.,0.,1.));
#4101 = ORIENTED_EDGE('',*,*,#3105,.F.);
#4102 = CYLINDRICAL_SURFACE('',#4103,3.);
#4103 = AXIS2_PLACEMENT_3D('',#4104,#4105,#4106);
#4104 = CARTESIAN_POINT('',(-206.,-206.,0.));
#4105 = DIRECTION('',(0.,0.,1.));
#4106 = DIRECTION('',(-1.,-0.,0.));
#4107 = ADVANCED_FACE('',(#4108),#4126,.F.);
#4108 = FACE_BOUND('',#4109,.F.);
#4109 = EDGE_LOOP('',(#4110,#4111,#4112,#4120));
#4110 = ORIENTED_EDGE('',*,*,#3116,.F.);
#4111 = ORIENTED_EDGE('',*,*,#4079,.F.);
#4112 = ORIENTED_EDGE('',*,*,#4113,.T.);
#4113 = EDGE_CURVE('',#4080,#4114,#4116,.T.);
#4114 = VERTEX_POINT('',#4115);
#4115 = CARTESIAN_POINT('',(-209.,206.,0.));
#4116 = LINE('',#4117,#4118);
#4117 = CARTESIAN_POINT('',(-209.,-209.,0.));
#4118 = VECTOR('',#4119,1.);
#4119 = DIRECTION('',(-0.,1.,0.));
#4120 = ORIENTED_EDGE('',*,*,#4121,.T.);
#4121 = EDGE_CURVE('',#4114,#3117,#4122,.T.);
#4122 = LINE('',#4123,#4124);
#4123 = CARTESIAN_POINT('',(-209.,206.,0.));
#4124 = VECTOR('',#4125,1.);
#4125 = DIRECTION('',(0.,0.,1.));
#4126 = PLANE('',#4127);
#4127 = AXIS2_PLACEMENT_3D('',#4128,#4129,#4130);
#4128 = CARTESIAN_POINT('',(-209.,-209.,0.));
#4129 = DIRECTION('',(1.,0.,-0.));
#4130 = DIRECTION('',(0.,0.,1.));
#4131 = ADVANCED_FACE('',(#4132),#4150,.F.);
#4132 = FACE_BOUND('',#4133,.F.);
#4133 = EDGE_LOOP('',(#4134,#4142,#4143,#4144));
#4134 = ORIENTED_EDGE('',*,*,#4135,.F.);
#4135 = EDGE_CURVE('',#4088,#4136,#4138,.T.);
#4136 = VERTEX_POINT('',#4137);
#4137 = CARTESIAN_POINT('',(206.,-209.,0.));
#4138 = LINE('',#4139,#4140);
#4139 = CARTESIAN_POINT('',(-209.,-209.,0.));
#4140 = VECTOR('',#4141,1.);
#4141 = DIRECTION('',(1.,0.,-0.));
#4142 = ORIENTED_EDGE('',*,*,#4096,.T.);
#4143 = ORIENTED_EDGE('',*,*,#3167,.F.);
#4144 = ORIENTED_EDGE('',*,*,#4145,.F.);
#4145 = EDGE_CURVE('',#4136,#3159,#4146,.T.);
#4146 = LINE('',#4147,#4148);
#4147 = CARTESIAN_POINT('',(206.,-209.,0.));
#4148 = VECTOR('',#4149,1.);
#4149 = DIRECTION('',(0.,0.,1.));
#4150 = PLANE('',#4151);
#4151 = AXIS2_PLACEMENT_3D('',#4152,#4153,#4154);
#4152 = CARTESIAN_POINT('',(-209.,-209.,0.));
#4153 = DIRECTION('',(-0.,1.,0.));
#4154 = DIRECTION('',(0.,0.,1.));
#4155 = ADVANCED_FACE('',(#4156),#4175,.T.);
#4156 = FACE_BOUND('',#4157,.F.);
#4157 = EDGE_LOOP('',(#4158,#4159,#4168,#4174));
#4158 = ORIENTED_EDGE('',*,*,#4121,.F.);
#4159 = ORIENTED_EDGE('',*,*,#4160,.T.);
#4160 = EDGE_CURVE('',#4114,#4161,#4163,.T.);
#4161 = VERTEX_POINT('',#4162);
#4162 = CARTESIAN_POINT('',(-206.,209.,0.));
#4163 = CIRCLE('',#4164,3.);
#4164 = AXIS2_PLACEMENT_3D('',#4165,#4166,#4167);
#4165 = CARTESIAN_POINT('',(-206.,206.,0.));
#4166 = DIRECTION('',(-0.,-0.,-1.));
#4167 = DIRECTION('',(0.,-1.,0.));
#4168 = ORIENTED_EDGE('',*,*,#4169,.T.);
#4169 = EDGE_CURVE('',#4161,#3125,#4170,.T.);
#4170 = LINE('',#4171,#4172);
#4171 = CARTESIAN_POINT('',(-206.,209.,0.));
#4172 = VECTOR('',#4173,1.);
#4173 = DIRECTION('',(0.,0.,1.));
#4174 = ORIENTED_EDGE('',*,*,#3124,.T.);
#4175 = CYLINDRICAL_SURFACE('',#4176,3.);
#4176 = AXIS2_PLACEMENT_3D('',#4177,#4178,#4179);
#4177 = CARTESIAN_POINT('',(-206.,206.,0.));
#4178 = DIRECTION('',(0.,0.,1.));
#4179 = DIRECTION('',(-1.,-0.,0.));
#4180 = ADVANCED_FACE('',(#4181),#4200,.T.);
#4181 = FACE_BOUND('',#4182,.F.);
#4182 = EDGE_LOOP('',(#4183,#4191,#4198,#4199));
#4183 = ORIENTED_EDGE('',*,*,#4184,.F.);
#4184 = EDGE_CURVE('',#4185,#3151,#4187,.T.);
#4185 = VERTEX_POINT('',#4186);
#4186 = CARTESIAN_POINT('',(209.,-206.,0.));
#4187 = LINE('',#4188,#4189);
#4188 = CARTESIAN_POINT('',(209.,-206.,0.));
#4189 = VECTOR('',#4190,1.);
#4190 = DIRECTION('',(0.,0.,1.));
#4191 = ORIENTED_EDGE('',*,*,#4192,.T.);
#4192 = EDGE_CURVE('',#4185,#4136,#4193,.T.);
#4193 = CIRCLE('',#4194,3.);
#4194 = AXIS2_PLACEMENT_3D('',#4195,#4196,#4197);
#4195 = CARTESIAN_POINT('',(206.,-206.,0.));
#4196 = DIRECTION('',(-0.,-0.,-1.));
#4197 = DIRECTION('',(0.,-1.,0.));
#4198 = ORIENTED_EDGE('',*,*,#4145,.T.);
#4199 = ORIENTED_EDGE('',*,*,#3158,.T.);
#4200 = CYLINDRICAL_SURFACE('',#4201,3.);
#4201 = AXIS2_PLACEMENT_3D('',#4202,#4203,#4204);
#4202 = CARTESIAN_POINT('',(206.,-206.,0.));
#4203 = DIRECTION('',(0.,0.,1.));
#4204 = DIRECTION('',(1.,0.,-0.));
#4205 = ADVANCED_FACE('',(#4206),#4224,.T.);
#4206 = FACE_BOUND('',#4207,.T.);
#4207 = EDGE_LOOP('',(#4208,#4216,#4217,#4218));
#4208 = ORIENTED_EDGE('',*,*,#4209,.F.);
#4209 = EDGE_CURVE('',#4161,#4210,#4212,.T.);
#4210 = VERTEX_POINT('',#4211);
#4211 = CARTESIAN_POINT('',(206.,209.,0.));
#4212 = LINE('',#4213,#4214);
#4213 = CARTESIAN_POINT('',(-209.,209.,0.));
#4214 = VECTOR('',#4215,1.);
#4215 = DIRECTION('',(1.,0.,-0.));
#4216 = ORIENTED_EDGE('',*,*,#4169,.T.);
#4217 = ORIENTED_EDGE('',*,*,#3133,.F.);
#4218 = ORIENTED_EDGE('',*,*,#4219,.F.);
#4219 = EDGE_CURVE('',#4210,#3134,#4220,.T.);
#4220 = LINE('',#4221,#4222);
#4221 = CARTESIAN_POINT('',(206.,209.,0.));
#4222 = VECTOR('',#4223,1.);
#4223 = DIRECTION('',(0.,0.,1.));
#4224 = PLANE('',#4225);
#4225 = AXIS2_PLACEMENT_3D('',#4226,#4227,#4228);
#4226 = CARTESIAN_POINT('',(-209.,209.,0.));
#4227 = DIRECTION('',(-0.,1.,0.));
#4228 = DIRECTION('',(0.,0.,1.));
#4229 = ADVANCED_FACE('',(#4230),#4248,.T.);
#4230 = FACE_BOUND('',#4231,.T.);
#4231 = EDGE_LOOP('',(#4232,#4233,#4234,#4242));
#4232 = ORIENTED_EDGE('',*,*,#3150,.F.);
#4233 = ORIENTED_EDGE('',*,*,#4184,.F.);
#4234 = ORIENTED_EDGE('',*,*,#4235,.T.);
#4235 = EDGE_CURVE('',#4185,#4236,#4238,.T.);
#4236 = VERTEX_POINT('',#4237);
#4237 = CARTESIAN_POINT('',(209.,206.,0.));
#4238 = LINE('',#4239,#4240);
#4239 = CARTESIAN_POINT('',(209.,-209.,0.));
#4240 = VECTOR('',#4241,1.);
#4241 = DIRECTION('',(-0.,1.,0.));
#4242 = ORIENTED_EDGE('',*,*,#4243,.T.);
#4243 = EDGE_CURVE('',#4236,#3142,#4244,.T.);
#4244 = LINE('',#4245,#4246);
#4245 = CARTESIAN_POINT('',(209.,206.,0.));
#4246 = VECTOR('',#4247,1.);
#4247 = DIRECTION('',(0.,0.,1.));
#4248 = PLANE('',#4249);
#4249 = AXIS2_PLACEMENT_3D('',#4250,#4251,#4252);
#4250 = CARTESIAN_POINT('',(209.,-209.,0.));
#4251 = DIRECTION('',(1.,0.,-0.));
#4252 = DIRECTION('',(0.,0.,1.));
#4253 = ADVANCED_FACE('',(#4254),#4266,.T.);
#4254 = FACE_BOUND('',#4255,.T.);
#4255 = EDGE_LOOP('',(#4256,#4257,#4264,#4265));
#4256 = ORIENTED_EDGE('',*,*,#4243,.F.);
#4257 = ORIENTED_EDGE('',*,*,#4258,.T.);
#4258 = EDGE_CURVE('',#4236,#4210,#4259,.T.);
#4259 = CIRCLE('',#4260,3.);
#4260 = AXIS2_PLACEMENT_3D('',#4261,#4262,#4263);
#4261 = CARTESIAN_POINT('',(206.,206.,0.));
#4262 = DIRECTION('',(0.,0.,1.));
#4263 = DIRECTION('',(0.,-1.,0.));
#4264 = ORIENTED_EDGE('',*,*,#4219,.T.);
#4265 = ORIENTED_EDGE('',*,*,#3141,.F.);
#4266 = CYLINDRICAL_SURFACE('',#4267,3.);
#4267 = AXIS2_PLACEMENT_3D('',#4268,#4269,#4270);
#4268 = CARTESIAN_POINT('',(206.,206.,0.));
#4269 = DIRECTION('',(0.,0.,1.));
#4270 = DIRECTION('',(1.,0.,-0.));
#4271 = ADVANCED_FACE('',(#4272),#4290,.T.);
#4272 = FACE_BOUND('',#4273,.T.);
#4273 = EDGE_LOOP('',(#4274,#4282,#4288,#4289));
#4274 = ORIENTED_EDGE('',*,*,#4275,.T.);
#4275 = EDGE_CURVE('',#3868,#4276,#4278,.T.);
#4276 = VERTEX_POINT('',#4277);
#4277 = CARTESIAN_POINT('',(-188.0904037956,-190.9188309203,-19.));
#4278 = LINE('',#4279,#4280);
#4279 = CARTESIAN_POINT('',(-188.0904037956,-190.9188309203,2.5));
#4280 = VECTOR('',#4281,1.);
#4281 = DIRECTION('',(-0.,0.,-1.));
#4282 = ORIENTED_EDGE('',*,*,#4283,.T.);
#4283 = EDGE_CURVE('',#4276,#3200,#4284,.T.);
#4284 = LINE('',#4285,#4286);
#4285 = CARTESIAN_POINT('',(-188.0904037956,-190.9188309203,-19.));
#4286 = VECTOR('',#4287,1.);
#4287 = DIRECTION('',(0.607081767499,0.607081767499,0.512741119026));
#4288 = ORIENTED_EDGE('',*,*,#3208,.T.);
#4289 = ORIENTED_EDGE('',*,*,#3867,.F.);
#4290 = PLANE('',#4291);
#4291 = AXIS2_PLACEMENT_3D('',#4292,#4293,#4294);
#4292 = CARTESIAN_POINT('',(-178.1146311741,-180.9430582989,
    -4.357872936366));
#4293 = DIRECTION('',(0.707106781187,-0.707106781187,0.));
#4294 = DIRECTION('',(0.707106781187,0.707106781187,0.));
#4295 = ADVANCED_FACE('',(#4296),#4314,.F.);
#4296 = FACE_BOUND('',#4297,.F.);
#4297 = EDGE_LOOP('',(#4298,#4306,#4312,#4313));
#4298 = ORIENTED_EDGE('',*,*,#4299,.F.);
#4299 = EDGE_CURVE('',#4300,#3192,#4302,.T.);
#4300 = VERTEX_POINT('',#4301);
#4301 = CARTESIAN_POINT('',(-189.5046173579,-189.5046173579,-19.));
#4302 = LINE('',#4303,#4304);
#4303 = CARTESIAN_POINT('',(-189.5046173579,-189.5046173579,-19.));
#4304 = VECTOR('',#4305,1.);
#4305 = DIRECTION('',(0.607081767499,0.607081767499,0.512741119026));
#4306 = ORIENTED_EDGE('',*,*,#4307,.T.);
#4307 = EDGE_CURVE('',#4300,#4276,#4308,.T.);
#4308 = LINE('',#4309,#4310);
#4309 = CARTESIAN_POINT('',(-189.5046173579,-189.5046173579,-19.));
#4310 = VECTOR('',#4311,1.);
#4311 = DIRECTION('',(0.707106781187,-0.707106781187,0.));
#4312 = ORIENTED_EDGE('',*,*,#4283,.T.);
#4313 = ORIENTED_EDGE('',*,*,#3199,.F.);
#4314 = PLANE('',#4315);
#4315 = AXIS2_PLACEMENT_3D('',#4316,#4317,#4318);
#4316 = CARTESIAN_POINT('',(-189.5046173579,-189.5046173579,-19.));
#4317 = DIRECTION('',(-0.362562722256,-0.362562722256,0.858543269067));
#4318 = DIRECTION('',(0.607081767499,0.607081767499,0.512741119026));
#4319 = ADVANCED_FACE('',(#4320),#4331,.F.);
#4320 = FACE_BOUND('',#4321,.F.);
#4321 = EDGE_LOOP('',(#4322,#4328,#4329,#4330));
#4322 = ORIENTED_EDGE('',*,*,#4323,.T.);
#4323 = EDGE_CURVE('',#3876,#4300,#4324,.T.);
#4324 = LINE('',#4325,#4326);
#4325 = CARTESIAN_POINT('',(-189.5046173579,-189.5046173579,2.5));
#4326 = VECTOR('',#4327,1.);
#4327 = DIRECTION('',(-0.,0.,-1.));
#4328 = ORIENTED_EDGE('',*,*,#4299,.T.);
#4329 = ORIENTED_EDGE('',*,*,#3191,.T.);
#4330 = ORIENTED_EDGE('',*,*,#3883,.F.);
#4331 = PLANE('',#4332);
#4332 = AXIS2_PLACEMENT_3D('',#4333,#4334,#4335);
#4333 = CARTESIAN_POINT('',(-179.5288447365,-179.5288447365,
    -4.357872936366));
#4334 = DIRECTION('',(0.707106781187,-0.707106781187,0.));
#4335 = DIRECTION('',(0.707106781187,0.707106781187,0.));
#4336 = ADVANCED_FACE('',(#4337),#4355,.F.);
#4337 = FACE_BOUND('',#4338,.F.);
#4338 = EDGE_LOOP('',(#4339,#4347,#4353,#4354));
#4339 = ORIENTED_EDGE('',*,*,#4340,.T.);
#4340 = EDGE_CURVE('',#3983,#4341,#4343,.T.);
#4341 = VERTEX_POINT('',#4342);
#4342 = CARTESIAN_POINT('',(189.50461735799,-189.5046173579,-19.));
#4343 = LINE('',#4344,#4345);
#4344 = CARTESIAN_POINT('',(189.50461735799,-189.5046173579,2.5));
#4345 = VECTOR('',#4346,1.);
#4346 = DIRECTION('',(0.,-0.,-1.));
#4347 = ORIENTED_EDGE('',*,*,#4348,.T.);
#4348 = EDGE_CURVE('',#4341,#3252,#4349,.T.);
#4349 = LINE('',#4350,#4351);
#4350 = CARTESIAN_POINT('',(189.50461735799,-189.5046173579,-19.));
#4351 = VECTOR('',#4352,1.);
#4352 = DIRECTION('',(-0.607081767499,0.607081767499,0.512741119026));
#4353 = ORIENTED_EDGE('',*,*,#3260,.T.);
#4354 = ORIENTED_EDGE('',*,*,#3990,.F.);
#4355 = PLANE('',#4356);
#4356 = AXIS2_PLACEMENT_3D('',#4357,#4358,#4359);
#4357 = CARTESIAN_POINT('',(179.52884473657,-179.5288447365,
    -4.357872936366));
#4358 = DIRECTION('',(0.707106781187,0.707106781187,0.));
#4359 = DIRECTION('',(-0.707106781187,0.707106781187,0.));
#4360 = ADVANCED_FACE('',(#4361),#4379,.F.);
#4361 = FACE_BOUND('',#4362,.F.);
#4362 = EDGE_LOOP('',(#4363,#4364,#4372,#4378));
#4363 = ORIENTED_EDGE('',*,*,#4348,.F.);
#4364 = ORIENTED_EDGE('',*,*,#4365,.T.);
#4365 = EDGE_CURVE('',#4341,#4366,#4368,.T.);
#4366 = VERTEX_POINT('',#4367);
#4367 = CARTESIAN_POINT('',(190.91883092036,-188.0904037956,-19.));
#4368 = LINE('',#4369,#4370);
#4369 = CARTESIAN_POINT('',(189.50461735799,-189.5046173579,-19.));
#4370 = VECTOR('',#4371,1.);
#4371 = DIRECTION('',(0.707106781187,0.707106781187,0.));
#4372 = ORIENTED_EDGE('',*,*,#4373,.T.);
#4373 = EDGE_CURVE('',#4366,#3244,#4374,.T.);
#4374 = LINE('',#4375,#4376);
#4375 = CARTESIAN_POINT('',(190.91883092036,-188.0904037956,-19.));
#4376 = VECTOR('',#4377,1.);
#4377 = DIRECTION('',(-0.607081767499,0.607081767499,0.512741119026));
#4378 = ORIENTED_EDGE('',*,*,#3251,.F.);
#4379 = PLANE('',#4380);
#4380 = AXIS2_PLACEMENT_3D('',#4381,#4382,#4383);
#4381 = CARTESIAN_POINT('',(189.50461735799,-189.5046173579,-19.));
#4382 = DIRECTION('',(0.362562722256,-0.362562722256,0.858543269067));
#4383 = DIRECTION('',(-0.607081767499,0.607081767499,0.512741119026));
#4384 = ADVANCED_FACE('',(#4385),#4396,.T.);
#4385 = FACE_BOUND('',#4386,.T.);
#4386 = EDGE_LOOP('',(#4387,#4393,#4394,#4395));
#4387 = ORIENTED_EDGE('',*,*,#4388,.T.);
#4388 = EDGE_CURVE('',#3975,#4366,#4389,.T.);
#4389 = LINE('',#4390,#4391);
#4390 = CARTESIAN_POINT('',(190.91883092036,-188.0904037956,2.5));
#4391 = VECTOR('',#4392,1.);
#4392 = DIRECTION('',(0.,-0.,-1.));
#4393 = ORIENTED_EDGE('',*,*,#4373,.T.);
#4394 = ORIENTED_EDGE('',*,*,#3243,.T.);
#4395 = ORIENTED_EDGE('',*,*,#3974,.F.);
#4396 = PLANE('',#4397);
#4397 = AXIS2_PLACEMENT_3D('',#4398,#4399,#4400);
#4398 = CARTESIAN_POINT('',(180.94305829894,-178.1146311741,
    -4.357872936366));
#4399 = DIRECTION('',(0.707106781187,0.707106781187,0.));
#4400 = DIRECTION('',(-0.707106781187,0.707106781187,0.));
#4401 = ADVANCED_FACE('',(#4402,#4427),#4438,.T.);
#4402 = FACE_BOUND('',#4403,.T.);
#4403 = EDGE_LOOP('',(#4404,#4405,#4413,#4421));
#4404 = ORIENTED_EDGE('',*,*,#3285,.F.);
#4405 = ORIENTED_EDGE('',*,*,#4406,.F.);
#4406 = EDGE_CURVE('',#4407,#3286,#4409,.T.);
#4407 = VERTEX_POINT('',#4408);
#4408 = CARTESIAN_POINT('',(-197.,-173.,-19.));
#4409 = LINE('',#4410,#4411);
#4410 = CARTESIAN_POINT('',(-197.,-173.,-20.));
#4411 = VECTOR('',#4412,1.);
#4412 = DIRECTION('',(0.,0.,1.));
#4413 = ORIENTED_EDGE('',*,*,#4414,.T.);
#4414 = EDGE_CURVE('',#4407,#4415,#4417,.T.);
#4415 = VERTEX_POINT('',#4416);
#4416 = CARTESIAN_POINT('',(-197.,-150.5,-19.));
#4417 = LINE('',#4418,#4419);
#4418 = CARTESIAN_POINT('',(-197.,-197.75,-19.));
#4419 = VECTOR('',#4420,1.);
#4420 = DIRECTION('',(-0.,1.,0.));
#4421 = ORIENTED_EDGE('',*,*,#4422,.F.);
#4422 = EDGE_CURVE('',#3288,#4415,#4423,.T.);
#4423 = LINE('',#4424,#4425);
#4424 = CARTESIAN_POINT('',(-197.,-150.5,2.5));
#4425 = VECTOR('',#4426,1.);
#4426 = DIRECTION('',(0.,0.,-1.));
#4427 = FACE_BOUND('',#4428,.T.);
#4428 = EDGE_LOOP('',(#4429));
#4429 = ORIENTED_EDGE('',*,*,#4430,.T.);
#4430 = EDGE_CURVE('',#4431,#4431,#4433,.T.);
#4431 = VERTEX_POINT('',#4432);
#4432 = CARTESIAN_POINT('',(-197.,-165.,-8.));
#4433 = CIRCLE('',#4434,2.);
#4434 = AXIS2_PLACEMENT_3D('',#4435,#4436,#4437);
#4435 = CARTESIAN_POINT('',(-197.,-165.,-10.));
#4436 = DIRECTION('',(-1.,1.110223024625E-16,0.));
#4437 = DIRECTION('',(0.,0.,1.));
#4438 = PLANE('',#4439);
#4439 = AXIS2_PLACEMENT_3D('',#4440,#4441,#4442);
#4440 = CARTESIAN_POINT('',(-197.,-197.,-20.));
#4441 = DIRECTION('',(1.,0.,-0.));
#4442 = DIRECTION('',(0.,0.,1.));
#4443 = ADVANCED_FACE('',(#4444),#4463,.F.);
#4444 = FACE_BOUND('',#4445,.F.);
#4445 = EDGE_LOOP('',(#4446,#4447,#4456,#4462));
#4446 = ORIENTED_EDGE('',*,*,#4406,.F.);
#4447 = ORIENTED_EDGE('',*,*,#4448,.T.);
#4448 = EDGE_CURVE('',#4407,#4449,#4451,.T.);
#4449 = VERTEX_POINT('',#4450);
#4450 = CARTESIAN_POINT('',(-173.,-197.,-19.));
#4451 = CIRCLE('',#4452,24.);
#4452 = AXIS2_PLACEMENT_3D('',#4453,#4454,#4455);
#4453 = CARTESIAN_POINT('',(-173.,-173.,-19.));
#4454 = DIRECTION('',(0.,0.,1.));
#4455 = DIRECTION('',(-1.,-0.,0.));
#4456 = ORIENTED_EDGE('',*,*,#4457,.T.);
#4457 = EDGE_CURVE('',#4449,#3296,#4458,.T.);
#4458 = LINE('',#4459,#4460);
#4459 = CARTESIAN_POINT('',(-173.,-197.,-20.));
#4460 = VECTOR('',#4461,1.);
#4461 = DIRECTION('',(0.,0.,1.));
#4462 = ORIENTED_EDGE('',*,*,#3295,.F.);
#4463 = CYLINDRICAL_SURFACE('',#4464,24.);
#4464 = AXIS2_PLACEMENT_3D('',#4465,#4466,#4467);
#4465 = CARTESIAN_POINT('',(-173.,-173.,-20.));
#4466 = DIRECTION('',(0.,0.,1.));
#4467 = DIRECTION('',(-1.,-0.,0.));
#4468 = ADVANCED_FACE('',(#4469),#4479,.T.);
#4469 = FACE_BOUND('',#4470,.T.);
#4470 = EDGE_LOOP('',(#4471,#4477,#4478));
#4471 = ORIENTED_EDGE('',*,*,#4472,.T.);
#4472 = EDGE_CURVE('',#4415,#3852,#4473,.T.);
#4473 = LINE('',#4474,#4475);
#4474 = CARTESIAN_POINT('',(-197.,-150.5,-19.));
#4475 = VECTOR('',#4476,1.);
#4476 = DIRECTION('',(0.744835335723,-8.269333392741E-17,0.667248321585)
  );
#4477 = ORIENTED_EDGE('',*,*,#3859,.F.);
#4478 = ORIENTED_EDGE('',*,*,#4422,.T.);
#4479 = PLANE('',#4480);
#4480 = AXIS2_PLACEMENT_3D('',#4481,#4482,#4483);
#4481 = CARTESIAN_POINT('',(-188.3195282571,-150.5,-4.930471742859));
#4482 = DIRECTION('',(-1.110223024625E-16,-1.,-0.));
#4483 = DIRECTION('',(0.,0.,-1.));
#4484 = ADVANCED_FACE('',(#4485),#4503,.T.);
#4485 = FACE_BOUND('',#4486,.T.);
#4486 = EDGE_LOOP('',(#4487,#4488,#4496,#4502));
#4487 = ORIENTED_EDGE('',*,*,#3304,.F.);
#4488 = ORIENTED_EDGE('',*,*,#4489,.T.);
#4489 = EDGE_CURVE('',#3305,#4490,#4492,.T.);
#4490 = VERTEX_POINT('',#4491);
#4491 = CARTESIAN_POINT('',(-150.5,-197.,-19.));
#4492 = LINE('',#4493,#4494);
#4493 = CARTESIAN_POINT('',(-150.5,-197.,2.5));
#4494 = VECTOR('',#4495,1.);
#4495 = DIRECTION('',(-0.,0.,-1.));
#4496 = ORIENTED_EDGE('',*,*,#4497,.T.);
#4497 = EDGE_CURVE('',#4490,#4449,#4498,.T.);
#4498 = LINE('',#4499,#4500);
#4499 = CARTESIAN_POINT('',(-197.75,-197.,-19.));
#4500 = VECTOR('',#4501,1.);
#4501 = DIRECTION('',(-1.,-0.,0.));
#4502 = ORIENTED_EDGE('',*,*,#4457,.T.);
#4503 = PLANE('',#4504);
#4504 = AXIS2_PLACEMENT_3D('',#4505,#4506,#4507);
#4505 = CARTESIAN_POINT('',(-197.,-197.,-20.));
#4506 = DIRECTION('',(-0.,1.,0.));
#4507 = DIRECTION('',(0.,0.,1.));
#4508 = ADVANCED_FACE('',(#4509),#4527,.T.);
#4509 = FACE_BOUND('',#4510,.T.);
#4510 = EDGE_LOOP('',(#4511,#4512,#4520,#4526));
#4511 = ORIENTED_EDGE('',*,*,#4472,.F.);
#4512 = ORIENTED_EDGE('',*,*,#4513,.T.);
#4513 = EDGE_CURVE('',#4415,#4514,#4516,.T.);
#4514 = VERTEX_POINT('',#4515);
#4515 = CARTESIAN_POINT('',(-197.,-149.5,-19.));
#4516 = LINE('',#4517,#4518);
#4517 = CARTESIAN_POINT('',(-197.,-197.75,-19.));
#4518 = VECTOR('',#4519,1.);
#4519 = DIRECTION('',(-0.,1.,0.));
#4520 = ORIENTED_EDGE('',*,*,#4521,.T.);
#4521 = EDGE_CURVE('',#4514,#3844,#4522,.T.);
#4522 = LINE('',#4523,#4524);
#4523 = CARTESIAN_POINT('',(-197.,-149.5,-19.));
#4524 = VECTOR('',#4525,1.);
#4525 = DIRECTION('',(0.744835335723,-8.269333392741E-17,0.667248321585)
  );
#4526 = ORIENTED_EDGE('',*,*,#3851,.F.);
#4527 = PLANE('',#4528);
#4528 = AXIS2_PLACEMENT_3D('',#4529,#4530,#4531);
#4529 = CARTESIAN_POINT('',(-197.,-150.5,-19.));
#4530 = DIRECTION('',(0.667248321585,-7.407944497664E-17,-0.744835335723
    ));
#4531 = DIRECTION('',(0.744835335723,-8.269333392741E-17,0.667248321585)
  );
#4532 = ADVANCED_FACE('',(#4533),#4543,.F.);
#4533 = FACE_BOUND('',#4534,.F.);
#4534 = EDGE_LOOP('',(#4535,#4541,#4542));
#4535 = ORIENTED_EDGE('',*,*,#4536,.T.);
#4536 = EDGE_CURVE('',#4490,#3313,#4537,.T.);
#4537 = LINE('',#4538,#4539);
#4538 = CARTESIAN_POINT('',(-150.5,-197.,-19.));
#4539 = VECTOR('',#4540,1.);
#4540 = DIRECTION('',(9.121602097851E-17,0.744835335723,0.667248321585)
  );
#4541 = ORIENTED_EDGE('',*,*,#3312,.F.);
#4542 = ORIENTED_EDGE('',*,*,#4489,.T.);
#4543 = PLANE('',#4544);
#4544 = AXIS2_PLACEMENT_3D('',#4545,#4546,#4547);
#4545 = CARTESIAN_POINT('',(-150.5,-188.3195282571,-4.930471742859));
#4546 = DIRECTION('',(1.,-1.224646799147E-16,-0.));
#4547 = DIRECTION('',(-0.,0.,-1.));
#4548 = ADVANCED_FACE('',(#4549),#4559,.F.);
#4549 = FACE_BOUND('',#4550,.F.);
#4550 = EDGE_LOOP('',(#4551,#4552,#4553));
#4551 = ORIENTED_EDGE('',*,*,#4521,.T.);
#4552 = ORIENTED_EDGE('',*,*,#3843,.F.);
#4553 = ORIENTED_EDGE('',*,*,#4554,.T.);
#4554 = EDGE_CURVE('',#3836,#4514,#4555,.T.);
#4555 = LINE('',#4556,#4557);
#4556 = CARTESIAN_POINT('',(-197.,-149.5,2.5));
#4557 = VECTOR('',#4558,1.);
#4558 = DIRECTION('',(0.,0.,-1.));
#4559 = PLANE('',#4560);
#4560 = AXIS2_PLACEMENT_3D('',#4561,#4562,#4563);
#4561 = CARTESIAN_POINT('',(-188.3195282571,-149.5,-4.930471742859));
#4562 = DIRECTION('',(-1.110223024625E-16,-1.,-0.));
#4563 = DIRECTION('',(0.,0.,-1.));
#4564 = ADVANCED_FACE('',(#4565),#4583,.T.);
#4565 = FACE_BOUND('',#4566,.T.);
#4566 = EDGE_LOOP('',(#4567,#4575,#4581,#4582));
#4567 = ORIENTED_EDGE('',*,*,#4568,.F.);
#4568 = EDGE_CURVE('',#4569,#3321,#4571,.T.);
#4569 = VERTEX_POINT('',#4570);
#4570 = CARTESIAN_POINT('',(-149.5,-197.,-19.));
#4571 = LINE('',#4572,#4573);
#4572 = CARTESIAN_POINT('',(-149.5,-197.,-19.));
#4573 = VECTOR('',#4574,1.);
#4574 = DIRECTION('',(9.121602097851E-17,0.744835335723,0.667248321585)
  );
#4575 = ORIENTED_EDGE('',*,*,#4576,.T.);
#4576 = EDGE_CURVE('',#4569,#4490,#4577,.T.);
#4577 = LINE('',#4578,#4579);
#4578 = CARTESIAN_POINT('',(-197.75,-197.,-19.));
#4579 = VECTOR('',#4580,1.);
#4580 = DIRECTION('',(-1.,-0.,0.));
#4581 = ORIENTED_EDGE('',*,*,#4536,.T.);
#4582 = ORIENTED_EDGE('',*,*,#3320,.F.);
#4583 = PLANE('',#4584);
#4584 = AXIS2_PLACEMENT_3D('',#4585,#4586,#4587);
#4585 = CARTESIAN_POINT('',(-149.5,-197.,-19.));
#4586 = DIRECTION('',(8.171435212658E-17,0.667248321585,-0.744835335723)
  );
#4587 = DIRECTION('',(9.121602097851E-17,0.744835335723,0.667248321585)
  );
#4588 = ADVANCED_FACE('',(#4589),#4607,.T.);
#4589 = FACE_BOUND('',#4590,.T.);
#4590 = EDGE_LOOP('',(#4591,#4592,#4593,#4601));
#4591 = ORIENTED_EDGE('',*,*,#3835,.F.);
#4592 = ORIENTED_EDGE('',*,*,#4554,.T.);
#4593 = ORIENTED_EDGE('',*,*,#4594,.T.);
#4594 = EDGE_CURVE('',#4514,#4595,#4597,.T.);
#4595 = VERTEX_POINT('',#4596);
#4596 = CARTESIAN_POINT('',(-197.,-50.5,-19.));
#4597 = LINE('',#4598,#4599);
#4598 = CARTESIAN_POINT('',(-197.,-197.75,-19.));
#4599 = VECTOR('',#4600,1.);
#4600 = DIRECTION('',(-0.,1.,0.));
#4601 = ORIENTED_EDGE('',*,*,#4602,.F.);
#4602 = EDGE_CURVE('',#3828,#4595,#4603,.T.);
#4603 = LINE('',#4604,#4605);
#4604 = CARTESIAN_POINT('',(-197.,-50.5,2.5));
#4605 = VECTOR('',#4606,1.);
#4606 = DIRECTION('',(0.,0.,-1.));
#4607 = PLANE('',#4608);
#4608 = AXIS2_PLACEMENT_3D('',#4609,#4610,#4611);
#4609 = CARTESIAN_POINT('',(-197.,-197.,-20.));
#4610 = DIRECTION('',(1.,0.,-0.));
#4611 = DIRECTION('',(0.,0.,1.));
#4612 = ADVANCED_FACE('',(#4613),#4623,.T.);
#4613 = FACE_BOUND('',#4614,.T.);
#4614 = EDGE_LOOP('',(#4615,#4616,#4617));
#4615 = ORIENTED_EDGE('',*,*,#4568,.T.);
#4616 = ORIENTED_EDGE('',*,*,#3328,.F.);
#4617 = ORIENTED_EDGE('',*,*,#4618,.T.);
#4618 = EDGE_CURVE('',#3329,#4569,#4619,.T.);
#4619 = LINE('',#4620,#4621);
#4620 = CARTESIAN_POINT('',(-149.5,-197.,2.5));
#4621 = VECTOR('',#4622,1.);
#4622 = DIRECTION('',(-0.,0.,-1.));
#4623 = PLANE('',#4624);
#4624 = AXIS2_PLACEMENT_3D('',#4625,#4626,#4627);
#4625 = CARTESIAN_POINT('',(-149.5,-188.3195282571,-4.930471742859));
#4626 = DIRECTION('',(1.,-1.224646799147E-16,-0.));
#4627 = DIRECTION('',(-0.,0.,-1.));
#4628 = ADVANCED_FACE('',(#4629),#4639,.T.);
#4629 = FACE_BOUND('',#4630,.T.);
#4630 = EDGE_LOOP('',(#4631,#4637,#4638));
#4631 = ORIENTED_EDGE('',*,*,#4632,.T.);
#4632 = EDGE_CURVE('',#4595,#3820,#4633,.T.);
#4633 = LINE('',#4634,#4635);
#4634 = CARTESIAN_POINT('',(-197.,-50.5,-19.));
#4635 = VECTOR('',#4636,1.);
#4636 = DIRECTION('',(0.744835335723,-8.269333392741E-17,0.667248321585)
  );
#4637 = ORIENTED_EDGE('',*,*,#3827,.F.);
#4638 = ORIENTED_EDGE('',*,*,#4602,.T.);
#4639 = PLANE('',#4640);
#4640 = AXIS2_PLACEMENT_3D('',#4641,#4642,#4643);
#4641 = CARTESIAN_POINT('',(-188.3195282571,-50.5,-4.930471742859));
#4642 = DIRECTION('',(-1.110223024625E-16,-1.,-0.));
#4643 = DIRECTION('',(0.,0.,-1.));
#4644 = ADVANCED_FACE('',(#4645,#4663),#4674,.T.);
#4645 = FACE_BOUND('',#4646,.T.);
#4646 = EDGE_LOOP('',(#4647,#4648,#4656,#4662));
#4647 = ORIENTED_EDGE('',*,*,#3336,.F.);
#4648 = ORIENTED_EDGE('',*,*,#4649,.T.);
#4649 = EDGE_CURVE('',#3337,#4650,#4652,.T.);
#4650 = VERTEX_POINT('',#4651);
#4651 = CARTESIAN_POINT('',(-50.5,-197.,-19.));
#4652 = LINE('',#4653,#4654);
#4653 = CARTESIAN_POINT('',(-50.5,-197.,2.5));
#4654 = VECTOR('',#4655,1.);
#4655 = DIRECTION('',(-0.,0.,-1.));
#4656 = ORIENTED_EDGE('',*,*,#4657,.T.);
#4657 = EDGE_CURVE('',#4650,#4569,#4658,.T.);
#4658 = LINE('',#4659,#4660);
#4659 = CARTESIAN_POINT('',(-197.75,-197.,-19.));
#4660 = VECTOR('',#4661,1.);
#4661 = DIRECTION('',(-1.,-0.,0.));
#4662 = ORIENTED_EDGE('',*,*,#4618,.F.);
#4663 = FACE_BOUND('',#4664,.T.);
#4664 = EDGE_LOOP('',(#4665));
#4665 = ORIENTED_EDGE('',*,*,#4666,.T.);
#4666 = EDGE_CURVE('',#4667,#4667,#4669,.T.);
#4667 = VERTEX_POINT('',#4668);
#4668 = CARTESIAN_POINT('',(-140.,-197.,-8.));
#4669 = CIRCLE('',#4670,2.);
#4670 = AXIS2_PLACEMENT_3D('',#4671,#4672,#4673);
#4671 = CARTESIAN_POINT('',(-140.,-197.,-10.));
#4672 = DIRECTION('',(-1.224646799147E-16,-1.,0.));
#4673 = DIRECTION('',(0.,0.,1.));
#4674 = PLANE('',#4675);
#4675 = AXIS2_PLACEMENT_3D('',#4676,#4677,#4678);
#4676 = CARTESIAN_POINT('',(-197.,-197.,-20.));
#4677 = DIRECTION('',(-0.,1.,0.));
#4678 = DIRECTION('',(0.,0.,1.));
#4679 = ADVANCED_FACE('',(#4680),#4698,.T.);
#4680 = FACE_BOUND('',#4681,.T.);
#4681 = EDGE_LOOP('',(#4682,#4683,#4691,#4697));
#4682 = ORIENTED_EDGE('',*,*,#4632,.F.);
#4683 = ORIENTED_EDGE('',*,*,#4684,.T.);
#4684 = EDGE_CURVE('',#4595,#4685,#4687,.T.);
#4685 = VERTEX_POINT('',#4686);
#4686 = CARTESIAN_POINT('',(-197.,-49.5,-19.));
#4687 = LINE('',#4688,#4689);
#4688 = CARTESIAN_POINT('',(-197.,-197.75,-19.));
#4689 = VECTOR('',#4690,1.);
#4690 = DIRECTION('',(-0.,1.,0.));
#4691 = ORIENTED_EDGE('',*,*,#4692,.T.);
#4692 = EDGE_CURVE('',#4685,#3812,#4693,.T.);
#4693 = LINE('',#4694,#4695);
#4694 = CARTESIAN_POINT('',(-197.,-49.5,-19.));
#4695 = VECTOR('',#4696,1.);
#4696 = DIRECTION('',(0.744835335723,-8.269333392741E-17,0.667248321585)
  );
#4697 = ORIENTED_EDGE('',*,*,#3819,.F.);
#4698 = PLANE('',#4699);
#4699 = AXIS2_PLACEMENT_3D('',#4700,#4701,#4702);
#4700 = CARTESIAN_POINT('',(-197.,-50.5,-19.));
#4701 = DIRECTION('',(0.667248321585,-7.407944497664E-17,-0.744835335723
    ));
#4702 = DIRECTION('',(0.744835335723,-8.269333392741E-17,0.667248321585)
  );
#4703 = ADVANCED_FACE('',(#4704),#4714,.F.);
#4704 = FACE_BOUND('',#4705,.F.);
#4705 = EDGE_LOOP('',(#4706,#4712,#4713));
#4706 = ORIENTED_EDGE('',*,*,#4707,.T.);
#4707 = EDGE_CURVE('',#4650,#3345,#4708,.T.);
#4708 = LINE('',#4709,#4710);
#4709 = CARTESIAN_POINT('',(-50.5,-197.,-19.));
#4710 = VECTOR('',#4711,1.);
#4711 = DIRECTION('',(9.121602097851E-17,0.744835335723,0.667248321585)
  );
#4712 = ORIENTED_EDGE('',*,*,#3344,.F.);
#4713 = ORIENTED_EDGE('',*,*,#4649,.T.);
#4714 = PLANE('',#4715);
#4715 = AXIS2_PLACEMENT_3D('',#4716,#4717,#4718);
#4716 = CARTESIAN_POINT('',(-50.5,-188.3195282571,-4.930471742859));
#4717 = DIRECTION('',(1.,-1.224646799147E-16,-0.));
#4718 = DIRECTION('',(-0.,0.,-1.));
#4719 = ADVANCED_FACE('',(#4720),#4730,.F.);
#4720 = FACE_BOUND('',#4721,.F.);
#4721 = EDGE_LOOP('',(#4722,#4723,#4724));
#4722 = ORIENTED_EDGE('',*,*,#4692,.T.);
#4723 = ORIENTED_EDGE('',*,*,#3811,.F.);
#4724 = ORIENTED_EDGE('',*,*,#4725,.T.);
#4725 = EDGE_CURVE('',#3804,#4685,#4726,.T.);
#4726 = LINE('',#4727,#4728);
#4727 = CARTESIAN_POINT('',(-197.,-49.5,2.5));
#4728 = VECTOR('',#4729,1.);
#4729 = DIRECTION('',(0.,0.,-1.));
#4730 = PLANE('',#4731);
#4731 = AXIS2_PLACEMENT_3D('',#4732,#4733,#4734);
#4732 = CARTESIAN_POINT('',(-188.3195282571,-49.5,-4.930471742859));
#4733 = DIRECTION('',(-1.110223024625E-16,-1.,-0.));
#4734 = DIRECTION('',(0.,0.,-1.));
#4735 = ADVANCED_FACE('',(#4736),#4754,.T.);
#4736 = FACE_BOUND('',#4737,.T.);
#4737 = EDGE_LOOP('',(#4738,#4746,#4752,#4753));
#4738 = ORIENTED_EDGE('',*,*,#4739,.F.);
#4739 = EDGE_CURVE('',#4740,#3353,#4742,.T.);
#4740 = VERTEX_POINT('',#4741);
#4741 = CARTESIAN_POINT('',(-49.5,-197.,-19.));
#4742 = LINE('',#4743,#4744);
#4743 = CARTESIAN_POINT('',(-49.5,-197.,-19.));
#4744 = VECTOR('',#4745,1.);
#4745 = DIRECTION('',(9.121602097851E-17,0.744835335723,0.667248321585)
  );
#4746 = ORIENTED_EDGE('',*,*,#4747,.T.);
#4747 = EDGE_CURVE('',#4740,#4650,#4748,.T.);
#4748 = LINE('',#4749,#4750);
#4749 = CARTESIAN_POINT('',(-197.75,-197.,-19.));
#4750 = VECTOR('',#4751,1.);
#4751 = DIRECTION('',(-1.,-0.,0.));
#4752 = ORIENTED_EDGE('',*,*,#4707,.T.);
#4753 = ORIENTED_EDGE('',*,*,#3352,.F.);
#4754 = PLANE('',#4755);
#4755 = AXIS2_PLACEMENT_3D('',#4756,#4757,#4758);
#4756 = CARTESIAN_POINT('',(-49.5,-197.,-19.));
#4757 = DIRECTION('',(8.171435212658E-17,0.667248321585,-0.744835335723)
  );
#4758 = DIRECTION('',(9.121602097851E-17,0.744835335723,0.667248321585)
  );
#4759 = ADVANCED_FACE('',(#4760),#4778,.T.);
#4760 = FACE_BOUND('',#4761,.T.);
#4761 = EDGE_LOOP('',(#4762,#4763,#4764,#4772));
#4762 = ORIENTED_EDGE('',*,*,#3803,.F.);
#4763 = ORIENTED_EDGE('',*,*,#4725,.T.);
#4764 = ORIENTED_EDGE('',*,*,#4765,.T.);
#4765 = EDGE_CURVE('',#4685,#4766,#4768,.T.);
#4766 = VERTEX_POINT('',#4767);
#4767 = CARTESIAN_POINT('',(-197.,49.5,-19.));
#4768 = LINE('',#4769,#4770);
#4769 = CARTESIAN_POINT('',(-197.,-197.75,-19.));
#4770 = VECTOR('',#4771,1.);
#4771 = DIRECTION('',(-0.,1.,0.));
#4772 = ORIENTED_EDGE('',*,*,#4773,.F.);
#4773 = EDGE_CURVE('',#3796,#4766,#4774,.T.);
#4774 = LINE('',#4775,#4776);
#4775 = CARTESIAN_POINT('',(-197.,49.5,2.5));
#4776 = VECTOR('',#4777,1.);
#4777 = DIRECTION('',(0.,0.,-1.));
#4778 = PLANE('',#4779);
#4779 = AXIS2_PLACEMENT_3D('',#4780,#4781,#4782);
#4780 = CARTESIAN_POINT('',(-197.,-197.,-20.));
#4781 = DIRECTION('',(1.,0.,-0.));
#4782 = DIRECTION('',(0.,0.,1.));
#4783 = ADVANCED_FACE('',(#4784),#4794,.T.);
#4784 = FACE_BOUND('',#4785,.T.);
#4785 = EDGE_LOOP('',(#4786,#4787,#4788));
#4786 = ORIENTED_EDGE('',*,*,#4739,.T.);
#4787 = ORIENTED_EDGE('',*,*,#3360,.F.);
#4788 = ORIENTED_EDGE('',*,*,#4789,.T.);
#4789 = EDGE_CURVE('',#3361,#4740,#4790,.T.);
#4790 = LINE('',#4791,#4792);
#4791 = CARTESIAN_POINT('',(-49.5,-197.,2.5));
#4792 = VECTOR('',#4793,1.);
#4793 = DIRECTION('',(-0.,0.,-1.));
#4794 = PLANE('',#4795);
#4795 = AXIS2_PLACEMENT_3D('',#4796,#4797,#4798);
#4796 = CARTESIAN_POINT('',(-49.5,-188.3195282571,-4.930471742859));
#4797 = DIRECTION('',(1.,-1.224646799147E-16,-0.));
#4798 = DIRECTION('',(-0.,0.,-1.));
#4799 = ADVANCED_FACE('',(#4800),#4810,.T.);
#4800 = FACE_BOUND('',#4801,.T.);
#4801 = EDGE_LOOP('',(#4802,#4808,#4809));
#4802 = ORIENTED_EDGE('',*,*,#4803,.T.);
#4803 = EDGE_CURVE('',#4766,#3788,#4804,.T.);
#4804 = LINE('',#4805,#4806);
#4805 = CARTESIAN_POINT('',(-197.,49.5,-19.));
#4806 = VECTOR('',#4807,1.);
#4807 = DIRECTION('',(0.744835335723,-8.269333392741E-17,0.667248321585)
  );
#4808 = ORIENTED_EDGE('',*,*,#3795,.F.);
#4809 = ORIENTED_EDGE('',*,*,#4773,.T.);
#4810 = PLANE('',#4811);
#4811 = AXIS2_PLACEMENT_3D('',#4812,#4813,#4814);
#4812 = CARTESIAN_POINT('',(-188.3195282571,49.5,-4.930471742859));
#4813 = DIRECTION('',(-1.110223024625E-16,-1.,-0.));
#4814 = DIRECTION('',(0.,0.,-1.));
#4815 = ADVANCED_FACE('',(#4816,#4834),#4845,.T.);
#4816 = FACE_BOUND('',#4817,.T.);
#4817 = EDGE_LOOP('',(#4818,#4819,#4827,#4833));
#4818 = ORIENTED_EDGE('',*,*,#3368,.F.);
#4819 = ORIENTED_EDGE('',*,*,#4820,.T.);
#4820 = EDGE_CURVE('',#3369,#4821,#4823,.T.);
#4821 = VERTEX_POINT('',#4822);
#4822 = CARTESIAN_POINT('',(49.5,-197.,-19.));
#4823 = LINE('',#4824,#4825);
#4824 = CARTESIAN_POINT('',(49.5,-197.,2.5));
#4825 = VECTOR('',#4826,1.);
#4826 = DIRECTION('',(-0.,0.,-1.));
#4827 = ORIENTED_EDGE('',*,*,#4828,.T.);
#4828 = EDGE_CURVE('',#4821,#4740,#4829,.T.);
#4829 = LINE('',#4830,#4831);
#4830 = CARTESIAN_POINT('',(-197.75,-197.,-19.));
#4831 = VECTOR('',#4832,1.);
#4832 = DIRECTION('',(-1.,-0.,0.));
#4833 = ORIENTED_EDGE('',*,*,#4789,.F.);
#4834 = FACE_BOUND('',#4835,.T.);
#4835 = EDGE_LOOP('',(#4836));
#4836 = ORIENTED_EDGE('',*,*,#4837,.T.);
#4837 = EDGE_CURVE('',#4838,#4838,#4840,.T.);
#4838 = VERTEX_POINT('',#4839);
#4839 = CARTESIAN_POINT('',(-2.363568322354E-14,-197.,-8.));
#4840 = CIRCLE('',#4841,2.);
#4841 = AXIS2_PLACEMENT_3D('',#4842,#4843,#4844);
#4842 = CARTESIAN_POINT('',(-2.41255419432E-14,-197.,-10.));
#4843 = DIRECTION('',(-1.224646799147E-16,-1.,0.));
#4844 = DIRECTION('',(0.,0.,1.));
#4845 = PLANE('',#4846);
#4846 = AXIS2_PLACEMENT_3D('',#4847,#4848,#4849);
#4847 = CARTESIAN_POINT('',(-197.,-197.,-20.));
#4848 = DIRECTION('',(-0.,1.,0.));
#4849 = DIRECTION('',(0.,0.,1.));
#4850 = ADVANCED_FACE('',(#4851),#4869,.T.);
#4851 = FACE_BOUND('',#4852,.T.);
#4852 = EDGE_LOOP('',(#4853,#4854,#4862,#4868));
#4853 = ORIENTED_EDGE('',*,*,#4803,.F.);
#4854 = ORIENTED_EDGE('',*,*,#4855,.T.);
#4855 = EDGE_CURVE('',#4766,#4856,#4858,.T.);
#4856 = VERTEX_POINT('',#4857);
#4857 = CARTESIAN_POINT('',(-197.,50.5,-19.));
#4858 = LINE('',#4859,#4860);
#4859 = CARTESIAN_POINT('',(-197.,-197.75,-19.));
#4860 = VECTOR('',#4861,1.);
#4861 = DIRECTION('',(-0.,1.,0.));
#4862 = ORIENTED_EDGE('',*,*,#4863,.T.);
#4863 = EDGE_CURVE('',#4856,#3780,#4864,.T.);
#4864 = LINE('',#4865,#4866);
#4865 = CARTESIAN_POINT('',(-197.,50.5,-19.));
#4866 = VECTOR('',#4867,1.);
#4867 = DIRECTION('',(0.744835335723,-8.269333392741E-17,0.667248321585)
  );
#4868 = ORIENTED_EDGE('',*,*,#3787,.F.);
#4869 = PLANE('',#4870);
#4870 = AXIS2_PLACEMENT_3D('',#4871,#4872,#4873);
#4871 = CARTESIAN_POINT('',(-197.,49.5,-19.));
#4872 = DIRECTION('',(0.667248321585,-7.407944497664E-17,-0.744835335723
    ));
#4873 = DIRECTION('',(0.744835335723,-8.269333392741E-17,0.667248321585)
  );
#4874 = ADVANCED_FACE('',(#4875),#4885,.F.);
#4875 = FACE_BOUND('',#4876,.F.);
#4876 = EDGE_LOOP('',(#4877,#4883,#4884));
#4877 = ORIENTED_EDGE('',*,*,#4878,.T.);
#4878 = EDGE_CURVE('',#4821,#3377,#4879,.T.);
#4879 = LINE('',#4880,#4881);
#4880 = CARTESIAN_POINT('',(49.5,-197.,-19.));
#4881 = VECTOR('',#4882,1.);
#4882 = DIRECTION('',(9.121602097851E-17,0.744835335723,0.667248321585)
  );
#4883 = ORIENTED_EDGE('',*,*,#3376,.F.);
#4884 = ORIENTED_EDGE('',*,*,#4820,.T.);
#4885 = PLANE('',#4886);
#4886 = AXIS2_PLACEMENT_3D('',#4887,#4888,#4889);
#4887 = CARTESIAN_POINT('',(49.5,-188.3195282571,-4.930471742859));
#4888 = DIRECTION('',(1.,-1.224646799147E-16,-0.));
#4889 = DIRECTION('',(-0.,0.,-1.));
#4890 = ADVANCED_FACE('',(#4891),#4901,.F.);
#4891 = FACE_BOUND('',#4892,.F.);
#4892 = EDGE_LOOP('',(#4893,#4894,#4895));
#4893 = ORIENTED_EDGE('',*,*,#4863,.T.);
#4894 = ORIENTED_EDGE('',*,*,#3779,.F.);
#4895 = ORIENTED_EDGE('',*,*,#4896,.T.);
#4896 = EDGE_CURVE('',#3772,#4856,#4897,.T.);
#4897 = LINE('',#4898,#4899);
#4898 = CARTESIAN_POINT('',(-197.,50.5,2.5));
#4899 = VECTOR('',#4900,1.);
#4900 = DIRECTION('',(0.,0.,-1.));
#4901 = PLANE('',#4902);
#4902 = AXIS2_PLACEMENT_3D('',#4903,#4904,#4905);
#4903 = CARTESIAN_POINT('',(-188.3195282571,50.5,-4.930471742859));
#4904 = DIRECTION('',(-1.110223024625E-16,-1.,-0.));
#4905 = DIRECTION('',(0.,0.,-1.));
#4906 = ADVANCED_FACE('',(#4907),#4925,.T.);
#4907 = FACE_BOUND('',#4908,.T.);
#4908 = EDGE_LOOP('',(#4909,#4917,#4923,#4924));
#4909 = ORIENTED_EDGE('',*,*,#4910,.F.);
#4910 = EDGE_CURVE('',#4911,#3385,#4913,.T.);
#4911 = VERTEX_POINT('',#4912);
#4912 = CARTESIAN_POINT('',(50.5,-197.,-19.));
#4913 = LINE('',#4914,#4915);
#4914 = CARTESIAN_POINT('',(50.5,-197.,-19.));
#4915 = VECTOR('',#4916,1.);
#4916 = DIRECTION('',(9.121602097851E-17,0.744835335723,0.667248321585)
  );
#4917 = ORIENTED_EDGE('',*,*,#4918,.T.);
#4918 = EDGE_CURVE('',#4911,#4821,#4919,.T.);
#4919 = LINE('',#4920,#4921);
#4920 = CARTESIAN_POINT('',(-197.75,-197.,-19.));
#4921 = VECTOR('',#4922,1.);
#4922 = DIRECTION('',(-1.,-0.,0.));
#4923 = ORIENTED_EDGE('',*,*,#4878,.T.);
#4924 = ORIENTED_EDGE('',*,*,#3384,.F.);
#4925 = PLANE('',#4926);
#4926 = AXIS2_PLACEMENT_3D('',#4927,#4928,#4929);
#4927 = CARTESIAN_POINT('',(50.5,-197.,-19.));
#4928 = DIRECTION('',(8.171435212658E-17,0.667248321585,-0.744835335723)
  );
#4929 = DIRECTION('',(9.121602097851E-17,0.744835335723,0.667248321585)
  );
#4930 = ADVANCED_FACE('',(#4931),#4949,.T.);
#4931 = FACE_BOUND('',#4932,.T.);
#4932 = EDGE_LOOP('',(#4933,#4934,#4935,#4943));
#4933 = ORIENTED_EDGE('',*,*,#3771,.F.);
#4934 = ORIENTED_EDGE('',*,*,#4896,.T.);
#4935 = ORIENTED_EDGE('',*,*,#4936,.T.);
#4936 = EDGE_CURVE('',#4856,#4937,#4939,.T.);
#4937 = VERTEX_POINT('',#4938);
#4938 = CARTESIAN_POINT('',(-197.,149.5,-19.));
#4939 = LINE('',#4940,#4941);
#4940 = CARTESIAN_POINT('',(-197.,-197.75,-19.));
#4941 = VECTOR('',#4942,1.);
#4942 = DIRECTION('',(-0.,1.,0.));
#4943 = ORIENTED_EDGE('',*,*,#4944,.F.);
#4944 = EDGE_CURVE('',#3764,#4937,#4945,.T.);
#4945 = LINE('',#4946,#4947);
#4946 = CARTESIAN_POINT('',(-197.,149.5,2.5));
#4947 = VECTOR('',#4948,1.);
#4948 = DIRECTION('',(0.,0.,-1.));
#4949 = PLANE('',#4950);
#4950 = AXIS2_PLACEMENT_3D('',#4951,#4952,#4953);
#4951 = CARTESIAN_POINT('',(-197.,-197.,-20.));
#4952 = DIRECTION('',(1.,0.,-0.));
#4953 = DIRECTION('',(0.,0.,1.));
#4954 = ADVANCED_FACE('',(#4955),#4965,.T.);
#4955 = FACE_BOUND('',#4956,.T.);
#4956 = EDGE_LOOP('',(#4957,#4958,#4959));
#4957 = ORIENTED_EDGE('',*,*,#4910,.T.);
#4958 = ORIENTED_EDGE('',*,*,#3392,.F.);
#4959 = ORIENTED_EDGE('',*,*,#4960,.T.);
#4960 = EDGE_CURVE('',#3393,#4911,#4961,.T.);
#4961 = LINE('',#4962,#4963);
#4962 = CARTESIAN_POINT('',(50.5,-197.,2.5));
#4963 = VECTOR('',#4964,1.);
#4964 = DIRECTION('',(-0.,0.,-1.));
#4965 = PLANE('',#4966);
#4966 = AXIS2_PLACEMENT_3D('',#4967,#4968,#4969);
#4967 = CARTESIAN_POINT('',(50.5,-188.3195282571,-4.930471742859));
#4968 = DIRECTION('',(1.,-1.224646799147E-16,-0.));
#4969 = DIRECTION('',(-0.,0.,-1.));
#4970 = ADVANCED_FACE('',(#4971),#4981,.T.);
#4971 = FACE_BOUND('',#4972,.T.);
#4972 = EDGE_LOOP('',(#4973,#4979,#4980));
#4973 = ORIENTED_EDGE('',*,*,#4974,.T.);
#4974 = EDGE_CURVE('',#4937,#3756,#4975,.T.);
#4975 = LINE('',#4976,#4977);
#4976 = CARTESIAN_POINT('',(-197.,149.5,-19.));
#4977 = VECTOR('',#4978,1.);
#4978 = DIRECTION('',(0.744835335723,-8.269333392741E-17,0.667248321585)
  );
#4979 = ORIENTED_EDGE('',*,*,#3763,.F.);
#4980 = ORIENTED_EDGE('',*,*,#4944,.T.);
#4981 = PLANE('',#4982);
#4982 = AXIS2_PLACEMENT_3D('',#4983,#4984,#4985);
#4983 = CARTESIAN_POINT('',(-188.3195282571,149.5,-4.930471742859));
#4984 = DIRECTION('',(-1.110223024625E-16,-1.,-0.));
#4985 = DIRECTION('',(0.,0.,-1.));
#4986 = ADVANCED_FACE('',(#4987,#5005),#5016,.T.);
#4987 = FACE_BOUND('',#4988,.T.);
#4988 = EDGE_LOOP('',(#4989,#4990,#4998,#5004));
#4989 = ORIENTED_EDGE('',*,*,#3400,.F.);
#4990 = ORIENTED_EDGE('',*,*,#4991,.T.);
#4991 = EDGE_CURVE('',#3401,#4992,#4994,.T.);
#4992 = VERTEX_POINT('',#4993);
#4993 = CARTESIAN_POINT('',(149.5,-197.,-19.));
#4994 = LINE('',#4995,#4996);
#4995 = CARTESIAN_POINT('',(149.5,-197.,2.5));
#4996 = VECTOR('',#4997,1.);
#4997 = DIRECTION('',(-0.,0.,-1.));
#4998 = ORIENTED_EDGE('',*,*,#4999,.T.);
#4999 = EDGE_CURVE('',#4992,#4911,#5000,.T.);
#5000 = LINE('',#5001,#5002);
#5001 = CARTESIAN_POINT('',(-197.75,-197.,-19.));
#5002 = VECTOR('',#5003,1.);
#5003 = DIRECTION('',(-1.,-0.,0.));
#5004 = ORIENTED_EDGE('',*,*,#4960,.F.);
#5005 = FACE_BOUND('',#5006,.T.);
#5006 = EDGE_LOOP('',(#5007));
#5007 = ORIENTED_EDGE('',*,*,#5008,.T.);
#5008 = EDGE_CURVE('',#5009,#5009,#5011,.T.);
#5009 = VERTEX_POINT('',#5010);
#5010 = CARTESIAN_POINT('',(140.,-197.,-8.));
#5011 = CIRCLE('',#5012,2.);
#5012 = AXIS2_PLACEMENT_3D('',#5013,#5014,#5015);
#5013 = CARTESIAN_POINT('',(140.,-197.,-10.));
#5014 = DIRECTION('',(-1.224646799147E-16,-1.,0.));
#5015 = DIRECTION('',(0.,0.,1.));
#5016 = PLANE('',#5017);
#5017 = AXIS2_PLACEMENT_3D('',#5018,#5019,#5020);
#5018 = CARTESIAN_POINT('',(-197.,-197.,-20.));
#5019 = DIRECTION('',(-0.,1.,0.));
#5020 = DIRECTION('',(0.,0.,1.));
#5021 = ADVANCED_FACE('',(#5022),#5040,.T.);
#5022 = FACE_BOUND('',#5023,.T.);
#5023 = EDGE_LOOP('',(#5024,#5025,#5033,#5039));
#5024 = ORIENTED_EDGE('',*,*,#4974,.F.);
#5025 = ORIENTED_EDGE('',*,*,#5026,.T.);
#5026 = EDGE_CURVE('',#4937,#5027,#5029,.T.);
#5027 = VERTEX_POINT('',#5028);
#5028 = CARTESIAN_POINT('',(-197.,150.5,-19.));
#5029 = LINE('',#5030,#5031);
#5030 = CARTESIAN_POINT('',(-197.,-197.75,-19.));
#5031 = VECTOR('',#5032,1.);
#5032 = DIRECTION('',(-0.,1.,0.));
#5033 = ORIENTED_EDGE('',*,*,#5034,.T.);
#5034 = EDGE_CURVE('',#5027,#3748,#5035,.T.);
#5035 = LINE('',#5036,#5037);
#5036 = CARTESIAN_POINT('',(-197.,150.5,-19.));
#5037 = VECTOR('',#5038,1.);
#5038 = DIRECTION('',(0.744835335723,-8.269333392741E-17,0.667248321585)
  );
#5039 = ORIENTED_EDGE('',*,*,#3755,.F.);
#5040 = PLANE('',#5041);
#5041 = AXIS2_PLACEMENT_3D('',#5042,#5043,#5044);
#5042 = CARTESIAN_POINT('',(-197.,149.5,-19.));
#5043 = DIRECTION('',(0.667248321585,-7.407944497664E-17,-0.744835335723
    ));
#5044 = DIRECTION('',(0.744835335723,-8.269333392741E-17,0.667248321585)
  );
#5045 = ADVANCED_FACE('',(#5046),#5056,.F.);
#5046 = FACE_BOUND('',#5047,.F.);
#5047 = EDGE_LOOP('',(#5048,#5054,#5055));
#5048 = ORIENTED_EDGE('',*,*,#5049,.T.);
#5049 = EDGE_CURVE('',#4992,#3409,#5050,.T.);
#5050 = LINE('',#5051,#5052);
#5051 = CARTESIAN_POINT('',(149.5,-197.,-19.));
#5052 = VECTOR('',#5053,1.);
#5053 = DIRECTION('',(9.121602097851E-17,0.744835335723,0.667248321585)
  );
#5054 = ORIENTED_EDGE('',*,*,#3408,.F.);
#5055 = ORIENTED_EDGE('',*,*,#4991,.T.);
#5056 = PLANE('',#5057);
#5057 = AXIS2_PLACEMENT_3D('',#5058,#5059,#5060);
#5058 = CARTESIAN_POINT('',(149.5,-188.3195282571,-4.930471742859));
#5059 = DIRECTION('',(1.,-1.224646799147E-16,-0.));
#5060 = DIRECTION('',(-0.,0.,-1.));
#5061 = ADVANCED_FACE('',(#5062),#5072,.F.);
#5062 = FACE_BOUND('',#5063,.F.);
#5063 = EDGE_LOOP('',(#5064,#5065,#5066));
#5064 = ORIENTED_EDGE('',*,*,#5034,.T.);
#5065 = ORIENTED_EDGE('',*,*,#3747,.F.);
#5066 = ORIENTED_EDGE('',*,*,#5067,.T.);
#5067 = EDGE_CURVE('',#3740,#5027,#5068,.T.);
#5068 = LINE('',#5069,#5070);
#5069 = CARTESIAN_POINT('',(-197.,150.5,2.5));
#5070 = VECTOR('',#5071,1.);
#5071 = DIRECTION('',(0.,0.,-1.));
#5072 = PLANE('',#5073);
#5073 = AXIS2_PLACEMENT_3D('',#5074,#5075,#5076);
#5074 = CARTESIAN_POINT('',(-188.3195282571,150.5,-4.930471742859));
#5075 = DIRECTION('',(-1.110223024625E-16,-1.,-0.));
#5076 = DIRECTION('',(0.,0.,-1.));
#5077 = ADVANCED_FACE('',(#5078),#5096,.T.);
#5078 = FACE_BOUND('',#5079,.T.);
#5079 = EDGE_LOOP('',(#5080,#5088,#5094,#5095));
#5080 = ORIENTED_EDGE('',*,*,#5081,.F.);
#5081 = EDGE_CURVE('',#5082,#3417,#5084,.T.);
#5082 = VERTEX_POINT('',#5083);
#5083 = CARTESIAN_POINT('',(150.5,-197.,-19.));
#5084 = LINE('',#5085,#5086);
#5085 = CARTESIAN_POINT('',(150.5,-197.,-19.));
#5086 = VECTOR('',#5087,1.);
#5087 = DIRECTION('',(9.121602097851E-17,0.744835335723,0.667248321585)
  );
#5088 = ORIENTED_EDGE('',*,*,#5089,.T.);
#5089 = EDGE_CURVE('',#5082,#4992,#5090,.T.);
#5090 = LINE('',#5091,#5092);
#5091 = CARTESIAN_POINT('',(-197.75,-197.,-19.));
#5092 = VECTOR('',#5093,1.);
#5093 = DIRECTION('',(-1.,-0.,0.));
#5094 = ORIENTED_EDGE('',*,*,#5049,.T.);
#5095 = ORIENTED_EDGE('',*,*,#3416,.F.);
#5096 = PLANE('',#5097);
#5097 = AXIS2_PLACEMENT_3D('',#5098,#5099,#5100);
#5098 = CARTESIAN_POINT('',(150.5,-197.,-19.));
#5099 = DIRECTION('',(8.171435212658E-17,0.667248321585,-0.744835335723)
  );
#5100 = DIRECTION('',(9.121602097851E-17,0.744835335723,0.667248321585)
  );
#5101 = ADVANCED_FACE('',(#5102,#5120),#5131,.T.);
#5102 = FACE_BOUND('',#5103,.T.);
#5103 = EDGE_LOOP('',(#5104,#5105,#5106,#5114));
#5104 = ORIENTED_EDGE('',*,*,#3739,.F.);
#5105 = ORIENTED_EDGE('',*,*,#5067,.T.);
#5106 = ORIENTED_EDGE('',*,*,#5107,.T.);
#5107 = EDGE_CURVE('',#5027,#5108,#5110,.T.);
#5108 = VERTEX_POINT('',#5109);
#5109 = CARTESIAN_POINT('',(-197.,173.,-19.));
#5110 = LINE('',#5111,#5112);
#5111 = CARTESIAN_POINT('',(-197.,-197.75,-19.));
#5112 = VECTOR('',#5113,1.);
#5113 = DIRECTION('',(-0.,1.,0.));
#5114 = ORIENTED_EDGE('',*,*,#5115,.T.);
#5115 = EDGE_CURVE('',#5108,#3731,#5116,.T.);
#5116 = LINE('',#5117,#5118);
#5117 = CARTESIAN_POINT('',(-197.,173.,-20.));
#5118 = VECTOR('',#5119,1.);
#5119 = DIRECTION('',(0.,0.,1.));
#5120 = FACE_BOUND('',#5121,.T.);
#5121 = EDGE_LOOP('',(#5122));
#5122 = ORIENTED_EDGE('',*,*,#5123,.T.);
#5123 = EDGE_CURVE('',#5124,#5124,#5126,.T.);
#5124 = VERTEX_POINT('',#5125);
#5125 = CARTESIAN_POINT('',(-197.,165.,-8.));
#5126 = CIRCLE('',#5127,2.);
#5127 = AXIS2_PLACEMENT_3D('',#5128,#5129,#5130);
#5128 = CARTESIAN_POINT('',(-197.,165.,-10.));
#5129 = DIRECTION('',(-1.,1.110223024625E-16,0.));
#5130 = DIRECTION('',(0.,0.,1.));
#5131 = PLANE('',#5132);
#5132 = AXIS2_PLACEMENT_3D('',#5133,#5134,#5135);
#5133 = CARTESIAN_POINT('',(-197.,-197.,-20.));
#5134 = DIRECTION('',(1.,0.,-0.));
#5135 = DIRECTION('',(0.,0.,1.));
#5136 = ADVANCED_FACE('',(#5137),#5147,.T.);
#5137 = FACE_BOUND('',#5138,.T.);
#5138 = EDGE_LOOP('',(#5139,#5140,#5141));
#5139 = ORIENTED_EDGE('',*,*,#5081,.T.);
#5140 = ORIENTED_EDGE('',*,*,#3424,.F.);
#5141 = ORIENTED_EDGE('',*,*,#5142,.T.);
#5142 = EDGE_CURVE('',#3425,#5082,#5143,.T.);
#5143 = LINE('',#5144,#5145);
#5144 = CARTESIAN_POINT('',(150.5,-197.,2.5));
#5145 = VECTOR('',#5146,1.);
#5146 = DIRECTION('',(-0.,0.,-1.));
#5147 = PLANE('',#5148);
#5148 = AXIS2_PLACEMENT_3D('',#5149,#5150,#5151);
#5149 = CARTESIAN_POINT('',(150.5,-188.3195282571,-4.930471742859));
#5150 = DIRECTION('',(1.,-1.224646799147E-16,-0.));
#5151 = DIRECTION('',(-0.,0.,-1.));
#5152 = ADVANCED_FACE('',(#5153),#5172,.F.);
#5153 = FACE_BOUND('',#5154,.T.);
#5154 = EDGE_LOOP('',(#5155,#5156,#5165,#5171));
#5155 = ORIENTED_EDGE('',*,*,#5115,.F.);
#5156 = ORIENTED_EDGE('',*,*,#5157,.F.);
#5157 = EDGE_CURVE('',#5158,#5108,#5160,.T.);
#5158 = VERTEX_POINT('',#5159);
#5159 = CARTESIAN_POINT('',(-173.,197.,-19.));
#5160 = CIRCLE('',#5161,24.);
#5161 = AXIS2_PLACEMENT_3D('',#5162,#5163,#5164);
#5162 = CARTESIAN_POINT('',(-173.,173.,-19.));
#5163 = DIRECTION('',(0.,0.,1.));
#5164 = DIRECTION('',(-1.,-0.,0.));
#5165 = ORIENTED_EDGE('',*,*,#5166,.T.);
#5166 = EDGE_CURVE('',#5158,#3723,#5167,.T.);
#5167 = LINE('',#5168,#5169);
#5168 = CARTESIAN_POINT('',(-173.,197.,-20.));
#5169 = VECTOR('',#5170,1.);
#5170 = DIRECTION('',(0.,0.,1.));
#5171 = ORIENTED_EDGE('',*,*,#3730,.T.);
#5172 = CYLINDRICAL_SURFACE('',#5173,24.);
#5173 = AXIS2_PLACEMENT_3D('',#5174,#5175,#5176);
#5174 = CARTESIAN_POINT('',(-173.,173.,-20.));
#5175 = DIRECTION('',(0.,0.,1.));
#5176 = DIRECTION('',(-1.,-0.,0.));
#5177 = ADVANCED_FACE('',(#5178),#5196,.T.);
#5178 = FACE_BOUND('',#5179,.T.);
#5179 = EDGE_LOOP('',(#5180,#5188,#5194,#5195));
#5180 = ORIENTED_EDGE('',*,*,#5181,.F.);
#5181 = EDGE_CURVE('',#5182,#3433,#5184,.T.);
#5182 = VERTEX_POINT('',#5183);
#5183 = CARTESIAN_POINT('',(173.,-197.,-19.));
#5184 = LINE('',#5185,#5186);
#5185 = CARTESIAN_POINT('',(173.,-197.,-20.));
#5186 = VECTOR('',#5187,1.);
#5187 = DIRECTION('',(0.,0.,1.));
#5188 = ORIENTED_EDGE('',*,*,#5189,.T.);
#5189 = EDGE_CURVE('',#5182,#5082,#5190,.T.);
#5190 = LINE('',#5191,#5192);
#5191 = CARTESIAN_POINT('',(-197.75,-197.,-19.));
#5192 = VECTOR('',#5193,1.);
#5193 = DIRECTION('',(-1.,-0.,0.));
#5194 = ORIENTED_EDGE('',*,*,#5142,.F.);
#5195 = ORIENTED_EDGE('',*,*,#3432,.F.);
#5196 = PLANE('',#5197);
#5197 = AXIS2_PLACEMENT_3D('',#5198,#5199,#5200);
#5198 = CARTESIAN_POINT('',(-197.,-197.,-20.));
#5199 = DIRECTION('',(-0.,1.,0.));
#5200 = DIRECTION('',(0.,0.,1.));
#5201 = ADVANCED_FACE('',(#5202),#5220,.F.);
#5202 = FACE_BOUND('',#5203,.F.);
#5203 = EDGE_LOOP('',(#5204,#5212,#5218,#5219));
#5204 = ORIENTED_EDGE('',*,*,#5205,.T.);
#5205 = EDGE_CURVE('',#3715,#5206,#5208,.T.);
#5206 = VERTEX_POINT('',#5207);
#5207 = CARTESIAN_POINT('',(-150.5,197.,-19.));
#5208 = LINE('',#5209,#5210);
#5209 = CARTESIAN_POINT('',(-150.5,197.,2.5));
#5210 = VECTOR('',#5211,1.);
#5211 = DIRECTION('',(0.,0.,-1.));
#5212 = ORIENTED_EDGE('',*,*,#5213,.T.);
#5213 = EDGE_CURVE('',#5206,#5158,#5214,.T.);
#5214 = LINE('',#5215,#5216);
#5215 = CARTESIAN_POINT('',(-197.75,197.,-19.));
#5216 = VECTOR('',#5217,1.);
#5217 = DIRECTION('',(-1.,-0.,0.));
#5218 = ORIENTED_EDGE('',*,*,#5166,.T.);
#5219 = ORIENTED_EDGE('',*,*,#3722,.F.);
#5220 = PLANE('',#5221);
#5221 = AXIS2_PLACEMENT_3D('',#5222,#5223,#5224);
#5222 = CARTESIAN_POINT('',(-197.,197.,-20.));
#5223 = DIRECTION('',(-0.,1.,0.));
#5224 = DIRECTION('',(0.,0.,1.));
#5225 = ADVANCED_FACE('',(#5226),#5245,.F.);
#5226 = FACE_BOUND('',#5227,.T.);
#5227 = EDGE_LOOP('',(#5228,#5236,#5243,#5244));
#5228 = ORIENTED_EDGE('',*,*,#5229,.F.);
#5229 = EDGE_CURVE('',#5230,#3441,#5232,.T.);
#5230 = VERTEX_POINT('',#5231);
#5231 = CARTESIAN_POINT('',(197.,-173.,-19.));
#5232 = LINE('',#5233,#5234);
#5233 = CARTESIAN_POINT('',(197.,-173.,-20.));
#5234 = VECTOR('',#5235,1.);
#5235 = DIRECTION('',(0.,0.,1.));
#5236 = ORIENTED_EDGE('',*,*,#5237,.F.);
#5237 = EDGE_CURVE('',#5182,#5230,#5238,.T.);
#5238 = CIRCLE('',#5239,24.);
#5239 = AXIS2_PLACEMENT_3D('',#5240,#5241,#5242);
#5240 = CARTESIAN_POINT('',(173.,-173.,-19.));
#5241 = DIRECTION('',(0.,0.,1.));
#5242 = DIRECTION('',(1.,0.,-0.));
#5243 = ORIENTED_EDGE('',*,*,#5181,.T.);
#5244 = ORIENTED_EDGE('',*,*,#3440,.T.);
#5245 = CYLINDRICAL_SURFACE('',#5246,24.);
#5246 = AXIS2_PLACEMENT_3D('',#5247,#5248,#5249);
#5247 = CARTESIAN_POINT('',(173.,-173.,-20.));
#5248 = DIRECTION('',(0.,0.,1.));
#5249 = DIRECTION('',(1.,0.,-0.));
#5250 = ADVANCED_FACE('',(#5251),#5261,.T.);
#5251 = FACE_BOUND('',#5252,.T.);
#5252 = EDGE_LOOP('',(#5253,#5259,#5260));
#5253 = ORIENTED_EDGE('',*,*,#5254,.T.);
#5254 = EDGE_CURVE('',#5206,#3707,#5255,.T.);
#5255 = LINE('',#5256,#5257);
#5256 = CARTESIAN_POINT('',(-150.5,197.,-19.));
#5257 = VECTOR('',#5258,1.);
#5258 = DIRECTION('',(0.,-0.744835335723,0.667248321585));
#5259 = ORIENTED_EDGE('',*,*,#3714,.F.);
#5260 = ORIENTED_EDGE('',*,*,#5205,.T.);
#5261 = PLANE('',#5262);
#5262 = AXIS2_PLACEMENT_3D('',#5263,#5264,#5265);
#5263 = CARTESIAN_POINT('',(-150.5,188.31952825714,-4.930471742859));
#5264 = DIRECTION('',(-1.,-0.,-0.));
#5265 = DIRECTION('',(0.,0.,-1.));
#5266 = ADVANCED_FACE('',(#5267,#5285),#5296,.F.);
#5267 = FACE_BOUND('',#5268,.F.);
#5268 = EDGE_LOOP('',(#5269,#5270,#5271,#5279));
#5269 = ORIENTED_EDGE('',*,*,#3449,.F.);
#5270 = ORIENTED_EDGE('',*,*,#5229,.F.);
#5271 = ORIENTED_EDGE('',*,*,#5272,.T.);
#5272 = EDGE_CURVE('',#5230,#5273,#5275,.T.);
#5273 = VERTEX_POINT('',#5274);
#5274 = CARTESIAN_POINT('',(197.,-150.5,-19.));
#5275 = LINE('',#5276,#5277);
#5276 = CARTESIAN_POINT('',(197.,-197.75,-19.));
#5277 = VECTOR('',#5278,1.);
#5278 = DIRECTION('',(-0.,1.,0.));
#5279 = ORIENTED_EDGE('',*,*,#5280,.F.);
#5280 = EDGE_CURVE('',#3450,#5273,#5281,.T.);
#5281 = LINE('',#5282,#5283);
#5282 = CARTESIAN_POINT('',(197.,-150.5,2.5));
#5283 = VECTOR('',#5284,1.);
#5284 = DIRECTION('',(0.,-0.,-1.));
#5285 = FACE_BOUND('',#5286,.F.);
#5286 = EDGE_LOOP('',(#5287));
#5287 = ORIENTED_EDGE('',*,*,#5288,.F.);
#5288 = EDGE_CURVE('',#5289,#5289,#5291,.T.);
#5289 = VERTEX_POINT('',#5290);
#5290 = CARTESIAN_POINT('',(197.,-165.,-8.));
#5291 = CIRCLE('',#5292,2.);
#5292 = AXIS2_PLACEMENT_3D('',#5293,#5294,#5295);
#5293 = CARTESIAN_POINT('',(197.,-165.,-10.));
#5294 = DIRECTION('',(1.,-2.22044604925E-16,0.));
#5295 = DIRECTION('',(0.,0.,1.));
#5296 = PLANE('',#5297);
#5297 = AXIS2_PLACEMENT_3D('',#5298,#5299,#5300);
#5298 = CARTESIAN_POINT('',(197.,-197.,-20.));
#5299 = DIRECTION('',(1.,0.,-0.));
#5300 = DIRECTION('',(0.,0.,1.));
#5301 = ADVANCED_FACE('',(#5302),#5320,.T.);
#5302 = FACE_BOUND('',#5303,.T.);
#5303 = EDGE_LOOP('',(#5304,#5312,#5318,#5319));
#5304 = ORIENTED_EDGE('',*,*,#5305,.F.);
#5305 = EDGE_CURVE('',#5306,#5206,#5308,.T.);
#5306 = VERTEX_POINT('',#5307);
#5307 = CARTESIAN_POINT('',(-149.5,197.,-19.));
#5308 = LINE('',#5309,#5310);
#5309 = CARTESIAN_POINT('',(-197.75,197.,-19.));
#5310 = VECTOR('',#5311,1.);
#5311 = DIRECTION('',(-1.,-0.,0.));
#5312 = ORIENTED_EDGE('',*,*,#5313,.T.);
#5313 = EDGE_CURVE('',#5306,#3699,#5314,.T.);
#5314 = LINE('',#5315,#5316);
#5315 = CARTESIAN_POINT('',(-149.5,197.,-19.));
#5316 = VECTOR('',#5317,1.);
#5317 = DIRECTION('',(0.,-0.744835335723,0.667248321585));
#5318 = ORIENTED_EDGE('',*,*,#3706,.F.);
#5319 = ORIENTED_EDGE('',*,*,#5254,.F.);
#5320 = PLANE('',#5321);
#5321 = AXIS2_PLACEMENT_3D('',#5322,#5323,#5324);
#5322 = CARTESIAN_POINT('',(-150.5,197.,-19.));
#5323 = DIRECTION('',(0.,-0.667248321585,-0.744835335723));
#5324 = DIRECTION('',(0.,-0.744835335723,0.667248321585));
#5325 = ADVANCED_FACE('',(#5326),#5336,.F.);
#5326 = FACE_BOUND('',#5327,.F.);
#5327 = EDGE_LOOP('',(#5328,#5334,#5335));
#5328 = ORIENTED_EDGE('',*,*,#5329,.T.);
#5329 = EDGE_CURVE('',#5273,#3458,#5330,.T.);
#5330 = LINE('',#5331,#5332);
#5331 = CARTESIAN_POINT('',(197.,-150.5,-19.));
#5332 = VECTOR('',#5333,1.);
#5333 = DIRECTION('',(-0.744835335723,1.653866678548E-16,0.667248321585)
  );
#5334 = ORIENTED_EDGE('',*,*,#3457,.F.);
#5335 = ORIENTED_EDGE('',*,*,#5280,.T.);
#5336 = PLANE('',#5337);
#5337 = AXIS2_PLACEMENT_3D('',#5338,#5339,#5340);
#5338 = CARTESIAN_POINT('',(188.31952825714,-150.5,-4.930471742859));
#5339 = DIRECTION('',(2.22044604925E-16,1.,-0.));
#5340 = DIRECTION('',(0.,-0.,-1.));
#5341 = ADVANCED_FACE('',(#5342),#5352,.F.);
#5342 = FACE_BOUND('',#5343,.F.);
#5343 = EDGE_LOOP('',(#5344,#5345,#5346));
#5344 = ORIENTED_EDGE('',*,*,#5313,.T.);
#5345 = ORIENTED_EDGE('',*,*,#3698,.F.);
#5346 = ORIENTED_EDGE('',*,*,#5347,.T.);
#5347 = EDGE_CURVE('',#3691,#5306,#5348,.T.);
#5348 = LINE('',#5349,#5350);
#5349 = CARTESIAN_POINT('',(-149.5,197.,2.5));
#5350 = VECTOR('',#5351,1.);
#5351 = DIRECTION('',(0.,0.,-1.));
#5352 = PLANE('',#5353);
#5353 = AXIS2_PLACEMENT_3D('',#5354,#5355,#5356);
#5354 = CARTESIAN_POINT('',(-149.5,188.31952825714,-4.930471742859));
#5355 = DIRECTION('',(-1.,-0.,-0.));
#5356 = DIRECTION('',(0.,0.,-1.));
#5357 = ADVANCED_FACE('',(#5358),#5376,.T.);
#5358 = FACE_BOUND('',#5359,.T.);
#5359 = EDGE_LOOP('',(#5360,#5368,#5369,#5370));
#5360 = ORIENTED_EDGE('',*,*,#5361,.F.);
#5361 = EDGE_CURVE('',#5273,#5362,#5364,.T.);
#5362 = VERTEX_POINT('',#5363);
#5363 = CARTESIAN_POINT('',(197.,-149.5,-19.));
#5364 = LINE('',#5365,#5366);
#5365 = CARTESIAN_POINT('',(197.,-197.75,-19.));
#5366 = VECTOR('',#5367,1.);
#5367 = DIRECTION('',(-0.,1.,0.));
#5368 = ORIENTED_EDGE('',*,*,#5329,.T.);
#5369 = ORIENTED_EDGE('',*,*,#3465,.F.);
#5370 = ORIENTED_EDGE('',*,*,#5371,.F.);
#5371 = EDGE_CURVE('',#5362,#3466,#5372,.T.);
#5372 = LINE('',#5373,#5374);
#5373 = CARTESIAN_POINT('',(197.,-149.5,-19.));
#5374 = VECTOR('',#5375,1.);
#5375 = DIRECTION('',(-0.744835335723,1.653866678548E-16,0.667248321585)
  );
#5376 = PLANE('',#5377);
#5377 = AXIS2_PLACEMENT_3D('',#5378,#5379,#5380);
#5378 = CARTESIAN_POINT('',(197.,-149.5,-19.));
#5379 = DIRECTION('',(-0.667248321585,1.481588899533E-16,-0.744835335723
    ));
#5380 = DIRECTION('',(-0.744835335723,1.653866678548E-16,0.667248321585)
  );
#5381 = ADVANCED_FACE('',(#5382,#5400),#5411,.F.);
#5382 = FACE_BOUND('',#5383,.F.);
#5383 = EDGE_LOOP('',(#5384,#5392,#5398,#5399));
#5384 = ORIENTED_EDGE('',*,*,#5385,.T.);
#5385 = EDGE_CURVE('',#3683,#5386,#5388,.T.);
#5386 = VERTEX_POINT('',#5387);
#5387 = CARTESIAN_POINT('',(-50.5,197.,-19.));
#5388 = LINE('',#5389,#5390);
#5389 = CARTESIAN_POINT('',(-50.5,197.,2.5));
#5390 = VECTOR('',#5391,1.);
#5391 = DIRECTION('',(0.,0.,-1.));
#5392 = ORIENTED_EDGE('',*,*,#5393,.T.);
#5393 = EDGE_CURVE('',#5386,#5306,#5394,.T.);
#5394 = LINE('',#5395,#5396);
#5395 = CARTESIAN_POINT('',(-197.75,197.,-19.));
#5396 = VECTOR('',#5397,1.);
#5397 = DIRECTION('',(-1.,-0.,0.));
#5398 = ORIENTED_EDGE('',*,*,#5347,.F.);
#5399 = ORIENTED_EDGE('',*,*,#3690,.F.);
#5400 = FACE_BOUND('',#5401,.F.);
#5401 = EDGE_LOOP('',(#5402));
#5402 = ORIENTED_EDGE('',*,*,#5403,.F.);
#5403 = EDGE_CURVE('',#5404,#5404,#5406,.T.);
#5404 = VERTEX_POINT('',#5405);
#5405 = CARTESIAN_POINT('',(-140.,197.,-8.));
#5406 = CIRCLE('',#5407,2.);
#5407 = AXIS2_PLACEMENT_3D('',#5408,#5409,#5410);
#5408 = CARTESIAN_POINT('',(-140.,197.,-10.));
#5409 = DIRECTION('',(0.,1.,0.));
#5410 = DIRECTION('',(0.,-0.,1.));
#5411 = PLANE('',#5412);
#5412 = AXIS2_PLACEMENT_3D('',#5413,#5414,#5415);
#5413 = CARTESIAN_POINT('',(-197.,197.,-20.));
#5414 = DIRECTION('',(-0.,1.,0.));
#5415 = DIRECTION('',(0.,0.,1.));
#5416 = ADVANCED_FACE('',(#5417),#5427,.T.);
#5417 = FACE_BOUND('',#5418,.T.);
#5418 = EDGE_LOOP('',(#5419,#5420,#5421));
#5419 = ORIENTED_EDGE('',*,*,#5371,.T.);
#5420 = ORIENTED_EDGE('',*,*,#3473,.F.);
#5421 = ORIENTED_EDGE('',*,*,#5422,.T.);
#5422 = EDGE_CURVE('',#3474,#5362,#5423,.T.);
#5423 = LINE('',#5424,#5425);
#5424 = CARTESIAN_POINT('',(197.,-149.5,2.5));
#5425 = VECTOR('',#5426,1.);
#5426 = DIRECTION('',(0.,-0.,-1.));
#5427 = PLANE('',#5428);
#5428 = AXIS2_PLACEMENT_3D('',#5429,#5430,#5431);
#5429 = CARTESIAN_POINT('',(188.31952825714,-149.5,-4.930471742859));
#5430 = DIRECTION('',(2.22044604925E-16,1.,-0.));
#5431 = DIRECTION('',(0.,-0.,-1.));
#5432 = ADVANCED_FACE('',(#5433),#5443,.T.);
#5433 = FACE_BOUND('',#5434,.T.);
#5434 = EDGE_LOOP('',(#5435,#5441,#5442));
#5435 = ORIENTED_EDGE('',*,*,#5436,.T.);
#5436 = EDGE_CURVE('',#5386,#3675,#5437,.T.);
#5437 = LINE('',#5438,#5439);
#5438 = CARTESIAN_POINT('',(-50.5,197.,-19.));
#5439 = VECTOR('',#5440,1.);
#5440 = DIRECTION('',(0.,-0.744835335723,0.667248321585));
#5441 = ORIENTED_EDGE('',*,*,#3682,.F.);
#5442 = ORIENTED_EDGE('',*,*,#5385,.T.);
#5443 = PLANE('',#5444);
#5444 = AXIS2_PLACEMENT_3D('',#5445,#5446,#5447);
#5445 = CARTESIAN_POINT('',(-50.5,188.31952825714,-4.930471742859));
#5446 = DIRECTION('',(-1.,-0.,-0.));
#5447 = DIRECTION('',(0.,0.,-1.));
#5448 = ADVANCED_FACE('',(#5449),#5467,.F.);
#5449 = FACE_BOUND('',#5450,.F.);
#5450 = EDGE_LOOP('',(#5451,#5452,#5453,#5461));
#5451 = ORIENTED_EDGE('',*,*,#3481,.F.);
#5452 = ORIENTED_EDGE('',*,*,#5422,.T.);
#5453 = ORIENTED_EDGE('',*,*,#5454,.T.);
#5454 = EDGE_CURVE('',#5362,#5455,#5457,.T.);
#5455 = VERTEX_POINT('',#5456);
#5456 = CARTESIAN_POINT('',(197.,-50.5,-19.));
#5457 = LINE('',#5458,#5459);
#5458 = CARTESIAN_POINT('',(197.,-197.75,-19.));
#5459 = VECTOR('',#5460,1.);
#5460 = DIRECTION('',(-0.,1.,0.));
#5461 = ORIENTED_EDGE('',*,*,#5462,.F.);
#5462 = EDGE_CURVE('',#3482,#5455,#5463,.T.);
#5463 = LINE('',#5464,#5465);
#5464 = CARTESIAN_POINT('',(197.,-50.5,2.5));
#5465 = VECTOR('',#5466,1.);
#5466 = DIRECTION('',(0.,-0.,-1.));
#5467 = PLANE('',#5468);
#5468 = AXIS2_PLACEMENT_3D('',#5469,#5470,#5471);
#5469 = CARTESIAN_POINT('',(197.,-197.,-20.));
#5470 = DIRECTION('',(1.,0.,-0.));
#5471 = DIRECTION('',(0.,0.,1.));
#5472 = ADVANCED_FACE('',(#5473),#5491,.T.);
#5473 = FACE_BOUND('',#5474,.T.);
#5474 = EDGE_LOOP('',(#5475,#5483,#5489,#5490));
#5475 = ORIENTED_EDGE('',*,*,#5476,.F.);
#5476 = EDGE_CURVE('',#5477,#5386,#5479,.T.);
#5477 = VERTEX_POINT('',#5478);
#5478 = CARTESIAN_POINT('',(-49.5,197.,-19.));
#5479 = LINE('',#5480,#5481);
#5480 = CARTESIAN_POINT('',(-197.75,197.,-19.));
#5481 = VECTOR('',#5482,1.);
#5482 = DIRECTION('',(-1.,-0.,0.));
#5483 = ORIENTED_EDGE('',*,*,#5484,.T.);
#5484 = EDGE_CURVE('',#5477,#3667,#5485,.T.);
#5485 = LINE('',#5486,#5487);
#5486 = CARTESIAN_POINT('',(-49.5,197.,-19.));
#5487 = VECTOR('',#5488,1.);
#5488 = DIRECTION('',(0.,-0.744835335723,0.667248321585));
#5489 = ORIENTED_EDGE('',*,*,#3674,.F.);
#5490 = ORIENTED_EDGE('',*,*,#5436,.F.);
#5491 = PLANE('',#5492);
#5492 = AXIS2_PLACEMENT_3D('',#5493,#5494,#5495);
#5493 = CARTESIAN_POINT('',(-50.5,197.,-19.));
#5494 = DIRECTION('',(0.,-0.667248321585,-0.744835335723));
#5495 = DIRECTION('',(0.,-0.744835335723,0.667248321585));
#5496 = ADVANCED_FACE('',(#5497),#5507,.F.);
#5497 = FACE_BOUND('',#5498,.F.);
#5498 = EDGE_LOOP('',(#5499,#5505,#5506));
#5499 = ORIENTED_EDGE('',*,*,#5500,.T.);
#5500 = EDGE_CURVE('',#5455,#3490,#5501,.T.);
#5501 = LINE('',#5502,#5503);
#5502 = CARTESIAN_POINT('',(197.,-50.5,-19.));
#5503 = VECTOR('',#5504,1.);
#5504 = DIRECTION('',(-0.744835335723,1.653866678548E-16,0.667248321585)
  );
#5505 = ORIENTED_EDGE('',*,*,#3489,.F.);
#5506 = ORIENTED_EDGE('',*,*,#5462,.T.);
#5507 = PLANE('',#5508);
#5508 = AXIS2_PLACEMENT_3D('',#5509,#5510,#5511);
#5509 = CARTESIAN_POINT('',(188.31952825714,-50.5,-4.930471742859));
#5510 = DIRECTION('',(2.22044604925E-16,1.,-0.));
#5511 = DIRECTION('',(0.,-0.,-1.));
#5512 = ADVANCED_FACE('',(#5513),#5523,.F.);
#5513 = FACE_BOUND('',#5514,.F.);
#5514 = EDGE_LOOP('',(#5515,#5516,#5517));
#5515 = ORIENTED_EDGE('',*,*,#5484,.T.);
#5516 = ORIENTED_EDGE('',*,*,#3666,.F.);
#5517 = ORIENTED_EDGE('',*,*,#5518,.T.);
#5518 = EDGE_CURVE('',#3659,#5477,#5519,.T.);
#5519 = LINE('',#5520,#5521);
#5520 = CARTESIAN_POINT('',(-49.5,197.,2.5));
#5521 = VECTOR('',#5522,1.);
#5522 = DIRECTION('',(0.,0.,-1.));
#5523 = PLANE('',#5524);
#5524 = AXIS2_PLACEMENT_3D('',#5525,#5526,#5527);
#5525 = CARTESIAN_POINT('',(-49.5,188.31952825714,-4.930471742859));
#5526 = DIRECTION('',(-1.,-0.,-0.));
#5527 = DIRECTION('',(0.,0.,-1.));
#5528 = ADVANCED_FACE('',(#5529),#5547,.T.);
#5529 = FACE_BOUND('',#5530,.T.);
#5530 = EDGE_LOOP('',(#5531,#5539,#5540,#5541));
#5531 = ORIENTED_EDGE('',*,*,#5532,.F.);
#5532 = EDGE_CURVE('',#5455,#5533,#5535,.T.);
#5533 = VERTEX_POINT('',#5534);
#5534 = CARTESIAN_POINT('',(197.,-49.5,-19.));
#5535 = LINE('',#5536,#5537);
#5536 = CARTESIAN_POINT('',(197.,-197.75,-19.));
#5537 = VECTOR('',#5538,1.);
#5538 = DIRECTION('',(-0.,1.,0.));
#5539 = ORIENTED_EDGE('',*,*,#5500,.T.);
#5540 = ORIENTED_EDGE('',*,*,#3497,.F.);
#5541 = ORIENTED_EDGE('',*,*,#5542,.F.);
#5542 = EDGE_CURVE('',#5533,#3498,#5543,.T.);
#5543 = LINE('',#5544,#5545);
#5544 = CARTESIAN_POINT('',(197.,-49.5,-19.));
#5545 = VECTOR('',#5546,1.);
#5546 = DIRECTION('',(-0.744835335723,1.653866678548E-16,0.667248321585)
  );
#5547 = PLANE('',#5548);
#5548 = AXIS2_PLACEMENT_3D('',#5549,#5550,#5551);
#5549 = CARTESIAN_POINT('',(197.,-49.5,-19.));
#5550 = DIRECTION('',(-0.667248321585,1.481588899533E-16,-0.744835335723
    ));
#5551 = DIRECTION('',(-0.744835335723,1.653866678548E-16,0.667248321585)
  );
#5552 = ADVANCED_FACE('',(#5553,#5571),#5582,.F.);
#5553 = FACE_BOUND('',#5554,.F.);
#5554 = EDGE_LOOP('',(#5555,#5563,#5569,#5570));
#5555 = ORIENTED_EDGE('',*,*,#5556,.T.);
#5556 = EDGE_CURVE('',#3651,#5557,#5559,.T.);
#5557 = VERTEX_POINT('',#5558);
#5558 = CARTESIAN_POINT('',(49.5,197.,-19.));
#5559 = LINE('',#5560,#5561);
#5560 = CARTESIAN_POINT('',(49.5,197.,2.5));
#5561 = VECTOR('',#5562,1.);
#5562 = DIRECTION('',(0.,0.,-1.));
#5563 = ORIENTED_EDGE('',*,*,#5564,.T.);
#5564 = EDGE_CURVE('',#5557,#5477,#5565,.T.);
#5565 = LINE('',#5566,#5567);
#5566 = CARTESIAN_POINT('',(-197.75,197.,-19.));
#5567 = VECTOR('',#5568,1.);
#5568 = DIRECTION('',(-1.,-0.,0.));
#5569 = ORIENTED_EDGE('',*,*,#5518,.F.);
#5570 = ORIENTED_EDGE('',*,*,#3658,.F.);
#5571 = FACE_BOUND('',#5572,.F.);
#5572 = EDGE_LOOP('',(#5573));
#5573 = ORIENTED_EDGE('',*,*,#5574,.F.);
#5574 = EDGE_CURVE('',#5575,#5575,#5577,.T.);
#5575 = VERTEX_POINT('',#5576);
#5576 = CARTESIAN_POINT('',(-4.898587196589E-16,197.,-8.));
#5577 = CIRCLE('',#5578,2.);
#5578 = AXIS2_PLACEMENT_3D('',#5579,#5580,#5581);
#5579 = CARTESIAN_POINT('',(0.,197.,-10.));
#5580 = DIRECTION('',(0.,1.,0.));
#5581 = DIRECTION('',(0.,-0.,1.));
#5582 = PLANE('',#5583);
#5583 = AXIS2_PLACEMENT_3D('',#5584,#5585,#5586);
#5584 = CARTESIAN_POINT('',(-197.,197.,-20.));
#5585 = DIRECTION('',(-0.,1.,0.));
#5586 = DIRECTION('',(0.,0.,1.));
#5587 = ADVANCED_FACE('',(#5588),#5598,.T.);
#5588 = FACE_BOUND('',#5589,.T.);
#5589 = EDGE_LOOP('',(#5590,#5591,#5592));
#5590 = ORIENTED_EDGE('',*,*,#5542,.T.);
#5591 = ORIENTED_EDGE('',*,*,#3505,.F.);
#5592 = ORIENTED_EDGE('',*,*,#5593,.T.);
#5593 = EDGE_CURVE('',#3506,#5533,#5594,.T.);
#5594 = LINE('',#5595,#5596);
#5595 = CARTESIAN_POINT('',(197.,-49.5,2.5));
#5596 = VECTOR('',#5597,1.);
#5597 = DIRECTION('',(0.,-0.,-1.));
#5598 = PLANE('',#5599);
#5599 = AXIS2_PLACEMENT_3D('',#5600,#5601,#5602);
#5600 = CARTESIAN_POINT('',(188.31952825714,-49.5,-4.930471742859));
#5601 = DIRECTION('',(2.22044604925E-16,1.,-0.));
#5602 = DIRECTION('',(0.,-0.,-1.));
#5603 = ADVANCED_FACE('',(#5604),#5614,.T.);
#5604 = FACE_BOUND('',#5605,.T.);
#5605 = EDGE_LOOP('',(#5606,#5612,#5613));
#5606 = ORIENTED_EDGE('',*,*,#5607,.T.);
#5607 = EDGE_CURVE('',#5557,#3643,#5608,.T.);
#5608 = LINE('',#5609,#5610);
#5609 = CARTESIAN_POINT('',(49.5,197.,-19.));
#5610 = VECTOR('',#5611,1.);
#5611 = DIRECTION('',(0.,-0.744835335723,0.667248321585));
#5612 = ORIENTED_EDGE('',*,*,#3650,.F.);
#5613 = ORIENTED_EDGE('',*,*,#5556,.T.);
#5614 = PLANE('',#5615);
#5615 = AXIS2_PLACEMENT_3D('',#5616,#5617,#5618);
#5616 = CARTESIAN_POINT('',(49.5,188.31952825714,-4.930471742859));
#5617 = DIRECTION('',(-1.,-0.,-0.));
#5618 = DIRECTION('',(0.,0.,-1.));
#5619 = ADVANCED_FACE('',(#5620),#5638,.F.);
#5620 = FACE_BOUND('',#5621,.F.);
#5621 = EDGE_LOOP('',(#5622,#5623,#5624,#5632));
#5622 = ORIENTED_EDGE('',*,*,#3513,.F.);
#5623 = ORIENTED_EDGE('',*,*,#5593,.T.);
#5624 = ORIENTED_EDGE('',*,*,#5625,.T.);
#5625 = EDGE_CURVE('',#5533,#5626,#5628,.T.);
#5626 = VERTEX_POINT('',#5627);
#5627 = CARTESIAN_POINT('',(197.,49.5,-19.));
#5628 = LINE('',#5629,#5630);
#5629 = CARTESIAN_POINT('',(197.,-197.75,-19.));
#5630 = VECTOR('',#5631,1.);
#5631 = DIRECTION('',(-0.,1.,0.));
#5632 = ORIENTED_EDGE('',*,*,#5633,.F.);
#5633 = EDGE_CURVE('',#3514,#5626,#5634,.T.);
#5634 = LINE('',#5635,#5636);
#5635 = CARTESIAN_POINT('',(197.,49.5,2.5));
#5636 = VECTOR('',#5637,1.);
#5637 = DIRECTION('',(0.,-0.,-1.));
#5638 = PLANE('',#5639);
#5639 = AXIS2_PLACEMENT_3D('',#5640,#5641,#5642);
#5640 = CARTESIAN_POINT('',(197.,-197.,-20.));
#5641 = DIRECTION('',(1.,0.,-0.));
#5642 = DIRECTION('',(0.,0.,1.));
#5643 = ADVANCED_FACE('',(#5644),#5662,.T.);
#5644 = FACE_BOUND('',#5645,.T.);
#5645 = EDGE_LOOP('',(#5646,#5654,#5660,#5661));
#5646 = ORIENTED_EDGE('',*,*,#5647,.F.);
#5647 = EDGE_CURVE('',#5648,#5557,#5650,.T.);
#5648 = VERTEX_POINT('',#5649);
#5649 = CARTESIAN_POINT('',(50.5,197.,-19.));
#5650 = LINE('',#5651,#5652);
#5651 = CARTESIAN_POINT('',(-197.75,197.,-19.));
#5652 = VECTOR('',#5653,1.);
#5653 = DIRECTION('',(-1.,-0.,0.));
#5654 = ORIENTED_EDGE('',*,*,#5655,.T.);
#5655 = EDGE_CURVE('',#5648,#3635,#5656,.T.);
#5656 = LINE('',#5657,#5658);
#5657 = CARTESIAN_POINT('',(50.5,197.,-19.));
#5658 = VECTOR('',#5659,1.);
#5659 = DIRECTION('',(0.,-0.744835335723,0.667248321585));
#5660 = ORIENTED_EDGE('',*,*,#3642,.F.);
#5661 = ORIENTED_EDGE('',*,*,#5607,.F.);
#5662 = PLANE('',#5663);
#5663 = AXIS2_PLACEMENT_3D('',#5664,#5665,#5666);
#5664 = CARTESIAN_POINT('',(49.5,197.,-19.));
#5665 = DIRECTION('',(0.,-0.667248321585,-0.744835335723));
#5666 = DIRECTION('',(0.,-0.744835335723,0.667248321585));
#5667 = ADVANCED_FACE('',(#5668),#5678,.F.);
#5668 = FACE_BOUND('',#5669,.F.);
#5669 = EDGE_LOOP('',(#5670,#5676,#5677));
#5670 = ORIENTED_EDGE('',*,*,#5671,.T.);
#5671 = EDGE_CURVE('',#5626,#3522,#5672,.T.);
#5672 = LINE('',#5673,#5674);
#5673 = CARTESIAN_POINT('',(197.,49.5,-19.));
#5674 = VECTOR('',#5675,1.);
#5675 = DIRECTION('',(-0.744835335723,1.653866678548E-16,0.667248321585)
  );
#5676 = ORIENTED_EDGE('',*,*,#3521,.F.);
#5677 = ORIENTED_EDGE('',*,*,#5633,.T.);
#5678 = PLANE('',#5679);
#5679 = AXIS2_PLACEMENT_3D('',#5680,#5681,#5682);
#5680 = CARTESIAN_POINT('',(188.31952825714,49.5,-4.930471742859));
#5681 = DIRECTION('',(2.22044604925E-16,1.,-0.));
#5682 = DIRECTION('',(0.,-0.,-1.));
#5683 = ADVANCED_FACE('',(#5684),#5694,.F.);
#5684 = FACE_BOUND('',#5685,.F.);
#5685 = EDGE_LOOP('',(#5686,#5687,#5688));
#5686 = ORIENTED_EDGE('',*,*,#5655,.T.);
#5687 = ORIENTED_EDGE('',*,*,#3634,.F.);
#5688 = ORIENTED_EDGE('',*,*,#5689,.T.);
#5689 = EDGE_CURVE('',#3627,#5648,#5690,.T.);
#5690 = LINE('',#5691,#5692);
#5691 = CARTESIAN_POINT('',(50.5,197.,2.5));
#5692 = VECTOR('',#5693,1.);
#5693 = DIRECTION('',(0.,0.,-1.));
#5694 = PLANE('',#5695);
#5695 = AXIS2_PLACEMENT_3D('',#5696,#5697,#5698);
#5696 = CARTESIAN_POINT('',(50.5,188.31952825714,-4.930471742859));
#5697 = DIRECTION('',(-1.,-0.,-0.));
#5698 = DIRECTION('',(0.,0.,-1.));
#5699 = ADVANCED_FACE('',(#5700),#5718,.T.);
#5700 = FACE_BOUND('',#5701,.T.);
#5701 = EDGE_LOOP('',(#5702,#5710,#5711,#5712));
#5702 = ORIENTED_EDGE('',*,*,#5703,.F.);
#5703 = EDGE_CURVE('',#5626,#5704,#5706,.T.);
#5704 = VERTEX_POINT('',#5705);
#5705 = CARTESIAN_POINT('',(197.,50.5,-19.));
#5706 = LINE('',#5707,#5708);
#5707 = CARTESIAN_POINT('',(197.,-197.75,-19.));
#5708 = VECTOR('',#5709,1.);
#5709 = DIRECTION('',(-0.,1.,0.));
#5710 = ORIENTED_EDGE('',*,*,#5671,.T.);
#5711 = ORIENTED_EDGE('',*,*,#3529,.F.);
#5712 = ORIENTED_EDGE('',*,*,#5713,.F.);
#5713 = EDGE_CURVE('',#5704,#3530,#5714,.T.);
#5714 = LINE('',#5715,#5716);
#5715 = CARTESIAN_POINT('',(197.,50.5,-19.));
#5716 = VECTOR('',#5717,1.);
#5717 = DIRECTION('',(-0.744835335723,1.653866678548E-16,0.667248321585)
  );
#5718 = PLANE('',#5719);
#5719 = AXIS2_PLACEMENT_3D('',#5720,#5721,#5722);
#5720 = CARTESIAN_POINT('',(197.,50.5,-19.));
#5721 = DIRECTION('',(-0.667248321585,1.481588899533E-16,-0.744835335723
    ));
#5722 = DIRECTION('',(-0.744835335723,1.653866678548E-16,0.667248321585)
  );
#5723 = ADVANCED_FACE('',(#5724,#5742),#5753,.F.);
#5724 = FACE_BOUND('',#5725,.F.);
#5725 = EDGE_LOOP('',(#5726,#5734,#5740,#5741));
#5726 = ORIENTED_EDGE('',*,*,#5727,.T.);
#5727 = EDGE_CURVE('',#3619,#5728,#5730,.T.);
#5728 = VERTEX_POINT('',#5729);
#5729 = CARTESIAN_POINT('',(149.5,197.,-19.));
#5730 = LINE('',#5731,#5732);
#5731 = CARTESIAN_POINT('',(149.5,197.,2.5));
#5732 = VECTOR('',#5733,1.);
#5733 = DIRECTION('',(0.,0.,-1.));
#5734 = ORIENTED_EDGE('',*,*,#5735,.T.);
#5735 = EDGE_CURVE('',#5728,#5648,#5736,.T.);
#5736 = LINE('',#5737,#5738);
#5737 = CARTESIAN_POINT('',(-197.75,197.,-19.));
#5738 = VECTOR('',#5739,1.);
#5739 = DIRECTION('',(-1.,-0.,0.));
#5740 = ORIENTED_EDGE('',*,*,#5689,.F.);
#5741 = ORIENTED_EDGE('',*,*,#3626,.F.);
#5742 = FACE_BOUND('',#5743,.F.);
#5743 = EDGE_LOOP('',(#5744));
#5744 = ORIENTED_EDGE('',*,*,#5745,.F.);
#5745 = EDGE_CURVE('',#5746,#5746,#5748,.T.);
#5746 = VERTEX_POINT('',#5747);
#5747 = CARTESIAN_POINT('',(140.,197.,-8.));
#5748 = CIRCLE('',#5749,2.);
#5749 = AXIS2_PLACEMENT_3D('',#5750,#5751,#5752);
#5750 = CARTESIAN_POINT('',(140.,197.,-10.));
#5751 = DIRECTION('',(0.,1.,0.));
#5752 = DIRECTION('',(0.,-0.,1.));
#5753 = PLANE('',#5754);
#5754 = AXIS2_PLACEMENT_3D('',#5755,#5756,#5757);
#5755 = CARTESIAN_POINT('',(-197.,197.,-20.));
#5756 = DIRECTION('',(-0.,1.,0.));
#5757 = DIRECTION('',(0.,0.,1.));
#5758 = ADVANCED_FACE('',(#5759),#5769,.T.);
#5759 = FACE_BOUND('',#5760,.T.);
#5760 = EDGE_LOOP('',(#5761,#5762,#5763));
#5761 = ORIENTED_EDGE('',*,*,#5713,.T.);
#5762 = ORIENTED_EDGE('',*,*,#3537,.F.);
#5763 = ORIENTED_EDGE('',*,*,#5764,.T.);
#5764 = EDGE_CURVE('',#3538,#5704,#5765,.T.);
#5765 = LINE('',#5766,#5767);
#5766 = CARTESIAN_POINT('',(197.,50.5,2.5));
#5767 = VECTOR('',#5768,1.);
#5768 = DIRECTION('',(0.,-0.,-1.));
#5769 = PLANE('',#5770);
#5770 = AXIS2_PLACEMENT_3D('',#5771,#5772,#5773);
#5771 = CARTESIAN_POINT('',(188.31952825714,50.5,-4.930471742859));
#5772 = DIRECTION('',(2.22044604925E-16,1.,-0.));
#5773 = DIRECTION('',(0.,-0.,-1.));
#5774 = ADVANCED_FACE('',(#5775),#5785,.T.);
#5775 = FACE_BOUND('',#5776,.T.);
#5776 = EDGE_LOOP('',(#5777,#5783,#5784));
#5777 = ORIENTED_EDGE('',*,*,#5778,.T.);
#5778 = EDGE_CURVE('',#5728,#3611,#5779,.T.);
#5779 = LINE('',#5780,#5781);
#5780 = CARTESIAN_POINT('',(149.5,197.,-19.));
#5781 = VECTOR('',#5782,1.);
#5782 = DIRECTION('',(0.,-0.744835335723,0.667248321585));
#5783 = ORIENTED_EDGE('',*,*,#3618,.F.);
#5784 = ORIENTED_EDGE('',*,*,#5727,.T.);
#5785 = PLANE('',#5786);
#5786 = AXIS2_PLACEMENT_3D('',#5787,#5788,#5789);
#5787 = CARTESIAN_POINT('',(149.5,188.31952825714,-4.930471742859));
#5788 = DIRECTION('',(-1.,-0.,-0.));
#5789 = DIRECTION('',(0.,0.,-1.));
#5790 = ADVANCED_FACE('',(#5791),#5809,.F.);
#5791 = FACE_BOUND('',#5792,.F.);
#5792 = EDGE_LOOP('',(#5793,#5794,#5795,#5803));
#5793 = ORIENTED_EDGE('',*,*,#3545,.F.);
#5794 = ORIENTED_EDGE('',*,*,#5764,.T.);
#5795 = ORIENTED_EDGE('',*,*,#5796,.T.);
#5796 = EDGE_CURVE('',#5704,#5797,#5799,.T.);
#5797 = VERTEX_POINT('',#5798);
#5798 = CARTESIAN_POINT('',(197.,149.5,-19.));
#5799 = LINE('',#5800,#5801);
#5800 = CARTESIAN_POINT('',(197.,-197.75,-19.));
#5801 = VECTOR('',#5802,1.);
#5802 = DIRECTION('',(-0.,1.,0.));
#5803 = ORIENTED_EDGE('',*,*,#5804,.F.);
#5804 = EDGE_CURVE('',#3546,#5797,#5805,.T.);
#5805 = LINE('',#5806,#5807);
#5806 = CARTESIAN_POINT('',(197.,149.5,2.5));
#5807 = VECTOR('',#5808,1.);
#5808 = DIRECTION('',(0.,-0.,-1.));
#5809 = PLANE('',#5810);
#5810 = AXIS2_PLACEMENT_3D('',#5811,#5812,#5813);
#5811 = CARTESIAN_POINT('',(197.,-197.,-20.));
#5812 = DIRECTION('',(1.,0.,-0.));
#5813 = DIRECTION('',(0.,0.,1.));
#5814 = ADVANCED_FACE('',(#5815),#5833,.T.);
#5815 = FACE_BOUND('',#5816,.T.);
#5816 = EDGE_LOOP('',(#5817,#5825,#5831,#5832));
#5817 = ORIENTED_EDGE('',*,*,#5818,.F.);
#5818 = EDGE_CURVE('',#5819,#5728,#5821,.T.);
#5819 = VERTEX_POINT('',#5820);
#5820 = CARTESIAN_POINT('',(150.5,197.,-19.));
#5821 = LINE('',#5822,#5823);
#5822 = CARTESIAN_POINT('',(-197.75,197.,-19.));
#5823 = VECTOR('',#5824,1.);
#5824 = DIRECTION('',(-1.,-0.,0.));
#5825 = ORIENTED_EDGE('',*,*,#5826,.T.);
#5826 = EDGE_CURVE('',#5819,#3603,#5827,.T.);
#5827 = LINE('',#5828,#5829);
#5828 = CARTESIAN_POINT('',(150.5,197.,-19.));
#5829 = VECTOR('',#5830,1.);
#5830 = DIRECTION('',(0.,-0.744835335723,0.667248321585));
#5831 = ORIENTED_EDGE('',*,*,#3610,.F.);
#5832 = ORIENTED_EDGE('',*,*,#5778,.F.);
#5833 = PLANE('',#5834);
#5834 = AXIS2_PLACEMENT_3D('',#5835,#5836,#5837);
#5835 = CARTESIAN_POINT('',(149.5,197.,-19.));
#5836 = DIRECTION('',(0.,-0.667248321585,-0.744835335723));
#5837 = DIRECTION('',(0.,-0.744835335723,0.667248321585));
#5838 = ADVANCED_FACE('',(#5839),#5849,.F.);
#5839 = FACE_BOUND('',#5840,.F.);
#5840 = EDGE_LOOP('',(#5841,#5847,#5848));
#5841 = ORIENTED_EDGE('',*,*,#5842,.T.);
#5842 = EDGE_CURVE('',#5797,#3554,#5843,.T.);
#5843 = LINE('',#5844,#5845);
#5844 = CARTESIAN_POINT('',(197.,149.5,-19.));
#5845 = VECTOR('',#5846,1.);
#5846 = DIRECTION('',(-0.744835335723,1.653866678548E-16,0.667248321585)
  );
#5847 = ORIENTED_EDGE('',*,*,#3553,.F.);
#5848 = ORIENTED_EDGE('',*,*,#5804,.T.);
#5849 = PLANE('',#5850);
#5850 = AXIS2_PLACEMENT_3D('',#5851,#5852,#5853);
#5851 = CARTESIAN_POINT('',(188.31952825714,149.5,-4.930471742859));
#5852 = DIRECTION('',(2.22044604925E-16,1.,-0.));
#5853 = DIRECTION('',(0.,-0.,-1.));
#5854 = ADVANCED_FACE('',(#5855),#5865,.F.);
#5855 = FACE_BOUND('',#5856,.F.);
#5856 = EDGE_LOOP('',(#5857,#5858,#5859));
#5857 = ORIENTED_EDGE('',*,*,#5826,.T.);
#5858 = ORIENTED_EDGE('',*,*,#3602,.F.);
#5859 = ORIENTED_EDGE('',*,*,#5860,.T.);
#5860 = EDGE_CURVE('',#3595,#5819,#5861,.T.);
#5861 = LINE('',#5862,#5863);
#5862 = CARTESIAN_POINT('',(150.5,197.,2.5));
#5863 = VECTOR('',#5864,1.);
#5864 = DIRECTION('',(0.,0.,-1.));
#5865 = PLANE('',#5866);
#5866 = AXIS2_PLACEMENT_3D('',#5867,#5868,#5869);
#5867 = CARTESIAN_POINT('',(150.5,188.31952825714,-4.930471742859));
#5868 = DIRECTION('',(-1.,-0.,-0.));
#5869 = DIRECTION('',(0.,0.,-1.));
#5870 = ADVANCED_FACE('',(#5871),#5889,.T.);
#5871 = FACE_BOUND('',#5872,.T.);
#5872 = EDGE_LOOP('',(#5873,#5881,#5882,#5883));
#5873 = ORIENTED_EDGE('',*,*,#5874,.F.);
#5874 = EDGE_CURVE('',#5797,#5875,#5877,.T.);
#5875 = VERTEX_POINT('',#5876);
#5876 = CARTESIAN_POINT('',(197.,150.5,-19.));
#5877 = LINE('',#5878,#5879);
#5878 = CARTESIAN_POINT('',(197.,-197.75,-19.));
#5879 = VECTOR('',#5880,1.);
#5880 = DIRECTION('',(-0.,1.,0.));
#5881 = ORIENTED_EDGE('',*,*,#5842,.T.);
#5882 = ORIENTED_EDGE('',*,*,#3561,.F.);
#5883 = ORIENTED_EDGE('',*,*,#5884,.F.);
#5884 = EDGE_CURVE('',#5875,#3562,#5885,.T.);
#5885 = LINE('',#5886,#5887);
#5886 = CARTESIAN_POINT('',(197.,150.5,-19.));
#5887 = VECTOR('',#5888,1.);
#5888 = DIRECTION('',(-0.744835335723,1.653866678548E-16,0.667248321585)
  );
#5889 = PLANE('',#5890);
#5890 = AXIS2_PLACEMENT_3D('',#5891,#5892,#5893);
#5891 = CARTESIAN_POINT('',(197.,150.5,-19.));
#5892 = DIRECTION('',(-0.667248321585,1.481588899533E-16,-0.744835335723
    ));
#5893 = DIRECTION('',(-0.744835335723,1.653866678548E-16,0.667248321585)
  );
#5894 = ADVANCED_FACE('',(#5895),#5913,.F.);
#5895 = FACE_BOUND('',#5896,.F.);
#5896 = EDGE_LOOP('',(#5897,#5905,#5911,#5912));
#5897 = ORIENTED_EDGE('',*,*,#5898,.F.);
#5898 = EDGE_CURVE('',#5899,#3586,#5901,.T.);
#5899 = VERTEX_POINT('',#5900);
#5900 = CARTESIAN_POINT('',(173.,197.,-19.));
#5901 = LINE('',#5902,#5903);
#5902 = CARTESIAN_POINT('',(173.,197.,-20.));
#5903 = VECTOR('',#5904,1.);
#5904 = DIRECTION('',(0.,0.,1.));
#5905 = ORIENTED_EDGE('',*,*,#5906,.T.);
#5906 = EDGE_CURVE('',#5899,#5819,#5907,.T.);
#5907 = LINE('',#5908,#5909);
#5908 = CARTESIAN_POINT('',(-197.75,197.,-19.));
#5909 = VECTOR('',#5910,1.);
#5910 = DIRECTION('',(-1.,-0.,0.));
#5911 = ORIENTED_EDGE('',*,*,#5860,.F.);
#5912 = ORIENTED_EDGE('',*,*,#3594,.F.);
#5913 = PLANE('',#5914);
#5914 = AXIS2_PLACEMENT_3D('',#5915,#5916,#5917);
#5915 = CARTESIAN_POINT('',(-197.,197.,-20.));
#5916 = DIRECTION('',(-0.,1.,0.));
#5917 = DIRECTION('',(0.,0.,1.));
#5918 = ADVANCED_FACE('',(#5919),#5929,.T.);
#5919 = FACE_BOUND('',#5920,.T.);
#5920 = EDGE_LOOP('',(#5921,#5922,#5923));
#5921 = ORIENTED_EDGE('',*,*,#5884,.T.);
#5922 = ORIENTED_EDGE('',*,*,#3569,.F.);
#5923 = ORIENTED_EDGE('',*,*,#5924,.T.);
#5924 = EDGE_CURVE('',#3570,#5875,#5925,.T.);
#5925 = LINE('',#5926,#5927);
#5926 = CARTESIAN_POINT('',(197.,150.5,2.5));
#5927 = VECTOR('',#5928,1.);
#5928 = DIRECTION('',(0.,-0.,-1.));
#5929 = PLANE('',#5930);
#5930 = AXIS2_PLACEMENT_3D('',#5931,#5932,#5933);
#5931 = CARTESIAN_POINT('',(188.31952825714,150.5,-4.930471742859));
#5932 = DIRECTION('',(2.22044604925E-16,1.,-0.));
#5933 = DIRECTION('',(0.,-0.,-1.));
#5934 = ADVANCED_FACE('',(#5935),#5954,.F.);
#5935 = FACE_BOUND('',#5936,.F.);
#5936 = EDGE_LOOP('',(#5937,#5945,#5952,#5953));
#5937 = ORIENTED_EDGE('',*,*,#5938,.F.);
#5938 = EDGE_CURVE('',#5939,#3578,#5941,.T.);
#5939 = VERTEX_POINT('',#5940);
#5940 = CARTESIAN_POINT('',(197.,173.,-19.));
#5941 = LINE('',#5942,#5943);
#5942 = CARTESIAN_POINT('',(197.,173.,-20.));
#5943 = VECTOR('',#5944,1.);
#5944 = DIRECTION('',(0.,0.,1.));
#5945 = ORIENTED_EDGE('',*,*,#5946,.T.);
#5946 = EDGE_CURVE('',#5939,#5899,#5947,.T.);
#5947 = CIRCLE('',#5948,24.);
#5948 = AXIS2_PLACEMENT_3D('',#5949,#5950,#5951);
#5949 = CARTESIAN_POINT('',(173.,173.,-19.));
#5950 = DIRECTION('',(0.,0.,1.));
#5951 = DIRECTION('',(1.,0.,-0.));
#5952 = ORIENTED_EDGE('',*,*,#5898,.T.);
#5953 = ORIENTED_EDGE('',*,*,#3585,.F.);
#5954 = CYLINDRICAL_SURFACE('',#5955,24.);
#5955 = AXIS2_PLACEMENT_3D('',#5956,#5957,#5958);
#5956 = CARTESIAN_POINT('',(173.,173.,-20.));
#5957 = DIRECTION('',(0.,0.,1.));
#5958 = DIRECTION('',(1.,0.,-0.));
#5959 = ADVANCED_FACE('',(#5960,#5971),#5982,.F.);
#5960 = FACE_BOUND('',#5961,.F.);
#5961 = EDGE_LOOP('',(#5962,#5963,#5964,#5970));
#5962 = ORIENTED_EDGE('',*,*,#3577,.F.);
#5963 = ORIENTED_EDGE('',*,*,#5924,.T.);
#5964 = ORIENTED_EDGE('',*,*,#5965,.T.);
#5965 = EDGE_CURVE('',#5875,#5939,#5966,.T.);
#5966 = LINE('',#5967,#5968);
#5967 = CARTESIAN_POINT('',(197.,-197.75,-19.));
#5968 = VECTOR('',#5969,1.);
#5969 = DIRECTION('',(-0.,1.,0.));
#5970 = ORIENTED_EDGE('',*,*,#5938,.T.);
#5971 = FACE_BOUND('',#5972,.F.);
#5972 = EDGE_LOOP('',(#5973));
#5973 = ORIENTED_EDGE('',*,*,#5974,.F.);
#5974 = EDGE_CURVE('',#5975,#5975,#5977,.T.);
#5975 = VERTEX_POINT('',#5976);
#5976 = CARTESIAN_POINT('',(197.,165.,-8.));
#5977 = CIRCLE('',#5978,2.);
#5978 = AXIS2_PLACEMENT_3D('',#5979,#5980,#5981);
#5979 = CARTESIAN_POINT('',(197.,165.,-10.));
#5980 = DIRECTION('',(1.,-2.22044604925E-16,0.));
#5981 = DIRECTION('',(0.,0.,1.));
#5982 = PLANE('',#5983);
#5983 = AXIS2_PLACEMENT_3D('',#5984,#5985,#5986);
#5984 = CARTESIAN_POINT('',(197.,-197.,-20.));
#5985 = DIRECTION('',(1.,0.,-0.));
#5986 = DIRECTION('',(0.,0.,1.));
#5987 = ADVANCED_FACE('',(#5988),#5994,.F.);
#5988 = FACE_BOUND('',#5989,.F.);
#5989 = EDGE_LOOP('',(#5990,#5991,#5992,#5993));
#5990 = ORIENTED_EDGE('',*,*,#4340,.F.);
#5991 = ORIENTED_EDGE('',*,*,#3982,.F.);
#5992 = ORIENTED_EDGE('',*,*,#4388,.T.);
#5993 = ORIENTED_EDGE('',*,*,#4365,.F.);
#5994 = PLANE('',#5995);
#5995 = AXIS2_PLACEMENT_3D('',#5996,#5997,#5998);
#5996 = CARTESIAN_POINT('',(189.50461735799,-189.5046173579,2.5));
#5997 = DIRECTION('',(-0.707106781187,0.707106781187,-0.));
#5998 = DIRECTION('',(0.,-0.,-1.));
#5999 = ADVANCED_FACE('',(#6000),#6018,.F.);
#6000 = FACE_BOUND('',#6001,.F.);
#6001 = EDGE_LOOP('',(#6002,#6010,#6016,#6017));
#6002 = ORIENTED_EDGE('',*,*,#6003,.T.);
#6003 = EDGE_CURVE('',#3950,#6004,#6006,.T.);
#6004 = VERTEX_POINT('',#6005);
#6005 = CARTESIAN_POINT('',(189.50461735799,189.50461735799,-19.));
#6006 = LINE('',#6007,#6008);
#6007 = CARTESIAN_POINT('',(189.50461735799,189.50461735799,2.5));
#6008 = VECTOR('',#6009,1.);
#6009 = DIRECTION('',(0.,0.,-1.));
#6010 = ORIENTED_EDGE('',*,*,#6011,.T.);
#6011 = EDGE_CURVE('',#6004,#4010,#6012,.T.);
#6012 = LINE('',#6013,#6014);
#6013 = CARTESIAN_POINT('',(189.50461735799,189.50461735799,-19.));
#6014 = VECTOR('',#6015,1.);
#6015 = DIRECTION('',(-0.607081767499,-0.607081767499,0.512741119026));
#6016 = ORIENTED_EDGE('',*,*,#4009,.T.);
#6017 = ORIENTED_EDGE('',*,*,#3957,.F.);
#6018 = PLANE('',#6019);
#6019 = AXIS2_PLACEMENT_3D('',#6020,#6021,#6022);
#6020 = CARTESIAN_POINT('',(179.52884473657,179.52884473657,
    -4.357872936366));
#6021 = DIRECTION('',(-0.707106781187,0.707106781187,-0.));
#6022 = DIRECTION('',(-0.707106781187,-0.707106781187,0.));
#6023 = ADVANCED_FACE('',(#6024),#6042,.F.);
#6024 = FACE_BOUND('',#6025,.F.);
#6025 = EDGE_LOOP('',(#6026,#6027,#6028,#6036));
#6026 = ORIENTED_EDGE('',*,*,#6003,.F.);
#6027 = ORIENTED_EDGE('',*,*,#3949,.F.);
#6028 = ORIENTED_EDGE('',*,*,#6029,.T.);
#6029 = EDGE_CURVE('',#3942,#6030,#6032,.T.);
#6030 = VERTEX_POINT('',#6031);
#6031 = CARTESIAN_POINT('',(188.09040379562,190.91883092036,-19.));
#6032 = LINE('',#6033,#6034);
#6033 = CARTESIAN_POINT('',(188.09040379562,190.91883092036,2.5));
#6034 = VECTOR('',#6035,1.);
#6035 = DIRECTION('',(0.,0.,-1.));
#6036 = ORIENTED_EDGE('',*,*,#6037,.F.);
#6037 = EDGE_CURVE('',#6004,#6030,#6038,.T.);
#6038 = LINE('',#6039,#6040);
#6039 = CARTESIAN_POINT('',(189.50461735799,189.50461735799,-19.));
#6040 = VECTOR('',#6041,1.);
#6041 = DIRECTION('',(-0.707106781187,0.707106781187,0.));
#6042 = PLANE('',#6043);
#6043 = AXIS2_PLACEMENT_3D('',#6044,#6045,#6046);
#6044 = CARTESIAN_POINT('',(189.50461735799,189.50461735799,2.5));
#6045 = DIRECTION('',(-0.707106781187,-0.707106781187,-0.));
#6046 = DIRECTION('',(0.,0.,-1.));
#6047 = ADVANCED_FACE('',(#6048),#6059,.T.);
#6048 = FACE_BOUND('',#6049,.T.);
#6049 = EDGE_LOOP('',(#6050,#6051,#6057,#6058));
#6050 = ORIENTED_EDGE('',*,*,#6029,.T.);
#6051 = ORIENTED_EDGE('',*,*,#6052,.T.);
#6052 = EDGE_CURVE('',#6030,#4018,#6053,.T.);
#6053 = LINE('',#6054,#6055);
#6054 = CARTESIAN_POINT('',(188.09040379562,190.91883092036,-19.));
#6055 = VECTOR('',#6056,1.);
#6056 = DIRECTION('',(-0.607081767499,-0.607081767499,0.512741119026));
#6057 = ORIENTED_EDGE('',*,*,#4026,.T.);
#6058 = ORIENTED_EDGE('',*,*,#3941,.F.);
#6059 = PLANE('',#6060);
#6060 = AXIS2_PLACEMENT_3D('',#6061,#6062,#6063);
#6061 = CARTESIAN_POINT('',(178.11463117419,180.94305829894,
    -4.357872936366));
#6062 = DIRECTION('',(-0.707106781187,0.707106781187,-0.));
#6063 = DIRECTION('',(-0.707106781187,-0.707106781187,0.));
#6064 = ADVANCED_FACE('',(#6065),#6083,.F.);
#6065 = FACE_BOUND('',#6066,.F.);
#6066 = EDGE_LOOP('',(#6067,#6075,#6081,#6082));
#6067 = ORIENTED_EDGE('',*,*,#6068,.T.);
#6068 = EDGE_CURVE('',#3909,#6069,#6071,.T.);
#6069 = VERTEX_POINT('',#6070);
#6070 = CARTESIAN_POINT('',(-189.5046173579,189.50461735799,-19.));
#6071 = LINE('',#6072,#6073);
#6072 = CARTESIAN_POINT('',(-189.5046173579,189.50461735799,2.5));
#6073 = VECTOR('',#6074,1.);
#6074 = DIRECTION('',(0.,0.,-1.));
#6075 = ORIENTED_EDGE('',*,*,#6076,.T.);
#6076 = EDGE_CURVE('',#6069,#4054,#6077,.T.);
#6077 = LINE('',#6078,#6079);
#6078 = CARTESIAN_POINT('',(-189.5046173579,189.50461735799,-19.));
#6079 = VECTOR('',#6080,1.);
#6080 = DIRECTION('',(0.607081767499,-0.607081767499,0.512741119026));
#6081 = ORIENTED_EDGE('',*,*,#4062,.T.);
#6082 = ORIENTED_EDGE('',*,*,#3916,.F.);
#6083 = PLANE('',#6084);
#6084 = AXIS2_PLACEMENT_3D('',#6085,#6086,#6087);
#6085 = CARTESIAN_POINT('',(-179.5288447365,179.52884473657,
    -4.357872936366));
#6086 = DIRECTION('',(-0.707106781187,-0.707106781187,0.));
#6087 = DIRECTION('',(0.707106781187,-0.707106781187,0.));
#6088 = ADVANCED_FACE('',(#6089),#6107,.F.);
#6089 = FACE_BOUND('',#6090,.F.);
#6090 = EDGE_LOOP('',(#6091,#6092,#6093,#6101));
#6091 = ORIENTED_EDGE('',*,*,#6068,.F.);
#6092 = ORIENTED_EDGE('',*,*,#3908,.F.);
#6093 = ORIENTED_EDGE('',*,*,#6094,.T.);
#6094 = EDGE_CURVE('',#3901,#6095,#6097,.T.);
#6095 = VERTEX_POINT('',#6096);
#6096 = CARTESIAN_POINT('',(-190.9188309203,188.09040379562,-19.));
#6097 = LINE('',#6098,#6099);
#6098 = CARTESIAN_POINT('',(-190.9188309203,188.09040379562,2.5));
#6099 = VECTOR('',#6100,1.);
#6100 = DIRECTION('',(0.,0.,-1.));
#6101 = ORIENTED_EDGE('',*,*,#6102,.F.);
#6102 = EDGE_CURVE('',#6069,#6095,#6103,.T.);
#6103 = LINE('',#6104,#6105);
#6104 = CARTESIAN_POINT('',(-189.5046173579,189.50461735799,-19.));
#6105 = VECTOR('',#6106,1.);
#6106 = DIRECTION('',(-0.707106781187,-0.707106781187,0.));
#6107 = PLANE('',#6108);
#6108 = AXIS2_PLACEMENT_3D('',#6109,#6110,#6111);
#6109 = CARTESIAN_POINT('',(-189.5046173579,189.50461735799,2.5));
#6110 = DIRECTION('',(0.707106781187,-0.707106781187,-0.));
#6111 = DIRECTION('',(0.,0.,-1.));
#6112 = ADVANCED_FACE('',(#6113),#6124,.T.);
#6113 = FACE_BOUND('',#6114,.T.);
#6114 = EDGE_LOOP('',(#6115,#6116,#6122,#6123));
#6115 = ORIENTED_EDGE('',*,*,#6094,.T.);
#6116 = ORIENTED_EDGE('',*,*,#6117,.T.);
#6117 = EDGE_CURVE('',#6095,#4046,#6118,.T.);
#6118 = LINE('',#6119,#6120);
#6119 = CARTESIAN_POINT('',(-190.9188309203,188.09040379562,-19.));
#6120 = VECTOR('',#6121,1.);
#6121 = DIRECTION('',(0.607081767499,-0.607081767499,0.512741119026));
#6122 = ORIENTED_EDGE('',*,*,#4045,.T.);
#6123 = ORIENTED_EDGE('',*,*,#3900,.F.);
#6124 = PLANE('',#6125);
#6125 = AXIS2_PLACEMENT_3D('',#6126,#6127,#6128);
#6126 = CARTESIAN_POINT('',(-180.9430582989,178.11463117419,
    -4.357872936366));
#6127 = DIRECTION('',(-0.707106781187,-0.707106781187,0.));
#6128 = DIRECTION('',(0.707106781187,-0.707106781187,0.));
#6129 = ADVANCED_FACE('',(#6130),#6136,.F.);
#6130 = FACE_BOUND('',#6131,.F.);
#6131 = EDGE_LOOP('',(#6132,#6133,#6134,#6135));
#6132 = ORIENTED_EDGE('',*,*,#4323,.F.);
#6133 = ORIENTED_EDGE('',*,*,#3875,.F.);
#6134 = ORIENTED_EDGE('',*,*,#4275,.T.);
#6135 = ORIENTED_EDGE('',*,*,#4307,.F.);
#6136 = PLANE('',#6137);
#6137 = AXIS2_PLACEMENT_3D('',#6138,#6139,#6140);
#6138 = CARTESIAN_POINT('',(-189.5046173579,-189.5046173579,2.5));
#6139 = DIRECTION('',(0.707106781187,0.707106781187,-0.));
#6140 = DIRECTION('',(-0.,0.,-1.));
#6141 = ADVANCED_FACE('',(#6142),#6148,.F.);
#6142 = FACE_BOUND('',#6143,.F.);
#6143 = EDGE_LOOP('',(#6144,#6145,#6146,#6147));
#6144 = ORIENTED_EDGE('',*,*,#6011,.F.);
#6145 = ORIENTED_EDGE('',*,*,#6037,.T.);
#6146 = ORIENTED_EDGE('',*,*,#6052,.T.);
#6147 = ORIENTED_EDGE('',*,*,#4017,.F.);
#6148 = PLANE('',#6149);
#6149 = AXIS2_PLACEMENT_3D('',#6150,#6151,#6152);
#6150 = CARTESIAN_POINT('',(189.50461735799,189.50461735799,-19.));
#6151 = DIRECTION('',(0.362562722256,0.362562722256,0.858543269067));
#6152 = DIRECTION('',(-0.607081767499,-0.607081767499,0.512741119026));
#6153 = ADVANCED_FACE('',(#6154),#6160,.F.);
#6154 = FACE_BOUND('',#6155,.F.);
#6155 = EDGE_LOOP('',(#6156,#6157,#6158,#6159));
#6156 = ORIENTED_EDGE('',*,*,#6076,.F.);
#6157 = ORIENTED_EDGE('',*,*,#6102,.T.);
#6158 = ORIENTED_EDGE('',*,*,#6117,.T.);
#6159 = ORIENTED_EDGE('',*,*,#4053,.F.);
#6160 = PLANE('',#6161);
#6161 = AXIS2_PLACEMENT_3D('',#6162,#6163,#6164);
#6162 = CARTESIAN_POINT('',(-189.5046173579,189.50461735799,-19.));
#6163 = DIRECTION('',(-0.362562722256,0.362562722256,0.858543269067));
#6164 = DIRECTION('',(0.607081767499,-0.607081767499,0.512741119026));
#6165 = ADVANCED_FACE('',(#6166,#6176),#6246,.F.);
#6166 = FACE_BOUND('',#6167,.F.);
#6167 = EDGE_LOOP('',(#6168,#6169,#6170,#6171,#6172,#6173,#6174,#6175));
#6168 = ORIENTED_EDGE('',*,*,#4113,.F.);
#6169 = ORIENTED_EDGE('',*,*,#4087,.T.);
#6170 = ORIENTED_EDGE('',*,*,#4135,.T.);
#6171 = ORIENTED_EDGE('',*,*,#4192,.F.);
#6172 = ORIENTED_EDGE('',*,*,#4235,.T.);
#6173 = ORIENTED_EDGE('',*,*,#4258,.T.);
#6174 = ORIENTED_EDGE('',*,*,#4209,.F.);
#6175 = ORIENTED_EDGE('',*,*,#4160,.F.);
#6176 = FACE_BOUND('',#6177,.F.);
#6177 = EDGE_LOOP('',(#6178,#6189,#6197,#6206,#6214,#6223,#6231,#6240));
#6178 = ORIENTED_EDGE('',*,*,#6179,.F.);
#6179 = EDGE_CURVE('',#6180,#6182,#6184,.T.);
#6180 = VERTEX_POINT('',#6181);
#6181 = CARTESIAN_POINT('',(-207.,-204.,0.));
#6182 = VERTEX_POINT('',#6183);
#6183 = CARTESIAN_POINT('',(-204.,-207.,0.));
#6184 = CIRCLE('',#6185,3.);
#6185 = AXIS2_PLACEMENT_3D('',#6186,#6187,#6188);
#6186 = CARTESIAN_POINT('',(-204.,-204.,0.));
#6187 = DIRECTION('',(0.,0.,1.));
#6188 = DIRECTION('',(-1.,-0.,0.));
#6189 = ORIENTED_EDGE('',*,*,#6190,.T.);
#6190 = EDGE_CURVE('',#6180,#6191,#6193,.T.);
#6191 = VERTEX_POINT('',#6192);
#6192 = CARTESIAN_POINT('',(-207.,204.,0.));
#6193 = LINE('',#6194,#6195);
#6194 = CARTESIAN_POINT('',(-207.,-208.,0.));
#6195 = VECTOR('',#6196,1.);
#6196 = DIRECTION('',(-0.,1.,0.));
#6197 = ORIENTED_EDGE('',*,*,#6198,.F.);
#6198 = EDGE_CURVE('',#6199,#6191,#6201,.T.);
#6199 = VERTEX_POINT('',#6200);
#6200 = CARTESIAN_POINT('',(-204.,207.,0.));
#6201 = CIRCLE('',#6202,3.);
#6202 = AXIS2_PLACEMENT_3D('',#6203,#6204,#6205);
#6203 = CARTESIAN_POINT('',(-204.,204.,0.));
#6204 = DIRECTION('',(0.,0.,1.));
#6205 = DIRECTION('',(-1.,-0.,0.));
#6206 = ORIENTED_EDGE('',*,*,#6207,.F.);
#6207 = EDGE_CURVE('',#6208,#6199,#6210,.T.);
#6208 = VERTEX_POINT('',#6209);
#6209 = CARTESIAN_POINT('',(204.,207.,0.));
#6210 = LINE('',#6211,#6212);
#6211 = CARTESIAN_POINT('',(-208.,207.,0.));
#6212 = VECTOR('',#6213,1.);
#6213 = DIRECTION('',(-1.,-0.,0.));
#6214 = ORIENTED_EDGE('',*,*,#6215,.F.);
#6215 = EDGE_CURVE('',#6216,#6208,#6218,.T.);
#6216 = VERTEX_POINT('',#6217);
#6217 = CARTESIAN_POINT('',(207.,204.,0.));
#6218 = CIRCLE('',#6219,3.);
#6219 = AXIS2_PLACEMENT_3D('',#6220,#6221,#6222);
#6220 = CARTESIAN_POINT('',(204.,204.,0.));
#6221 = DIRECTION('',(0.,0.,1.));
#6222 = DIRECTION('',(1.,0.,-0.));
#6223 = ORIENTED_EDGE('',*,*,#6224,.F.);
#6224 = EDGE_CURVE('',#6225,#6216,#6227,.T.);
#6225 = VERTEX_POINT('',#6226);
#6226 = CARTESIAN_POINT('',(207.,-204.,0.));
#6227 = LINE('',#6228,#6229);
#6228 = CARTESIAN_POINT('',(207.,-208.,0.));
#6229 = VECTOR('',#6230,1.);
#6230 = DIRECTION('',(-0.,1.,0.));
#6231 = ORIENTED_EDGE('',*,*,#6232,.F.);
#6232 = EDGE_CURVE('',#6233,#6225,#6235,.T.);
#6233 = VERTEX_POINT('',#6234);
#6234 = CARTESIAN_POINT('',(204.,-207.,0.));
#6235 = CIRCLE('',#6236,3.);
#6236 = AXIS2_PLACEMENT_3D('',#6237,#6238,#6239);
#6237 = CARTESIAN_POINT('',(204.,-204.,0.));
#6238 = DIRECTION('',(0.,0.,1.));
#6239 = DIRECTION('',(1.,0.,-0.));
#6240 = ORIENTED_EDGE('',*,*,#6241,.T.);
#6241 = EDGE_CURVE('',#6233,#6182,#6242,.T.);
#6242 = LINE('',#6243,#6244);
#6243 = CARTESIAN_POINT('',(-208.,-207.,0.));
#6244 = VECTOR('',#6245,1.);
#6245 = DIRECTION('',(-1.,-0.,0.));
#6246 = PLANE('',#6247);
#6247 = AXIS2_PLACEMENT_3D('',#6248,#6249,#6250);
#6248 = CARTESIAN_POINT('',(-209.,-209.,0.));
#6249 = DIRECTION('',(0.,0.,1.));
#6250 = DIRECTION('',(1.,0.,-0.));
#6251 = ADVANCED_FACE('',(#6252,#6322),#6364,.F.);
#6252 = FACE_BOUND('',#6253,.F.);
#6253 = EDGE_LOOP('',(#6254,#6264,#6273,#6281,#6290,#6298,#6307,#6315));
#6254 = ORIENTED_EDGE('',*,*,#6255,.F.);
#6255 = EDGE_CURVE('',#6256,#6258,#6260,.T.);
#6256 = VERTEX_POINT('',#6257);
#6257 = CARTESIAN_POINT('',(-198.5,-172.5,-19.));
#6258 = VERTEX_POINT('',#6259);
#6259 = CARTESIAN_POINT('',(-198.5,172.5,-19.));
#6260 = LINE('',#6261,#6262);
#6261 = CARTESIAN_POINT('',(-198.5,-198.5,-19.));
#6262 = VECTOR('',#6263,1.);
#6263 = DIRECTION('',(-0.,1.,0.));
#6264 = ORIENTED_EDGE('',*,*,#6265,.T.);
#6265 = EDGE_CURVE('',#6256,#6266,#6268,.T.);
#6266 = VERTEX_POINT('',#6267);
#6267 = CARTESIAN_POINT('',(-172.5,-198.5,-19.));
#6268 = CIRCLE('',#6269,26.);
#6269 = AXIS2_PLACEMENT_3D('',#6270,#6271,#6272);
#6270 = CARTESIAN_POINT('',(-172.5,-172.5,-19.));
#6271 = DIRECTION('',(0.,0.,1.));
#6272 = DIRECTION('',(0.,-1.,0.));
#6273 = ORIENTED_EDGE('',*,*,#6274,.T.);
#6274 = EDGE_CURVE('',#6266,#6275,#6277,.T.);
#6275 = VERTEX_POINT('',#6276);
#6276 = CARTESIAN_POINT('',(172.5,-198.5,-19.));
#6277 = LINE('',#6278,#6279);
#6278 = CARTESIAN_POINT('',(-198.5,-198.5,-19.));
#6279 = VECTOR('',#6280,1.);
#6280 = DIRECTION('',(1.,0.,-0.));
#6281 = ORIENTED_EDGE('',*,*,#6282,.F.);
#6282 = EDGE_CURVE('',#6283,#6275,#6285,.T.);
#6283 = VERTEX_POINT('',#6284);
#6284 = CARTESIAN_POINT('',(198.5,-172.5,-19.));
#6285 = CIRCLE('',#6286,26.);
#6286 = AXIS2_PLACEMENT_3D('',#6287,#6288,#6289);
#6287 = CARTESIAN_POINT('',(172.5,-172.5,-19.));
#6288 = DIRECTION('',(-0.,-0.,-1.));
#6289 = DIRECTION('',(0.,-1.,0.));
#6290 = ORIENTED_EDGE('',*,*,#6291,.T.);
#6291 = EDGE_CURVE('',#6283,#6292,#6294,.T.);
#6292 = VERTEX_POINT('',#6293);
#6293 = CARTESIAN_POINT('',(198.5,172.5,-19.));
#6294 = LINE('',#6295,#6296);
#6295 = CARTESIAN_POINT('',(198.5,-198.5,-19.));
#6296 = VECTOR('',#6297,1.);
#6297 = DIRECTION('',(-0.,1.,0.));
#6298 = ORIENTED_EDGE('',*,*,#6299,.T.);
#6299 = EDGE_CURVE('',#6292,#6300,#6302,.T.);
#6300 = VERTEX_POINT('',#6301);
#6301 = CARTESIAN_POINT('',(172.5,198.5,-19.));
#6302 = CIRCLE('',#6303,26.);
#6303 = AXIS2_PLACEMENT_3D('',#6304,#6305,#6306);
#6304 = CARTESIAN_POINT('',(172.5,172.5,-19.));
#6305 = DIRECTION('',(0.,0.,1.));
#6306 = DIRECTION('',(0.,-1.,0.));
#6307 = ORIENTED_EDGE('',*,*,#6308,.F.);
#6308 = EDGE_CURVE('',#6309,#6300,#6311,.T.);
#6309 = VERTEX_POINT('',#6310);
#6310 = CARTESIAN_POINT('',(-172.5,198.5,-19.));
#6311 = LINE('',#6312,#6313);
#6312 = CARTESIAN_POINT('',(-198.5,198.5,-19.));
#6313 = VECTOR('',#6314,1.);
#6314 = DIRECTION('',(1.,0.,-0.));
#6315 = ORIENTED_EDGE('',*,*,#6316,.F.);
#6316 = EDGE_CURVE('',#6258,#6309,#6317,.T.);
#6317 = CIRCLE('',#6318,26.);
#6318 = AXIS2_PLACEMENT_3D('',#6319,#6320,#6321);
#6319 = CARTESIAN_POINT('',(-172.5,172.5,-19.));
#6320 = DIRECTION('',(-0.,-0.,-1.));
#6321 = DIRECTION('',(0.,-1.,0.));
#6322 = FACE_BOUND('',#6323,.F.);
#6323 = EDGE_LOOP('',(#6324,#6325,#6326,#6327,#6328,#6329,#6330,#6331,
    #6332,#6333,#6334,#6335,#6336,#6337,#6338,#6339,#6340,#6341,#6342,
    #6343,#6344,#6345,#6346,#6347,#6348,#6349,#6350,#6351,#6352,#6353,
    #6354,#6355,#6356,#6357,#6358,#6359,#6360,#6361,#6362,#6363));
#6324 = ORIENTED_EDGE('',*,*,#4448,.F.);
#6325 = ORIENTED_EDGE('',*,*,#4414,.T.);
#6326 = ORIENTED_EDGE('',*,*,#4513,.T.);
#6327 = ORIENTED_EDGE('',*,*,#4594,.T.);
#6328 = ORIENTED_EDGE('',*,*,#4684,.T.);
#6329 = ORIENTED_EDGE('',*,*,#4765,.T.);
#6330 = ORIENTED_EDGE('',*,*,#4855,.T.);
#6331 = ORIENTED_EDGE('',*,*,#4936,.T.);
#6332 = ORIENTED_EDGE('',*,*,#5026,.T.);
#6333 = ORIENTED_EDGE('',*,*,#5107,.T.);
#6334 = ORIENTED_EDGE('',*,*,#5157,.F.);
#6335 = ORIENTED_EDGE('',*,*,#5213,.F.);
#6336 = ORIENTED_EDGE('',*,*,#5305,.F.);
#6337 = ORIENTED_EDGE('',*,*,#5393,.F.);
#6338 = ORIENTED_EDGE('',*,*,#5476,.F.);
#6339 = ORIENTED_EDGE('',*,*,#5564,.F.);
#6340 = ORIENTED_EDGE('',*,*,#5647,.F.);
#6341 = ORIENTED_EDGE('',*,*,#5735,.F.);
#6342 = ORIENTED_EDGE('',*,*,#5818,.F.);
#6343 = ORIENTED_EDGE('',*,*,#5906,.F.);
#6344 = ORIENTED_EDGE('',*,*,#5946,.F.);
#6345 = ORIENTED_EDGE('',*,*,#5965,.F.);
#6346 = ORIENTED_EDGE('',*,*,#5874,.F.);
#6347 = ORIENTED_EDGE('',*,*,#5796,.F.);
#6348 = ORIENTED_EDGE('',*,*,#5703,.F.);
#6349 = ORIENTED_EDGE('',*,*,#5625,.F.);
#6350 = ORIENTED_EDGE('',*,*,#5532,.F.);
#6351 = ORIENTED_EDGE('',*,*,#5454,.F.);
#6352 = ORIENTED_EDGE('',*,*,#5361,.F.);
#6353 = ORIENTED_EDGE('',*,*,#5272,.F.);
#6354 = ORIENTED_EDGE('',*,*,#5237,.F.);
#6355 = ORIENTED_EDGE('',*,*,#5189,.T.);
#6356 = ORIENTED_EDGE('',*,*,#5089,.T.);
#6357 = ORIENTED_EDGE('',*,*,#4999,.T.);
#6358 = ORIENTED_EDGE('',*,*,#4918,.T.);
#6359 = ORIENTED_EDGE('',*,*,#4828,.T.);
#6360 = ORIENTED_EDGE('',*,*,#4747,.T.);
#6361 = ORIENTED_EDGE('',*,*,#4657,.T.);
#6362 = ORIENTED_EDGE('',*,*,#4576,.T.);
#6363 = ORIENTED_EDGE('',*,*,#4497,.T.);
#6364 = PLANE('',#6365);
#6365 = AXIS2_PLACEMENT_3D('',#6366,#6367,#6368);
#6366 = CARTESIAN_POINT('',(-198.5,-198.5,-19.));
#6367 = DIRECTION('',(0.,0.,1.));
#6368 = DIRECTION('',(1.,0.,-0.));
#6369 = ADVANCED_FACE('',(#6370),#6389,.F.);
#6370 = FACE_BOUND('',#6371,.F.);
#6371 = EDGE_LOOP('',(#6372,#6381,#6387,#6388));
#6372 = ORIENTED_EDGE('',*,*,#6373,.F.);
#6373 = EDGE_CURVE('',#6374,#6374,#6376,.T.);
#6374 = VERTEX_POINT('',#6375);
#6375 = CARTESIAN_POINT('',(-198.5,-165.,-8.));
#6376 = CIRCLE('',#6377,2.);
#6377 = AXIS2_PLACEMENT_3D('',#6378,#6379,#6380);
#6378 = CARTESIAN_POINT('',(-198.5,-165.,-10.));
#6379 = DIRECTION('',(-1.,1.110223024625E-16,0.));
#6380 = DIRECTION('',(0.,0.,1.));
#6381 = ORIENTED_EDGE('',*,*,#6382,.F.);
#6382 = EDGE_CURVE('',#4431,#6374,#6383,.T.);
#6383 = LINE('',#6384,#6385);
#6384 = CARTESIAN_POINT('',(-193.,-165.,-8.));
#6385 = VECTOR('',#6386,1.);
#6386 = DIRECTION('',(-1.,1.110223024625E-16,0.));
#6387 = ORIENTED_EDGE('',*,*,#4430,.T.);
#6388 = ORIENTED_EDGE('',*,*,#6382,.T.);
#6389 = CYLINDRICAL_SURFACE('',#6390,2.);
#6390 = AXIS2_PLACEMENT_3D('',#6391,#6392,#6393);
#6391 = CARTESIAN_POINT('',(-193.,-165.,-10.));
#6392 = DIRECTION('',(-1.,1.110223024625E-16,0.));
#6393 = DIRECTION('',(0.,0.,1.));
#6394 = ADVANCED_FACE('',(#6395),#6414,.F.);
#6395 = FACE_BOUND('',#6396,.F.);
#6396 = EDGE_LOOP('',(#6397,#6406,#6412,#6413));
#6397 = ORIENTED_EDGE('',*,*,#6398,.F.);
#6398 = EDGE_CURVE('',#6399,#6399,#6401,.T.);
#6399 = VERTEX_POINT('',#6400);
#6400 = CARTESIAN_POINT('',(-140.,-198.5,-8.));
#6401 = CIRCLE('',#6402,2.);
#6402 = AXIS2_PLACEMENT_3D('',#6403,#6404,#6405);
#6403 = CARTESIAN_POINT('',(-140.,-198.5,-10.));
#6404 = DIRECTION('',(-1.224646799147E-16,-1.,0.));
#6405 = DIRECTION('',(0.,0.,1.));
#6406 = ORIENTED_EDGE('',*,*,#6407,.F.);
#6407 = EDGE_CURVE('',#4667,#6399,#6408,.T.);
#6408 = LINE('',#6409,#6410);
#6409 = CARTESIAN_POINT('',(-140.,-193.,-8.));
#6410 = VECTOR('',#6411,1.);
#6411 = DIRECTION('',(-1.224646799147E-16,-1.,0.));
#6412 = ORIENTED_EDGE('',*,*,#4666,.T.);
#6413 = ORIENTED_EDGE('',*,*,#6407,.T.);
#6414 = CYLINDRICAL_SURFACE('',#6415,2.);
#6415 = AXIS2_PLACEMENT_3D('',#6416,#6417,#6418);
#6416 = CARTESIAN_POINT('',(-140.,-193.,-10.));
#6417 = DIRECTION('',(-1.224646799147E-16,-1.,0.));
#6418 = DIRECTION('',(0.,0.,1.));
#6419 = ADVANCED_FACE('',(#6420),#6439,.F.);
#6420 = FACE_BOUND('',#6421,.F.);
#6421 = EDGE_LOOP('',(#6422,#6431,#6437,#6438));
#6422 = ORIENTED_EDGE('',*,*,#6423,.F.);
#6423 = EDGE_CURVE('',#6424,#6424,#6426,.T.);
#6424 = VERTEX_POINT('',#6425);
#6425 = CARTESIAN_POINT('',(-2.381938024342E-14,-198.5,-8.));
#6426 = CIRCLE('',#6427,2.);
#6427 = AXIS2_PLACEMENT_3D('',#6428,#6429,#6430);
#6428 = CARTESIAN_POINT('',(-2.430923896307E-14,-198.5,-10.));
#6429 = DIRECTION('',(-1.224646799147E-16,-1.,0.));
#6430 = DIRECTION('',(0.,0.,1.));
#6431 = ORIENTED_EDGE('',*,*,#6432,.F.);
#6432 = EDGE_CURVE('',#4838,#6424,#6433,.T.);
#6433 = LINE('',#6434,#6435);
#6434 = CARTESIAN_POINT('',(-2.314582450388E-14,-193.,-8.));
#6435 = VECTOR('',#6436,1.);
#6436 = DIRECTION('',(-1.224646799147E-16,-1.,0.));
#6437 = ORIENTED_EDGE('',*,*,#4837,.T.);
#6438 = ORIENTED_EDGE('',*,*,#6432,.T.);
#6439 = CYLINDRICAL_SURFACE('',#6440,2.);
#6440 = AXIS2_PLACEMENT_3D('',#6441,#6442,#6443);
#6441 = CARTESIAN_POINT('',(-2.363568322354E-14,-193.,-10.));
#6442 = DIRECTION('',(-1.224646799147E-16,-1.,0.));
#6443 = DIRECTION('',(0.,0.,1.));
#6444 = ADVANCED_FACE('',(#6445),#6464,.F.);
#6445 = FACE_BOUND('',#6446,.F.);
#6446 = EDGE_LOOP('',(#6447,#6456,#6462,#6463));
#6447 = ORIENTED_EDGE('',*,*,#6448,.F.);
#6448 = EDGE_CURVE('',#6449,#6449,#6451,.T.);
#6449 = VERTEX_POINT('',#6450);
#6450 = CARTESIAN_POINT('',(140.,-198.5,-8.));
#6451 = CIRCLE('',#6452,2.);
#6452 = AXIS2_PLACEMENT_3D('',#6453,#6454,#6455);
#6453 = CARTESIAN_POINT('',(140.,-198.5,-10.));
#6454 = DIRECTION('',(-1.224646799147E-16,-1.,0.));
#6455 = DIRECTION('',(0.,0.,1.));
#6456 = ORIENTED_EDGE('',*,*,#6457,.F.);
#6457 = EDGE_CURVE('',#5009,#6449,#6458,.T.);
#6458 = LINE('',#6459,#6460);
#6459 = CARTESIAN_POINT('',(140.,-193.,-8.));
#6460 = VECTOR('',#6461,1.);
#6461 = DIRECTION('',(-1.224646799147E-16,-1.,0.));
#6462 = ORIENTED_EDGE('',*,*,#5008,.T.);
#6463 = ORIENTED_EDGE('',*,*,#6457,.T.);
#6464 = CYLINDRICAL_SURFACE('',#6465,2.);
#6465 = AXIS2_PLACEMENT_3D('',#6466,#6467,#6468);
#6466 = CARTESIAN_POINT('',(140.,-193.,-10.));
#6467 = DIRECTION('',(-1.224646799147E-16,-1.,0.));
#6468 = DIRECTION('',(0.,0.,1.));
#6469 = ADVANCED_FACE('',(#6470),#6489,.F.);
#6470 = FACE_BOUND('',#6471,.F.);
#6471 = EDGE_LOOP('',(#6472,#6481,#6487,#6488));
#6472 = ORIENTED_EDGE('',*,*,#6473,.F.);
#6473 = EDGE_CURVE('',#6474,#6474,#6476,.T.);
#6474 = VERTEX_POINT('',#6475);
#6475 = CARTESIAN_POINT('',(-198.5,165.,-8.));
#6476 = CIRCLE('',#6477,2.);
#6477 = AXIS2_PLACEMENT_3D('',#6478,#6479,#6480);
#6478 = CARTESIAN_POINT('',(-198.5,165.,-10.));
#6479 = DIRECTION('',(-1.,1.110223024625E-16,0.));
#6480 = DIRECTION('',(0.,0.,1.));
#6481 = ORIENTED_EDGE('',*,*,#6482,.F.);
#6482 = EDGE_CURVE('',#5124,#6474,#6483,.T.);
#6483 = LINE('',#6484,#6485);
#6484 = CARTESIAN_POINT('',(-193.,165.,-8.));
#6485 = VECTOR('',#6486,1.);
#6486 = DIRECTION('',(-1.,1.110223024625E-16,0.));
#6487 = ORIENTED_EDGE('',*,*,#5123,.T.);
#6488 = ORIENTED_EDGE('',*,*,#6482,.T.);
#6489 = CYLINDRICAL_SURFACE('',#6490,2.);
#6490 = AXIS2_PLACEMENT_3D('',#6491,#6492,#6493);
#6491 = CARTESIAN_POINT('',(-193.,165.,-10.));
#6492 = DIRECTION('',(-1.,1.110223024625E-16,0.));
#6493 = DIRECTION('',(0.,0.,1.));
#6494 = ADVANCED_FACE('',(#6495),#6514,.F.);
#6495 = FACE_BOUND('',#6496,.F.);
#6496 = EDGE_LOOP('',(#6497,#6506,#6512,#6513));
#6497 = ORIENTED_EDGE('',*,*,#6498,.F.);
#6498 = EDGE_CURVE('',#6499,#6499,#6501,.T.);
#6499 = VERTEX_POINT('',#6500);
#6500 = CARTESIAN_POINT('',(198.5,-165.,-8.));
#6501 = CIRCLE('',#6502,2.);
#6502 = AXIS2_PLACEMENT_3D('',#6503,#6504,#6505);
#6503 = CARTESIAN_POINT('',(198.5,-165.,-10.));
#6504 = DIRECTION('',(1.,-2.22044604925E-16,0.));
#6505 = DIRECTION('',(0.,0.,1.));
#6506 = ORIENTED_EDGE('',*,*,#6507,.F.);
#6507 = EDGE_CURVE('',#5289,#6499,#6508,.T.);
#6508 = LINE('',#6509,#6510);
#6509 = CARTESIAN_POINT('',(193.,-165.,-8.));
#6510 = VECTOR('',#6511,1.);
#6511 = DIRECTION('',(1.,-2.22044604925E-16,0.));
#6512 = ORIENTED_EDGE('',*,*,#5288,.T.);
#6513 = ORIENTED_EDGE('',*,*,#6507,.T.);
#6514 = CYLINDRICAL_SURFACE('',#6515,2.);
#6515 = AXIS2_PLACEMENT_3D('',#6516,#6517,#6518);
#6516 = CARTESIAN_POINT('',(193.,-165.,-10.));
#6517 = DIRECTION('',(1.,-2.22044604925E-16,0.));
#6518 = DIRECTION('',(0.,0.,1.));
#6519 = ADVANCED_FACE('',(#6520),#6539,.F.);
#6520 = FACE_BOUND('',#6521,.F.);
#6521 = EDGE_LOOP('',(#6522,#6531,#6537,#6538));
#6522 = ORIENTED_EDGE('',*,*,#6523,.F.);
#6523 = EDGE_CURVE('',#6524,#6524,#6526,.T.);
#6524 = VERTEX_POINT('',#6525);
#6525 = CARTESIAN_POINT('',(-140.,198.5,-8.));
#6526 = CIRCLE('',#6527,2.);
#6527 = AXIS2_PLACEMENT_3D('',#6528,#6529,#6530);
#6528 = CARTESIAN_POINT('',(-140.,198.5,-10.));
#6529 = DIRECTION('',(0.,1.,0.));
#6530 = DIRECTION('',(0.,-0.,1.));
#6531 = ORIENTED_EDGE('',*,*,#6532,.F.);
#6532 = EDGE_CURVE('',#5404,#6524,#6533,.T.);
#6533 = LINE('',#6534,#6535);
#6534 = CARTESIAN_POINT('',(-140.,193.,-8.));
#6535 = VECTOR('',#6536,1.);
#6536 = DIRECTION('',(0.,1.,0.));
#6537 = ORIENTED_EDGE('',*,*,#5403,.T.);
#6538 = ORIENTED_EDGE('',*,*,#6532,.T.);
#6539 = CYLINDRICAL_SURFACE('',#6540,2.);
#6540 = AXIS2_PLACEMENT_3D('',#6541,#6542,#6543);
#6541 = CARTESIAN_POINT('',(-140.,193.,-10.));
#6542 = DIRECTION('',(0.,1.,0.));
#6543 = DIRECTION('',(0.,0.,1.));
#6544 = ADVANCED_FACE('',(#6545),#6564,.F.);
#6545 = FACE_BOUND('',#6546,.F.);
#6546 = EDGE_LOOP('',(#6547,#6556,#6562,#6563));
#6547 = ORIENTED_EDGE('',*,*,#6548,.F.);
#6548 = EDGE_CURVE('',#6549,#6549,#6551,.T.);
#6549 = VERTEX_POINT('',#6550);
#6550 = CARTESIAN_POINT('',(-4.898587196589E-16,198.5,-8.));
#6551 = CIRCLE('',#6552,2.);
#6552 = AXIS2_PLACEMENT_3D('',#6553,#6554,#6555);
#6553 = CARTESIAN_POINT('',(0.,198.5,-10.));
#6554 = DIRECTION('',(0.,1.,0.));
#6555 = DIRECTION('',(0.,-0.,1.));
#6556 = ORIENTED_EDGE('',*,*,#6557,.F.);
#6557 = EDGE_CURVE('',#5575,#6549,#6558,.T.);
#6558 = LINE('',#6559,#6560);
#6559 = CARTESIAN_POINT('',(-4.898587196589E-16,193.,-8.));
#6560 = VECTOR('',#6561,1.);
#6561 = DIRECTION('',(0.,1.,0.));
#6562 = ORIENTED_EDGE('',*,*,#5574,.T.);
#6563 = ORIENTED_EDGE('',*,*,#6557,.T.);
#6564 = CYLINDRICAL_SURFACE('',#6565,2.);
#6565 = AXIS2_PLACEMENT_3D('',#6566,#6567,#6568);
#6566 = CARTESIAN_POINT('',(0.,193.,-10.));
#6567 = DIRECTION('',(0.,1.,0.));
#6568 = DIRECTION('',(0.,0.,1.));
#6569 = ADVANCED_FACE('',(#6570),#6589,.F.);
#6570 = FACE_BOUND('',#6571,.F.);
#6571 = EDGE_LOOP('',(#6572,#6581,#6587,#6588));
#6572 = ORIENTED_EDGE('',*,*,#6573,.F.);
#6573 = EDGE_CURVE('',#6574,#6574,#6576,.T.);
#6574 = VERTEX_POINT('',#6575);
#6575 = CARTESIAN_POINT('',(140.,198.5,-8.));
#6576 = CIRCLE('',#6577,2.);
#6577 = AXIS2_PLACEMENT_3D('',#6578,#6579,#6580);
#6578 = CARTESIAN_POINT('',(140.,198.5,-10.));
#6579 = DIRECTION('',(0.,1.,0.));
#6580 = DIRECTION('',(0.,-0.,1.));
#6581 = ORIENTED_EDGE('',*,*,#6582,.F.);
#6582 = EDGE_CURVE('',#5746,#6574,#6583,.T.);
#6583 = LINE('',#6584,#6585);
#6584 = CARTESIAN_POINT('',(140.,193.,-8.));
#6585 = VECTOR('',#6586,1.);
#6586 = DIRECTION('',(0.,1.,0.));
#6587 = ORIENTED_EDGE('',*,*,#5745,.T.);
#6588 = ORIENTED_EDGE('',*,*,#6582,.T.);
#6589 = CYLINDRICAL_SURFACE('',#6590,2.);
#6590 = AXIS2_PLACEMENT_3D('',#6591,#6592,#6593);
#6591 = CARTESIAN_POINT('',(140.,193.,-10.));
#6592 = DIRECTION('',(0.,1.,0.));
#6593 = DIRECTION('',(0.,0.,1.));
#6594 = ADVANCED_FACE('',(#6595),#6614,.F.);
#6595 = FACE_BOUND('',#6596,.F.);
#6596 = EDGE_LOOP('',(#6597,#6606,#6612,#6613));
#6597 = ORIENTED_EDGE('',*,*,#6598,.F.);
#6598 = EDGE_CURVE('',#6599,#6599,#6601,.T.);
#6599 = VERTEX_POINT('',#6600);
#6600 = CARTESIAN_POINT('',(198.5,165.,-8.));
#6601 = CIRCLE('',#6602,2.);
#6602 = AXIS2_PLACEMENT_3D('',#6603,#6604,#6605);
#6603 = CARTESIAN_POINT('',(198.5,165.,-10.));
#6604 = DIRECTION('',(1.,-2.22044604925E-16,0.));
#6605 = DIRECTION('',(0.,0.,1.));
#6606 = ORIENTED_EDGE('',*,*,#6607,.F.);
#6607 = EDGE_CURVE('',#5975,#6599,#6608,.T.);
#6608 = LINE('',#6609,#6610);
#6609 = CARTESIAN_POINT('',(193.,165.,-8.));
#6610 = VECTOR('',#6611,1.);
#6611 = DIRECTION('',(1.,-2.22044604925E-16,0.));
#6612 = ORIENTED_EDGE('',*,*,#5974,.T.);
#6613 = ORIENTED_EDGE('',*,*,#6607,.T.);
#6614 = CYLINDRICAL_SURFACE('',#6615,2.);
#6615 = AXIS2_PLACEMENT_3D('',#6616,#6617,#6618);
#6616 = CARTESIAN_POINT('',(193.,165.,-10.));
#6617 = DIRECTION('',(1.,-2.22044604925E-16,0.));
#6618 = DIRECTION('',(0.,0.,1.));
#6619 = ADVANCED_FACE('',(#6620),#6646,.F.);
#6620 = FACE_BOUND('',#6621,.F.);
#6621 = EDGE_LOOP('',(#6622,#6630,#6631,#6639));
#6622 = ORIENTED_EDGE('',*,*,#6623,.F.);
#6623 = EDGE_CURVE('',#6180,#6624,#6626,.T.);
#6624 = VERTEX_POINT('',#6625);
#6625 = CARTESIAN_POINT('',(-207.,-204.,2.));
#6626 = LINE('',#6627,#6628);
#6627 = CARTESIAN_POINT('',(-207.,-204.,-1.));
#6628 = VECTOR('',#6629,1.);
#6629 = DIRECTION('',(0.,0.,1.));
#6630 = ORIENTED_EDGE('',*,*,#6179,.T.);
#6631 = ORIENTED_EDGE('',*,*,#6632,.T.);
#6632 = EDGE_CURVE('',#6182,#6633,#6635,.T.);
#6633 = VERTEX_POINT('',#6634);
#6634 = CARTESIAN_POINT('',(-204.,-207.,2.));
#6635 = LINE('',#6636,#6637);
#6636 = CARTESIAN_POINT('',(-204.,-207.,-1.));
#6637 = VECTOR('',#6638,1.);
#6638 = DIRECTION('',(0.,0.,1.));
#6639 = ORIENTED_EDGE('',*,*,#6640,.F.);
#6640 = EDGE_CURVE('',#6624,#6633,#6641,.T.);
#6641 = CIRCLE('',#6642,3.);
#6642 = AXIS2_PLACEMENT_3D('',#6643,#6644,#6645);
#6643 = CARTESIAN_POINT('',(-204.,-204.,2.));
#6644 = DIRECTION('',(0.,0.,1.));
#6645 = DIRECTION('',(-1.,-0.,0.));
#6646 = CYLINDRICAL_SURFACE('',#6647,3.);
#6647 = AXIS2_PLACEMENT_3D('',#6648,#6649,#6650);
#6648 = CARTESIAN_POINT('',(-204.,-204.,-1.));
#6649 = DIRECTION('',(0.,0.,1.));
#6650 = DIRECTION('',(-1.,-0.,0.));
#6651 = ADVANCED_FACE('',(#6652),#6670,.T.);
#6652 = FACE_BOUND('',#6653,.T.);
#6653 = EDGE_LOOP('',(#6654,#6662,#6663,#6664));
#6654 = ORIENTED_EDGE('',*,*,#6655,.F.);
#6655 = EDGE_CURVE('',#6233,#6656,#6658,.T.);
#6656 = VERTEX_POINT('',#6657);
#6657 = CARTESIAN_POINT('',(204.,-207.,2.));
#6658 = LINE('',#6659,#6660);
#6659 = CARTESIAN_POINT('',(204.,-207.,-1.));
#6660 = VECTOR('',#6661,1.);
#6661 = DIRECTION('',(0.,0.,1.));
#6662 = ORIENTED_EDGE('',*,*,#6241,.T.);
#6663 = ORIENTED_EDGE('',*,*,#6632,.T.);
#6664 = ORIENTED_EDGE('',*,*,#6665,.F.);
#6665 = EDGE_CURVE('',#6656,#6633,#6666,.T.);
#6666 = LINE('',#6667,#6668);
#6667 = CARTESIAN_POINT('',(-216.,-207.,2.));
#6668 = VECTOR('',#6669,1.);
#6669 = DIRECTION('',(-1.,-0.,0.));
#6670 = PLANE('',#6671);
#6671 = AXIS2_PLACEMENT_3D('',#6672,#6673,#6674);
#6672 = CARTESIAN_POINT('',(-207.,-207.,-1.));
#6673 = DIRECTION('',(-0.,1.,0.));
#6674 = DIRECTION('',(0.,0.,1.));
#6675 = ADVANCED_FACE('',(#6676),#6695,.F.);
#6676 = FACE_BOUND('',#6677,.T.);
#6677 = EDGE_LOOP('',(#6678,#6686,#6687,#6688));
#6678 = ORIENTED_EDGE('',*,*,#6679,.F.);
#6679 = EDGE_CURVE('',#6225,#6680,#6682,.T.);
#6680 = VERTEX_POINT('',#6681);
#6681 = CARTESIAN_POINT('',(207.,-204.,2.));
#6682 = LINE('',#6683,#6684);
#6683 = CARTESIAN_POINT('',(207.,-204.,-1.));
#6684 = VECTOR('',#6685,1.);
#6685 = DIRECTION('',(0.,0.,1.));
#6686 = ORIENTED_EDGE('',*,*,#6232,.F.);
#6687 = ORIENTED_EDGE('',*,*,#6655,.T.);
#6688 = ORIENTED_EDGE('',*,*,#6689,.T.);
#6689 = EDGE_CURVE('',#6656,#6680,#6690,.T.);
#6690 = CIRCLE('',#6691,3.);
#6691 = AXIS2_PLACEMENT_3D('',#6692,#6693,#6694);
#6692 = CARTESIAN_POINT('',(204.,-204.,2.));
#6693 = DIRECTION('',(0.,0.,1.));
#6694 = DIRECTION('',(1.,0.,-0.));
#6695 = CYLINDRICAL_SURFACE('',#6696,3.);
#6696 = AXIS2_PLACEMENT_3D('',#6697,#6698,#6699);
#6697 = CARTESIAN_POINT('',(204.,-204.,-1.));
#6698 = DIRECTION('',(0.,0.,1.));
#6699 = DIRECTION('',(1.,0.,-0.));
#6700 = ADVANCED_FACE('',(#6701),#6719,.F.);
#6701 = FACE_BOUND('',#6702,.F.);
#6702 = EDGE_LOOP('',(#6703,#6711,#6712,#6713));
#6703 = ORIENTED_EDGE('',*,*,#6704,.F.);
#6704 = EDGE_CURVE('',#6680,#6705,#6707,.T.);
#6705 = VERTEX_POINT('',#6706);
#6706 = CARTESIAN_POINT('',(207.,204.,2.));
#6707 = LINE('',#6708,#6709);
#6708 = CARTESIAN_POINT('',(207.,-216.,2.));
#6709 = VECTOR('',#6710,1.);
#6710 = DIRECTION('',(-0.,1.,0.));
#6711 = ORIENTED_EDGE('',*,*,#6679,.F.);
#6712 = ORIENTED_EDGE('',*,*,#6224,.T.);
#6713 = ORIENTED_EDGE('',*,*,#6714,.T.);
#6714 = EDGE_CURVE('',#6216,#6705,#6715,.T.);
#6715 = LINE('',#6716,#6717);
#6716 = CARTESIAN_POINT('',(207.,204.,-1.));
#6717 = VECTOR('',#6718,1.);
#6718 = DIRECTION('',(0.,0.,1.));
#6719 = PLANE('',#6720);
#6720 = AXIS2_PLACEMENT_3D('',#6721,#6722,#6723);
#6721 = CARTESIAN_POINT('',(207.,-207.,-1.));
#6722 = DIRECTION('',(1.,0.,-0.));
#6723 = DIRECTION('',(0.,0.,1.));
#6724 = ADVANCED_FACE('',(#6725),#6744,.F.);
#6725 = FACE_BOUND('',#6726,.F.);
#6726 = EDGE_LOOP('',(#6727,#6728,#6729,#6737));
#6727 = ORIENTED_EDGE('',*,*,#6714,.F.);
#6728 = ORIENTED_EDGE('',*,*,#6215,.T.);
#6729 = ORIENTED_EDGE('',*,*,#6730,.T.);
#6730 = EDGE_CURVE('',#6208,#6731,#6733,.T.);
#6731 = VERTEX_POINT('',#6732);
#6732 = CARTESIAN_POINT('',(204.,207.,2.));
#6733 = LINE('',#6734,#6735);
#6734 = CARTESIAN_POINT('',(204.,207.,-1.));
#6735 = VECTOR('',#6736,1.);
#6736 = DIRECTION('',(0.,0.,1.));
#6737 = ORIENTED_EDGE('',*,*,#6738,.F.);
#6738 = EDGE_CURVE('',#6705,#6731,#6739,.T.);
#6739 = CIRCLE('',#6740,3.);
#6740 = AXIS2_PLACEMENT_3D('',#6741,#6742,#6743);
#6741 = CARTESIAN_POINT('',(204.,204.,2.));
#6742 = DIRECTION('',(0.,0.,1.));
#6743 = DIRECTION('',(1.,0.,-0.));
#6744 = CYLINDRICAL_SURFACE('',#6745,3.);
#6745 = AXIS2_PLACEMENT_3D('',#6746,#6747,#6748);
#6746 = CARTESIAN_POINT('',(204.,204.,-1.));
#6747 = DIRECTION('',(0.,0.,1.));
#6748 = DIRECTION('',(1.,0.,-0.));
#6749 = ADVANCED_FACE('',(#6750),#6768,.F.);
#6750 = FACE_BOUND('',#6751,.F.);
#6751 = EDGE_LOOP('',(#6752,#6753,#6754,#6762));
#6752 = ORIENTED_EDGE('',*,*,#6730,.F.);
#6753 = ORIENTED_EDGE('',*,*,#6207,.T.);
#6754 = ORIENTED_EDGE('',*,*,#6755,.T.);
#6755 = EDGE_CURVE('',#6199,#6756,#6758,.T.);
#6756 = VERTEX_POINT('',#6757);
#6757 = CARTESIAN_POINT('',(-204.,207.,2.));
#6758 = LINE('',#6759,#6760);
#6759 = CARTESIAN_POINT('',(-204.,207.,-1.));
#6760 = VECTOR('',#6761,1.);
#6761 = DIRECTION('',(0.,0.,1.));
#6762 = ORIENTED_EDGE('',*,*,#6763,.F.);
#6763 = EDGE_CURVE('',#6731,#6756,#6764,.T.);
#6764 = LINE('',#6765,#6766);
#6765 = CARTESIAN_POINT('',(-216.,207.,2.));
#6766 = VECTOR('',#6767,1.);
#6767 = DIRECTION('',(-1.,-0.,0.));
#6768 = PLANE('',#6769);
#6769 = AXIS2_PLACEMENT_3D('',#6770,#6771,#6772);
#6770 = CARTESIAN_POINT('',(-207.,207.,-1.));
#6771 = DIRECTION('',(-0.,1.,0.));
#6772 = DIRECTION('',(0.,0.,1.));
#6773 = ADVANCED_FACE('',(#6774),#6793,.F.);
#6774 = FACE_BOUND('',#6775,.T.);
#6775 = EDGE_LOOP('',(#6776,#6784,#6785,#6786));
#6776 = ORIENTED_EDGE('',*,*,#6777,.F.);
#6777 = EDGE_CURVE('',#6191,#6778,#6780,.T.);
#6778 = VERTEX_POINT('',#6779);
#6779 = CARTESIAN_POINT('',(-207.,204.,2.));
#6780 = LINE('',#6781,#6782);
#6781 = CARTESIAN_POINT('',(-207.,204.,-1.));
#6782 = VECTOR('',#6783,1.);
#6783 = DIRECTION('',(0.,0.,1.));
#6784 = ORIENTED_EDGE('',*,*,#6198,.F.);
#6785 = ORIENTED_EDGE('',*,*,#6755,.T.);
#6786 = ORIENTED_EDGE('',*,*,#6787,.T.);
#6787 = EDGE_CURVE('',#6756,#6778,#6788,.T.);
#6788 = CIRCLE('',#6789,3.);
#6789 = AXIS2_PLACEMENT_3D('',#6790,#6791,#6792);
#6790 = CARTESIAN_POINT('',(-204.,204.,2.));
#6791 = DIRECTION('',(0.,0.,1.));
#6792 = DIRECTION('',(-1.,-0.,0.));
#6793 = CYLINDRICAL_SURFACE('',#6794,3.);
#6794 = AXIS2_PLACEMENT_3D('',#6795,#6796,#6797);
#6795 = CARTESIAN_POINT('',(-204.,204.,-1.));
#6796 = DIRECTION('',(0.,0.,1.));
#6797 = DIRECTION('',(-1.,-0.,0.));
#6798 = ADVANCED_FACE('',(#6799),#6810,.T.);
#6799 = FACE_BOUND('',#6800,.T.);
#6800 = EDGE_LOOP('',(#6801,#6807,#6808,#6809));
#6801 = ORIENTED_EDGE('',*,*,#6802,.F.);
#6802 = EDGE_CURVE('',#6624,#6778,#6803,.T.);
#6803 = LINE('',#6804,#6805);
#6804 = CARTESIAN_POINT('',(-207.,-216.,2.));
#6805 = VECTOR('',#6806,1.);
#6806 = DIRECTION('',(-0.,1.,0.));
#6807 = ORIENTED_EDGE('',*,*,#6623,.F.);
#6808 = ORIENTED_EDGE('',*,*,#6190,.T.);
#6809 = ORIENTED_EDGE('',*,*,#6777,.T.);
#6810 = PLANE('',#6811);
#6811 = AXIS2_PLACEMENT_3D('',#6812,#6813,#6814);
#6812 = CARTESIAN_POINT('',(-207.,-207.,-1.));
#6813 = DIRECTION('',(1.,0.,-0.));
#6814 = DIRECTION('',(0.,0.,1.));
#6815 = ADVANCED_FACE('',(#6816,#6841,#6844),#6847,.F.);
#6816 = FACE_BOUND('',#6817,.F.);
#6817 = EDGE_LOOP('',(#6818,#6828,#6834,#6835));
#6818 = ORIENTED_EDGE('',*,*,#6819,.F.);
#6819 = EDGE_CURVE('',#6820,#6822,#6824,.T.);
#6820 = VERTEX_POINT('',#6821);
#6821 = CARTESIAN_POINT('',(-198.5,-172.5,2.));
#6822 = VERTEX_POINT('',#6823);
#6823 = CARTESIAN_POINT('',(-198.5,172.5,2.));
#6824 = LINE('',#6825,#6826);
#6825 = CARTESIAN_POINT('',(-198.5,-211.75,2.));
#6826 = VECTOR('',#6827,1.);
#6827 = DIRECTION('',(-0.,1.,0.));
#6828 = ORIENTED_EDGE('',*,*,#6829,.F.);
#6829 = EDGE_CURVE('',#6256,#6820,#6830,.T.);
#6830 = LINE('',#6831,#6832);
#6831 = CARTESIAN_POINT('',(-198.5,-172.5,-19.));
#6832 = VECTOR('',#6833,1.);
#6833 = DIRECTION('',(0.,0.,1.));
#6834 = ORIENTED_EDGE('',*,*,#6255,.T.);
#6835 = ORIENTED_EDGE('',*,*,#6836,.T.);
#6836 = EDGE_CURVE('',#6258,#6822,#6837,.T.);
#6837 = LINE('',#6838,#6839);
#6838 = CARTESIAN_POINT('',(-198.5,172.5,-19.));
#6839 = VECTOR('',#6840,1.);
#6840 = DIRECTION('',(0.,0.,1.));
#6841 = FACE_BOUND('',#6842,.F.);
#6842 = EDGE_LOOP('',(#6843));
#6843 = ORIENTED_EDGE('',*,*,#6473,.T.);
#6844 = FACE_BOUND('',#6845,.F.);
#6845 = EDGE_LOOP('',(#6846));
#6846 = ORIENTED_EDGE('',*,*,#6373,.T.);
#6847 = PLANE('',#6848);
#6848 = AXIS2_PLACEMENT_3D('',#6849,#6850,#6851);
#6849 = CARTESIAN_POINT('',(-198.5,-198.5,-19.));
#6850 = DIRECTION('',(1.,0.,-0.));
#6851 = DIRECTION('',(0.,0.,1.));
#6852 = ADVANCED_FACE('',(#6853),#6872,.T.);
#6853 = FACE_BOUND('',#6854,.T.);
#6854 = EDGE_LOOP('',(#6855,#6856,#6857,#6865));
#6855 = ORIENTED_EDGE('',*,*,#6829,.F.);
#6856 = ORIENTED_EDGE('',*,*,#6265,.T.);
#6857 = ORIENTED_EDGE('',*,*,#6858,.T.);
#6858 = EDGE_CURVE('',#6266,#6859,#6861,.T.);
#6859 = VERTEX_POINT('',#6860);
#6860 = CARTESIAN_POINT('',(-172.5,-198.5,2.));
#6861 = LINE('',#6862,#6863);
#6862 = CARTESIAN_POINT('',(-172.5,-198.5,-19.));
#6863 = VECTOR('',#6864,1.);
#6864 = DIRECTION('',(0.,0.,1.));
#6865 = ORIENTED_EDGE('',*,*,#6866,.F.);
#6866 = EDGE_CURVE('',#6820,#6859,#6867,.T.);
#6867 = CIRCLE('',#6868,26.);
#6868 = AXIS2_PLACEMENT_3D('',#6869,#6870,#6871);
#6869 = CARTESIAN_POINT('',(-172.5,-172.5,2.));
#6870 = DIRECTION('',(0.,0.,1.));
#6871 = DIRECTION('',(-1.,-0.,0.));
#6872 = CYLINDRICAL_SURFACE('',#6873,26.);
#6873 = AXIS2_PLACEMENT_3D('',#6874,#6875,#6876);
#6874 = CARTESIAN_POINT('',(-172.5,-172.5,-19.));
#6875 = DIRECTION('',(0.,0.,1.));
#6876 = DIRECTION('',(-1.,-0.,0.));
#6877 = ADVANCED_FACE('',(#6878),#6897,.T.);
#6878 = FACE_BOUND('',#6879,.F.);
#6879 = EDGE_LOOP('',(#6880,#6881,#6882,#6890));
#6880 = ORIENTED_EDGE('',*,*,#6836,.F.);
#6881 = ORIENTED_EDGE('',*,*,#6316,.T.);
#6882 = ORIENTED_EDGE('',*,*,#6883,.T.);
#6883 = EDGE_CURVE('',#6309,#6884,#6886,.T.);
#6884 = VERTEX_POINT('',#6885);
#6885 = CARTESIAN_POINT('',(-172.5,198.5,2.));
#6886 = LINE('',#6887,#6888);
#6887 = CARTESIAN_POINT('',(-172.5,198.5,-19.));
#6888 = VECTOR('',#6889,1.);
#6889 = DIRECTION('',(0.,0.,1.));
#6890 = ORIENTED_EDGE('',*,*,#6891,.T.);
#6891 = EDGE_CURVE('',#6884,#6822,#6892,.T.);
#6892 = CIRCLE('',#6893,26.);
#6893 = AXIS2_PLACEMENT_3D('',#6894,#6895,#6896);
#6894 = CARTESIAN_POINT('',(-172.5,172.5,2.));
#6895 = DIRECTION('',(0.,0.,1.));
#6896 = DIRECTION('',(-1.,-0.,0.));
#6897 = CYLINDRICAL_SURFACE('',#6898,26.);
#6898 = AXIS2_PLACEMENT_3D('',#6899,#6900,#6901);
#6899 = CARTESIAN_POINT('',(-172.5,172.5,-19.));
#6900 = DIRECTION('',(0.,0.,1.));
#6901 = DIRECTION('',(-1.,-0.,0.));
#6902 = ADVANCED_FACE('',(#6903,#6921,#6924,#6927),#6930,.F.);
#6903 = FACE_BOUND('',#6904,.F.);
#6904 = EDGE_LOOP('',(#6905,#6906,#6907,#6915));
#6905 = ORIENTED_EDGE('',*,*,#6274,.F.);
#6906 = ORIENTED_EDGE('',*,*,#6858,.T.);
#6907 = ORIENTED_EDGE('',*,*,#6908,.F.);
#6908 = EDGE_CURVE('',#6909,#6859,#6911,.T.);
#6909 = VERTEX_POINT('',#6910);
#6910 = CARTESIAN_POINT('',(172.5,-198.5,2.));
#6911 = LINE('',#6912,#6913);
#6912 = CARTESIAN_POINT('',(-211.75,-198.5,2.));
#6913 = VECTOR('',#6914,1.);
#6914 = DIRECTION('',(-1.,-0.,0.));
#6915 = ORIENTED_EDGE('',*,*,#6916,.F.);
#6916 = EDGE_CURVE('',#6275,#6909,#6917,.T.);
#6917 = LINE('',#6918,#6919);
#6918 = CARTESIAN_POINT('',(172.5,-198.5,-19.));
#6919 = VECTOR('',#6920,1.);
#6920 = DIRECTION('',(0.,0.,1.));
#6921 = FACE_BOUND('',#6922,.F.);
#6922 = EDGE_LOOP('',(#6923));
#6923 = ORIENTED_EDGE('',*,*,#6398,.T.);
#6924 = FACE_BOUND('',#6925,.F.);
#6925 = EDGE_LOOP('',(#6926));
#6926 = ORIENTED_EDGE('',*,*,#6423,.T.);
#6927 = FACE_BOUND('',#6928,.F.);
#6928 = EDGE_LOOP('',(#6929));
#6929 = ORIENTED_EDGE('',*,*,#6448,.T.);
#6930 = PLANE('',#6931);
#6931 = AXIS2_PLACEMENT_3D('',#6932,#6933,#6934);
#6932 = CARTESIAN_POINT('',(-198.5,-198.5,-19.));
#6933 = DIRECTION('',(-0.,1.,0.));
#6934 = DIRECTION('',(0.,0.,1.));
#6935 = ADVANCED_FACE('',(#6936,#6954,#6957,#6960),#6963,.T.);
#6936 = FACE_BOUND('',#6937,.T.);
#6937 = EDGE_LOOP('',(#6938,#6939,#6940,#6948));
#6938 = ORIENTED_EDGE('',*,*,#6308,.F.);
#6939 = ORIENTED_EDGE('',*,*,#6883,.T.);
#6940 = ORIENTED_EDGE('',*,*,#6941,.F.);
#6941 = EDGE_CURVE('',#6942,#6884,#6944,.T.);
#6942 = VERTEX_POINT('',#6943);
#6943 = CARTESIAN_POINT('',(172.5,198.5,2.));
#6944 = LINE('',#6945,#6946);
#6945 = CARTESIAN_POINT('',(-211.75,198.5,2.));
#6946 = VECTOR('',#6947,1.);
#6947 = DIRECTION('',(-1.,-0.,0.));
#6948 = ORIENTED_EDGE('',*,*,#6949,.F.);
#6949 = EDGE_CURVE('',#6300,#6942,#6950,.T.);
#6950 = LINE('',#6951,#6952);
#6951 = CARTESIAN_POINT('',(172.5,198.5,-19.));
#6952 = VECTOR('',#6953,1.);
#6953 = DIRECTION('',(0.,0.,1.));
#6954 = FACE_BOUND('',#6955,.T.);
#6955 = EDGE_LOOP('',(#6956));
#6956 = ORIENTED_EDGE('',*,*,#6523,.F.);
#6957 = FACE_BOUND('',#6958,.T.);
#6958 = EDGE_LOOP('',(#6959));
#6959 = ORIENTED_EDGE('',*,*,#6548,.F.);
#6960 = FACE_BOUND('',#6961,.T.);
#6961 = EDGE_LOOP('',(#6962));
#6962 = ORIENTED_EDGE('',*,*,#6573,.F.);
#6963 = PLANE('',#6964);
#6964 = AXIS2_PLACEMENT_3D('',#6965,#6966,#6967);
#6965 = CARTESIAN_POINT('',(-198.5,198.5,-19.));
#6966 = DIRECTION('',(-0.,1.,0.));
#6967 = DIRECTION('',(0.,0.,1.));
#6968 = ADVANCED_FACE('',(#6969),#6988,.T.);
#6969 = FACE_BOUND('',#6970,.F.);
#6970 = EDGE_LOOP('',(#6971,#6979,#6980,#6981));
#6971 = ORIENTED_EDGE('',*,*,#6972,.F.);
#6972 = EDGE_CURVE('',#6283,#6973,#6975,.T.);
#6973 = VERTEX_POINT('',#6974);
#6974 = CARTESIAN_POINT('',(198.5,-172.5,2.));
#6975 = LINE('',#6976,#6977);
#6976 = CARTESIAN_POINT('',(198.5,-172.5,-19.));
#6977 = VECTOR('',#6978,1.);
#6978 = DIRECTION('',(0.,0.,1.));
#6979 = ORIENTED_EDGE('',*,*,#6282,.T.);
#6980 = ORIENTED_EDGE('',*,*,#6916,.T.);
#6981 = ORIENTED_EDGE('',*,*,#6982,.T.);
#6982 = EDGE_CURVE('',#6909,#6973,#6983,.T.);
#6983 = CIRCLE('',#6984,26.);
#6984 = AXIS2_PLACEMENT_3D('',#6985,#6986,#6987);
#6985 = CARTESIAN_POINT('',(172.5,-172.5,2.));
#6986 = DIRECTION('',(0.,0.,1.));
#6987 = DIRECTION('',(1.,0.,-0.));
#6988 = CYLINDRICAL_SURFACE('',#6989,26.);
#6989 = AXIS2_PLACEMENT_3D('',#6990,#6991,#6992);
#6990 = CARTESIAN_POINT('',(172.5,-172.5,-19.));
#6991 = DIRECTION('',(0.,0.,1.));
#6992 = DIRECTION('',(1.,0.,-0.));
#6993 = ADVANCED_FACE('',(#6994),#7013,.T.);
#6994 = FACE_BOUND('',#6995,.T.);
#6995 = EDGE_LOOP('',(#6996,#7004,#7005,#7006));
#6996 = ORIENTED_EDGE('',*,*,#6997,.F.);
#6997 = EDGE_CURVE('',#6292,#6998,#7000,.T.);
#6998 = VERTEX_POINT('',#6999);
#6999 = CARTESIAN_POINT('',(198.5,172.5,2.));
#7000 = LINE('',#7001,#7002);
#7001 = CARTESIAN_POINT('',(198.5,172.5,-19.));
#7002 = VECTOR('',#7003,1.);
#7003 = DIRECTION('',(0.,0.,1.));
#7004 = ORIENTED_EDGE('',*,*,#6299,.T.);
#7005 = ORIENTED_EDGE('',*,*,#6949,.T.);
#7006 = ORIENTED_EDGE('',*,*,#7007,.F.);
#7007 = EDGE_CURVE('',#6998,#6942,#7008,.T.);
#7008 = CIRCLE('',#7009,26.);
#7009 = AXIS2_PLACEMENT_3D('',#7010,#7011,#7012);
#7010 = CARTESIAN_POINT('',(172.5,172.5,2.));
#7011 = DIRECTION('',(0.,0.,1.));
#7012 = DIRECTION('',(1.,0.,-0.));
#7013 = CYLINDRICAL_SURFACE('',#7014,26.);
#7014 = AXIS2_PLACEMENT_3D('',#7015,#7016,#7017);
#7015 = CARTESIAN_POINT('',(172.5,172.5,-19.));
#7016 = DIRECTION('',(0.,0.,1.));
#7017 = DIRECTION('',(1.,0.,-0.));
#7018 = ADVANCED_FACE('',(#7019,#7030,#7033),#7036,.T.);
#7019 = FACE_BOUND('',#7020,.T.);
#7020 = EDGE_LOOP('',(#7021,#7027,#7028,#7029));
#7021 = ORIENTED_EDGE('',*,*,#7022,.F.);
#7022 = EDGE_CURVE('',#6973,#6998,#7023,.T.);
#7023 = LINE('',#7024,#7025);
#7024 = CARTESIAN_POINT('',(198.5,-211.75,2.));
#7025 = VECTOR('',#7026,1.);
#7026 = DIRECTION('',(-0.,1.,0.));
#7027 = ORIENTED_EDGE('',*,*,#6972,.F.);
#7028 = ORIENTED_EDGE('',*,*,#6291,.T.);
#7029 = ORIENTED_EDGE('',*,*,#6997,.T.);
#7030 = FACE_BOUND('',#7031,.T.);
#7031 = EDGE_LOOP('',(#7032));
#7032 = ORIENTED_EDGE('',*,*,#6598,.F.);
#7033 = FACE_BOUND('',#7034,.T.);
#7034 = EDGE_LOOP('',(#7035));
#7035 = ORIENTED_EDGE('',*,*,#6498,.F.);
#7036 = PLANE('',#7037);
#7037 = AXIS2_PLACEMENT_3D('',#7038,#7039,#7040);
#7038 = CARTESIAN_POINT('',(198.5,-198.5,-19.));
#7039 = DIRECTION('',(1.,0.,-0.));
#7040 = DIRECTION('',(0.,0.,1.));
#7041 = ADVANCED_FACE('',(#7042,#7052),#7062,.F.);
#7042 = FACE_BOUND('',#7043,.F.);
#7043 = EDGE_LOOP('',(#7044,#7045,#7046,#7047,#7048,#7049,#7050,#7051));
#7044 = ORIENTED_EDGE('',*,*,#6802,.F.);
#7045 = ORIENTED_EDGE('',*,*,#6640,.T.);
#7046 = ORIENTED_EDGE('',*,*,#6665,.F.);
#7047 = ORIENTED_EDGE('',*,*,#6689,.T.);
#7048 = ORIENTED_EDGE('',*,*,#6704,.T.);
#7049 = ORIENTED_EDGE('',*,*,#6738,.T.);
#7050 = ORIENTED_EDGE('',*,*,#6763,.T.);
#7051 = ORIENTED_EDGE('',*,*,#6787,.T.);
#7052 = FACE_BOUND('',#7053,.F.);
#7053 = EDGE_LOOP('',(#7054,#7055,#7056,#7057,#7058,#7059,#7060,#7061));
#7054 = ORIENTED_EDGE('',*,*,#6866,.F.);
#7055 = ORIENTED_EDGE('',*,*,#6819,.T.);
#7056 = ORIENTED_EDGE('',*,*,#6891,.F.);
#7057 = ORIENTED_EDGE('',*,*,#6941,.F.);
#7058 = ORIENTED_EDGE('',*,*,#7007,.F.);
#7059 = ORIENTED_EDGE('',*,*,#7022,.F.);
#7060 = ORIENTED_EDGE('',*,*,#6982,.F.);
#7061 = ORIENTED_EDGE('',*,*,#6908,.T.);
#7062 = PLANE('',#7063);
#7063 = AXIS2_PLACEMENT_3D('',#7064,#7065,#7066);
#7064 = CARTESIAN_POINT('',(-225.,-225.,2.));
#7065 = DIRECTION('',(0.,0.,1.));
#7066 = DIRECTION('',(1.,0.,-0.));
#7067 = ( GEOMETRIC_REPRESENTATION_CONTEXT(3)
GLOBAL_UNCERTAINTY_ASSIGNED_CONTEXT((#7071))
GLOBAL_UNIT_ASSIGNED_CONTEXT((#7068,#7069,#7070)) REPRESENTATION_CONTEXT
('Context #1','3D Context with UNIT and UNCERTAINTY') );
#7068 = ( LENGTH_UNIT() NAMED_UNIT(*) SI_UNIT(.MILLI.,.METRE.) );
#7069 = ( NAMED_UNIT(*) PLANE_ANGLE_UNIT() SI_UNIT($,.RADIAN.) );
#7070 = ( NAMED_UNIT(*) SI_UNIT($,.STERADIAN.) SOLID_ANGLE_UNIT() );
#7071 = UNCERTAINTY_MEASURE_WITH_UNIT(LENGTH_MEASURE(1.E-07),#7068,
  'distance_accuracy_value','confusion accuracy');
#7072 = PRODUCT_RELATED_PRODUCT_CATEGORY('part',$,(#7));
ENDSEC;
END-ISO-10303-21;
